The system is: Linux - 5.15.0-118-generic - aarch64
Compiling the CXX compiler identification source file "CMakeCXXCompilerId.cpp" succeeded.
Compiler: /usr/bin/c++ 
Build flags: -O2;-funroll-loops
Id flags:  

The output was:
0


Compilation of the CXX compiler identification source "CMakeCXXCompilerId.cpp" produced "a.out"

The CXX compiler identification is GNU, found in "/home/erikhs/MatrixProblems/build_aarch64/CMakeFiles/3.22.3/CompilerIdCXX/a.out"

Detecting CXX compiler ABI info compiled with the following output:
Change Dir: /home/erikhs/MatrixProblems/build_aarch64/CMakeFiles/CMakeTmp

Run Build Command(s):/usr/bin/gmake -f Makefile cmTC_0a986/fast && /usr/bin/gmake  -f CMakeFiles/cmTC_0a986.dir/build.make CMakeFiles/cmTC_0a986.dir/build
gmake[1]: Entering directory '/home/erikhs/MatrixProblems/build_aarch64/CMakeFiles/CMakeTmp'
Building CXX object CMakeFiles/cmTC_0a986.dir/CMakeCXXCompilerABI.cpp.o
/usr/bin/c++   -O2 -funroll-loops    -v -o CMakeFiles/cmTC_0a986.dir/CMakeCXXCompilerABI.cpp.o -c /cm/shared/ex3-modules/202309a/huaq/pkgs/cmake-3.22.3/share/cmake-3.22/Modules/CMakeCXXCompilerABI.cpp
Using built-in specs.
COLLECT_GCC=/usr/bin/c++
Target: aarch64-linux-gnu
Configured with: ../src/configure -v --with-pkgversion='Ubuntu 11.4.0-1ubuntu1~22.04' --with-bugurl=file:///usr/share/doc/gcc-11/README.Bugs --enable-languages=c,ada,c++,go,d,fortran,objc,obj-c++,m2 --prefix=/usr --with-gcc-major-version-only --program-suffix=-11 --program-prefix=aarch64-linux-gnu- --enable-shared --enable-linker-build-id --libexecdir=/usr/lib --without-included-gettext --enable-threads=posix --libdir=/usr/lib --enable-nls --enable-bootstrap --enable-clocale=gnu --enable-libstdcxx-debug --enable-libstdcxx-time=yes --with-default-libstdcxx-abi=new --enable-gnu-unique-object --disable-libquadmath --disable-libquadmath-support --enable-plugin --enable-default-pie --with-system-zlib --enable-libphobos-checking=release --with-target-system-zlib=auto --enable-objc-gc=auto --enable-multiarch --enable-fix-cortex-a53-843419 --disable-werror --enable-checking=release --build=aarch64-linux-gnu --host=aarch64-linux-gnu --target=aarch64-linux-gnu --with-build-config=bootstrap-lto-lean --enable-link-serialization=2
Thread model: posix
Supported LTO compression algorithms: zlib zstd
gcc version 11.4.0 (Ubuntu 11.4.0-1ubuntu1~22.04) 
COLLECT_GCC_OPTIONS='-O2' '-funroll-loops' '-v' '-o' 'CMakeFiles/cmTC_0a986.dir/CMakeCXXCompilerABI.cpp.o' '-c' '-shared-libgcc' '-mlittle-endian' '-mabi=lp64' '-dumpdir' 'CMakeFiles/cmTC_0a986.dir/'
 /usr/lib/gcc/aarch64-linux-gnu/11/cc1plus -quiet -v -imultiarch aarch64-linux-gnu -D_GNU_SOURCE /cm/shared/ex3-modules/202309a/huaq/pkgs/cmake-3.22.3/share/cmake-3.22/Modules/CMakeCXXCompilerABI.cpp -quiet -dumpdir CMakeFiles/cmTC_0a986.dir/ -dumpbase CMakeCXXCompilerABI.cpp.cpp -dumpbase-ext .cpp -mlittle-endian -mabi=lp64 -O2 -version -funroll-loops -fasynchronous-unwind-tables -fstack-protector-strong -Wformat -Wformat-security -fstack-clash-protection -o /tmp/ccsihnW4.s
GNU C++17 (Ubuntu 11.4.0-1ubuntu1~22.04) version 11.4.0 (aarch64-linux-gnu)
	compiled by GNU C version 11.4.0, GMP version 6.2.1, MPFR version 4.1.0, MPC version 1.2.1, isl version isl-0.24-GMP

warning: GMP header version 6.2.1 differs from library version 6.3.0.
warning: MPFR header version 4.1.0 differs from library version 4.0.2.
GGC heuristics: --param ggc-min-expand=100 --param ggc-min-heapsize=131072
ignoring duplicate directory "/usr/include/aarch64-linux-gnu/c++/11"
ignoring nonexistent directory "/usr/local/include/aarch64-linux-gnu"
ignoring nonexistent directory "/usr/lib/gcc/aarch64-linux-gnu/11/include-fixed"
ignoring nonexistent directory "/usr/lib/gcc/aarch64-linux-gnu/11/../../../../aarch64-linux-gnu/include"
#include "..." search starts here:
#include <...> search starts here:
 /cm/shared/apps/slurm/current/include
 /home/andreast/modules/arm/apps/flow/202309a/rpp-amgcpr-ghost-last/include
 /home/andreast/modules/arm/apps/zoltan/202309a/12.16/include
 /home/andreast/modules/arm/apps/dune/202309a/mod-2.7.1/include
 /cm/shared/ex3-modules/202309a/huaq/pkgs/suitesparse-32-5.12.0/include
 /cm/shared/ex3-modules/202309a/huaq/pkgs/mpfr-4.0.2/include
 /cm/shared/ex3-modules/202309a/huaq/pkgs/gmp-6.3.0/include
 /cm/shared/ex3-modules/202309a/huaq/pkgs/parmetis-32-4.0.3/include
 /cm/shared/ex3-modules/202309a/huaq/pkgs/metis-32-5.1.0/include
 /cm/shared/ex3-modules/202309a/huaq/pkgs/openblas-0.3.21/include
 /cm/shared/ex3-modules/202309a/huaq/pkgs/boost-1.73.0/include
 /cm/shared/ex3-modules/202309a/huaq/pkgs/openmpi-4.1.4/include
 /cm/shared/ex3-modules/202309a/huaq/pkgs/util-linux-2.34/include
 /cm/shared/ex3-modules/202309a/huaq/pkgs/libfabric-1.17.0/include
 /cm/shared/ex3-modules/202309a/huaq/pkgs/ucx-1.12.1/include
 /cm/shared/ex3-modules/202309a/huaq/pkgs/rdma-core-44.0/include
 /cm/shared/ex3-modules/202309a/huaq/pkgs/libnl-3.2.25/include/libnl3
 /cm/shared/ex3-modules/202309a/huaq/pkgs/numactl-2.0.13/include
 /cm/shared/ex3-modules/202309a/huaq/pkgs/libevent-2.1.12-stable/include
 /cm/shared/ex3-modules/202309a/huaq/pkgs/knem-1.1.4/include
 /cm/shared/ex3-modules/202309a/huaq/pkgs/hwloc-2.7.1/include
 /cm/shared/ex3-modules/202309a/huaq/pkgs/libxml2-2.9.12/include
 /cm/shared/ex3-modules/202309a/huaq/pkgs/xz-5.2.7/include
 /usr/include/c++/11
 /usr/include/aarch64-linux-gnu/c++/11
 /usr/include/c++/11/backward
 /usr/lib/gcc/aarch64-linux-gnu/11/include
 /usr/local/include
 /usr/include/aarch64-linux-gnu
 /usr/include
End of search list.
GNU C++17 (Ubuntu 11.4.0-1ubuntu1~22.04) version 11.4.0 (aarch64-linux-gnu)
	compiled by GNU C version 11.4.0, GMP version 6.2.1, MPFR version 4.1.0, MPC version 1.2.1, isl version isl-0.24-GMP

warning: GMP header version 6.2.1 differs from library version 6.3.0.
warning: MPFR header version 4.1.0 differs from library version 4.0.2.
GGC heuristics: --param ggc-min-expand=100 --param ggc-min-heapsize=131072
Compiler executable checksum: 3e6e780af1232722b47e0979fda82402
COLLECT_GCC_OPTIONS='-O2' '-funroll-loops' '-v' '-o' 'CMakeFiles/cmTC_0a986.dir/CMakeCXXCompilerABI.cpp.o' '-c' '-shared-libgcc' '-mlittle-endian' '-mabi=lp64' '-dumpdir' 'CMakeFiles/cmTC_0a986.dir/'
 as -v -EL -mabi=lp64 -o CMakeFiles/cmTC_0a986.dir/CMakeCXXCompilerABI.cpp.o /tmp/ccsihnW4.s
GNU assembler version 2.38 (aarch64-linux-gnu) using BFD version (GNU Binutils for Ubuntu) 2.38
COMPILER_PATH=/usr/lib/gcc/aarch64-linux-gnu/11/:/usr/lib/gcc/aarch64-linux-gnu/11/:/usr/lib/gcc/aarch64-linux-gnu/:/usr/lib/gcc/aarch64-linux-gnu/11/:/usr/lib/gcc/aarch64-linux-gnu/
LIBRARY_PATH=/home/andreast/modules/arm/apps/flow/202309a/rpp-amgcpr-ghost-last/lib/../lib/:/home/andreast/modules/arm/apps/zoltan/202309a/12.16/lib/../lib/:/home/andreast/modules/arm/apps/dune/202309a/mod-2.7.1/lib/../lib/:/cm/shared/ex3-modules/202309a/huaq/pkgs/suitesparse-32-5.12.0/lib/../lib/:/cm/shared/ex3-modules/202309a/huaq/pkgs/mpfr-4.0.2/lib/../lib/:/cm/shared/ex3-modules/202309a/huaq/pkgs/gmp-6.3.0/lib/../lib/:/cm/shared/ex3-modules/202309a/huaq/pkgs/parmetis-32-4.0.3/lib/../lib/:/cm/shared/ex3-modules/202309a/huaq/pkgs/metis-32-5.1.0/lib/../lib/:/cm/shared/ex3-modules/202309a/huaq/pkgs/openblas-0.3.21/lib/../lib/:/cm/shared/ex3-modules/202309a/huaq/pkgs/boost-1.73.0/lib/../lib/:/cm/shared/ex3-modules/202309a/huaq/pkgs/openmpi-4.1.4/lib/../lib/:/cm/shared/ex3-modules/202309a/huaq/pkgs/util-linux-2.34/lib/../lib/:/cm/shared/ex3-modules/202309a/huaq/pkgs/libfabric-1.17.0/lib/../lib/:/cm/shared/ex3-modules/202309a/huaq/pkgs/ucx-1.12.1/lib/../lib/:/cm/shared/ex3-modules/202309a/huaq/pkgs/rdma-core-44.0/lib/../lib/:/cm/shared/ex3-modules/202309a/huaq/pkgs/libnl-3.2.25/lib/../lib/:/cm/shared/ex3-modules/202309a/huaq/pkgs/numactl-2.0.13/lib/../lib/:/cm/shared/ex3-modules/202309a/huaq/pkgs/libevent-2.1.12-stable/lib/../lib/:/cm/shared/ex3-modules/202309a/huaq/pkgs/knem-1.1.4/lib/../lib/:/cm/shared/ex3-modules/202309a/huaq/pkgs/hwloc-2.7.1/lib/../lib/:/cm/shared/ex3-modules/202309a/huaq/pkgs/libxml2-2.9.12/lib/../lib/:/cm/shared/ex3-modules/202309a/huaq/pkgs/xz-5.2.7/lib/../lib/:/usr/lib/gcc/aarch64-linux-gnu/11/:/usr/lib/gcc/aarch64-linux-gnu/11/../../../aarch64-linux-gnu/:/usr/lib/gcc/aarch64-linux-gnu/11/../../../../lib/:/lib/aarch64-linux-gnu/:/lib/../lib/:/usr/lib/aarch64-linux-gnu/:/usr/lib/../lib/:/home/andreast/modules/arm/apps/flow/202309a/rpp-amgcpr-ghost-last/lib/:/home/andreast/modules/arm/apps/zoltan/202309a/12.16/lib/:/home/andreast/modules/arm/apps/dune/202309a/mod-2.7.1/lib/:/cm/shared/ex3-modules/202309a/huaq/pkgs/suitesparse-32-5.12.0/lib/:/cm/shared/ex3-modules/202309a/huaq/pkgs/mpfr-4.0.2/lib/:/cm/shared/ex3-modules/202309a/huaq/pkgs/gmp-6.3.0/lib/:/cm/shared/ex3-modules/202309a/huaq/pkgs/parmetis-32-4.0.3/lib/:/cm/shared/ex3-modules/202309a/huaq/pkgs/metis-32-5.1.0/lib/:/cm/shared/ex3-modules/202309a/huaq/pkgs/openblas-0.3.21/lib/:/cm/shared/ex3-modules/202309a/huaq/pkgs/boost-1.73.0/lib/:/cm/shared/ex3-modules/202309a/huaq/pkgs/openmpi-4.1.4/lib/:/cm/shared/ex3-modules/202309a/huaq/pkgs/util-linux-2.34/lib/:/cm/shared/ex3-modules/202309a/huaq/pkgs/libfabric-1.17.0/lib/:/cm/shared/ex3-modules/202309a/huaq/pkgs/ucx-1.12.1/lib/:/cm/shared/ex3-modules/202309a/huaq/pkgs/rdma-core-44.0/lib/:/cm/shared/ex3-modules/202309a/huaq/pkgs/libnl-3.2.25/lib/:/cm/shared/ex3-modules/202309a/huaq/pkgs/numactl-2.0.13/lib/:/cm/shared/ex3-modules/202309a/huaq/pkgs/libevent-2.1.12-stable/lib/:/cm/shared/ex3-modules/202309a/huaq/pkgs/knem-1.1.4/lib/:/cm/shared/ex3-modules/202309a/huaq/pkgs/hwloc-2.7.1/lib/:/cm/shared/ex3-modules/202309a/huaq/pkgs/libxml2-2.9.12/lib/:/cm/shared/ex3-modules/202309a/huaq/pkgs/xz-5.2.7/lib/:/cm/shared/apps/slurm/current/lib64/slurm/:/cm/shared/apps/slurm/current/lib64/:/usr/lib/gcc/aarch64-linux-gnu/11/../../../:/lib/:/usr/lib/
COLLECT_GCC_OPTIONS='-O2' '-funroll-loops' '-v' '-o' 'CMakeFiles/cmTC_0a986.dir/CMakeCXXCompilerABI.cpp.o' '-c' '-shared-libgcc' '-mlittle-endian' '-mabi=lp64' '-dumpdir' 'CMakeFiles/cmTC_0a986.dir/CMakeCXXCompilerABI.cpp.'
Linking CXX executable cmTC_0a986
/cm/shared/ex3-modules/202309a/huaq/pkgs/cmake-3.22.3/bin/cmake -E cmake_link_script CMakeFiles/cmTC_0a986.dir/link.txt --verbose=1
/usr/bin/c++ -O2 -funroll-loops   -v -rdynamic CMakeFiles/cmTC_0a986.dir/CMakeCXXCompilerABI.cpp.o -o cmTC_0a986 
Using built-in specs.
COLLECT_GCC=/usr/bin/c++
COLLECT_LTO_WRAPPER=/usr/lib/gcc/aarch64-linux-gnu/11/lto-wrapper
Target: aarch64-linux-gnu
Configured with: ../src/configure -v --with-pkgversion='Ubuntu 11.4.0-1ubuntu1~22.04' --with-bugurl=file:///usr/share/doc/gcc-11/README.Bugs --enable-languages=c,ada,c++,go,d,fortran,objc,obj-c++,m2 --prefix=/usr --with-gcc-major-version-only --program-suffix=-11 --program-prefix=aarch64-linux-gnu- --enable-shared --enable-linker-build-id --libexecdir=/usr/lib --without-included-gettext --enable-threads=posix --libdir=/usr/lib --enable-nls --enable-bootstrap --enable-clocale=gnu --enable-libstdcxx-debug --enable-libstdcxx-time=yes --with-default-libstdcxx-abi=new --enable-gnu-unique-object --disable-libquadmath --disable-libquadmath-support --enable-plugin --enable-default-pie --with-system-zlib --enable-libphobos-checking=release --with-target-system-zlib=auto --enable-objc-gc=auto --enable-multiarch --enable-fix-cortex-a53-843419 --disable-werror --enable-checking=release --build=aarch64-linux-gnu --host=aarch64-linux-gnu --target=aarch64-linux-gnu --with-build-config=bootstrap-lto-lean --enable-link-serialization=2
Thread model: posix
Supported LTO compression algorithms: zlib zstd
gcc version 11.4.0 (Ubuntu 11.4.0-1ubuntu1~22.04) 
COMPILER_PATH=/usr/lib/gcc/aarch64-linux-gnu/11/:/usr/lib/gcc/aarch64-linux-gnu/11/:/usr/lib/gcc/aarch64-linux-gnu/:/usr/lib/gcc/aarch64-linux-gnu/11/:/usr/lib/gcc/aarch64-linux-gnu/
LIBRARY_PATH=/home/andreast/modules/arm/apps/flow/202309a/rpp-amgcpr-ghost-last/lib/../lib/:/home/andreast/modules/arm/apps/zoltan/202309a/12.16/lib/../lib/:/home/andreast/modules/arm/apps/dune/202309a/mod-2.7.1/lib/../lib/:/cm/shared/ex3-modules/202309a/huaq/pkgs/suitesparse-32-5.12.0/lib/../lib/:/cm/shared/ex3-modules/202309a/huaq/pkgs/mpfr-4.0.2/lib/../lib/:/cm/shared/ex3-modules/202309a/huaq/pkgs/gmp-6.3.0/lib/../lib/:/cm/shared/ex3-modules/202309a/huaq/pkgs/parmetis-32-4.0.3/lib/../lib/:/cm/shared/ex3-modules/202309a/huaq/pkgs/metis-32-5.1.0/lib/../lib/:/cm/shared/ex3-modules/202309a/huaq/pkgs/openblas-0.3.21/lib/../lib/:/cm/shared/ex3-modules/202309a/huaq/pkgs/boost-1.73.0/lib/../lib/:/cm/shared/ex3-modules/202309a/huaq/pkgs/openmpi-4.1.4/lib/../lib/:/cm/shared/ex3-modules/202309a/huaq/pkgs/util-linux-2.34/lib/../lib/:/cm/shared/ex3-modules/202309a/huaq/pkgs/libfabric-1.17.0/lib/../lib/:/cm/shared/ex3-modules/202309a/huaq/pkgs/ucx-1.12.1/lib/../lib/:/cm/shared/ex3-modules/202309a/huaq/pkgs/rdma-core-44.0/lib/../lib/:/cm/shared/ex3-modules/202309a/huaq/pkgs/libnl-3.2.25/lib/../lib/:/cm/shared/ex3-modules/202309a/huaq/pkgs/numactl-2.0.13/lib/../lib/:/cm/shared/ex3-modules/202309a/huaq/pkgs/libevent-2.1.12-stable/lib/../lib/:/cm/shared/ex3-modules/202309a/huaq/pkgs/knem-1.1.4/lib/../lib/:/cm/shared/ex3-modules/202309a/huaq/pkgs/hwloc-2.7.1/lib/../lib/:/cm/shared/ex3-modules/202309a/huaq/pkgs/libxml2-2.9.12/lib/../lib/:/cm/shared/ex3-modules/202309a/huaq/pkgs/xz-5.2.7/lib/../lib/:/usr/lib/gcc/aarch64-linux-gnu/11/:/usr/lib/gcc/aarch64-linux-gnu/11/../../../aarch64-linux-gnu/:/usr/lib/gcc/aarch64-linux-gnu/11/../../../../lib/:/lib/aarch64-linux-gnu/:/lib/../lib/:/usr/lib/aarch64-linux-gnu/:/usr/lib/../lib/:/home/andreast/modules/arm/apps/flow/202309a/rpp-amgcpr-ghost-last/lib/:/home/andreast/modules/arm/apps/zoltan/202309a/12.16/lib/:/home/andreast/modules/arm/apps/dune/202309a/mod-2.7.1/lib/:/cm/shared/ex3-modules/202309a/huaq/pkgs/suitesparse-32-5.12.0/lib/:/cm/shared/ex3-modules/202309a/huaq/pkgs/mpfr-4.0.2/lib/:/cm/shared/ex3-modules/202309a/huaq/pkgs/gmp-6.3.0/lib/:/cm/shared/ex3-modules/202309a/huaq/pkgs/parmetis-32-4.0.3/lib/:/cm/shared/ex3-modules/202309a/huaq/pkgs/metis-32-5.1.0/lib/:/cm/shared/ex3-modules/202309a/huaq/pkgs/openblas-0.3.21/lib/:/cm/shared/ex3-modules/202309a/huaq/pkgs/boost-1.73.0/lib/:/cm/shared/ex3-modules/202309a/huaq/pkgs/openmpi-4.1.4/lib/:/cm/shared/ex3-modules/202309a/huaq/pkgs/util-linux-2.34/lib/:/cm/shared/ex3-modules/202309a/huaq/pkgs/libfabric-1.17.0/lib/:/cm/shared/ex3-modules/202309a/huaq/pkgs/ucx-1.12.1/lib/:/cm/shared/ex3-modules/202309a/huaq/pkgs/rdma-core-44.0/lib/:/cm/shared/ex3-modules/202309a/huaq/pkgs/libnl-3.2.25/lib/:/cm/shared/ex3-modules/202309a/huaq/pkgs/numactl-2.0.13/lib/:/cm/shared/ex3-modules/202309a/huaq/pkgs/libevent-2.1.12-stable/lib/:/cm/shared/ex3-modules/202309a/huaq/pkgs/knem-1.1.4/lib/:/cm/shared/ex3-modules/202309a/huaq/pkgs/hwloc-2.7.1/lib/:/cm/shared/ex3-modules/202309a/huaq/pkgs/libxml2-2.9.12/lib/:/cm/shared/ex3-modules/202309a/huaq/pkgs/xz-5.2.7/lib/:/cm/shared/apps/slurm/current/lib64/slurm/:/cm/shared/apps/slurm/current/lib64/:/usr/lib/gcc/aarch64-linux-gnu/11/../../../:/lib/:/usr/lib/
COLLECT_GCC_OPTIONS='-O2' '-funroll-loops' '-v' '-rdynamic' '-o' 'cmTC_0a986' '-shared-libgcc' '-mlittle-endian' '-mabi=lp64' '-dumpdir' 'cmTC_0a986.'
 /usr/lib/gcc/aarch64-linux-gnu/11/collect2 -plugin /usr/lib/gcc/aarch64-linux-gnu/11/liblto_plugin.so -plugin-opt=/usr/lib/gcc/aarch64-linux-gnu/11/lto-wrapper -plugin-opt=-fresolution=/tmp/ccdV4BhZ.res -plugin-opt=-pass-through=-lgcc_s -plugin-opt=-pass-through=-lgcc -plugin-opt=-pass-through=-lc -plugin-opt=-pass-through=-lgcc_s -plugin-opt=-pass-through=-lgcc --build-id --eh-frame-hdr --hash-style=gnu --as-needed -export-dynamic -dynamic-linker /lib/ld-linux-aarch64.so.1 -X -EL -maarch64linux --fix-cortex-a53-843419 -pie -z now -z relro -o cmTC_0a986 /usr/lib/gcc/aarch64-linux-gnu/11/../../../aarch64-linux-gnu/Scrt1.o /usr/lib/gcc/aarch64-linux-gnu/11/../../../aarch64-linux-gnu/crti.o /usr/lib/gcc/aarch64-linux-gnu/11/crtbeginS.o -L/home/andreast/modules/arm/apps/flow/202309a/rpp-amgcpr-ghost-last/lib/../lib -L/home/andreast/modules/arm/apps/zoltan/202309a/12.16/lib/../lib -L/home/andreast/modules/arm/apps/dune/202309a/mod-2.7.1/lib/../lib -L/cm/shared/ex3-modules/202309a/huaq/pkgs/suitesparse-32-5.12.0/lib/../lib -L/cm/shared/ex3-modules/202309a/huaq/pkgs/mpfr-4.0.2/lib/../lib -L/cm/shared/ex3-modules/202309a/huaq/pkgs/gmp-6.3.0/lib/../lib -L/cm/shared/ex3-modules/202309a/huaq/pkgs/parmetis-32-4.0.3/lib/../lib -L/cm/shared/ex3-modules/202309a/huaq/pkgs/metis-32-5.1.0/lib/../lib -L/cm/shared/ex3-modules/202309a/huaq/pkgs/openblas-0.3.21/lib/../lib -L/cm/shared/ex3-modules/202309a/huaq/pkgs/boost-1.73.0/lib/../lib -L/cm/shared/ex3-modules/202309a/huaq/pkgs/openmpi-4.1.4/lib/../lib -L/cm/shared/ex3-modules/202309a/huaq/pkgs/util-linux-2.34/lib/../lib -L/cm/shared/ex3-modules/202309a/huaq/pkgs/libfabric-1.17.0/lib/../lib -L/cm/shared/ex3-modules/202309a/huaq/pkgs/ucx-1.12.1/lib/../lib -L/cm/shared/ex3-modules/202309a/huaq/pkgs/rdma-core-44.0/lib/../lib -L/cm/shared/ex3-modules/202309a/huaq/pkgs/libnl-3.2.25/lib/../lib -L/cm/shared/ex3-modules/202309a/huaq/pkgs/numactl-2.0.13/lib/../lib -L/cm/shared/ex3-modules/202309a/huaq/pkgs/libevent-2.1.12-stable/lib/../lib -L/cm/shared/ex3-modules/202309a/huaq/pkgs/knem-1.1.4/lib/../lib -L/cm/shared/ex3-modules/202309a/huaq/pkgs/hwloc-2.7.1/lib/../lib -L/cm/shared/ex3-modules/202309a/huaq/pkgs/libxml2-2.9.12/lib/../lib -L/cm/shared/ex3-modules/202309a/huaq/pkgs/xz-5.2.7/lib/../lib -L/usr/lib/gcc/aarch64-linux-gnu/11 -L/usr/lib/gcc/aarch64-linux-gnu/11/../../../aarch64-linux-gnu -L/usr/lib/gcc/aarch64-linux-gnu/11/../../../../lib -L/lib/aarch64-linux-gnu -L/lib/../lib -L/usr/lib/aarch64-linux-gnu -L/usr/lib/../lib -L/home/andreast/modules/arm/apps/flow/202309a/rpp-amgcpr-ghost-last/lib -L/home/andreast/modules/arm/apps/zoltan/202309a/12.16/lib -L/home/andreast/modules/arm/apps/dune/202309a/mod-2.7.1/lib -L/cm/shared/ex3-modules/202309a/huaq/pkgs/suitesparse-32-5.12.0/lib -L/cm/shared/ex3-modules/202309a/huaq/pkgs/mpfr-4.0.2/lib -L/cm/shared/ex3-modules/202309a/huaq/pkgs/gmp-6.3.0/lib -L/cm/shared/ex3-modules/202309a/huaq/pkgs/parmetis-32-4.0.3/lib -L/cm/shared/ex3-modules/202309a/huaq/pkgs/metis-32-5.1.0/lib -L/cm/shared/ex3-modules/202309a/huaq/pkgs/openblas-0.3.21/lib -L/cm/shared/ex3-modules/202309a/huaq/pkgs/boost-1.73.0/lib -L/cm/shared/ex3-modules/202309a/huaq/pkgs/openmpi-4.1.4/lib -L/cm/shared/ex3-modules/202309a/huaq/pkgs/util-linux-2.34/lib -L/cm/shared/ex3-modules/202309a/huaq/pkgs/libfabric-1.17.0/lib -L/cm/shared/ex3-modules/202309a/huaq/pkgs/ucx-1.12.1/lib -L/cm/shared/ex3-modules/202309a/huaq/pkgs/rdma-core-44.0/lib -L/cm/shared/ex3-modules/202309a/huaq/pkgs/libnl-3.2.25/lib -L/cm/shared/ex3-modules/202309a/huaq/pkgs/numactl-2.0.13/lib -L/cm/shared/ex3-modules/202309a/huaq/pkgs/libevent-2.1.12-stable/lib -L/cm/shared/ex3-modules/202309a/huaq/pkgs/knem-1.1.4/lib -L/cm/shared/ex3-modules/202309a/huaq/pkgs/hwloc-2.7.1/lib -L/cm/shared/ex3-modules/202309a/huaq/pkgs/libxml2-2.9.12/lib -L/cm/shared/ex3-modules/202309a/huaq/pkgs/xz-5.2.7/lib -L/cm/shared/apps/slurm/current/lib64/slurm -L/cm/shared/apps/slurm/current/lib64 -L/usr/lib/gcc/aarch64-linux-gnu/11/../../.. CMakeFiles/cmTC_0a986.dir/CMakeCXXCompilerABI.cpp.o -lstdc++ -lm -lgcc_s -lgcc -lc -lgcc_s -lgcc /usr/lib/gcc/aarch64-linux-gnu/11/crtendS.o /usr/lib/gcc/aarch64-linux-gnu/11/../../../aarch64-linux-gnu/crtn.o
COLLECT_GCC_OPTIONS='-O2' '-funroll-loops' '-v' '-rdynamic' '-o' 'cmTC_0a986' '-shared-libgcc' '-mlittle-endian' '-mabi=lp64' '-dumpdir' 'cmTC_0a986.'
gmake[1]: Leaving directory '/home/erikhs/MatrixProblems/build_aarch64/CMakeFiles/CMakeTmp'



Parsed CXX implicit include dir info from above output: rv=done
  found start of include info
  found start of implicit include info
    add: [/cm/shared/apps/slurm/current/include]
    add: [/home/andreast/modules/arm/apps/flow/202309a/rpp-amgcpr-ghost-last/include]
    add: [/home/andreast/modules/arm/apps/zoltan/202309a/12.16/include]
    add: [/home/andreast/modules/arm/apps/dune/202309a/mod-2.7.1/include]
    add: [/cm/shared/ex3-modules/202309a/huaq/pkgs/suitesparse-32-5.12.0/include]
    add: [/cm/shared/ex3-modules/202309a/huaq/pkgs/mpfr-4.0.2/include]
    add: [/cm/shared/ex3-modules/202309a/huaq/pkgs/gmp-6.3.0/include]
    add: [/cm/shared/ex3-modules/202309a/huaq/pkgs/parmetis-32-4.0.3/include]
    add: [/cm/shared/ex3-modules/202309a/huaq/pkgs/metis-32-5.1.0/include]
    add: [/cm/shared/ex3-modules/202309a/huaq/pkgs/openblas-0.3.21/include]
    add: [/cm/shared/ex3-modules/202309a/huaq/pkgs/boost-1.73.0/include]
    add: [/cm/shared/ex3-modules/202309a/huaq/pkgs/openmpi-4.1.4/include]
    add: [/cm/shared/ex3-modules/202309a/huaq/pkgs/util-linux-2.34/include]
    add: [/cm/shared/ex3-modules/202309a/huaq/pkgs/libfabric-1.17.0/include]
    add: [/cm/shared/ex3-modules/202309a/huaq/pkgs/ucx-1.12.1/include]
    add: [/cm/shared/ex3-modules/202309a/huaq/pkgs/rdma-core-44.0/include]
    add: [/cm/shared/ex3-modules/202309a/huaq/pkgs/libnl-3.2.25/include/libnl3]
    add: [/cm/shared/ex3-modules/202309a/huaq/pkgs/numactl-2.0.13/include]
    add: [/cm/shared/ex3-modules/202309a/huaq/pkgs/libevent-2.1.12-stable/include]
    add: [/cm/shared/ex3-modules/202309a/huaq/pkgs/knem-1.1.4/include]
    add: [/cm/shared/ex3-modules/202309a/huaq/pkgs/hwloc-2.7.1/include]
    add: [/cm/shared/ex3-modules/202309a/huaq/pkgs/libxml2-2.9.12/include]
    add: [/cm/shared/ex3-modules/202309a/huaq/pkgs/xz-5.2.7/include]
    add: [/usr/include/c++/11]
    add: [/usr/include/aarch64-linux-gnu/c++/11]
    add: [/usr/include/c++/11/backward]
    add: [/usr/lib/gcc/aarch64-linux-gnu/11/include]
    add: [/usr/local/include]
    add: [/usr/include/aarch64-linux-gnu]
    add: [/usr/include]
  end of search list found
  collapse include dir [/cm/shared/apps/slurm/current/include] ==> [/cm/shared/apps/slurm/current/include]
  collapse include dir [/home/andreast/modules/arm/apps/flow/202309a/rpp-amgcpr-ghost-last/include] ==> [/home/andreast/modules/arm/apps/flow/202309a/rpp-amgcpr-ghost-last/include]
  collapse include dir [/home/andreast/modules/arm/apps/zoltan/202309a/12.16/include] ==> [/home/andreast/modules/arm/apps/zoltan/202309a/12.16/include]
  collapse include dir [/home/andreast/modules/arm/apps/dune/202309a/mod-2.7.1/include] ==> [/home/andreast/modules/arm/apps/dune/202309a/mod-2.7.1/include]
  collapse include dir [/cm/shared/ex3-modules/202309a/huaq/pkgs/suitesparse-32-5.12.0/include] ==> [/cm/shared/ex3-modules/202309a/huaq/pkgs/suitesparse-32-5.12.0/include]
  collapse include dir [/cm/shared/ex3-modules/202309a/huaq/pkgs/mpfr-4.0.2/include] ==> [/cm/shared/ex3-modules/202309a/huaq/pkgs/mpfr-4.0.2/include]
  collapse include dir [/cm/shared/ex3-modules/202309a/huaq/pkgs/gmp-6.3.0/include] ==> [/cm/shared/ex3-modules/202309a/huaq/pkgs/gmp-6.3.0/include]
  collapse include dir [/cm/shared/ex3-modules/202309a/huaq/pkgs/parmetis-32-4.0.3/include] ==> [/cm/shared/ex3-modules/202309a/huaq/pkgs/parmetis-32-4.0.3/include]
  collapse include dir [/cm/shared/ex3-modules/202309a/huaq/pkgs/metis-32-5.1.0/include] ==> [/cm/shared/ex3-modules/202309a/huaq/pkgs/metis-32-5.1.0/include]
  collapse include dir [/cm/shared/ex3-modules/202309a/huaq/pkgs/openblas-0.3.21/include] ==> [/cm/shared/ex3-modules/202309a/huaq/pkgs/openblas-0.3.21/include]
  collapse include dir [/cm/shared/ex3-modules/202309a/huaq/pkgs/boost-1.73.0/include] ==> [/cm/shared/ex3-modules/202309a/huaq/pkgs/boost-1.73.0/include]
  collapse include dir [/cm/shared/ex3-modules/202309a/huaq/pkgs/openmpi-4.1.4/include] ==> [/cm/shared/ex3-modules/202309a/huaq/pkgs/openmpi-4.1.4/include]
  collapse include dir [/cm/shared/ex3-modules/202309a/huaq/pkgs/util-linux-2.34/include] ==> [/cm/shared/ex3-modules/202309a/huaq/pkgs/util-linux-2.34/include]
  collapse include dir [/cm/shared/ex3-modules/202309a/huaq/pkgs/libfabric-1.17.0/include] ==> [/cm/shared/ex3-modules/202309a/huaq/pkgs/libfabric-1.17.0/include]
  collapse include dir [/cm/shared/ex3-modules/202309a/huaq/pkgs/ucx-1.12.1/include] ==> [/cm/shared/ex3-modules/202309a/huaq/pkgs/ucx-1.12.1/include]
  collapse include dir [/cm/shared/ex3-modules/202309a/huaq/pkgs/rdma-core-44.0/include] ==> [/cm/shared/ex3-modules/202309a/huaq/pkgs/rdma-core-44.0/include]
  collapse include dir [/cm/shared/ex3-modules/202309a/huaq/pkgs/libnl-3.2.25/include/libnl3] ==> [/cm/shared/ex3-modules/202309a/huaq/pkgs/libnl-3.2.25/include/libnl3]
  collapse include dir [/cm/shared/ex3-modules/202309a/huaq/pkgs/numactl-2.0.13/include] ==> [/cm/shared/ex3-modules/202309a/huaq/pkgs/numactl-2.0.13/include]
  collapse include dir [/cm/shared/ex3-modules/202309a/huaq/pkgs/libevent-2.1.12-stable/include] ==> [/cm/shared/ex3-modules/202309a/huaq/pkgs/libevent-2.1.12-stable/include]
  collapse include dir [/cm/shared/ex3-modules/202309a/huaq/pkgs/knem-1.1.4/include] ==> [/cm/shared/ex3-modules/202309a/huaq/pkgs/knem-1.1.4/include]
  collapse include dir [/cm/shared/ex3-modules/202309a/huaq/pkgs/hwloc-2.7.1/include] ==> [/cm/shared/ex3-modules/202309a/huaq/pkgs/hwloc-2.7.1/include]
  collapse include dir [/cm/shared/ex3-modules/202309a/huaq/pkgs/libxml2-2.9.12/include] ==> [/cm/shared/ex3-modules/202309a/huaq/pkgs/libxml2-2.9.12/include]
  collapse include dir [/cm/shared/ex3-modules/202309a/huaq/pkgs/xz-5.2.7/include] ==> [/cm/shared/ex3-modules/202309a/huaq/pkgs/xz-5.2.7/include]
  collapse include dir [/usr/include/c++/11] ==> [/usr/include/c++/11]
  collapse include dir [/usr/include/aarch64-linux-gnu/c++/11] ==> [/usr/include/aarch64-linux-gnu/c++/11]
  collapse include dir [/usr/include/c++/11/backward] ==> [/usr/include/c++/11/backward]
  collapse include dir [/usr/lib/gcc/aarch64-linux-gnu/11/include] ==> [/usr/lib/gcc/aarch64-linux-gnu/11/include]
  collapse include dir [/usr/local/include] ==> [/usr/local/include]
  collapse include dir [/usr/include/aarch64-linux-gnu] ==> [/usr/include/aarch64-linux-gnu]
  collapse include dir [/usr/include] ==> [/usr/include]
  implicit include dirs: [/cm/shared/apps/slurm/current/include;/home/andreast/modules/arm/apps/flow/202309a/rpp-amgcpr-ghost-last/include;/home/andreast/modules/arm/apps/zoltan/202309a/12.16/include;/home/andreast/modules/arm/apps/dune/202309a/mod-2.7.1/include;/cm/shared/ex3-modules/202309a/huaq/pkgs/suitesparse-32-5.12.0/include;/cm/shared/ex3-modules/202309a/huaq/pkgs/mpfr-4.0.2/include;/cm/shared/ex3-modules/202309a/huaq/pkgs/gmp-6.3.0/include;/cm/shared/ex3-modules/202309a/huaq/pkgs/parmetis-32-4.0.3/include;/cm/shared/ex3-modules/202309a/huaq/pkgs/metis-32-5.1.0/include;/cm/shared/ex3-modules/202309a/huaq/pkgs/openblas-0.3.21/include;/cm/shared/ex3-modules/202309a/huaq/pkgs/boost-1.73.0/include;/cm/shared/ex3-modules/202309a/huaq/pkgs/openmpi-4.1.4/include;/cm/shared/ex3-modules/202309a/huaq/pkgs/util-linux-2.34/include;/cm/shared/ex3-modules/202309a/huaq/pkgs/libfabric-1.17.0/include;/cm/shared/ex3-modules/202309a/huaq/pkgs/ucx-1.12.1/include;/cm/shared/ex3-modules/202309a/huaq/pkgs/rdma-core-44.0/include;/cm/shared/ex3-modules/202309a/huaq/pkgs/libnl-3.2.25/include/libnl3;/cm/shared/ex3-modules/202309a/huaq/pkgs/numactl-2.0.13/include;/cm/shared/ex3-modules/202309a/huaq/pkgs/libevent-2.1.12-stable/include;/cm/shared/ex3-modules/202309a/huaq/pkgs/knem-1.1.4/include;/cm/shared/ex3-modules/202309a/huaq/pkgs/hwloc-2.7.1/include;/cm/shared/ex3-modules/202309a/huaq/pkgs/libxml2-2.9.12/include;/cm/shared/ex3-modules/202309a/huaq/pkgs/xz-5.2.7/include;/usr/include/c++/11;/usr/include/aarch64-linux-gnu/c++/11;/usr/include/c++/11/backward;/usr/lib/gcc/aarch64-linux-gnu/11/include;/usr/local/include;/usr/include/aarch64-linux-gnu;/usr/include]


Parsed CXX implicit link information from above output:
  link line regex: [^( *|.*[/\])(ld|CMAKE_LINK_STARTFILE-NOTFOUND|([^/\]+-)?ld|collect2)[^/\]*( |$)]
  ignore line: [Change Dir: /home/erikhs/MatrixProblems/build_aarch64/CMakeFiles/CMakeTmp]
  ignore line: []
  ignore line: [Run Build Command(s):/usr/bin/gmake -f Makefile cmTC_0a986/fast && /usr/bin/gmake  -f CMakeFiles/cmTC_0a986.dir/build.make CMakeFiles/cmTC_0a986.dir/build]
  ignore line: [gmake[1]: Entering directory '/home/erikhs/MatrixProblems/build_aarch64/CMakeFiles/CMakeTmp']
  ignore line: [Building CXX object CMakeFiles/cmTC_0a986.dir/CMakeCXXCompilerABI.cpp.o]
  ignore line: [/usr/bin/c++   -O2 -funroll-loops    -v -o CMakeFiles/cmTC_0a986.dir/CMakeCXXCompilerABI.cpp.o -c /cm/shared/ex3-modules/202309a/huaq/pkgs/cmake-3.22.3/share/cmake-3.22/Modules/CMakeCXXCompilerABI.cpp]
  ignore line: [Using built-in specs.]
  ignore line: [COLLECT_GCC=/usr/bin/c++]
  ignore line: [Target: aarch64-linux-gnu]
  ignore line: [Configured with: ../src/configure -v --with-pkgversion='Ubuntu 11.4.0-1ubuntu1~22.04' --with-bugurl=file:///usr/share/doc/gcc-11/README.Bugs --enable-languages=c ada c++ go d fortran objc obj-c++ m2 --prefix=/usr --with-gcc-major-version-only --program-suffix=-11 --program-prefix=aarch64-linux-gnu- --enable-shared --enable-linker-build-id --libexecdir=/usr/lib --without-included-gettext --enable-threads=posix --libdir=/usr/lib --enable-nls --enable-bootstrap --enable-clocale=gnu --enable-libstdcxx-debug --enable-libstdcxx-time=yes --with-default-libstdcxx-abi=new --enable-gnu-unique-object --disable-libquadmath --disable-libquadmath-support --enable-plugin --enable-default-pie --with-system-zlib --enable-libphobos-checking=release --with-target-system-zlib=auto --enable-objc-gc=auto --enable-multiarch --enable-fix-cortex-a53-843419 --disable-werror --enable-checking=release --build=aarch64-linux-gnu --host=aarch64-linux-gnu --target=aarch64-linux-gnu --with-build-config=bootstrap-lto-lean --enable-link-serialization=2]
  ignore line: [Thread model: posix]
  ignore line: [Supported LTO compression algorithms: zlib zstd]
  ignore line: [gcc version 11.4.0 (Ubuntu 11.4.0-1ubuntu1~22.04) ]
  ignore line: [COLLECT_GCC_OPTIONS='-O2' '-funroll-loops' '-v' '-o' 'CMakeFiles/cmTC_0a986.dir/CMakeCXXCompilerABI.cpp.o' '-c' '-shared-libgcc' '-mlittle-endian' '-mabi=lp64' '-dumpdir' 'CMakeFiles/cmTC_0a986.dir/']
  ignore line: [ /usr/lib/gcc/aarch64-linux-gnu/11/cc1plus -quiet -v -imultiarch aarch64-linux-gnu -D_GNU_SOURCE /cm/shared/ex3-modules/202309a/huaq/pkgs/cmake-3.22.3/share/cmake-3.22/Modules/CMakeCXXCompilerABI.cpp -quiet -dumpdir CMakeFiles/cmTC_0a986.dir/ -dumpbase CMakeCXXCompilerABI.cpp.cpp -dumpbase-ext .cpp -mlittle-endian -mabi=lp64 -O2 -version -funroll-loops -fasynchronous-unwind-tables -fstack-protector-strong -Wformat -Wformat-security -fstack-clash-protection -o /tmp/ccsihnW4.s]
  ignore line: [GNU C++17 (Ubuntu 11.4.0-1ubuntu1~22.04) version 11.4.0 (aarch64-linux-gnu)]
  ignore line: [	compiled by GNU C version 11.4.0  GMP version 6.2.1  MPFR version 4.1.0  MPC version 1.2.1  isl version isl-0.24-GMP]
  ignore line: []
  ignore line: [warning: GMP header version 6.2.1 differs from library version 6.3.0.]
  ignore line: [warning: MPFR header version 4.1.0 differs from library version 4.0.2.]
  ignore line: [GGC heuristics: --param ggc-min-expand=100 --param ggc-min-heapsize=131072]
  ignore line: [ignoring duplicate directory "/usr/include/aarch64-linux-gnu/c++/11"]
  ignore line: [ignoring nonexistent directory "/usr/local/include/aarch64-linux-gnu"]
  ignore line: [ignoring nonexistent directory "/usr/lib/gcc/aarch64-linux-gnu/11/include-fixed"]
  ignore line: [ignoring nonexistent directory "/usr/lib/gcc/aarch64-linux-gnu/11/../../../../aarch64-linux-gnu/include"]
  ignore line: [#include "..." search starts here:]
  ignore line: [#include <...> search starts here:]
  ignore line: [ /cm/shared/apps/slurm/current/include]
  ignore line: [ /home/andreast/modules/arm/apps/flow/202309a/rpp-amgcpr-ghost-last/include]
  ignore line: [ /home/andreast/modules/arm/apps/zoltan/202309a/12.16/include]
  ignore line: [ /home/andreast/modules/arm/apps/dune/202309a/mod-2.7.1/include]
  ignore line: [ /cm/shared/ex3-modules/202309a/huaq/pkgs/suitesparse-32-5.12.0/include]
  ignore line: [ /cm/shared/ex3-modules/202309a/huaq/pkgs/mpfr-4.0.2/include]
  ignore line: [ /cm/shared/ex3-modules/202309a/huaq/pkgs/gmp-6.3.0/include]
  ignore line: [ /cm/shared/ex3-modules/202309a/huaq/pkgs/parmetis-32-4.0.3/include]
  ignore line: [ /cm/shared/ex3-modules/202309a/huaq/pkgs/metis-32-5.1.0/include]
  ignore line: [ /cm/shared/ex3-modules/202309a/huaq/pkgs/openblas-0.3.21/include]
  ignore line: [ /cm/shared/ex3-modules/202309a/huaq/pkgs/boost-1.73.0/include]
  ignore line: [ /cm/shared/ex3-modules/202309a/huaq/pkgs/openmpi-4.1.4/include]
  ignore line: [ /cm/shared/ex3-modules/202309a/huaq/pkgs/util-linux-2.34/include]
  ignore line: [ /cm/shared/ex3-modules/202309a/huaq/pkgs/libfabric-1.17.0/include]
  ignore line: [ /cm/shared/ex3-modules/202309a/huaq/pkgs/ucx-1.12.1/include]
  ignore line: [ /cm/shared/ex3-modules/202309a/huaq/pkgs/rdma-core-44.0/include]
  ignore line: [ /cm/shared/ex3-modules/202309a/huaq/pkgs/libnl-3.2.25/include/libnl3]
  ignore line: [ /cm/shared/ex3-modules/202309a/huaq/pkgs/numactl-2.0.13/include]
  ignore line: [ /cm/shared/ex3-modules/202309a/huaq/pkgs/libevent-2.1.12-stable/include]
  ignore line: [ /cm/shared/ex3-modules/202309a/huaq/pkgs/knem-1.1.4/include]
  ignore line: [ /cm/shared/ex3-modules/202309a/huaq/pkgs/hwloc-2.7.1/include]
  ignore line: [ /cm/shared/ex3-modules/202309a/huaq/pkgs/libxml2-2.9.12/include]
  ignore line: [ /cm/shared/ex3-modules/202309a/huaq/pkgs/xz-5.2.7/include]
  ignore line: [ /usr/include/c++/11]
  ignore line: [ /usr/include/aarch64-linux-gnu/c++/11]
  ignore line: [ /usr/include/c++/11/backward]
  ignore line: [ /usr/lib/gcc/aarch64-linux-gnu/11/include]
  ignore line: [ /usr/local/include]
  ignore line: [ /usr/include/aarch64-linux-gnu]
  ignore line: [ /usr/include]
  ignore line: [End of search list.]
  ignore line: [GNU C++17 (Ubuntu 11.4.0-1ubuntu1~22.04) version 11.4.0 (aarch64-linux-gnu)]
  ignore line: [	compiled by GNU C version 11.4.0  GMP version 6.2.1  MPFR version 4.1.0  MPC version 1.2.1  isl version isl-0.24-GMP]
  ignore line: []
  ignore line: [warning: GMP header version 6.2.1 differs from library version 6.3.0.]
  ignore line: [warning: MPFR header version 4.1.0 differs from library version 4.0.2.]
  ignore line: [GGC heuristics: --param ggc-min-expand=100 --param ggc-min-heapsize=131072]
  ignore line: [Compiler executable checksum: 3e6e780af1232722b47e0979fda82402]
  ignore line: [COLLECT_GCC_OPTIONS='-O2' '-funroll-loops' '-v' '-o' 'CMakeFiles/cmTC_0a986.dir/CMakeCXXCompilerABI.cpp.o' '-c' '-shared-libgcc' '-mlittle-endian' '-mabi=lp64' '-dumpdir' 'CMakeFiles/cmTC_0a986.dir/']
  ignore line: [ as -v -EL -mabi=lp64 -o CMakeFiles/cmTC_0a986.dir/CMakeCXXCompilerABI.cpp.o /tmp/ccsihnW4.s]
  ignore line: [GNU assembler version 2.38 (aarch64-linux-gnu) using BFD version (GNU Binutils for Ubuntu) 2.38]
  ignore line: [COMPILER_PATH=/usr/lib/gcc/aarch64-linux-gnu/11/:/usr/lib/gcc/aarch64-linux-gnu/11/:/usr/lib/gcc/aarch64-linux-gnu/:/usr/lib/gcc/aarch64-linux-gnu/11/:/usr/lib/gcc/aarch64-linux-gnu/]
  ignore line: [LIBRARY_PATH=/home/andreast/modules/arm/apps/flow/202309a/rpp-amgcpr-ghost-last/lib/../lib/:/home/andreast/modules/arm/apps/zoltan/202309a/12.16/lib/../lib/:/home/andreast/modules/arm/apps/dune/202309a/mod-2.7.1/lib/../lib/:/cm/shared/ex3-modules/202309a/huaq/pkgs/suitesparse-32-5.12.0/lib/../lib/:/cm/shared/ex3-modules/202309a/huaq/pkgs/mpfr-4.0.2/lib/../lib/:/cm/shared/ex3-modules/202309a/huaq/pkgs/gmp-6.3.0/lib/../lib/:/cm/shared/ex3-modules/202309a/huaq/pkgs/parmetis-32-4.0.3/lib/../lib/:/cm/shared/ex3-modules/202309a/huaq/pkgs/metis-32-5.1.0/lib/../lib/:/cm/shared/ex3-modules/202309a/huaq/pkgs/openblas-0.3.21/lib/../lib/:/cm/shared/ex3-modules/202309a/huaq/pkgs/boost-1.73.0/lib/../lib/:/cm/shared/ex3-modules/202309a/huaq/pkgs/openmpi-4.1.4/lib/../lib/:/cm/shared/ex3-modules/202309a/huaq/pkgs/util-linux-2.34/lib/../lib/:/cm/shared/ex3-modules/202309a/huaq/pkgs/libfabric-1.17.0/lib/../lib/:/cm/shared/ex3-modules/202309a/huaq/pkgs/ucx-1.12.1/lib/../lib/:/cm/shared/ex3-modules/202309a/huaq/pkgs/rdma-core-44.0/lib/../lib/:/cm/shared/ex3-modules/202309a/huaq/pkgs/libnl-3.2.25/lib/../lib/:/cm/shared/ex3-modules/202309a/huaq/pkgs/numactl-2.0.13/lib/../lib/:/cm/shared/ex3-modules/202309a/huaq/pkgs/libevent-2.1.12-stable/lib/../lib/:/cm/shared/ex3-modules/202309a/huaq/pkgs/knem-1.1.4/lib/../lib/:/cm/shared/ex3-modules/202309a/huaq/pkgs/hwloc-2.7.1/lib/../lib/:/cm/shared/ex3-modules/202309a/huaq/pkgs/libxml2-2.9.12/lib/../lib/:/cm/shared/ex3-modules/202309a/huaq/pkgs/xz-5.2.7/lib/../lib/:/usr/lib/gcc/aarch64-linux-gnu/11/:/usr/lib/gcc/aarch64-linux-gnu/11/../../../aarch64-linux-gnu/:/usr/lib/gcc/aarch64-linux-gnu/11/../../../../lib/:/lib/aarch64-linux-gnu/:/lib/../lib/:/usr/lib/aarch64-linux-gnu/:/usr/lib/../lib/:/home/andreast/modules/arm/apps/flow/202309a/rpp-amgcpr-ghost-last/lib/:/home/andreast/modules/arm/apps/zoltan/202309a/12.16/lib/:/home/andreast/modules/arm/apps/dune/202309a/mod-2.7.1/lib/:/cm/shared/ex3-modules/202309a/huaq/pkgs/suitesparse-32-5.12.0/lib/:/cm/shared/ex3-modules/202309a/huaq/pkgs/mpfr-4.0.2/lib/:/cm/shared/ex3-modules/202309a/huaq/pkgs/gmp-6.3.0/lib/:/cm/shared/ex3-modules/202309a/huaq/pkgs/parmetis-32-4.0.3/lib/:/cm/shared/ex3-modules/202309a/huaq/pkgs/metis-32-5.1.0/lib/:/cm/shared/ex3-modules/202309a/huaq/pkgs/openblas-0.3.21/lib/:/cm/shared/ex3-modules/202309a/huaq/pkgs/boost-1.73.0/lib/:/cm/shared/ex3-modules/202309a/huaq/pkgs/openmpi-4.1.4/lib/:/cm/shared/ex3-modules/202309a/huaq/pkgs/util-linux-2.34/lib/:/cm/shared/ex3-modules/202309a/huaq/pkgs/libfabric-1.17.0/lib/:/cm/shared/ex3-modules/202309a/huaq/pkgs/ucx-1.12.1/lib/:/cm/shared/ex3-modules/202309a/huaq/pkgs/rdma-core-44.0/lib/:/cm/shared/ex3-modules/202309a/huaq/pkgs/libnl-3.2.25/lib/:/cm/shared/ex3-modules/202309a/huaq/pkgs/numactl-2.0.13/lib/:/cm/shared/ex3-modules/202309a/huaq/pkgs/libevent-2.1.12-stable/lib/:/cm/shared/ex3-modules/202309a/huaq/pkgs/knem-1.1.4/lib/:/cm/shared/ex3-modules/202309a/huaq/pkgs/hwloc-2.7.1/lib/:/cm/shared/ex3-modules/202309a/huaq/pkgs/libxml2-2.9.12/lib/:/cm/shared/ex3-modules/202309a/huaq/pkgs/xz-5.2.7/lib/:/cm/shared/apps/slurm/current/lib64/slurm/:/cm/shared/apps/slurm/current/lib64/:/usr/lib/gcc/aarch64-linux-gnu/11/../../../:/lib/:/usr/lib/]
  ignore line: [COLLECT_GCC_OPTIONS='-O2' '-funroll-loops' '-v' '-o' 'CMakeFiles/cmTC_0a986.dir/CMakeCXXCompilerABI.cpp.o' '-c' '-shared-libgcc' '-mlittle-endian' '-mabi=lp64' '-dumpdir' 'CMakeFiles/cmTC_0a986.dir/CMakeCXXCompilerABI.cpp.']
  ignore line: [Linking CXX executable cmTC_0a986]
  ignore line: [/cm/shared/ex3-modules/202309a/huaq/pkgs/cmake-3.22.3/bin/cmake -E cmake_link_script CMakeFiles/cmTC_0a986.dir/link.txt --verbose=1]
  ignore line: [/usr/bin/c++ -O2 -funroll-loops   -v -rdynamic CMakeFiles/cmTC_0a986.dir/CMakeCXXCompilerABI.cpp.o -o cmTC_0a986 ]
  ignore line: [Using built-in specs.]
  ignore line: [COLLECT_GCC=/usr/bin/c++]
  ignore line: [COLLECT_LTO_WRAPPER=/usr/lib/gcc/aarch64-linux-gnu/11/lto-wrapper]
  ignore line: [Target: aarch64-linux-gnu]
  ignore line: [Configured with: ../src/configure -v --with-pkgversion='Ubuntu 11.4.0-1ubuntu1~22.04' --with-bugurl=file:///usr/share/doc/gcc-11/README.Bugs --enable-languages=c ada c++ go d fortran objc obj-c++ m2 --prefix=/usr --with-gcc-major-version-only --program-suffix=-11 --program-prefix=aarch64-linux-gnu- --enable-shared --enable-linker-build-id --libexecdir=/usr/lib --without-included-gettext --enable-threads=posix --libdir=/usr/lib --enable-nls --enable-bootstrap --enable-clocale=gnu --enable-libstdcxx-debug --enable-libstdcxx-time=yes --with-default-libstdcxx-abi=new --enable-gnu-unique-object --disable-libquadmath --disable-libquadmath-support --enable-plugin --enable-default-pie --with-system-zlib --enable-libphobos-checking=release --with-target-system-zlib=auto --enable-objc-gc=auto --enable-multiarch --enable-fix-cortex-a53-843419 --disable-werror --enable-checking=release --build=aarch64-linux-gnu --host=aarch64-linux-gnu --target=aarch64-linux-gnu --with-build-config=bootstrap-lto-lean --enable-link-serialization=2]
  ignore line: [Thread model: posix]
  ignore line: [Supported LTO compression algorithms: zlib zstd]
  ignore line: [gcc version 11.4.0 (Ubuntu 11.4.0-1ubuntu1~22.04) ]
  ignore line: [COMPILER_PATH=/usr/lib/gcc/aarch64-linux-gnu/11/:/usr/lib/gcc/aarch64-linux-gnu/11/:/usr/lib/gcc/aarch64-linux-gnu/:/usr/lib/gcc/aarch64-linux-gnu/11/:/usr/lib/gcc/aarch64-linux-gnu/]
  ignore line: [LIBRARY_PATH=/home/andreast/modules/arm/apps/flow/202309a/rpp-amgcpr-ghost-last/lib/../lib/:/home/andreast/modules/arm/apps/zoltan/202309a/12.16/lib/../lib/:/home/andreast/modules/arm/apps/dune/202309a/mod-2.7.1/lib/../lib/:/cm/shared/ex3-modules/202309a/huaq/pkgs/suitesparse-32-5.12.0/lib/../lib/:/cm/shared/ex3-modules/202309a/huaq/pkgs/mpfr-4.0.2/lib/../lib/:/cm/shared/ex3-modules/202309a/huaq/pkgs/gmp-6.3.0/lib/../lib/:/cm/shared/ex3-modules/202309a/huaq/pkgs/parmetis-32-4.0.3/lib/../lib/:/cm/shared/ex3-modules/202309a/huaq/pkgs/metis-32-5.1.0/lib/../lib/:/cm/shared/ex3-modules/202309a/huaq/pkgs/openblas-0.3.21/lib/../lib/:/cm/shared/ex3-modules/202309a/huaq/pkgs/boost-1.73.0/lib/../lib/:/cm/shared/ex3-modules/202309a/huaq/pkgs/openmpi-4.1.4/lib/../lib/:/cm/shared/ex3-modules/202309a/huaq/pkgs/util-linux-2.34/lib/../lib/:/cm/shared/ex3-modules/202309a/huaq/pkgs/libfabric-1.17.0/lib/../lib/:/cm/shared/ex3-modules/202309a/huaq/pkgs/ucx-1.12.1/lib/../lib/:/cm/shared/ex3-modules/202309a/huaq/pkgs/rdma-core-44.0/lib/../lib/:/cm/shared/ex3-modules/202309a/huaq/pkgs/libnl-3.2.25/lib/../lib/:/cm/shared/ex3-modules/202309a/huaq/pkgs/numactl-2.0.13/lib/../lib/:/cm/shared/ex3-modules/202309a/huaq/pkgs/libevent-2.1.12-stable/lib/../lib/:/cm/shared/ex3-modules/202309a/huaq/pkgs/knem-1.1.4/lib/../lib/:/cm/shared/ex3-modules/202309a/huaq/pkgs/hwloc-2.7.1/lib/../lib/:/cm/shared/ex3-modules/202309a/huaq/pkgs/libxml2-2.9.12/lib/../lib/:/cm/shared/ex3-modules/202309a/huaq/pkgs/xz-5.2.7/lib/../lib/:/usr/lib/gcc/aarch64-linux-gnu/11/:/usr/lib/gcc/aarch64-linux-gnu/11/../../../aarch64-linux-gnu/:/usr/lib/gcc/aarch64-linux-gnu/11/../../../../lib/:/lib/aarch64-linux-gnu/:/lib/../lib/:/usr/lib/aarch64-linux-gnu/:/usr/lib/../lib/:/home/andreast/modules/arm/apps/flow/202309a/rpp-amgcpr-ghost-last/lib/:/home/andreast/modules/arm/apps/zoltan/202309a/12.16/lib/:/home/andreast/modules/arm/apps/dune/202309a/mod-2.7.1/lib/:/cm/shared/ex3-modules/202309a/huaq/pkgs/suitesparse-32-5.12.0/lib/:/cm/shared/ex3-modules/202309a/huaq/pkgs/mpfr-4.0.2/lib/:/cm/shared/ex3-modules/202309a/huaq/pkgs/gmp-6.3.0/lib/:/cm/shared/ex3-modules/202309a/huaq/pkgs/parmetis-32-4.0.3/lib/:/cm/shared/ex3-modules/202309a/huaq/pkgs/metis-32-5.1.0/lib/:/cm/shared/ex3-modules/202309a/huaq/pkgs/openblas-0.3.21/lib/:/cm/shared/ex3-modules/202309a/huaq/pkgs/boost-1.73.0/lib/:/cm/shared/ex3-modules/202309a/huaq/pkgs/openmpi-4.1.4/lib/:/cm/shared/ex3-modules/202309a/huaq/pkgs/util-linux-2.34/lib/:/cm/shared/ex3-modules/202309a/huaq/pkgs/libfabric-1.17.0/lib/:/cm/shared/ex3-modules/202309a/huaq/pkgs/ucx-1.12.1/lib/:/cm/shared/ex3-modules/202309a/huaq/pkgs/rdma-core-44.0/lib/:/cm/shared/ex3-modules/202309a/huaq/pkgs/libnl-3.2.25/lib/:/cm/shared/ex3-modules/202309a/huaq/pkgs/numactl-2.0.13/lib/:/cm/shared/ex3-modules/202309a/huaq/pkgs/libevent-2.1.12-stable/lib/:/cm/shared/ex3-modules/202309a/huaq/pkgs/knem-1.1.4/lib/:/cm/shared/ex3-modules/202309a/huaq/pkgs/hwloc-2.7.1/lib/:/cm/shared/ex3-modules/202309a/huaq/pkgs/libxml2-2.9.12/lib/:/cm/shared/ex3-modules/202309a/huaq/pkgs/xz-5.2.7/lib/:/cm/shared/apps/slurm/current/lib64/slurm/:/cm/shared/apps/slurm/current/lib64/:/usr/lib/gcc/aarch64-linux-gnu/11/../../../:/lib/:/usr/lib/]
  ignore line: [COLLECT_GCC_OPTIONS='-O2' '-funroll-loops' '-v' '-rdynamic' '-o' 'cmTC_0a986' '-shared-libgcc' '-mlittle-endian' '-mabi=lp64' '-dumpdir' 'cmTC_0a986.']
  link line: [ /usr/lib/gcc/aarch64-linux-gnu/11/collect2 -plugin /usr/lib/gcc/aarch64-linux-gnu/11/liblto_plugin.so -plugin-opt=/usr/lib/gcc/aarch64-linux-gnu/11/lto-wrapper -plugin-opt=-fresolution=/tmp/ccdV4BhZ.res -plugin-opt=-pass-through=-lgcc_s -plugin-opt=-pass-through=-lgcc -plugin-opt=-pass-through=-lc -plugin-opt=-pass-through=-lgcc_s -plugin-opt=-pass-through=-lgcc --build-id --eh-frame-hdr --hash-style=gnu --as-needed -export-dynamic -dynamic-linker /lib/ld-linux-aarch64.so.1 -X -EL -maarch64linux --fix-cortex-a53-843419 -pie -z now -z relro -o cmTC_0a986 /usr/lib/gcc/aarch64-linux-gnu/11/../../../aarch64-linux-gnu/Scrt1.o /usr/lib/gcc/aarch64-linux-gnu/11/../../../aarch64-linux-gnu/crti.o /usr/lib/gcc/aarch64-linux-gnu/11/crtbeginS.o -L/home/andreast/modules/arm/apps/flow/202309a/rpp-amgcpr-ghost-last/lib/../lib -L/home/andreast/modules/arm/apps/zoltan/202309a/12.16/lib/../lib -L/home/andreast/modules/arm/apps/dune/202309a/mod-2.7.1/lib/../lib -L/cm/shared/ex3-modules/202309a/huaq/pkgs/suitesparse-32-5.12.0/lib/../lib -L/cm/shared/ex3-modules/202309a/huaq/pkgs/mpfr-4.0.2/lib/../lib -L/cm/shared/ex3-modules/202309a/huaq/pkgs/gmp-6.3.0/lib/../lib -L/cm/shared/ex3-modules/202309a/huaq/pkgs/parmetis-32-4.0.3/lib/../lib -L/cm/shared/ex3-modules/202309a/huaq/pkgs/metis-32-5.1.0/lib/../lib -L/cm/shared/ex3-modules/202309a/huaq/pkgs/openblas-0.3.21/lib/../lib -L/cm/shared/ex3-modules/202309a/huaq/pkgs/boost-1.73.0/lib/../lib -L/cm/shared/ex3-modules/202309a/huaq/pkgs/openmpi-4.1.4/lib/../lib -L/cm/shared/ex3-modules/202309a/huaq/pkgs/util-linux-2.34/lib/../lib -L/cm/shared/ex3-modules/202309a/huaq/pkgs/libfabric-1.17.0/lib/../lib -L/cm/shared/ex3-modules/202309a/huaq/pkgs/ucx-1.12.1/lib/../lib -L/cm/shared/ex3-modules/202309a/huaq/pkgs/rdma-core-44.0/lib/../lib -L/cm/shared/ex3-modules/202309a/huaq/pkgs/libnl-3.2.25/lib/../lib -L/cm/shared/ex3-modules/202309a/huaq/pkgs/numactl-2.0.13/lib/../lib -L/cm/shared/ex3-modules/202309a/huaq/pkgs/libevent-2.1.12-stable/lib/../lib -L/cm/shared/ex3-modules/202309a/huaq/pkgs/knem-1.1.4/lib/../lib -L/cm/shared/ex3-modules/202309a/huaq/pkgs/hwloc-2.7.1/lib/../lib -L/cm/shared/ex3-modules/202309a/huaq/pkgs/libxml2-2.9.12/lib/../lib -L/cm/shared/ex3-modules/202309a/huaq/pkgs/xz-5.2.7/lib/../lib -L/usr/lib/gcc/aarch64-linux-gnu/11 -L/usr/lib/gcc/aarch64-linux-gnu/11/../../../aarch64-linux-gnu -L/usr/lib/gcc/aarch64-linux-gnu/11/../../../../lib -L/lib/aarch64-linux-gnu -L/lib/../lib -L/usr/lib/aarch64-linux-gnu -L/usr/lib/../lib -L/home/andreast/modules/arm/apps/flow/202309a/rpp-amgcpr-ghost-last/lib -L/home/andreast/modules/arm/apps/zoltan/202309a/12.16/lib -L/home/andreast/modules/arm/apps/dune/202309a/mod-2.7.1/lib -L/cm/shared/ex3-modules/202309a/huaq/pkgs/suitesparse-32-5.12.0/lib -L/cm/shared/ex3-modules/202309a/huaq/pkgs/mpfr-4.0.2/lib -L/cm/shared/ex3-modules/202309a/huaq/pkgs/gmp-6.3.0/lib -L/cm/shared/ex3-modules/202309a/huaq/pkgs/parmetis-32-4.0.3/lib -L/cm/shared/ex3-modules/202309a/huaq/pkgs/metis-32-5.1.0/lib -L/cm/shared/ex3-modules/202309a/huaq/pkgs/openblas-0.3.21/lib -L/cm/shared/ex3-modules/202309a/huaq/pkgs/boost-1.73.0/lib -L/cm/shared/ex3-modules/202309a/huaq/pkgs/openmpi-4.1.4/lib -L/cm/shared/ex3-modules/202309a/huaq/pkgs/util-linux-2.34/lib -L/cm/shared/ex3-modules/202309a/huaq/pkgs/libfabric-1.17.0/lib -L/cm/shared/ex3-modules/202309a/huaq/pkgs/ucx-1.12.1/lib -L/cm/shared/ex3-modules/202309a/huaq/pkgs/rdma-core-44.0/lib -L/cm/shared/ex3-modules/202309a/huaq/pkgs/libnl-3.2.25/lib -L/cm/shared/ex3-modules/202309a/huaq/pkgs/numactl-2.0.13/lib -L/cm/shared/ex3-modules/202309a/huaq/pkgs/libevent-2.1.12-stable/lib -L/cm/shared/ex3-modules/202309a/huaq/pkgs/knem-1.1.4/lib -L/cm/shared/ex3-modules/202309a/huaq/pkgs/hwloc-2.7.1/lib -L/cm/shared/ex3-modules/202309a/huaq/pkgs/libxml2-2.9.12/lib -L/cm/shared/ex3-modules/202309a/huaq/pkgs/xz-5.2.7/lib -L/cm/shared/apps/slurm/current/lib64/slurm -L/cm/shared/apps/slurm/current/lib64 -L/usr/lib/gcc/aarch64-linux-gnu/11/../../.. CMakeFiles/cmTC_0a986.dir/CMakeCXXCompilerABI.cpp.o -lstdc++ -lm -lgcc_s -lgcc -lc -lgcc_s -lgcc /usr/lib/gcc/aarch64-linux-gnu/11/crtendS.o /usr/lib/gcc/aarch64-linux-gnu/11/../../../aarch64-linux-gnu/crtn.o]
    arg [/usr/lib/gcc/aarch64-linux-gnu/11/collect2] ==> ignore
    arg [-plugin] ==> ignore
    arg [/usr/lib/gcc/aarch64-linux-gnu/11/liblto_plugin.so] ==> ignore
    arg [-plugin-opt=/usr/lib/gcc/aarch64-linux-gnu/11/lto-wrapper] ==> ignore
    arg [-plugin-opt=-fresolution=/tmp/ccdV4BhZ.res] ==> ignore
    arg [-plugin-opt=-pass-through=-lgcc_s] ==> ignore
    arg [-plugin-opt=-pass-through=-lgcc] ==> ignore
    arg [-plugin-opt=-pass-through=-lc] ==> ignore
    arg [-plugin-opt=-pass-through=-lgcc_s] ==> ignore
    arg [-plugin-opt=-pass-through=-lgcc] ==> ignore
    arg [--build-id] ==> ignore
    arg [--eh-frame-hdr] ==> ignore
    arg [--hash-style=gnu] ==> ignore
    arg [--as-needed] ==> ignore
    arg [-export-dynamic] ==> ignore
    arg [-dynamic-linker] ==> ignore
    arg [/lib/ld-linux-aarch64.so.1] ==> ignore
    arg [-X] ==> ignore
    arg [-EL] ==> ignore
    arg [-maarch64linux] ==> ignore
    arg [--fix-cortex-a53-843419] ==> ignore
    arg [-pie] ==> ignore
    arg [-znow] ==> ignore
    arg [-zrelro] ==> ignore
    arg [-o] ==> ignore
    arg [cmTC_0a986] ==> ignore
    arg [/usr/lib/gcc/aarch64-linux-gnu/11/../../../aarch64-linux-gnu/Scrt1.o] ==> obj [/usr/lib/gcc/aarch64-linux-gnu/11/../../../aarch64-linux-gnu/Scrt1.o]
    arg [/usr/lib/gcc/aarch64-linux-gnu/11/../../../aarch64-linux-gnu/crti.o] ==> obj [/usr/lib/gcc/aarch64-linux-gnu/11/../../../aarch64-linux-gnu/crti.o]
    arg [/usr/lib/gcc/aarch64-linux-gnu/11/crtbeginS.o] ==> obj [/usr/lib/gcc/aarch64-linux-gnu/11/crtbeginS.o]
    arg [-L/home/andreast/modules/arm/apps/flow/202309a/rpp-amgcpr-ghost-last/lib/../lib] ==> dir [/home/andreast/modules/arm/apps/flow/202309a/rpp-amgcpr-ghost-last/lib/../lib]
    arg [-L/home/andreast/modules/arm/apps/zoltan/202309a/12.16/lib/../lib] ==> dir [/home/andreast/modules/arm/apps/zoltan/202309a/12.16/lib/../lib]
    arg [-L/home/andreast/modules/arm/apps/dune/202309a/mod-2.7.1/lib/../lib] ==> dir [/home/andreast/modules/arm/apps/dune/202309a/mod-2.7.1/lib/../lib]
    arg [-L/cm/shared/ex3-modules/202309a/huaq/pkgs/suitesparse-32-5.12.0/lib/../lib] ==> dir [/cm/shared/ex3-modules/202309a/huaq/pkgs/suitesparse-32-5.12.0/lib/../lib]
    arg [-L/cm/shared/ex3-modules/202309a/huaq/pkgs/mpfr-4.0.2/lib/../lib] ==> dir [/cm/shared/ex3-modules/202309a/huaq/pkgs/mpfr-4.0.2/lib/../lib]
    arg [-L/cm/shared/ex3-modules/202309a/huaq/pkgs/gmp-6.3.0/lib/../lib] ==> dir [/cm/shared/ex3-modules/202309a/huaq/pkgs/gmp-6.3.0/lib/../lib]
    arg [-L/cm/shared/ex3-modules/202309a/huaq/pkgs/parmetis-32-4.0.3/lib/../lib] ==> dir [/cm/shared/ex3-modules/202309a/huaq/pkgs/parmetis-32-4.0.3/lib/../lib]
    arg [-L/cm/shared/ex3-modules/202309a/huaq/pkgs/metis-32-5.1.0/lib/../lib] ==> dir [/cm/shared/ex3-modules/202309a/huaq/pkgs/metis-32-5.1.0/lib/../lib]
    arg [-L/cm/shared/ex3-modules/202309a/huaq/pkgs/openblas-0.3.21/lib/../lib] ==> dir [/cm/shared/ex3-modules/202309a/huaq/pkgs/openblas-0.3.21/lib/../lib]
    arg [-L/cm/shared/ex3-modules/202309a/huaq/pkgs/boost-1.73.0/lib/../lib] ==> dir [/cm/shared/ex3-modules/202309a/huaq/pkgs/boost-1.73.0/lib/../lib]
    arg [-L/cm/shared/ex3-modules/202309a/huaq/pkgs/openmpi-4.1.4/lib/../lib] ==> dir [/cm/shared/ex3-modules/202309a/huaq/pkgs/openmpi-4.1.4/lib/../lib]
    arg [-L/cm/shared/ex3-modules/202309a/huaq/pkgs/util-linux-2.34/lib/../lib] ==> dir [/cm/shared/ex3-modules/202309a/huaq/pkgs/util-linux-2.34/lib/../lib]
    arg [-L/cm/shared/ex3-modules/202309a/huaq/pkgs/libfabric-1.17.0/lib/../lib] ==> dir [/cm/shared/ex3-modules/202309a/huaq/pkgs/libfabric-1.17.0/lib/../lib]
    arg [-L/cm/shared/ex3-modules/202309a/huaq/pkgs/ucx-1.12.1/lib/../lib] ==> dir [/cm/shared/ex3-modules/202309a/huaq/pkgs/ucx-1.12.1/lib/../lib]
    arg [-L/cm/shared/ex3-modules/202309a/huaq/pkgs/rdma-core-44.0/lib/../lib] ==> dir [/cm/shared/ex3-modules/202309a/huaq/pkgs/rdma-core-44.0/lib/../lib]
    arg [-L/cm/shared/ex3-modules/202309a/huaq/pkgs/libnl-3.2.25/lib/../lib] ==> dir [/cm/shared/ex3-modules/202309a/huaq/pkgs/libnl-3.2.25/lib/../lib]
    arg [-L/cm/shared/ex3-modules/202309a/huaq/pkgs/numactl-2.0.13/lib/../lib] ==> dir [/cm/shared/ex3-modules/202309a/huaq/pkgs/numactl-2.0.13/lib/../lib]
    arg [-L/cm/shared/ex3-modules/202309a/huaq/pkgs/libevent-2.1.12-stable/lib/../lib] ==> dir [/cm/shared/ex3-modules/202309a/huaq/pkgs/libevent-2.1.12-stable/lib/../lib]
    arg [-L/cm/shared/ex3-modules/202309a/huaq/pkgs/knem-1.1.4/lib/../lib] ==> dir [/cm/shared/ex3-modules/202309a/huaq/pkgs/knem-1.1.4/lib/../lib]
    arg [-L/cm/shared/ex3-modules/202309a/huaq/pkgs/hwloc-2.7.1/lib/../lib] ==> dir [/cm/shared/ex3-modules/202309a/huaq/pkgs/hwloc-2.7.1/lib/../lib]
    arg [-L/cm/shared/ex3-modules/202309a/huaq/pkgs/libxml2-2.9.12/lib/../lib] ==> dir [/cm/shared/ex3-modules/202309a/huaq/pkgs/libxml2-2.9.12/lib/../lib]
    arg [-L/cm/shared/ex3-modules/202309a/huaq/pkgs/xz-5.2.7/lib/../lib] ==> dir [/cm/shared/ex3-modules/202309a/huaq/pkgs/xz-5.2.7/lib/../lib]
    arg [-L/usr/lib/gcc/aarch64-linux-gnu/11] ==> dir [/usr/lib/gcc/aarch64-linux-gnu/11]
    arg [-L/usr/lib/gcc/aarch64-linux-gnu/11/../../../aarch64-linux-gnu] ==> dir [/usr/lib/gcc/aarch64-linux-gnu/11/../../../aarch64-linux-gnu]
    arg [-L/usr/lib/gcc/aarch64-linux-gnu/11/../../../../lib] ==> dir [/usr/lib/gcc/aarch64-linux-gnu/11/../../../../lib]
    arg [-L/lib/aarch64-linux-gnu] ==> dir [/lib/aarch64-linux-gnu]
    arg [-L/lib/../lib] ==> dir [/lib/../lib]
    arg [-L/usr/lib/aarch64-linux-gnu] ==> dir [/usr/lib/aarch64-linux-gnu]
    arg [-L/usr/lib/../lib] ==> dir [/usr/lib/../lib]
    arg [-L/home/andreast/modules/arm/apps/flow/202309a/rpp-amgcpr-ghost-last/lib] ==> dir [/home/andreast/modules/arm/apps/flow/202309a/rpp-amgcpr-ghost-last/lib]
    arg [-L/home/andreast/modules/arm/apps/zoltan/202309a/12.16/lib] ==> dir [/home/andreast/modules/arm/apps/zoltan/202309a/12.16/lib]
    arg [-L/home/andreast/modules/arm/apps/dune/202309a/mod-2.7.1/lib] ==> dir [/home/andreast/modules/arm/apps/dune/202309a/mod-2.7.1/lib]
    arg [-L/cm/shared/ex3-modules/202309a/huaq/pkgs/suitesparse-32-5.12.0/lib] ==> dir [/cm/shared/ex3-modules/202309a/huaq/pkgs/suitesparse-32-5.12.0/lib]
    arg [-L/cm/shared/ex3-modules/202309a/huaq/pkgs/mpfr-4.0.2/lib] ==> dir [/cm/shared/ex3-modules/202309a/huaq/pkgs/mpfr-4.0.2/lib]
    arg [-L/cm/shared/ex3-modules/202309a/huaq/pkgs/gmp-6.3.0/lib] ==> dir [/cm/shared/ex3-modules/202309a/huaq/pkgs/gmp-6.3.0/lib]
    arg [-L/cm/shared/ex3-modules/202309a/huaq/pkgs/parmetis-32-4.0.3/lib] ==> dir [/cm/shared/ex3-modules/202309a/huaq/pkgs/parmetis-32-4.0.3/lib]
    arg [-L/cm/shared/ex3-modules/202309a/huaq/pkgs/metis-32-5.1.0/lib] ==> dir [/cm/shared/ex3-modules/202309a/huaq/pkgs/metis-32-5.1.0/lib]
    arg [-L/cm/shared/ex3-modules/202309a/huaq/pkgs/openblas-0.3.21/lib] ==> dir [/cm/shared/ex3-modules/202309a/huaq/pkgs/openblas-0.3.21/lib]
    arg [-L/cm/shared/ex3-modules/202309a/huaq/pkgs/boost-1.73.0/lib] ==> dir [/cm/shared/ex3-modules/202309a/huaq/pkgs/boost-1.73.0/lib]
    arg [-L/cm/shared/ex3-modules/202309a/huaq/pkgs/openmpi-4.1.4/lib] ==> dir [/cm/shared/ex3-modules/202309a/huaq/pkgs/openmpi-4.1.4/lib]
    arg [-L/cm/shared/ex3-modules/202309a/huaq/pkgs/util-linux-2.34/lib] ==> dir [/cm/shared/ex3-modules/202309a/huaq/pkgs/util-linux-2.34/lib]
    arg [-L/cm/shared/ex3-modules/202309a/huaq/pkgs/libfabric-1.17.0/lib] ==> dir [/cm/shared/ex3-modules/202309a/huaq/pkgs/libfabric-1.17.0/lib]
    arg [-L/cm/shared/ex3-modules/202309a/huaq/pkgs/ucx-1.12.1/lib] ==> dir [/cm/shared/ex3-modules/202309a/huaq/pkgs/ucx-1.12.1/lib]
    arg [-L/cm/shared/ex3-modules/202309a/huaq/pkgs/rdma-core-44.0/lib] ==> dir [/cm/shared/ex3-modules/202309a/huaq/pkgs/rdma-core-44.0/lib]
    arg [-L/cm/shared/ex3-modules/202309a/huaq/pkgs/libnl-3.2.25/lib] ==> dir [/cm/shared/ex3-modules/202309a/huaq/pkgs/libnl-3.2.25/lib]
    arg [-L/cm/shared/ex3-modules/202309a/huaq/pkgs/numactl-2.0.13/lib] ==> dir [/cm/shared/ex3-modules/202309a/huaq/pkgs/numactl-2.0.13/lib]
    arg [-L/cm/shared/ex3-modules/202309a/huaq/pkgs/libevent-2.1.12-stable/lib] ==> dir [/cm/shared/ex3-modules/202309a/huaq/pkgs/libevent-2.1.12-stable/lib]
    arg [-L/cm/shared/ex3-modules/202309a/huaq/pkgs/knem-1.1.4/lib] ==> dir [/cm/shared/ex3-modules/202309a/huaq/pkgs/knem-1.1.4/lib]
    arg [-L/cm/shared/ex3-modules/202309a/huaq/pkgs/hwloc-2.7.1/lib] ==> dir [/cm/shared/ex3-modules/202309a/huaq/pkgs/hwloc-2.7.1/lib]
    arg [-L/cm/shared/ex3-modules/202309a/huaq/pkgs/libxml2-2.9.12/lib] ==> dir [/cm/shared/ex3-modules/202309a/huaq/pkgs/libxml2-2.9.12/lib]
    arg [-L/cm/shared/ex3-modules/202309a/huaq/pkgs/xz-5.2.7/lib] ==> dir [/cm/shared/ex3-modules/202309a/huaq/pkgs/xz-5.2.7/lib]
    arg [-L/cm/shared/apps/slurm/current/lib64/slurm] ==> dir [/cm/shared/apps/slurm/current/lib64/slurm]
    arg [-L/cm/shared/apps/slurm/current/lib64] ==> dir [/cm/shared/apps/slurm/current/lib64]
    arg [-L/usr/lib/gcc/aarch64-linux-gnu/11/../../..] ==> dir [/usr/lib/gcc/aarch64-linux-gnu/11/../../..]
    arg [CMakeFiles/cmTC_0a986.dir/CMakeCXXCompilerABI.cpp.o] ==> ignore
    arg [-lstdc++] ==> lib [stdc++]
    arg [-lm] ==> lib [m]
    arg [-lgcc_s] ==> lib [gcc_s]
    arg [-lgcc] ==> lib [gcc]
    arg [-lc] ==> lib [c]
    arg [-lgcc_s] ==> lib [gcc_s]
    arg [-lgcc] ==> lib [gcc]
    arg [/usr/lib/gcc/aarch64-linux-gnu/11/crtendS.o] ==> obj [/usr/lib/gcc/aarch64-linux-gnu/11/crtendS.o]
    arg [/usr/lib/gcc/aarch64-linux-gnu/11/../../../aarch64-linux-gnu/crtn.o] ==> obj [/usr/lib/gcc/aarch64-linux-gnu/11/../../../aarch64-linux-gnu/crtn.o]
  collapse obj [/usr/lib/gcc/aarch64-linux-gnu/11/../../../aarch64-linux-gnu/Scrt1.o] ==> [/usr/lib/aarch64-linux-gnu/Scrt1.o]
  collapse obj [/usr/lib/gcc/aarch64-linux-gnu/11/../../../aarch64-linux-gnu/crti.o] ==> [/usr/lib/aarch64-linux-gnu/crti.o]
  collapse obj [/usr/lib/gcc/aarch64-linux-gnu/11/../../../aarch64-linux-gnu/crtn.o] ==> [/usr/lib/aarch64-linux-gnu/crtn.o]
  collapse library dir [/home/andreast/modules/arm/apps/flow/202309a/rpp-amgcpr-ghost-last/lib/../lib] ==> [/home/andreast/modules/arm/apps/flow/202309a/rpp-amgcpr-ghost-last/lib]
  collapse library dir [/home/andreast/modules/arm/apps/zoltan/202309a/12.16/lib/../lib] ==> [/home/andreast/modules/arm/apps/zoltan/202309a/12.16/lib]
  collapse library dir [/home/andreast/modules/arm/apps/dune/202309a/mod-2.7.1/lib/../lib] ==> [/home/andreast/modules/arm/apps/dune/202309a/mod-2.7.1/lib]
  collapse library dir [/cm/shared/ex3-modules/202309a/huaq/pkgs/suitesparse-32-5.12.0/lib/../lib] ==> [/cm/shared/ex3-modules/202309a/huaq/pkgs/suitesparse-32-5.12.0/lib]
  collapse library dir [/cm/shared/ex3-modules/202309a/huaq/pkgs/mpfr-4.0.2/lib/../lib] ==> [/cm/shared/ex3-modules/202309a/huaq/pkgs/mpfr-4.0.2/lib]
  collapse library dir [/cm/shared/ex3-modules/202309a/huaq/pkgs/gmp-6.3.0/lib/../lib] ==> [/cm/shared/ex3-modules/202309a/huaq/pkgs/gmp-6.3.0/lib]
  collapse library dir [/cm/shared/ex3-modules/202309a/huaq/pkgs/parmetis-32-4.0.3/lib/../lib] ==> [/cm/shared/ex3-modules/202309a/huaq/pkgs/parmetis-32-4.0.3/lib]
  collapse library dir [/cm/shared/ex3-modules/202309a/huaq/pkgs/metis-32-5.1.0/lib/../lib] ==> [/cm/shared/ex3-modules/202309a/huaq/pkgs/metis-32-5.1.0/lib]
  collapse library dir [/cm/shared/ex3-modules/202309a/huaq/pkgs/openblas-0.3.21/lib/../lib] ==> [/cm/shared/ex3-modules/202309a/huaq/pkgs/openblas-0.3.21/lib]
  collapse library dir [/cm/shared/ex3-modules/202309a/huaq/pkgs/boost-1.73.0/lib/../lib] ==> [/cm/shared/ex3-modules/202309a/huaq/pkgs/boost-1.73.0/lib]
  collapse library dir [/cm/shared/ex3-modules/202309a/huaq/pkgs/openmpi-4.1.4/lib/../lib] ==> [/cm/shared/ex3-modules/202309a/huaq/pkgs/openmpi-4.1.4/lib]
  collapse library dir [/cm/shared/ex3-modules/202309a/huaq/pkgs/util-linux-2.34/lib/../lib] ==> [/cm/shared/ex3-modules/202309a/huaq/pkgs/util-linux-2.34/lib]
  collapse library dir [/cm/shared/ex3-modules/202309a/huaq/pkgs/libfabric-1.17.0/lib/../lib] ==> [/cm/shared/ex3-modules/202309a/huaq/pkgs/libfabric-1.17.0/lib]
  collapse library dir [/cm/shared/ex3-modules/202309a/huaq/pkgs/ucx-1.12.1/lib/../lib] ==> [/cm/shared/ex3-modules/202309a/huaq/pkgs/ucx-1.12.1/lib]
  collapse library dir [/cm/shared/ex3-modules/202309a/huaq/pkgs/rdma-core-44.0/lib/../lib] ==> [/cm/shared/ex3-modules/202309a/huaq/pkgs/rdma-core-44.0/lib]
  collapse library dir [/cm/shared/ex3-modules/202309a/huaq/pkgs/libnl-3.2.25/lib/../lib] ==> [/cm/shared/ex3-modules/202309a/huaq/pkgs/libnl-3.2.25/lib]
  collapse library dir [/cm/shared/ex3-modules/202309a/huaq/pkgs/numactl-2.0.13/lib/../lib] ==> [/cm/shared/ex3-modules/202309a/huaq/pkgs/numactl-2.0.13/lib]
  collapse library dir [/cm/shared/ex3-modules/202309a/huaq/pkgs/libevent-2.1.12-stable/lib/../lib] ==> [/cm/shared/ex3-modules/202309a/huaq/pkgs/libevent-2.1.12-stable/lib]
  collapse library dir [/cm/shared/ex3-modules/202309a/huaq/pkgs/knem-1.1.4/lib/../lib] ==> [/cm/shared/ex3-modules/202309a/huaq/pkgs/knem-1.1.4/lib]
  collapse library dir [/cm/shared/ex3-modules/202309a/huaq/pkgs/hwloc-2.7.1/lib/../lib] ==> [/cm/shared/ex3-modules/202309a/huaq/pkgs/hwloc-2.7.1/lib]
  collapse library dir [/cm/shared/ex3-modules/202309a/huaq/pkgs/libxml2-2.9.12/lib/../lib] ==> [/cm/shared/ex3-modules/202309a/huaq/pkgs/libxml2-2.9.12/lib]
  collapse library dir [/cm/shared/ex3-modules/202309a/huaq/pkgs/xz-5.2.7/lib/../lib] ==> [/cm/shared/ex3-modules/202309a/huaq/pkgs/xz-5.2.7/lib]
  collapse library dir [/usr/lib/gcc/aarch64-linux-gnu/11] ==> [/usr/lib/gcc/aarch64-linux-gnu/11]
  collapse library dir [/usr/lib/gcc/aarch64-linux-gnu/11/../../../aarch64-linux-gnu] ==> [/usr/lib/aarch64-linux-gnu]
  collapse library dir [/usr/lib/gcc/aarch64-linux-gnu/11/../../../../lib] ==> [/usr/lib]
  collapse library dir [/lib/aarch64-linux-gnu] ==> [/lib/aarch64-linux-gnu]
  collapse library dir [/lib/../lib] ==> [/lib]
  collapse library dir [/usr/lib/aarch64-linux-gnu] ==> [/usr/lib/aarch64-linux-gnu]
  collapse library dir [/usr/lib/../lib] ==> [/usr/lib]
  collapse library dir [/home/andreast/modules/arm/apps/flow/202309a/rpp-amgcpr-ghost-last/lib] ==> [/home/andreast/modules/arm/apps/flow/202309a/rpp-amgcpr-ghost-last/lib]
  collapse library dir [/home/andreast/modules/arm/apps/zoltan/202309a/12.16/lib] ==> [/home/andreast/modules/arm/apps/zoltan/202309a/12.16/lib]
  collapse library dir [/home/andreast/modules/arm/apps/dune/202309a/mod-2.7.1/lib] ==> [/home/andreast/modules/arm/apps/dune/202309a/mod-2.7.1/lib]
  collapse library dir [/cm/shared/ex3-modules/202309a/huaq/pkgs/suitesparse-32-5.12.0/lib] ==> [/cm/shared/ex3-modules/202309a/huaq/pkgs/suitesparse-32-5.12.0/lib]
  collapse library dir [/cm/shared/ex3-modules/202309a/huaq/pkgs/mpfr-4.0.2/lib] ==> [/cm/shared/ex3-modules/202309a/huaq/pkgs/mpfr-4.0.2/lib]
  collapse library dir [/cm/shared/ex3-modules/202309a/huaq/pkgs/gmp-6.3.0/lib] ==> [/cm/shared/ex3-modules/202309a/huaq/pkgs/gmp-6.3.0/lib]
  collapse library dir [/cm/shared/ex3-modules/202309a/huaq/pkgs/parmetis-32-4.0.3/lib] ==> [/cm/shared/ex3-modules/202309a/huaq/pkgs/parmetis-32-4.0.3/lib]
  collapse library dir [/cm/shared/ex3-modules/202309a/huaq/pkgs/metis-32-5.1.0/lib] ==> [/cm/shared/ex3-modules/202309a/huaq/pkgs/metis-32-5.1.0/lib]
  collapse library dir [/cm/shared/ex3-modules/202309a/huaq/pkgs/openblas-0.3.21/lib] ==> [/cm/shared/ex3-modules/202309a/huaq/pkgs/openblas-0.3.21/lib]
  collapse library dir [/cm/shared/ex3-modules/202309a/huaq/pkgs/boost-1.73.0/lib] ==> [/cm/shared/ex3-modules/202309a/huaq/pkgs/boost-1.73.0/lib]
  collapse library dir [/cm/shared/ex3-modules/202309a/huaq/pkgs/openmpi-4.1.4/lib] ==> [/cm/shared/ex3-modules/202309a/huaq/pkgs/openmpi-4.1.4/lib]
  collapse library dir [/cm/shared/ex3-modules/202309a/huaq/pkgs/util-linux-2.34/lib] ==> [/cm/shared/ex3-modules/202309a/huaq/pkgs/util-linux-2.34/lib]
  collapse library dir [/cm/shared/ex3-modules/202309a/huaq/pkgs/libfabric-1.17.0/lib] ==> [/cm/shared/ex3-modules/202309a/huaq/pkgs/libfabric-1.17.0/lib]
  collapse library dir [/cm/shared/ex3-modules/202309a/huaq/pkgs/ucx-1.12.1/lib] ==> [/cm/shared/ex3-modules/202309a/huaq/pkgs/ucx-1.12.1/lib]
  collapse library dir [/cm/shared/ex3-modules/202309a/huaq/pkgs/rdma-core-44.0/lib] ==> [/cm/shared/ex3-modules/202309a/huaq/pkgs/rdma-core-44.0/lib]
  collapse library dir [/cm/shared/ex3-modules/202309a/huaq/pkgs/libnl-3.2.25/lib] ==> [/cm/shared/ex3-modules/202309a/huaq/pkgs/libnl-3.2.25/lib]
  collapse library dir [/cm/shared/ex3-modules/202309a/huaq/pkgs/numactl-2.0.13/lib] ==> [/cm/shared/ex3-modules/202309a/huaq/pkgs/numactl-2.0.13/lib]
  collapse library dir [/cm/shared/ex3-modules/202309a/huaq/pkgs/libevent-2.1.12-stable/lib] ==> [/cm/shared/ex3-modules/202309a/huaq/pkgs/libevent-2.1.12-stable/lib]
  collapse library dir [/cm/shared/ex3-modules/202309a/huaq/pkgs/knem-1.1.4/lib] ==> [/cm/shared/ex3-modules/202309a/huaq/pkgs/knem-1.1.4/lib]
  collapse library dir [/cm/shared/ex3-modules/202309a/huaq/pkgs/hwloc-2.7.1/lib] ==> [/cm/shared/ex3-modules/202309a/huaq/pkgs/hwloc-2.7.1/lib]
  collapse library dir [/cm/shared/ex3-modules/202309a/huaq/pkgs/libxml2-2.9.12/lib] ==> [/cm/shared/ex3-modules/202309a/huaq/pkgs/libxml2-2.9.12/lib]
  collapse library dir [/cm/shared/ex3-modules/202309a/huaq/pkgs/xz-5.2.7/lib] ==> [/cm/shared/ex3-modules/202309a/huaq/pkgs/xz-5.2.7/lib]
  collapse library dir [/cm/shared/apps/slurm/current/lib64/slurm] ==> [/cm/shared/apps/slurm/current/lib64/slurm]
  collapse library dir [/cm/shared/apps/slurm/current/lib64] ==> [/cm/shared/apps/slurm/current/lib64]
  collapse library dir [/usr/lib/gcc/aarch64-linux-gnu/11/../../..] ==> [/usr/lib]
  implicit libs: [stdc++;m;gcc_s;gcc;c;gcc_s;gcc]
  implicit objs: [/usr/lib/aarch64-linux-gnu/Scrt1.o;/usr/lib/aarch64-linux-gnu/crti.o;/usr/lib/gcc/aarch64-linux-gnu/11/crtbeginS.o;/usr/lib/gcc/aarch64-linux-gnu/11/crtendS.o;/usr/lib/aarch64-linux-gnu/crtn.o]
  implicit dirs: [/home/andreast/modules/arm/apps/flow/202309a/rpp-amgcpr-ghost-last/lib;/home/andreast/modules/arm/apps/zoltan/202309a/12.16/lib;/home/andreast/modules/arm/apps/dune/202309a/mod-2.7.1/lib;/cm/shared/ex3-modules/202309a/huaq/pkgs/suitesparse-32-5.12.0/lib;/cm/shared/ex3-modules/202309a/huaq/pkgs/mpfr-4.0.2/lib;/cm/shared/ex3-modules/202309a/huaq/pkgs/gmp-6.3.0/lib;/cm/shared/ex3-modules/202309a/huaq/pkgs/parmetis-32-4.0.3/lib;/cm/shared/ex3-modules/202309a/huaq/pkgs/metis-32-5.1.0/lib;/cm/shared/ex3-modules/202309a/huaq/pkgs/openblas-0.3.21/lib;/cm/shared/ex3-modules/202309a/huaq/pkgs/boost-1.73.0/lib;/cm/shared/ex3-modules/202309a/huaq/pkgs/openmpi-4.1.4/lib;/cm/shared/ex3-modules/202309a/huaq/pkgs/util-linux-2.34/lib;/cm/shared/ex3-modules/202309a/huaq/pkgs/libfabric-1.17.0/lib;/cm/shared/ex3-modules/202309a/huaq/pkgs/ucx-1.12.1/lib;/cm/shared/ex3-modules/202309a/huaq/pkgs/rdma-core-44.0/lib;/cm/shared/ex3-modules/202309a/huaq/pkgs/libnl-3.2.25/lib;/cm/shared/ex3-modules/202309a/huaq/pkgs/numactl-2.0.13/lib;/cm/shared/ex3-modules/202309a/huaq/pkgs/libevent-2.1.12-stable/lib;/cm/shared/ex3-modules/202309a/huaq/pkgs/knem-1.1.4/lib;/cm/shared/ex3-modules/202309a/huaq/pkgs/hwloc-2.7.1/lib;/cm/shared/ex3-modules/202309a/huaq/pkgs/libxml2-2.9.12/lib;/cm/shared/ex3-modules/202309a/huaq/pkgs/xz-5.2.7/lib;/usr/lib/gcc/aarch64-linux-gnu/11;/usr/lib/aarch64-linux-gnu;/usr/lib;/lib/aarch64-linux-gnu;/lib;/cm/shared/apps/slurm/current/lib64/slurm;/cm/shared/apps/slurm/current/lib64]
  implicit fwks: []


Compiling the C compiler identification source file "CMakeCCompilerId.c" succeeded.
Compiler: /usr/bin/cc 
Build flags: 
Id flags:  

The output was:
0


Compilation of the C compiler identification source "CMakeCCompilerId.c" produced "a.out"

The C compiler identification is GNU, found in "/home/erikhs/MatrixProblems/build_aarch64/CMakeFiles/3.22.3/CompilerIdC/a.out"

Detecting C compiler ABI info compiled with the following output:
Change Dir: /home/erikhs/MatrixProblems/build_aarch64/CMakeFiles/CMakeTmp

Run Build Command(s):/usr/bin/gmake -f Makefile cmTC_fc00d/fast && /usr/bin/gmake  -f CMakeFiles/cmTC_fc00d.dir/build.make CMakeFiles/cmTC_fc00d.dir/build
gmake[1]: Entering directory '/home/erikhs/MatrixProblems/build_aarch64/CMakeFiles/CMakeTmp'
Building C object CMakeFiles/cmTC_fc00d.dir/CMakeCCompilerABI.c.o
/usr/bin/cc   -v -o CMakeFiles/cmTC_fc00d.dir/CMakeCCompilerABI.c.o -c /cm/shared/ex3-modules/202309a/huaq/pkgs/cmake-3.22.3/share/cmake-3.22/Modules/CMakeCCompilerABI.c
Using built-in specs.
COLLECT_GCC=/usr/bin/cc
Target: aarch64-linux-gnu
Configured with: ../src/configure -v --with-pkgversion='Ubuntu 11.4.0-1ubuntu1~22.04' --with-bugurl=file:///usr/share/doc/gcc-11/README.Bugs --enable-languages=c,ada,c++,go,d,fortran,objc,obj-c++,m2 --prefix=/usr --with-gcc-major-version-only --program-suffix=-11 --program-prefix=aarch64-linux-gnu- --enable-shared --enable-linker-build-id --libexecdir=/usr/lib --without-included-gettext --enable-threads=posix --libdir=/usr/lib --enable-nls --enable-bootstrap --enable-clocale=gnu --enable-libstdcxx-debug --enable-libstdcxx-time=yes --with-default-libstdcxx-abi=new --enable-gnu-unique-object --disable-libquadmath --disable-libquadmath-support --enable-plugin --enable-default-pie --with-system-zlib --enable-libphobos-checking=release --with-target-system-zlib=auto --enable-objc-gc=auto --enable-multiarch --enable-fix-cortex-a53-843419 --disable-werror --enable-checking=release --build=aarch64-linux-gnu --host=aarch64-linux-gnu --target=aarch64-linux-gnu --with-build-config=bootstrap-lto-lean --enable-link-serialization=2
Thread model: posix
Supported LTO compression algorithms: zlib zstd
gcc version 11.4.0 (Ubuntu 11.4.0-1ubuntu1~22.04) 
COLLECT_GCC_OPTIONS='-v' '-o' 'CMakeFiles/cmTC_fc00d.dir/CMakeCCompilerABI.c.o' '-c' '-mlittle-endian' '-mabi=lp64' '-dumpdir' 'CMakeFiles/cmTC_fc00d.dir/'
 /usr/lib/gcc/aarch64-linux-gnu/11/cc1 -quiet -v -imultiarch aarch64-linux-gnu /cm/shared/ex3-modules/202309a/huaq/pkgs/cmake-3.22.3/share/cmake-3.22/Modules/CMakeCCompilerABI.c -quiet -dumpdir CMakeFiles/cmTC_fc00d.dir/ -dumpbase CMakeCCompilerABI.c.c -dumpbase-ext .c -mlittle-endian -mabi=lp64 -version -fasynchronous-unwind-tables -fstack-protector-strong -Wformat -Wformat-security -fstack-clash-protection -o /tmp/ccwvdMy1.s
GNU C17 (Ubuntu 11.4.0-1ubuntu1~22.04) version 11.4.0 (aarch64-linux-gnu)
	compiled by GNU C version 11.4.0, GMP version 6.2.1, MPFR version 4.1.0, MPC version 1.2.1, isl version isl-0.24-GMP

warning: GMP header version 6.2.1 differs from library version 6.3.0.
warning: MPFR header version 4.1.0 differs from library version 4.0.2.
GGC heuristics: --param ggc-min-expand=100 --param ggc-min-heapsize=131072
ignoring nonexistent directory "/usr/local/include/aarch64-linux-gnu"
ignoring nonexistent directory "/usr/lib/gcc/aarch64-linux-gnu/11/include-fixed"
ignoring nonexistent directory "/usr/lib/gcc/aarch64-linux-gnu/11/../../../../aarch64-linux-gnu/include"
#include "..." search starts here:
#include <...> search starts here:
 /cm/shared/apps/slurm/current/include
 /home/andreast/modules/arm/apps/flow/202309a/rpp-amgcpr-ghost-last/include
 /home/andreast/modules/arm/apps/zoltan/202309a/12.16/include
 /home/andreast/modules/arm/apps/dune/202309a/mod-2.7.1/include
 /cm/shared/ex3-modules/202309a/huaq/pkgs/suitesparse-32-5.12.0/include
 /cm/shared/ex3-modules/202309a/huaq/pkgs/mpfr-4.0.2/include
 /cm/shared/ex3-modules/202309a/huaq/pkgs/gmp-6.3.0/include
 /cm/shared/ex3-modules/202309a/huaq/pkgs/parmetis-32-4.0.3/include
 /cm/shared/ex3-modules/202309a/huaq/pkgs/metis-32-5.1.0/include
 /cm/shared/ex3-modules/202309a/huaq/pkgs/openblas-0.3.21/include
 /cm/shared/ex3-modules/202309a/huaq/pkgs/boost-1.73.0/include
 /cm/shared/ex3-modules/202309a/huaq/pkgs/openmpi-4.1.4/include
 /cm/shared/ex3-modules/202309a/huaq/pkgs/util-linux-2.34/include
 /cm/shared/ex3-modules/202309a/huaq/pkgs/libfabric-1.17.0/include
 /cm/shared/ex3-modules/202309a/huaq/pkgs/ucx-1.12.1/include
 /cm/shared/ex3-modules/202309a/huaq/pkgs/rdma-core-44.0/include
 /cm/shared/ex3-modules/202309a/huaq/pkgs/libnl-3.2.25/include/libnl3
 /cm/shared/ex3-modules/202309a/huaq/pkgs/numactl-2.0.13/include
 /cm/shared/ex3-modules/202309a/huaq/pkgs/libevent-2.1.12-stable/include
 /cm/shared/ex3-modules/202309a/huaq/pkgs/knem-1.1.4/include
 /cm/shared/ex3-modules/202309a/huaq/pkgs/hwloc-2.7.1/include
 /cm/shared/ex3-modules/202309a/huaq/pkgs/libxml2-2.9.12/include
 /cm/shared/ex3-modules/202309a/huaq/pkgs/xz-5.2.7/include
 /usr/lib/gcc/aarch64-linux-gnu/11/include
 /usr/local/include
 /usr/include/aarch64-linux-gnu
 /usr/include
End of search list.
GNU C17 (Ubuntu 11.4.0-1ubuntu1~22.04) version 11.4.0 (aarch64-linux-gnu)
	compiled by GNU C version 11.4.0, GMP version 6.2.1, MPFR version 4.1.0, MPC version 1.2.1, isl version isl-0.24-GMP

warning: GMP header version 6.2.1 differs from library version 6.3.0.
warning: MPFR header version 4.1.0 differs from library version 4.0.2.
GGC heuristics: --param ggc-min-expand=100 --param ggc-min-heapsize=131072
Compiler executable checksum: 52ed857e9cd110e5efaa797811afcfbb
COLLECT_GCC_OPTIONS='-v' '-o' 'CMakeFiles/cmTC_fc00d.dir/CMakeCCompilerABI.c.o' '-c' '-mlittle-endian' '-mabi=lp64' '-dumpdir' 'CMakeFiles/cmTC_fc00d.dir/'
 as -v -EL -mabi=lp64 -o CMakeFiles/cmTC_fc00d.dir/CMakeCCompilerABI.c.o /tmp/ccwvdMy1.s
GNU assembler version 2.38 (aarch64-linux-gnu) using BFD version (GNU Binutils for Ubuntu) 2.38
COMPILER_PATH=/usr/lib/gcc/aarch64-linux-gnu/11/:/usr/lib/gcc/aarch64-linux-gnu/11/:/usr/lib/gcc/aarch64-linux-gnu/:/usr/lib/gcc/aarch64-linux-gnu/11/:/usr/lib/gcc/aarch64-linux-gnu/
LIBRARY_PATH=/home/andreast/modules/arm/apps/flow/202309a/rpp-amgcpr-ghost-last/lib/../lib/:/home/andreast/modules/arm/apps/zoltan/202309a/12.16/lib/../lib/:/home/andreast/modules/arm/apps/dune/202309a/mod-2.7.1/lib/../lib/:/cm/shared/ex3-modules/202309a/huaq/pkgs/suitesparse-32-5.12.0/lib/../lib/:/cm/shared/ex3-modules/202309a/huaq/pkgs/mpfr-4.0.2/lib/../lib/:/cm/shared/ex3-modules/202309a/huaq/pkgs/gmp-6.3.0/lib/../lib/:/cm/shared/ex3-modules/202309a/huaq/pkgs/parmetis-32-4.0.3/lib/../lib/:/cm/shared/ex3-modules/202309a/huaq/pkgs/metis-32-5.1.0/lib/../lib/:/cm/shared/ex3-modules/202309a/huaq/pkgs/openblas-0.3.21/lib/../lib/:/cm/shared/ex3-modules/202309a/huaq/pkgs/boost-1.73.0/lib/../lib/:/cm/shared/ex3-modules/202309a/huaq/pkgs/openmpi-4.1.4/lib/../lib/:/cm/shared/ex3-modules/202309a/huaq/pkgs/util-linux-2.34/lib/../lib/:/cm/shared/ex3-modules/202309a/huaq/pkgs/libfabric-1.17.0/lib/../lib/:/cm/shared/ex3-modules/202309a/huaq/pkgs/ucx-1.12.1/lib/../lib/:/cm/shared/ex3-modules/202309a/huaq/pkgs/rdma-core-44.0/lib/../lib/:/cm/shared/ex3-modules/202309a/huaq/pkgs/libnl-3.2.25/lib/../lib/:/cm/shared/ex3-modules/202309a/huaq/pkgs/numactl-2.0.13/lib/../lib/:/cm/shared/ex3-modules/202309a/huaq/pkgs/libevent-2.1.12-stable/lib/../lib/:/cm/shared/ex3-modules/202309a/huaq/pkgs/knem-1.1.4/lib/../lib/:/cm/shared/ex3-modules/202309a/huaq/pkgs/hwloc-2.7.1/lib/../lib/:/cm/shared/ex3-modules/202309a/huaq/pkgs/libxml2-2.9.12/lib/../lib/:/cm/shared/ex3-modules/202309a/huaq/pkgs/xz-5.2.7/lib/../lib/:/usr/lib/gcc/aarch64-linux-gnu/11/:/usr/lib/gcc/aarch64-linux-gnu/11/../../../aarch64-linux-gnu/:/usr/lib/gcc/aarch64-linux-gnu/11/../../../../lib/:/lib/aarch64-linux-gnu/:/lib/../lib/:/usr/lib/aarch64-linux-gnu/:/usr/lib/../lib/:/home/andreast/modules/arm/apps/flow/202309a/rpp-amgcpr-ghost-last/lib/:/home/andreast/modules/arm/apps/zoltan/202309a/12.16/lib/:/home/andreast/modules/arm/apps/dune/202309a/mod-2.7.1/lib/:/cm/shared/ex3-modules/202309a/huaq/pkgs/suitesparse-32-5.12.0/lib/:/cm/shared/ex3-modules/202309a/huaq/pkgs/mpfr-4.0.2/lib/:/cm/shared/ex3-modules/202309a/huaq/pkgs/gmp-6.3.0/lib/:/cm/shared/ex3-modules/202309a/huaq/pkgs/parmetis-32-4.0.3/lib/:/cm/shared/ex3-modules/202309a/huaq/pkgs/metis-32-5.1.0/lib/:/cm/shared/ex3-modules/202309a/huaq/pkgs/openblas-0.3.21/lib/:/cm/shared/ex3-modules/202309a/huaq/pkgs/boost-1.73.0/lib/:/cm/shared/ex3-modules/202309a/huaq/pkgs/openmpi-4.1.4/lib/:/cm/shared/ex3-modules/202309a/huaq/pkgs/util-linux-2.34/lib/:/cm/shared/ex3-modules/202309a/huaq/pkgs/libfabric-1.17.0/lib/:/cm/shared/ex3-modules/202309a/huaq/pkgs/ucx-1.12.1/lib/:/cm/shared/ex3-modules/202309a/huaq/pkgs/rdma-core-44.0/lib/:/cm/shared/ex3-modules/202309a/huaq/pkgs/libnl-3.2.25/lib/:/cm/shared/ex3-modules/202309a/huaq/pkgs/numactl-2.0.13/lib/:/cm/shared/ex3-modules/202309a/huaq/pkgs/libevent-2.1.12-stable/lib/:/cm/shared/ex3-modules/202309a/huaq/pkgs/knem-1.1.4/lib/:/cm/shared/ex3-modules/202309a/huaq/pkgs/hwloc-2.7.1/lib/:/cm/shared/ex3-modules/202309a/huaq/pkgs/libxml2-2.9.12/lib/:/cm/shared/ex3-modules/202309a/huaq/pkgs/xz-5.2.7/lib/:/cm/shared/apps/slurm/current/lib64/slurm/:/cm/shared/apps/slurm/current/lib64/:/usr/lib/gcc/aarch64-linux-gnu/11/../../../:/lib/:/usr/lib/
COLLECT_GCC_OPTIONS='-v' '-o' 'CMakeFiles/cmTC_fc00d.dir/CMakeCCompilerABI.c.o' '-c' '-mlittle-endian' '-mabi=lp64' '-dumpdir' 'CMakeFiles/cmTC_fc00d.dir/CMakeCCompilerABI.c.'
Linking C executable cmTC_fc00d
/cm/shared/ex3-modules/202309a/huaq/pkgs/cmake-3.22.3/bin/cmake -E cmake_link_script CMakeFiles/cmTC_fc00d.dir/link.txt --verbose=1
/usr/bin/cc  -v -rdynamic CMakeFiles/cmTC_fc00d.dir/CMakeCCompilerABI.c.o -o cmTC_fc00d 
Using built-in specs.
COLLECT_GCC=/usr/bin/cc
COLLECT_LTO_WRAPPER=/usr/lib/gcc/aarch64-linux-gnu/11/lto-wrapper
Target: aarch64-linux-gnu
Configured with: ../src/configure -v --with-pkgversion='Ubuntu 11.4.0-1ubuntu1~22.04' --with-bugurl=file:///usr/share/doc/gcc-11/README.Bugs --enable-languages=c,ada,c++,go,d,fortran,objc,obj-c++,m2 --prefix=/usr --with-gcc-major-version-only --program-suffix=-11 --program-prefix=aarch64-linux-gnu- --enable-shared --enable-linker-build-id --libexecdir=/usr/lib --without-included-gettext --enable-threads=posix --libdir=/usr/lib --enable-nls --enable-bootstrap --enable-clocale=gnu --enable-libstdcxx-debug --enable-libstdcxx-time=yes --with-default-libstdcxx-abi=new --enable-gnu-unique-object --disable-libquadmath --disable-libquadmath-support --enable-plugin --enable-default-pie --with-system-zlib --enable-libphobos-checking=release --with-target-system-zlib=auto --enable-objc-gc=auto --enable-multiarch --enable-fix-cortex-a53-843419 --disable-werror --enable-checking=release --build=aarch64-linux-gnu --host=aarch64-linux-gnu --target=aarch64-linux-gnu --with-build-config=bootstrap-lto-lean --enable-link-serialization=2
Thread model: posix
Supported LTO compression algorithms: zlib zstd
gcc version 11.4.0 (Ubuntu 11.4.0-1ubuntu1~22.04) 
COMPILER_PATH=/usr/lib/gcc/aarch64-linux-gnu/11/:/usr/lib/gcc/aarch64-linux-gnu/11/:/usr/lib/gcc/aarch64-linux-gnu/:/usr/lib/gcc/aarch64-linux-gnu/11/:/usr/lib/gcc/aarch64-linux-gnu/
LIBRARY_PATH=/home/andreast/modules/arm/apps/flow/202309a/rpp-amgcpr-ghost-last/lib/../lib/:/home/andreast/modules/arm/apps/zoltan/202309a/12.16/lib/../lib/:/home/andreast/modules/arm/apps/dune/202309a/mod-2.7.1/lib/../lib/:/cm/shared/ex3-modules/202309a/huaq/pkgs/suitesparse-32-5.12.0/lib/../lib/:/cm/shared/ex3-modules/202309a/huaq/pkgs/mpfr-4.0.2/lib/../lib/:/cm/shared/ex3-modules/202309a/huaq/pkgs/gmp-6.3.0/lib/../lib/:/cm/shared/ex3-modules/202309a/huaq/pkgs/parmetis-32-4.0.3/lib/../lib/:/cm/shared/ex3-modules/202309a/huaq/pkgs/metis-32-5.1.0/lib/../lib/:/cm/shared/ex3-modules/202309a/huaq/pkgs/openblas-0.3.21/lib/../lib/:/cm/shared/ex3-modules/202309a/huaq/pkgs/boost-1.73.0/lib/../lib/:/cm/shared/ex3-modules/202309a/huaq/pkgs/openmpi-4.1.4/lib/../lib/:/cm/shared/ex3-modules/202309a/huaq/pkgs/util-linux-2.34/lib/../lib/:/cm/shared/ex3-modules/202309a/huaq/pkgs/libfabric-1.17.0/lib/../lib/:/cm/shared/ex3-modules/202309a/huaq/pkgs/ucx-1.12.1/lib/../lib/:/cm/shared/ex3-modules/202309a/huaq/pkgs/rdma-core-44.0/lib/../lib/:/cm/shared/ex3-modules/202309a/huaq/pkgs/libnl-3.2.25/lib/../lib/:/cm/shared/ex3-modules/202309a/huaq/pkgs/numactl-2.0.13/lib/../lib/:/cm/shared/ex3-modules/202309a/huaq/pkgs/libevent-2.1.12-stable/lib/../lib/:/cm/shared/ex3-modules/202309a/huaq/pkgs/knem-1.1.4/lib/../lib/:/cm/shared/ex3-modules/202309a/huaq/pkgs/hwloc-2.7.1/lib/../lib/:/cm/shared/ex3-modules/202309a/huaq/pkgs/libxml2-2.9.12/lib/../lib/:/cm/shared/ex3-modules/202309a/huaq/pkgs/xz-5.2.7/lib/../lib/:/usr/lib/gcc/aarch64-linux-gnu/11/:/usr/lib/gcc/aarch64-linux-gnu/11/../../../aarch64-linux-gnu/:/usr/lib/gcc/aarch64-linux-gnu/11/../../../../lib/:/lib/aarch64-linux-gnu/:/lib/../lib/:/usr/lib/aarch64-linux-gnu/:/usr/lib/../lib/:/home/andreast/modules/arm/apps/flow/202309a/rpp-amgcpr-ghost-last/lib/:/home/andreast/modules/arm/apps/zoltan/202309a/12.16/lib/:/home/andreast/modules/arm/apps/dune/202309a/mod-2.7.1/lib/:/cm/shared/ex3-modules/202309a/huaq/pkgs/suitesparse-32-5.12.0/lib/:/cm/shared/ex3-modules/202309a/huaq/pkgs/mpfr-4.0.2/lib/:/cm/shared/ex3-modules/202309a/huaq/pkgs/gmp-6.3.0/lib/:/cm/shared/ex3-modules/202309a/huaq/pkgs/parmetis-32-4.0.3/lib/:/cm/shared/ex3-modules/202309a/huaq/pkgs/metis-32-5.1.0/lib/:/cm/shared/ex3-modules/202309a/huaq/pkgs/openblas-0.3.21/lib/:/cm/shared/ex3-modules/202309a/huaq/pkgs/boost-1.73.0/lib/:/cm/shared/ex3-modules/202309a/huaq/pkgs/openmpi-4.1.4/lib/:/cm/shared/ex3-modules/202309a/huaq/pkgs/util-linux-2.34/lib/:/cm/shared/ex3-modules/202309a/huaq/pkgs/libfabric-1.17.0/lib/:/cm/shared/ex3-modules/202309a/huaq/pkgs/ucx-1.12.1/lib/:/cm/shared/ex3-modules/202309a/huaq/pkgs/rdma-core-44.0/lib/:/cm/shared/ex3-modules/202309a/huaq/pkgs/libnl-3.2.25/lib/:/cm/shared/ex3-modules/202309a/huaq/pkgs/numactl-2.0.13/lib/:/cm/shared/ex3-modules/202309a/huaq/pkgs/libevent-2.1.12-stable/lib/:/cm/shared/ex3-modules/202309a/huaq/pkgs/knem-1.1.4/lib/:/cm/shared/ex3-modules/202309a/huaq/pkgs/hwloc-2.7.1/lib/:/cm/shared/ex3-modules/202309a/huaq/pkgs/libxml2-2.9.12/lib/:/cm/shared/ex3-modules/202309a/huaq/pkgs/xz-5.2.7/lib/:/cm/shared/apps/slurm/current/lib64/slurm/:/cm/shared/apps/slurm/current/lib64/:/usr/lib/gcc/aarch64-linux-gnu/11/../../../:/lib/:/usr/lib/
COLLECT_GCC_OPTIONS='-v' '-rdynamic' '-o' 'cmTC_fc00d' '-mlittle-endian' '-mabi=lp64' '-dumpdir' 'cmTC_fc00d.'
 /usr/lib/gcc/aarch64-linux-gnu/11/collect2 -plugin /usr/lib/gcc/aarch64-linux-gnu/11/liblto_plugin.so -plugin-opt=/usr/lib/gcc/aarch64-linux-gnu/11/lto-wrapper -plugin-opt=-fresolution=/tmp/ccmcwuU7.res -plugin-opt=-pass-through=-lgcc -plugin-opt=-pass-through=-lgcc_s -plugin-opt=-pass-through=-lc -plugin-opt=-pass-through=-lgcc -plugin-opt=-pass-through=-lgcc_s --build-id --eh-frame-hdr --hash-style=gnu --as-needed -export-dynamic -dynamic-linker /lib/ld-linux-aarch64.so.1 -X -EL -maarch64linux --fix-cortex-a53-843419 -pie -z now -z relro -o cmTC_fc00d /usr/lib/gcc/aarch64-linux-gnu/11/../../../aarch64-linux-gnu/Scrt1.o /usr/lib/gcc/aarch64-linux-gnu/11/../../../aarch64-linux-gnu/crti.o /usr/lib/gcc/aarch64-linux-gnu/11/crtbeginS.o -L/home/andreast/modules/arm/apps/flow/202309a/rpp-amgcpr-ghost-last/lib/../lib -L/home/andreast/modules/arm/apps/zoltan/202309a/12.16/lib/../lib -L/home/andreast/modules/arm/apps/dune/202309a/mod-2.7.1/lib/../lib -L/cm/shared/ex3-modules/202309a/huaq/pkgs/suitesparse-32-5.12.0/lib/../lib -L/cm/shared/ex3-modules/202309a/huaq/pkgs/mpfr-4.0.2/lib/../lib -L/cm/shared/ex3-modules/202309a/huaq/pkgs/gmp-6.3.0/lib/../lib -L/cm/shared/ex3-modules/202309a/huaq/pkgs/parmetis-32-4.0.3/lib/../lib -L/cm/shared/ex3-modules/202309a/huaq/pkgs/metis-32-5.1.0/lib/../lib -L/cm/shared/ex3-modules/202309a/huaq/pkgs/openblas-0.3.21/lib/../lib -L/cm/shared/ex3-modules/202309a/huaq/pkgs/boost-1.73.0/lib/../lib -L/cm/shared/ex3-modules/202309a/huaq/pkgs/openmpi-4.1.4/lib/../lib -L/cm/shared/ex3-modules/202309a/huaq/pkgs/util-linux-2.34/lib/../lib -L/cm/shared/ex3-modules/202309a/huaq/pkgs/libfabric-1.17.0/lib/../lib -L/cm/shared/ex3-modules/202309a/huaq/pkgs/ucx-1.12.1/lib/../lib -L/cm/shared/ex3-modules/202309a/huaq/pkgs/rdma-core-44.0/lib/../lib -L/cm/shared/ex3-modules/202309a/huaq/pkgs/libnl-3.2.25/lib/../lib -L/cm/shared/ex3-modules/202309a/huaq/pkgs/numactl-2.0.13/lib/../lib -L/cm/shared/ex3-modules/202309a/huaq/pkgs/libevent-2.1.12-stable/lib/../lib -L/cm/shared/ex3-modules/202309a/huaq/pkgs/knem-1.1.4/lib/../lib -L/cm/shared/ex3-modules/202309a/huaq/pkgs/hwloc-2.7.1/lib/../lib -L/cm/shared/ex3-modules/202309a/huaq/pkgs/libxml2-2.9.12/lib/../lib -L/cm/shared/ex3-modules/202309a/huaq/pkgs/xz-5.2.7/lib/../lib -L/usr/lib/gcc/aarch64-linux-gnu/11 -L/usr/lib/gcc/aarch64-linux-gnu/11/../../../aarch64-linux-gnu -L/usr/lib/gcc/aarch64-linux-gnu/11/../../../../lib -L/lib/aarch64-linux-gnu -L/lib/../lib -L/usr/lib/aarch64-linux-gnu -L/usr/lib/../lib -L/home/andreast/modules/arm/apps/flow/202309a/rpp-amgcpr-ghost-last/lib -L/home/andreast/modules/arm/apps/zoltan/202309a/12.16/lib -L/home/andreast/modules/arm/apps/dune/202309a/mod-2.7.1/lib -L/cm/shared/ex3-modules/202309a/huaq/pkgs/suitesparse-32-5.12.0/lib -L/cm/shared/ex3-modules/202309a/huaq/pkgs/mpfr-4.0.2/lib -L/cm/shared/ex3-modules/202309a/huaq/pkgs/gmp-6.3.0/lib -L/cm/shared/ex3-modules/202309a/huaq/pkgs/parmetis-32-4.0.3/lib -L/cm/shared/ex3-modules/202309a/huaq/pkgs/metis-32-5.1.0/lib -L/cm/shared/ex3-modules/202309a/huaq/pkgs/openblas-0.3.21/lib -L/cm/shared/ex3-modules/202309a/huaq/pkgs/boost-1.73.0/lib -L/cm/shared/ex3-modules/202309a/huaq/pkgs/openmpi-4.1.4/lib -L/cm/shared/ex3-modules/202309a/huaq/pkgs/util-linux-2.34/lib -L/cm/shared/ex3-modules/202309a/huaq/pkgs/libfabric-1.17.0/lib -L/cm/shared/ex3-modules/202309a/huaq/pkgs/ucx-1.12.1/lib -L/cm/shared/ex3-modules/202309a/huaq/pkgs/rdma-core-44.0/lib -L/cm/shared/ex3-modules/202309a/huaq/pkgs/libnl-3.2.25/lib -L/cm/shared/ex3-modules/202309a/huaq/pkgs/numactl-2.0.13/lib -L/cm/shared/ex3-modules/202309a/huaq/pkgs/libevent-2.1.12-stable/lib -L/cm/shared/ex3-modules/202309a/huaq/pkgs/knem-1.1.4/lib -L/cm/shared/ex3-modules/202309a/huaq/pkgs/hwloc-2.7.1/lib -L/cm/shared/ex3-modules/202309a/huaq/pkgs/libxml2-2.9.12/lib -L/cm/shared/ex3-modules/202309a/huaq/pkgs/xz-5.2.7/lib -L/cm/shared/apps/slurm/current/lib64/slurm -L/cm/shared/apps/slurm/current/lib64 -L/usr/lib/gcc/aarch64-linux-gnu/11/../../.. CMakeFiles/cmTC_fc00d.dir/CMakeCCompilerABI.c.o -lgcc --push-state --as-needed -lgcc_s --pop-state -lc -lgcc --push-state --as-needed -lgcc_s --pop-state /usr/lib/gcc/aarch64-linux-gnu/11/crtendS.o /usr/lib/gcc/aarch64-linux-gnu/11/../../../aarch64-linux-gnu/crtn.o
COLLECT_GCC_OPTIONS='-v' '-rdynamic' '-o' 'cmTC_fc00d' '-mlittle-endian' '-mabi=lp64' '-dumpdir' 'cmTC_fc00d.'
gmake[1]: Leaving directory '/home/erikhs/MatrixProblems/build_aarch64/CMakeFiles/CMakeTmp'



Parsed C implicit include dir info from above output: rv=done
  found start of include info
  found start of implicit include info
    add: [/cm/shared/apps/slurm/current/include]
    add: [/home/andreast/modules/arm/apps/flow/202309a/rpp-amgcpr-ghost-last/include]
    add: [/home/andreast/modules/arm/apps/zoltan/202309a/12.16/include]
    add: [/home/andreast/modules/arm/apps/dune/202309a/mod-2.7.1/include]
    add: [/cm/shared/ex3-modules/202309a/huaq/pkgs/suitesparse-32-5.12.0/include]
    add: [/cm/shared/ex3-modules/202309a/huaq/pkgs/mpfr-4.0.2/include]
    add: [/cm/shared/ex3-modules/202309a/huaq/pkgs/gmp-6.3.0/include]
    add: [/cm/shared/ex3-modules/202309a/huaq/pkgs/parmetis-32-4.0.3/include]
    add: [/cm/shared/ex3-modules/202309a/huaq/pkgs/metis-32-5.1.0/include]
    add: [/cm/shared/ex3-modules/202309a/huaq/pkgs/openblas-0.3.21/include]
    add: [/cm/shared/ex3-modules/202309a/huaq/pkgs/boost-1.73.0/include]
    add: [/cm/shared/ex3-modules/202309a/huaq/pkgs/openmpi-4.1.4/include]
    add: [/cm/shared/ex3-modules/202309a/huaq/pkgs/util-linux-2.34/include]
    add: [/cm/shared/ex3-modules/202309a/huaq/pkgs/libfabric-1.17.0/include]
    add: [/cm/shared/ex3-modules/202309a/huaq/pkgs/ucx-1.12.1/include]
    add: [/cm/shared/ex3-modules/202309a/huaq/pkgs/rdma-core-44.0/include]
    add: [/cm/shared/ex3-modules/202309a/huaq/pkgs/libnl-3.2.25/include/libnl3]
    add: [/cm/shared/ex3-modules/202309a/huaq/pkgs/numactl-2.0.13/include]
    add: [/cm/shared/ex3-modules/202309a/huaq/pkgs/libevent-2.1.12-stable/include]
    add: [/cm/shared/ex3-modules/202309a/huaq/pkgs/knem-1.1.4/include]
    add: [/cm/shared/ex3-modules/202309a/huaq/pkgs/hwloc-2.7.1/include]
    add: [/cm/shared/ex3-modules/202309a/huaq/pkgs/libxml2-2.9.12/include]
    add: [/cm/shared/ex3-modules/202309a/huaq/pkgs/xz-5.2.7/include]
    add: [/usr/lib/gcc/aarch64-linux-gnu/11/include]
    add: [/usr/local/include]
    add: [/usr/include/aarch64-linux-gnu]
    add: [/usr/include]
  end of search list found
  collapse include dir [/cm/shared/apps/slurm/current/include] ==> [/cm/shared/apps/slurm/current/include]
  collapse include dir [/home/andreast/modules/arm/apps/flow/202309a/rpp-amgcpr-ghost-last/include] ==> [/home/andreast/modules/arm/apps/flow/202309a/rpp-amgcpr-ghost-last/include]
  collapse include dir [/home/andreast/modules/arm/apps/zoltan/202309a/12.16/include] ==> [/home/andreast/modules/arm/apps/zoltan/202309a/12.16/include]
  collapse include dir [/home/andreast/modules/arm/apps/dune/202309a/mod-2.7.1/include] ==> [/home/andreast/modules/arm/apps/dune/202309a/mod-2.7.1/include]
  collapse include dir [/cm/shared/ex3-modules/202309a/huaq/pkgs/suitesparse-32-5.12.0/include] ==> [/cm/shared/ex3-modules/202309a/huaq/pkgs/suitesparse-32-5.12.0/include]
  collapse include dir [/cm/shared/ex3-modules/202309a/huaq/pkgs/mpfr-4.0.2/include] ==> [/cm/shared/ex3-modules/202309a/huaq/pkgs/mpfr-4.0.2/include]
  collapse include dir [/cm/shared/ex3-modules/202309a/huaq/pkgs/gmp-6.3.0/include] ==> [/cm/shared/ex3-modules/202309a/huaq/pkgs/gmp-6.3.0/include]
  collapse include dir [/cm/shared/ex3-modules/202309a/huaq/pkgs/parmetis-32-4.0.3/include] ==> [/cm/shared/ex3-modules/202309a/huaq/pkgs/parmetis-32-4.0.3/include]
  collapse include dir [/cm/shared/ex3-modules/202309a/huaq/pkgs/metis-32-5.1.0/include] ==> [/cm/shared/ex3-modules/202309a/huaq/pkgs/metis-32-5.1.0/include]
  collapse include dir [/cm/shared/ex3-modules/202309a/huaq/pkgs/openblas-0.3.21/include] ==> [/cm/shared/ex3-modules/202309a/huaq/pkgs/openblas-0.3.21/include]
  collapse include dir [/cm/shared/ex3-modules/202309a/huaq/pkgs/boost-1.73.0/include] ==> [/cm/shared/ex3-modules/202309a/huaq/pkgs/boost-1.73.0/include]
  collapse include dir [/cm/shared/ex3-modules/202309a/huaq/pkgs/openmpi-4.1.4/include] ==> [/cm/shared/ex3-modules/202309a/huaq/pkgs/openmpi-4.1.4/include]
  collapse include dir [/cm/shared/ex3-modules/202309a/huaq/pkgs/util-linux-2.34/include] ==> [/cm/shared/ex3-modules/202309a/huaq/pkgs/util-linux-2.34/include]
  collapse include dir [/cm/shared/ex3-modules/202309a/huaq/pkgs/libfabric-1.17.0/include] ==> [/cm/shared/ex3-modules/202309a/huaq/pkgs/libfabric-1.17.0/include]
  collapse include dir [/cm/shared/ex3-modules/202309a/huaq/pkgs/ucx-1.12.1/include] ==> [/cm/shared/ex3-modules/202309a/huaq/pkgs/ucx-1.12.1/include]
  collapse include dir [/cm/shared/ex3-modules/202309a/huaq/pkgs/rdma-core-44.0/include] ==> [/cm/shared/ex3-modules/202309a/huaq/pkgs/rdma-core-44.0/include]
  collapse include dir [/cm/shared/ex3-modules/202309a/huaq/pkgs/libnl-3.2.25/include/libnl3] ==> [/cm/shared/ex3-modules/202309a/huaq/pkgs/libnl-3.2.25/include/libnl3]
  collapse include dir [/cm/shared/ex3-modules/202309a/huaq/pkgs/numactl-2.0.13/include] ==> [/cm/shared/ex3-modules/202309a/huaq/pkgs/numactl-2.0.13/include]
  collapse include dir [/cm/shared/ex3-modules/202309a/huaq/pkgs/libevent-2.1.12-stable/include] ==> [/cm/shared/ex3-modules/202309a/huaq/pkgs/libevent-2.1.12-stable/include]
  collapse include dir [/cm/shared/ex3-modules/202309a/huaq/pkgs/knem-1.1.4/include] ==> [/cm/shared/ex3-modules/202309a/huaq/pkgs/knem-1.1.4/include]
  collapse include dir [/cm/shared/ex3-modules/202309a/huaq/pkgs/hwloc-2.7.1/include] ==> [/cm/shared/ex3-modules/202309a/huaq/pkgs/hwloc-2.7.1/include]
  collapse include dir [/cm/shared/ex3-modules/202309a/huaq/pkgs/libxml2-2.9.12/include] ==> [/cm/shared/ex3-modules/202309a/huaq/pkgs/libxml2-2.9.12/include]
  collapse include dir [/cm/shared/ex3-modules/202309a/huaq/pkgs/xz-5.2.7/include] ==> [/cm/shared/ex3-modules/202309a/huaq/pkgs/xz-5.2.7/include]
  collapse include dir [/usr/lib/gcc/aarch64-linux-gnu/11/include] ==> [/usr/lib/gcc/aarch64-linux-gnu/11/include]
  collapse include dir [/usr/local/include] ==> [/usr/local/include]
  collapse include dir [/usr/include/aarch64-linux-gnu] ==> [/usr/include/aarch64-linux-gnu]
  collapse include dir [/usr/include] ==> [/usr/include]
  implicit include dirs: [/cm/shared/apps/slurm/current/include;/home/andreast/modules/arm/apps/flow/202309a/rpp-amgcpr-ghost-last/include;/home/andreast/modules/arm/apps/zoltan/202309a/12.16/include;/home/andreast/modules/arm/apps/dune/202309a/mod-2.7.1/include;/cm/shared/ex3-modules/202309a/huaq/pkgs/suitesparse-32-5.12.0/include;/cm/shared/ex3-modules/202309a/huaq/pkgs/mpfr-4.0.2/include;/cm/shared/ex3-modules/202309a/huaq/pkgs/gmp-6.3.0/include;/cm/shared/ex3-modules/202309a/huaq/pkgs/parmetis-32-4.0.3/include;/cm/shared/ex3-modules/202309a/huaq/pkgs/metis-32-5.1.0/include;/cm/shared/ex3-modules/202309a/huaq/pkgs/openblas-0.3.21/include;/cm/shared/ex3-modules/202309a/huaq/pkgs/boost-1.73.0/include;/cm/shared/ex3-modules/202309a/huaq/pkgs/openmpi-4.1.4/include;/cm/shared/ex3-modules/202309a/huaq/pkgs/util-linux-2.34/include;/cm/shared/ex3-modules/202309a/huaq/pkgs/libfabric-1.17.0/include;/cm/shared/ex3-modules/202309a/huaq/pkgs/ucx-1.12.1/include;/cm/shared/ex3-modules/202309a/huaq/pkgs/rdma-core-44.0/include;/cm/shared/ex3-modules/202309a/huaq/pkgs/libnl-3.2.25/include/libnl3;/cm/shared/ex3-modules/202309a/huaq/pkgs/numactl-2.0.13/include;/cm/shared/ex3-modules/202309a/huaq/pkgs/libevent-2.1.12-stable/include;/cm/shared/ex3-modules/202309a/huaq/pkgs/knem-1.1.4/include;/cm/shared/ex3-modules/202309a/huaq/pkgs/hwloc-2.7.1/include;/cm/shared/ex3-modules/202309a/huaq/pkgs/libxml2-2.9.12/include;/cm/shared/ex3-modules/202309a/huaq/pkgs/xz-5.2.7/include;/usr/lib/gcc/aarch64-linux-gnu/11/include;/usr/local/include;/usr/include/aarch64-linux-gnu;/usr/include]


Parsed C implicit link information from above output:
  link line regex: [^( *|.*[/\])(ld|CMAKE_LINK_STARTFILE-NOTFOUND|([^/\]+-)?ld|collect2)[^/\]*( |$)]
  ignore line: [Change Dir: /home/erikhs/MatrixProblems/build_aarch64/CMakeFiles/CMakeTmp]
  ignore line: []
  ignore line: [Run Build Command(s):/usr/bin/gmake -f Makefile cmTC_fc00d/fast && /usr/bin/gmake  -f CMakeFiles/cmTC_fc00d.dir/build.make CMakeFiles/cmTC_fc00d.dir/build]
  ignore line: [gmake[1]: Entering directory '/home/erikhs/MatrixProblems/build_aarch64/CMakeFiles/CMakeTmp']
  ignore line: [Building C object CMakeFiles/cmTC_fc00d.dir/CMakeCCompilerABI.c.o]
  ignore line: [/usr/bin/cc   -v -o CMakeFiles/cmTC_fc00d.dir/CMakeCCompilerABI.c.o -c /cm/shared/ex3-modules/202309a/huaq/pkgs/cmake-3.22.3/share/cmake-3.22/Modules/CMakeCCompilerABI.c]
  ignore line: [Using built-in specs.]
  ignore line: [COLLECT_GCC=/usr/bin/cc]
  ignore line: [Target: aarch64-linux-gnu]
  ignore line: [Configured with: ../src/configure -v --with-pkgversion='Ubuntu 11.4.0-1ubuntu1~22.04' --with-bugurl=file:///usr/share/doc/gcc-11/README.Bugs --enable-languages=c ada c++ go d fortran objc obj-c++ m2 --prefix=/usr --with-gcc-major-version-only --program-suffix=-11 --program-prefix=aarch64-linux-gnu- --enable-shared --enable-linker-build-id --libexecdir=/usr/lib --without-included-gettext --enable-threads=posix --libdir=/usr/lib --enable-nls --enable-bootstrap --enable-clocale=gnu --enable-libstdcxx-debug --enable-libstdcxx-time=yes --with-default-libstdcxx-abi=new --enable-gnu-unique-object --disable-libquadmath --disable-libquadmath-support --enable-plugin --enable-default-pie --with-system-zlib --enable-libphobos-checking=release --with-target-system-zlib=auto --enable-objc-gc=auto --enable-multiarch --enable-fix-cortex-a53-843419 --disable-werror --enable-checking=release --build=aarch64-linux-gnu --host=aarch64-linux-gnu --target=aarch64-linux-gnu --with-build-config=bootstrap-lto-lean --enable-link-serialization=2]
  ignore line: [Thread model: posix]
  ignore line: [Supported LTO compression algorithms: zlib zstd]
  ignore line: [gcc version 11.4.0 (Ubuntu 11.4.0-1ubuntu1~22.04) ]
  ignore line: [COLLECT_GCC_OPTIONS='-v' '-o' 'CMakeFiles/cmTC_fc00d.dir/CMakeCCompilerABI.c.o' '-c' '-mlittle-endian' '-mabi=lp64' '-dumpdir' 'CMakeFiles/cmTC_fc00d.dir/']
  ignore line: [ /usr/lib/gcc/aarch64-linux-gnu/11/cc1 -quiet -v -imultiarch aarch64-linux-gnu /cm/shared/ex3-modules/202309a/huaq/pkgs/cmake-3.22.3/share/cmake-3.22/Modules/CMakeCCompilerABI.c -quiet -dumpdir CMakeFiles/cmTC_fc00d.dir/ -dumpbase CMakeCCompilerABI.c.c -dumpbase-ext .c -mlittle-endian -mabi=lp64 -version -fasynchronous-unwind-tables -fstack-protector-strong -Wformat -Wformat-security -fstack-clash-protection -o /tmp/ccwvdMy1.s]
  ignore line: [GNU C17 (Ubuntu 11.4.0-1ubuntu1~22.04) version 11.4.0 (aarch64-linux-gnu)]
  ignore line: [	compiled by GNU C version 11.4.0  GMP version 6.2.1  MPFR version 4.1.0  MPC version 1.2.1  isl version isl-0.24-GMP]
  ignore line: []
  ignore line: [warning: GMP header version 6.2.1 differs from library version 6.3.0.]
  ignore line: [warning: MPFR header version 4.1.0 differs from library version 4.0.2.]
  ignore line: [GGC heuristics: --param ggc-min-expand=100 --param ggc-min-heapsize=131072]
  ignore line: [ignoring nonexistent directory "/usr/local/include/aarch64-linux-gnu"]
  ignore line: [ignoring nonexistent directory "/usr/lib/gcc/aarch64-linux-gnu/11/include-fixed"]
  ignore line: [ignoring nonexistent directory "/usr/lib/gcc/aarch64-linux-gnu/11/../../../../aarch64-linux-gnu/include"]
  ignore line: [#include "..." search starts here:]
  ignore line: [#include <...> search starts here:]
  ignore line: [ /cm/shared/apps/slurm/current/include]
  ignore line: [ /home/andreast/modules/arm/apps/flow/202309a/rpp-amgcpr-ghost-last/include]
  ignore line: [ /home/andreast/modules/arm/apps/zoltan/202309a/12.16/include]
  ignore line: [ /home/andreast/modules/arm/apps/dune/202309a/mod-2.7.1/include]
  ignore line: [ /cm/shared/ex3-modules/202309a/huaq/pkgs/suitesparse-32-5.12.0/include]
  ignore line: [ /cm/shared/ex3-modules/202309a/huaq/pkgs/mpfr-4.0.2/include]
  ignore line: [ /cm/shared/ex3-modules/202309a/huaq/pkgs/gmp-6.3.0/include]
  ignore line: [ /cm/shared/ex3-modules/202309a/huaq/pkgs/parmetis-32-4.0.3/include]
  ignore line: [ /cm/shared/ex3-modules/202309a/huaq/pkgs/metis-32-5.1.0/include]
  ignore line: [ /cm/shared/ex3-modules/202309a/huaq/pkgs/openblas-0.3.21/include]
  ignore line: [ /cm/shared/ex3-modules/202309a/huaq/pkgs/boost-1.73.0/include]
  ignore line: [ /cm/shared/ex3-modules/202309a/huaq/pkgs/openmpi-4.1.4/include]
  ignore line: [ /cm/shared/ex3-modules/202309a/huaq/pkgs/util-linux-2.34/include]
  ignore line: [ /cm/shared/ex3-modules/202309a/huaq/pkgs/libfabric-1.17.0/include]
  ignore line: [ /cm/shared/ex3-modules/202309a/huaq/pkgs/ucx-1.12.1/include]
  ignore line: [ /cm/shared/ex3-modules/202309a/huaq/pkgs/rdma-core-44.0/include]
  ignore line: [ /cm/shared/ex3-modules/202309a/huaq/pkgs/libnl-3.2.25/include/libnl3]
  ignore line: [ /cm/shared/ex3-modules/202309a/huaq/pkgs/numactl-2.0.13/include]
  ignore line: [ /cm/shared/ex3-modules/202309a/huaq/pkgs/libevent-2.1.12-stable/include]
  ignore line: [ /cm/shared/ex3-modules/202309a/huaq/pkgs/knem-1.1.4/include]
  ignore line: [ /cm/shared/ex3-modules/202309a/huaq/pkgs/hwloc-2.7.1/include]
  ignore line: [ /cm/shared/ex3-modules/202309a/huaq/pkgs/libxml2-2.9.12/include]
  ignore line: [ /cm/shared/ex3-modules/202309a/huaq/pkgs/xz-5.2.7/include]
  ignore line: [ /usr/lib/gcc/aarch64-linux-gnu/11/include]
  ignore line: [ /usr/local/include]
  ignore line: [ /usr/include/aarch64-linux-gnu]
  ignore line: [ /usr/include]
  ignore line: [End of search list.]
  ignore line: [GNU C17 (Ubuntu 11.4.0-1ubuntu1~22.04) version 11.4.0 (aarch64-linux-gnu)]
  ignore line: [	compiled by GNU C version 11.4.0  GMP version 6.2.1  MPFR version 4.1.0  MPC version 1.2.1  isl version isl-0.24-GMP]
  ignore line: []
  ignore line: [warning: GMP header version 6.2.1 differs from library version 6.3.0.]
  ignore line: [warning: MPFR header version 4.1.0 differs from library version 4.0.2.]
  ignore line: [GGC heuristics: --param ggc-min-expand=100 --param ggc-min-heapsize=131072]
  ignore line: [Compiler executable checksum: 52ed857e9cd110e5efaa797811afcfbb]
  ignore line: [COLLECT_GCC_OPTIONS='-v' '-o' 'CMakeFiles/cmTC_fc00d.dir/CMakeCCompilerABI.c.o' '-c' '-mlittle-endian' '-mabi=lp64' '-dumpdir' 'CMakeFiles/cmTC_fc00d.dir/']
  ignore line: [ as -v -EL -mabi=lp64 -o CMakeFiles/cmTC_fc00d.dir/CMakeCCompilerABI.c.o /tmp/ccwvdMy1.s]
  ignore line: [GNU assembler version 2.38 (aarch64-linux-gnu) using BFD version (GNU Binutils for Ubuntu) 2.38]
  ignore line: [COMPILER_PATH=/usr/lib/gcc/aarch64-linux-gnu/11/:/usr/lib/gcc/aarch64-linux-gnu/11/:/usr/lib/gcc/aarch64-linux-gnu/:/usr/lib/gcc/aarch64-linux-gnu/11/:/usr/lib/gcc/aarch64-linux-gnu/]
  ignore line: [LIBRARY_PATH=/home/andreast/modules/arm/apps/flow/202309a/rpp-amgcpr-ghost-last/lib/../lib/:/home/andreast/modules/arm/apps/zoltan/202309a/12.16/lib/../lib/:/home/andreast/modules/arm/apps/dune/202309a/mod-2.7.1/lib/../lib/:/cm/shared/ex3-modules/202309a/huaq/pkgs/suitesparse-32-5.12.0/lib/../lib/:/cm/shared/ex3-modules/202309a/huaq/pkgs/mpfr-4.0.2/lib/../lib/:/cm/shared/ex3-modules/202309a/huaq/pkgs/gmp-6.3.0/lib/../lib/:/cm/shared/ex3-modules/202309a/huaq/pkgs/parmetis-32-4.0.3/lib/../lib/:/cm/shared/ex3-modules/202309a/huaq/pkgs/metis-32-5.1.0/lib/../lib/:/cm/shared/ex3-modules/202309a/huaq/pkgs/openblas-0.3.21/lib/../lib/:/cm/shared/ex3-modules/202309a/huaq/pkgs/boost-1.73.0/lib/../lib/:/cm/shared/ex3-modules/202309a/huaq/pkgs/openmpi-4.1.4/lib/../lib/:/cm/shared/ex3-modules/202309a/huaq/pkgs/util-linux-2.34/lib/../lib/:/cm/shared/ex3-modules/202309a/huaq/pkgs/libfabric-1.17.0/lib/../lib/:/cm/shared/ex3-modules/202309a/huaq/pkgs/ucx-1.12.1/lib/../lib/:/cm/shared/ex3-modules/202309a/huaq/pkgs/rdma-core-44.0/lib/../lib/:/cm/shared/ex3-modules/202309a/huaq/pkgs/libnl-3.2.25/lib/../lib/:/cm/shared/ex3-modules/202309a/huaq/pkgs/numactl-2.0.13/lib/../lib/:/cm/shared/ex3-modules/202309a/huaq/pkgs/libevent-2.1.12-stable/lib/../lib/:/cm/shared/ex3-modules/202309a/huaq/pkgs/knem-1.1.4/lib/../lib/:/cm/shared/ex3-modules/202309a/huaq/pkgs/hwloc-2.7.1/lib/../lib/:/cm/shared/ex3-modules/202309a/huaq/pkgs/libxml2-2.9.12/lib/../lib/:/cm/shared/ex3-modules/202309a/huaq/pkgs/xz-5.2.7/lib/../lib/:/usr/lib/gcc/aarch64-linux-gnu/11/:/usr/lib/gcc/aarch64-linux-gnu/11/../../../aarch64-linux-gnu/:/usr/lib/gcc/aarch64-linux-gnu/11/../../../../lib/:/lib/aarch64-linux-gnu/:/lib/../lib/:/usr/lib/aarch64-linux-gnu/:/usr/lib/../lib/:/home/andreast/modules/arm/apps/flow/202309a/rpp-amgcpr-ghost-last/lib/:/home/andreast/modules/arm/apps/zoltan/202309a/12.16/lib/:/home/andreast/modules/arm/apps/dune/202309a/mod-2.7.1/lib/:/cm/shared/ex3-modules/202309a/huaq/pkgs/suitesparse-32-5.12.0/lib/:/cm/shared/ex3-modules/202309a/huaq/pkgs/mpfr-4.0.2/lib/:/cm/shared/ex3-modules/202309a/huaq/pkgs/gmp-6.3.0/lib/:/cm/shared/ex3-modules/202309a/huaq/pkgs/parmetis-32-4.0.3/lib/:/cm/shared/ex3-modules/202309a/huaq/pkgs/metis-32-5.1.0/lib/:/cm/shared/ex3-modules/202309a/huaq/pkgs/openblas-0.3.21/lib/:/cm/shared/ex3-modules/202309a/huaq/pkgs/boost-1.73.0/lib/:/cm/shared/ex3-modules/202309a/huaq/pkgs/openmpi-4.1.4/lib/:/cm/shared/ex3-modules/202309a/huaq/pkgs/util-linux-2.34/lib/:/cm/shared/ex3-modules/202309a/huaq/pkgs/libfabric-1.17.0/lib/:/cm/shared/ex3-modules/202309a/huaq/pkgs/ucx-1.12.1/lib/:/cm/shared/ex3-modules/202309a/huaq/pkgs/rdma-core-44.0/lib/:/cm/shared/ex3-modules/202309a/huaq/pkgs/libnl-3.2.25/lib/:/cm/shared/ex3-modules/202309a/huaq/pkgs/numactl-2.0.13/lib/:/cm/shared/ex3-modules/202309a/huaq/pkgs/libevent-2.1.12-stable/lib/:/cm/shared/ex3-modules/202309a/huaq/pkgs/knem-1.1.4/lib/:/cm/shared/ex3-modules/202309a/huaq/pkgs/hwloc-2.7.1/lib/:/cm/shared/ex3-modules/202309a/huaq/pkgs/libxml2-2.9.12/lib/:/cm/shared/ex3-modules/202309a/huaq/pkgs/xz-5.2.7/lib/:/cm/shared/apps/slurm/current/lib64/slurm/:/cm/shared/apps/slurm/current/lib64/:/usr/lib/gcc/aarch64-linux-gnu/11/../../../:/lib/:/usr/lib/]
  ignore line: [COLLECT_GCC_OPTIONS='-v' '-o' 'CMakeFiles/cmTC_fc00d.dir/CMakeCCompilerABI.c.o' '-c' '-mlittle-endian' '-mabi=lp64' '-dumpdir' 'CMakeFiles/cmTC_fc00d.dir/CMakeCCompilerABI.c.']
  ignore line: [Linking C executable cmTC_fc00d]
  ignore line: [/cm/shared/ex3-modules/202309a/huaq/pkgs/cmake-3.22.3/bin/cmake -E cmake_link_script CMakeFiles/cmTC_fc00d.dir/link.txt --verbose=1]
  ignore line: [/usr/bin/cc  -v -rdynamic CMakeFiles/cmTC_fc00d.dir/CMakeCCompilerABI.c.o -o cmTC_fc00d ]
  ignore line: [Using built-in specs.]
  ignore line: [COLLECT_GCC=/usr/bin/cc]
  ignore line: [COLLECT_LTO_WRAPPER=/usr/lib/gcc/aarch64-linux-gnu/11/lto-wrapper]
  ignore line: [Target: aarch64-linux-gnu]
  ignore line: [Configured with: ../src/configure -v --with-pkgversion='Ubuntu 11.4.0-1ubuntu1~22.04' --with-bugurl=file:///usr/share/doc/gcc-11/README.Bugs --enable-languages=c ada c++ go d fortran objc obj-c++ m2 --prefix=/usr --with-gcc-major-version-only --program-suffix=-11 --program-prefix=aarch64-linux-gnu- --enable-shared --enable-linker-build-id --libexecdir=/usr/lib --without-included-gettext --enable-threads=posix --libdir=/usr/lib --enable-nls --enable-bootstrap --enable-clocale=gnu --enable-libstdcxx-debug --enable-libstdcxx-time=yes --with-default-libstdcxx-abi=new --enable-gnu-unique-object --disable-libquadmath --disable-libquadmath-support --enable-plugin --enable-default-pie --with-system-zlib --enable-libphobos-checking=release --with-target-system-zlib=auto --enable-objc-gc=auto --enable-multiarch --enable-fix-cortex-a53-843419 --disable-werror --enable-checking=release --build=aarch64-linux-gnu --host=aarch64-linux-gnu --target=aarch64-linux-gnu --with-build-config=bootstrap-lto-lean --enable-link-serialization=2]
  ignore line: [Thread model: posix]
  ignore line: [Supported LTO compression algorithms: zlib zstd]
  ignore line: [gcc version 11.4.0 (Ubuntu 11.4.0-1ubuntu1~22.04) ]
  ignore line: [COMPILER_PATH=/usr/lib/gcc/aarch64-linux-gnu/11/:/usr/lib/gcc/aarch64-linux-gnu/11/:/usr/lib/gcc/aarch64-linux-gnu/:/usr/lib/gcc/aarch64-linux-gnu/11/:/usr/lib/gcc/aarch64-linux-gnu/]
  ignore line: [LIBRARY_PATH=/home/andreast/modules/arm/apps/flow/202309a/rpp-amgcpr-ghost-last/lib/../lib/:/home/andreast/modules/arm/apps/zoltan/202309a/12.16/lib/../lib/:/home/andreast/modules/arm/apps/dune/202309a/mod-2.7.1/lib/../lib/:/cm/shared/ex3-modules/202309a/huaq/pkgs/suitesparse-32-5.12.0/lib/../lib/:/cm/shared/ex3-modules/202309a/huaq/pkgs/mpfr-4.0.2/lib/../lib/:/cm/shared/ex3-modules/202309a/huaq/pkgs/gmp-6.3.0/lib/../lib/:/cm/shared/ex3-modules/202309a/huaq/pkgs/parmetis-32-4.0.3/lib/../lib/:/cm/shared/ex3-modules/202309a/huaq/pkgs/metis-32-5.1.0/lib/../lib/:/cm/shared/ex3-modules/202309a/huaq/pkgs/openblas-0.3.21/lib/../lib/:/cm/shared/ex3-modules/202309a/huaq/pkgs/boost-1.73.0/lib/../lib/:/cm/shared/ex3-modules/202309a/huaq/pkgs/openmpi-4.1.4/lib/../lib/:/cm/shared/ex3-modules/202309a/huaq/pkgs/util-linux-2.34/lib/../lib/:/cm/shared/ex3-modules/202309a/huaq/pkgs/libfabric-1.17.0/lib/../lib/:/cm/shared/ex3-modules/202309a/huaq/pkgs/ucx-1.12.1/lib/../lib/:/cm/shared/ex3-modules/202309a/huaq/pkgs/rdma-core-44.0/lib/../lib/:/cm/shared/ex3-modules/202309a/huaq/pkgs/libnl-3.2.25/lib/../lib/:/cm/shared/ex3-modules/202309a/huaq/pkgs/numactl-2.0.13/lib/../lib/:/cm/shared/ex3-modules/202309a/huaq/pkgs/libevent-2.1.12-stable/lib/../lib/:/cm/shared/ex3-modules/202309a/huaq/pkgs/knem-1.1.4/lib/../lib/:/cm/shared/ex3-modules/202309a/huaq/pkgs/hwloc-2.7.1/lib/../lib/:/cm/shared/ex3-modules/202309a/huaq/pkgs/libxml2-2.9.12/lib/../lib/:/cm/shared/ex3-modules/202309a/huaq/pkgs/xz-5.2.7/lib/../lib/:/usr/lib/gcc/aarch64-linux-gnu/11/:/usr/lib/gcc/aarch64-linux-gnu/11/../../../aarch64-linux-gnu/:/usr/lib/gcc/aarch64-linux-gnu/11/../../../../lib/:/lib/aarch64-linux-gnu/:/lib/../lib/:/usr/lib/aarch64-linux-gnu/:/usr/lib/../lib/:/home/andreast/modules/arm/apps/flow/202309a/rpp-amgcpr-ghost-last/lib/:/home/andreast/modules/arm/apps/zoltan/202309a/12.16/lib/:/home/andreast/modules/arm/apps/dune/202309a/mod-2.7.1/lib/:/cm/shared/ex3-modules/202309a/huaq/pkgs/suitesparse-32-5.12.0/lib/:/cm/shared/ex3-modules/202309a/huaq/pkgs/mpfr-4.0.2/lib/:/cm/shared/ex3-modules/202309a/huaq/pkgs/gmp-6.3.0/lib/:/cm/shared/ex3-modules/202309a/huaq/pkgs/parmetis-32-4.0.3/lib/:/cm/shared/ex3-modules/202309a/huaq/pkgs/metis-32-5.1.0/lib/:/cm/shared/ex3-modules/202309a/huaq/pkgs/openblas-0.3.21/lib/:/cm/shared/ex3-modules/202309a/huaq/pkgs/boost-1.73.0/lib/:/cm/shared/ex3-modules/202309a/huaq/pkgs/openmpi-4.1.4/lib/:/cm/shared/ex3-modules/202309a/huaq/pkgs/util-linux-2.34/lib/:/cm/shared/ex3-modules/202309a/huaq/pkgs/libfabric-1.17.0/lib/:/cm/shared/ex3-modules/202309a/huaq/pkgs/ucx-1.12.1/lib/:/cm/shared/ex3-modules/202309a/huaq/pkgs/rdma-core-44.0/lib/:/cm/shared/ex3-modules/202309a/huaq/pkgs/libnl-3.2.25/lib/:/cm/shared/ex3-modules/202309a/huaq/pkgs/numactl-2.0.13/lib/:/cm/shared/ex3-modules/202309a/huaq/pkgs/libevent-2.1.12-stable/lib/:/cm/shared/ex3-modules/202309a/huaq/pkgs/knem-1.1.4/lib/:/cm/shared/ex3-modules/202309a/huaq/pkgs/hwloc-2.7.1/lib/:/cm/shared/ex3-modules/202309a/huaq/pkgs/libxml2-2.9.12/lib/:/cm/shared/ex3-modules/202309a/huaq/pkgs/xz-5.2.7/lib/:/cm/shared/apps/slurm/current/lib64/slurm/:/cm/shared/apps/slurm/current/lib64/:/usr/lib/gcc/aarch64-linux-gnu/11/../../../:/lib/:/usr/lib/]
  ignore line: [COLLECT_GCC_OPTIONS='-v' '-rdynamic' '-o' 'cmTC_fc00d' '-mlittle-endian' '-mabi=lp64' '-dumpdir' 'cmTC_fc00d.']
  link line: [ /usr/lib/gcc/aarch64-linux-gnu/11/collect2 -plugin /usr/lib/gcc/aarch64-linux-gnu/11/liblto_plugin.so -plugin-opt=/usr/lib/gcc/aarch64-linux-gnu/11/lto-wrapper -plugin-opt=-fresolution=/tmp/ccmcwuU7.res -plugin-opt=-pass-through=-lgcc -plugin-opt=-pass-through=-lgcc_s -plugin-opt=-pass-through=-lc -plugin-opt=-pass-through=-lgcc -plugin-opt=-pass-through=-lgcc_s --build-id --eh-frame-hdr --hash-style=gnu --as-needed -export-dynamic -dynamic-linker /lib/ld-linux-aarch64.so.1 -X -EL -maarch64linux --fix-cortex-a53-843419 -pie -z now -z relro -o cmTC_fc00d /usr/lib/gcc/aarch64-linux-gnu/11/../../../aarch64-linux-gnu/Scrt1.o /usr/lib/gcc/aarch64-linux-gnu/11/../../../aarch64-linux-gnu/crti.o /usr/lib/gcc/aarch64-linux-gnu/11/crtbeginS.o -L/home/andreast/modules/arm/apps/flow/202309a/rpp-amgcpr-ghost-last/lib/../lib -L/home/andreast/modules/arm/apps/zoltan/202309a/12.16/lib/../lib -L/home/andreast/modules/arm/apps/dune/202309a/mod-2.7.1/lib/../lib -L/cm/shared/ex3-modules/202309a/huaq/pkgs/suitesparse-32-5.12.0/lib/../lib -L/cm/shared/ex3-modules/202309a/huaq/pkgs/mpfr-4.0.2/lib/../lib -L/cm/shared/ex3-modules/202309a/huaq/pkgs/gmp-6.3.0/lib/../lib -L/cm/shared/ex3-modules/202309a/huaq/pkgs/parmetis-32-4.0.3/lib/../lib -L/cm/shared/ex3-modules/202309a/huaq/pkgs/metis-32-5.1.0/lib/../lib -L/cm/shared/ex3-modules/202309a/huaq/pkgs/openblas-0.3.21/lib/../lib -L/cm/shared/ex3-modules/202309a/huaq/pkgs/boost-1.73.0/lib/../lib -L/cm/shared/ex3-modules/202309a/huaq/pkgs/openmpi-4.1.4/lib/../lib -L/cm/shared/ex3-modules/202309a/huaq/pkgs/util-linux-2.34/lib/../lib -L/cm/shared/ex3-modules/202309a/huaq/pkgs/libfabric-1.17.0/lib/../lib -L/cm/shared/ex3-modules/202309a/huaq/pkgs/ucx-1.12.1/lib/../lib -L/cm/shared/ex3-modules/202309a/huaq/pkgs/rdma-core-44.0/lib/../lib -L/cm/shared/ex3-modules/202309a/huaq/pkgs/libnl-3.2.25/lib/../lib -L/cm/shared/ex3-modules/202309a/huaq/pkgs/numactl-2.0.13/lib/../lib -L/cm/shared/ex3-modules/202309a/huaq/pkgs/libevent-2.1.12-stable/lib/../lib -L/cm/shared/ex3-modules/202309a/huaq/pkgs/knem-1.1.4/lib/../lib -L/cm/shared/ex3-modules/202309a/huaq/pkgs/hwloc-2.7.1/lib/../lib -L/cm/shared/ex3-modules/202309a/huaq/pkgs/libxml2-2.9.12/lib/../lib -L/cm/shared/ex3-modules/202309a/huaq/pkgs/xz-5.2.7/lib/../lib -L/usr/lib/gcc/aarch64-linux-gnu/11 -L/usr/lib/gcc/aarch64-linux-gnu/11/../../../aarch64-linux-gnu -L/usr/lib/gcc/aarch64-linux-gnu/11/../../../../lib -L/lib/aarch64-linux-gnu -L/lib/../lib -L/usr/lib/aarch64-linux-gnu -L/usr/lib/../lib -L/home/andreast/modules/arm/apps/flow/202309a/rpp-amgcpr-ghost-last/lib -L/home/andreast/modules/arm/apps/zoltan/202309a/12.16/lib -L/home/andreast/modules/arm/apps/dune/202309a/mod-2.7.1/lib -L/cm/shared/ex3-modules/202309a/huaq/pkgs/suitesparse-32-5.12.0/lib -L/cm/shared/ex3-modules/202309a/huaq/pkgs/mpfr-4.0.2/lib -L/cm/shared/ex3-modules/202309a/huaq/pkgs/gmp-6.3.0/lib -L/cm/shared/ex3-modules/202309a/huaq/pkgs/parmetis-32-4.0.3/lib -L/cm/shared/ex3-modules/202309a/huaq/pkgs/metis-32-5.1.0/lib -L/cm/shared/ex3-modules/202309a/huaq/pkgs/openblas-0.3.21/lib -L/cm/shared/ex3-modules/202309a/huaq/pkgs/boost-1.73.0/lib -L/cm/shared/ex3-modules/202309a/huaq/pkgs/openmpi-4.1.4/lib -L/cm/shared/ex3-modules/202309a/huaq/pkgs/util-linux-2.34/lib -L/cm/shared/ex3-modules/202309a/huaq/pkgs/libfabric-1.17.0/lib -L/cm/shared/ex3-modules/202309a/huaq/pkgs/ucx-1.12.1/lib -L/cm/shared/ex3-modules/202309a/huaq/pkgs/rdma-core-44.0/lib -L/cm/shared/ex3-modules/202309a/huaq/pkgs/libnl-3.2.25/lib -L/cm/shared/ex3-modules/202309a/huaq/pkgs/numactl-2.0.13/lib -L/cm/shared/ex3-modules/202309a/huaq/pkgs/libevent-2.1.12-stable/lib -L/cm/shared/ex3-modules/202309a/huaq/pkgs/knem-1.1.4/lib -L/cm/shared/ex3-modules/202309a/huaq/pkgs/hwloc-2.7.1/lib -L/cm/shared/ex3-modules/202309a/huaq/pkgs/libxml2-2.9.12/lib -L/cm/shared/ex3-modules/202309a/huaq/pkgs/xz-5.2.7/lib -L/cm/shared/apps/slurm/current/lib64/slurm -L/cm/shared/apps/slurm/current/lib64 -L/usr/lib/gcc/aarch64-linux-gnu/11/../../.. CMakeFiles/cmTC_fc00d.dir/CMakeCCompilerABI.c.o -lgcc --push-state --as-needed -lgcc_s --pop-state -lc -lgcc --push-state --as-needed -lgcc_s --pop-state /usr/lib/gcc/aarch64-linux-gnu/11/crtendS.o /usr/lib/gcc/aarch64-linux-gnu/11/../../../aarch64-linux-gnu/crtn.o]
    arg [/usr/lib/gcc/aarch64-linux-gnu/11/collect2] ==> ignore
    arg [-plugin] ==> ignore
    arg [/usr/lib/gcc/aarch64-linux-gnu/11/liblto_plugin.so] ==> ignore
    arg [-plugin-opt=/usr/lib/gcc/aarch64-linux-gnu/11/lto-wrapper] ==> ignore
    arg [-plugin-opt=-fresolution=/tmp/ccmcwuU7.res] ==> ignore
    arg [-plugin-opt=-pass-through=-lgcc] ==> ignore
    arg [-plugin-opt=-pass-through=-lgcc_s] ==> ignore
    arg [-plugin-opt=-pass-through=-lc] ==> ignore
    arg [-plugin-opt=-pass-through=-lgcc] ==> ignore
    arg [-plugin-opt=-pass-through=-lgcc_s] ==> ignore
    arg [--build-id] ==> ignore
    arg [--eh-frame-hdr] ==> ignore
    arg [--hash-style=gnu] ==> ignore
    arg [--as-needed] ==> ignore
    arg [-export-dynamic] ==> ignore
    arg [-dynamic-linker] ==> ignore
    arg [/lib/ld-linux-aarch64.so.1] ==> ignore
    arg [-X] ==> ignore
    arg [-EL] ==> ignore
    arg [-maarch64linux] ==> ignore
    arg [--fix-cortex-a53-843419] ==> ignore
    arg [-pie] ==> ignore
    arg [-znow] ==> ignore
    arg [-zrelro] ==> ignore
    arg [-o] ==> ignore
    arg [cmTC_fc00d] ==> ignore
    arg [/usr/lib/gcc/aarch64-linux-gnu/11/../../../aarch64-linux-gnu/Scrt1.o] ==> obj [/usr/lib/gcc/aarch64-linux-gnu/11/../../../aarch64-linux-gnu/Scrt1.o]
    arg [/usr/lib/gcc/aarch64-linux-gnu/11/../../../aarch64-linux-gnu/crti.o] ==> obj [/usr/lib/gcc/aarch64-linux-gnu/11/../../../aarch64-linux-gnu/crti.o]
    arg [/usr/lib/gcc/aarch64-linux-gnu/11/crtbeginS.o] ==> obj [/usr/lib/gcc/aarch64-linux-gnu/11/crtbeginS.o]
    arg [-L/home/andreast/modules/arm/apps/flow/202309a/rpp-amgcpr-ghost-last/lib/../lib] ==> dir [/home/andreast/modules/arm/apps/flow/202309a/rpp-amgcpr-ghost-last/lib/../lib]
    arg [-L/home/andreast/modules/arm/apps/zoltan/202309a/12.16/lib/../lib] ==> dir [/home/andreast/modules/arm/apps/zoltan/202309a/12.16/lib/../lib]
    arg [-L/home/andreast/modules/arm/apps/dune/202309a/mod-2.7.1/lib/../lib] ==> dir [/home/andreast/modules/arm/apps/dune/202309a/mod-2.7.1/lib/../lib]
    arg [-L/cm/shared/ex3-modules/202309a/huaq/pkgs/suitesparse-32-5.12.0/lib/../lib] ==> dir [/cm/shared/ex3-modules/202309a/huaq/pkgs/suitesparse-32-5.12.0/lib/../lib]
    arg [-L/cm/shared/ex3-modules/202309a/huaq/pkgs/mpfr-4.0.2/lib/../lib] ==> dir [/cm/shared/ex3-modules/202309a/huaq/pkgs/mpfr-4.0.2/lib/../lib]
    arg [-L/cm/shared/ex3-modules/202309a/huaq/pkgs/gmp-6.3.0/lib/../lib] ==> dir [/cm/shared/ex3-modules/202309a/huaq/pkgs/gmp-6.3.0/lib/../lib]
    arg [-L/cm/shared/ex3-modules/202309a/huaq/pkgs/parmetis-32-4.0.3/lib/../lib] ==> dir [/cm/shared/ex3-modules/202309a/huaq/pkgs/parmetis-32-4.0.3/lib/../lib]
    arg [-L/cm/shared/ex3-modules/202309a/huaq/pkgs/metis-32-5.1.0/lib/../lib] ==> dir [/cm/shared/ex3-modules/202309a/huaq/pkgs/metis-32-5.1.0/lib/../lib]
    arg [-L/cm/shared/ex3-modules/202309a/huaq/pkgs/openblas-0.3.21/lib/../lib] ==> dir [/cm/shared/ex3-modules/202309a/huaq/pkgs/openblas-0.3.21/lib/../lib]
    arg [-L/cm/shared/ex3-modules/202309a/huaq/pkgs/boost-1.73.0/lib/../lib] ==> dir [/cm/shared/ex3-modules/202309a/huaq/pkgs/boost-1.73.0/lib/../lib]
    arg [-L/cm/shared/ex3-modules/202309a/huaq/pkgs/openmpi-4.1.4/lib/../lib] ==> dir [/cm/shared/ex3-modules/202309a/huaq/pkgs/openmpi-4.1.4/lib/../lib]
    arg [-L/cm/shared/ex3-modules/202309a/huaq/pkgs/util-linux-2.34/lib/../lib] ==> dir [/cm/shared/ex3-modules/202309a/huaq/pkgs/util-linux-2.34/lib/../lib]
    arg [-L/cm/shared/ex3-modules/202309a/huaq/pkgs/libfabric-1.17.0/lib/../lib] ==> dir [/cm/shared/ex3-modules/202309a/huaq/pkgs/libfabric-1.17.0/lib/../lib]
    arg [-L/cm/shared/ex3-modules/202309a/huaq/pkgs/ucx-1.12.1/lib/../lib] ==> dir [/cm/shared/ex3-modules/202309a/huaq/pkgs/ucx-1.12.1/lib/../lib]
    arg [-L/cm/shared/ex3-modules/202309a/huaq/pkgs/rdma-core-44.0/lib/../lib] ==> dir [/cm/shared/ex3-modules/202309a/huaq/pkgs/rdma-core-44.0/lib/../lib]
    arg [-L/cm/shared/ex3-modules/202309a/huaq/pkgs/libnl-3.2.25/lib/../lib] ==> dir [/cm/shared/ex3-modules/202309a/huaq/pkgs/libnl-3.2.25/lib/../lib]
    arg [-L/cm/shared/ex3-modules/202309a/huaq/pkgs/numactl-2.0.13/lib/../lib] ==> dir [/cm/shared/ex3-modules/202309a/huaq/pkgs/numactl-2.0.13/lib/../lib]
    arg [-L/cm/shared/ex3-modules/202309a/huaq/pkgs/libevent-2.1.12-stable/lib/../lib] ==> dir [/cm/shared/ex3-modules/202309a/huaq/pkgs/libevent-2.1.12-stable/lib/../lib]
    arg [-L/cm/shared/ex3-modules/202309a/huaq/pkgs/knem-1.1.4/lib/../lib] ==> dir [/cm/shared/ex3-modules/202309a/huaq/pkgs/knem-1.1.4/lib/../lib]
    arg [-L/cm/shared/ex3-modules/202309a/huaq/pkgs/hwloc-2.7.1/lib/../lib] ==> dir [/cm/shared/ex3-modules/202309a/huaq/pkgs/hwloc-2.7.1/lib/../lib]
    arg [-L/cm/shared/ex3-modules/202309a/huaq/pkgs/libxml2-2.9.12/lib/../lib] ==> dir [/cm/shared/ex3-modules/202309a/huaq/pkgs/libxml2-2.9.12/lib/../lib]
    arg [-L/cm/shared/ex3-modules/202309a/huaq/pkgs/xz-5.2.7/lib/../lib] ==> dir [/cm/shared/ex3-modules/202309a/huaq/pkgs/xz-5.2.7/lib/../lib]
    arg [-L/usr/lib/gcc/aarch64-linux-gnu/11] ==> dir [/usr/lib/gcc/aarch64-linux-gnu/11]
    arg [-L/usr/lib/gcc/aarch64-linux-gnu/11/../../../aarch64-linux-gnu] ==> dir [/usr/lib/gcc/aarch64-linux-gnu/11/../../../aarch64-linux-gnu]
    arg [-L/usr/lib/gcc/aarch64-linux-gnu/11/../../../../lib] ==> dir [/usr/lib/gcc/aarch64-linux-gnu/11/../../../../lib]
    arg [-L/lib/aarch64-linux-gnu] ==> dir [/lib/aarch64-linux-gnu]
    arg [-L/lib/../lib] ==> dir [/lib/../lib]
    arg [-L/usr/lib/aarch64-linux-gnu] ==> dir [/usr/lib/aarch64-linux-gnu]
    arg [-L/usr/lib/../lib] ==> dir [/usr/lib/../lib]
    arg [-L/home/andreast/modules/arm/apps/flow/202309a/rpp-amgcpr-ghost-last/lib] ==> dir [/home/andreast/modules/arm/apps/flow/202309a/rpp-amgcpr-ghost-last/lib]
    arg [-L/home/andreast/modules/arm/apps/zoltan/202309a/12.16/lib] ==> dir [/home/andreast/modules/arm/apps/zoltan/202309a/12.16/lib]
    arg [-L/home/andreast/modules/arm/apps/dune/202309a/mod-2.7.1/lib] ==> dir [/home/andreast/modules/arm/apps/dune/202309a/mod-2.7.1/lib]
    arg [-L/cm/shared/ex3-modules/202309a/huaq/pkgs/suitesparse-32-5.12.0/lib] ==> dir [/cm/shared/ex3-modules/202309a/huaq/pkgs/suitesparse-32-5.12.0/lib]
    arg [-L/cm/shared/ex3-modules/202309a/huaq/pkgs/mpfr-4.0.2/lib] ==> dir [/cm/shared/ex3-modules/202309a/huaq/pkgs/mpfr-4.0.2/lib]
    arg [-L/cm/shared/ex3-modules/202309a/huaq/pkgs/gmp-6.3.0/lib] ==> dir [/cm/shared/ex3-modules/202309a/huaq/pkgs/gmp-6.3.0/lib]
    arg [-L/cm/shared/ex3-modules/202309a/huaq/pkgs/parmetis-32-4.0.3/lib] ==> dir [/cm/shared/ex3-modules/202309a/huaq/pkgs/parmetis-32-4.0.3/lib]
    arg [-L/cm/shared/ex3-modules/202309a/huaq/pkgs/metis-32-5.1.0/lib] ==> dir [/cm/shared/ex3-modules/202309a/huaq/pkgs/metis-32-5.1.0/lib]
    arg [-L/cm/shared/ex3-modules/202309a/huaq/pkgs/openblas-0.3.21/lib] ==> dir [/cm/shared/ex3-modules/202309a/huaq/pkgs/openblas-0.3.21/lib]
    arg [-L/cm/shared/ex3-modules/202309a/huaq/pkgs/boost-1.73.0/lib] ==> dir [/cm/shared/ex3-modules/202309a/huaq/pkgs/boost-1.73.0/lib]
    arg [-L/cm/shared/ex3-modules/202309a/huaq/pkgs/openmpi-4.1.4/lib] ==> dir [/cm/shared/ex3-modules/202309a/huaq/pkgs/openmpi-4.1.4/lib]
    arg [-L/cm/shared/ex3-modules/202309a/huaq/pkgs/util-linux-2.34/lib] ==> dir [/cm/shared/ex3-modules/202309a/huaq/pkgs/util-linux-2.34/lib]
    arg [-L/cm/shared/ex3-modules/202309a/huaq/pkgs/libfabric-1.17.0/lib] ==> dir [/cm/shared/ex3-modules/202309a/huaq/pkgs/libfabric-1.17.0/lib]
    arg [-L/cm/shared/ex3-modules/202309a/huaq/pkgs/ucx-1.12.1/lib] ==> dir [/cm/shared/ex3-modules/202309a/huaq/pkgs/ucx-1.12.1/lib]
    arg [-L/cm/shared/ex3-modules/202309a/huaq/pkgs/rdma-core-44.0/lib] ==> dir [/cm/shared/ex3-modules/202309a/huaq/pkgs/rdma-core-44.0/lib]
    arg [-L/cm/shared/ex3-modules/202309a/huaq/pkgs/libnl-3.2.25/lib] ==> dir [/cm/shared/ex3-modules/202309a/huaq/pkgs/libnl-3.2.25/lib]
    arg [-L/cm/shared/ex3-modules/202309a/huaq/pkgs/numactl-2.0.13/lib] ==> dir [/cm/shared/ex3-modules/202309a/huaq/pkgs/numactl-2.0.13/lib]
    arg [-L/cm/shared/ex3-modules/202309a/huaq/pkgs/libevent-2.1.12-stable/lib] ==> dir [/cm/shared/ex3-modules/202309a/huaq/pkgs/libevent-2.1.12-stable/lib]
    arg [-L/cm/shared/ex3-modules/202309a/huaq/pkgs/knem-1.1.4/lib] ==> dir [/cm/shared/ex3-modules/202309a/huaq/pkgs/knem-1.1.4/lib]
    arg [-L/cm/shared/ex3-modules/202309a/huaq/pkgs/hwloc-2.7.1/lib] ==> dir [/cm/shared/ex3-modules/202309a/huaq/pkgs/hwloc-2.7.1/lib]
    arg [-L/cm/shared/ex3-modules/202309a/huaq/pkgs/libxml2-2.9.12/lib] ==> dir [/cm/shared/ex3-modules/202309a/huaq/pkgs/libxml2-2.9.12/lib]
    arg [-L/cm/shared/ex3-modules/202309a/huaq/pkgs/xz-5.2.7/lib] ==> dir [/cm/shared/ex3-modules/202309a/huaq/pkgs/xz-5.2.7/lib]
    arg [-L/cm/shared/apps/slurm/current/lib64/slurm] ==> dir [/cm/shared/apps/slurm/current/lib64/slurm]
    arg [-L/cm/shared/apps/slurm/current/lib64] ==> dir [/cm/shared/apps/slurm/current/lib64]
    arg [-L/usr/lib/gcc/aarch64-linux-gnu/11/../../..] ==> dir [/usr/lib/gcc/aarch64-linux-gnu/11/../../..]
    arg [CMakeFiles/cmTC_fc00d.dir/CMakeCCompilerABI.c.o] ==> ignore
    arg [-lgcc] ==> lib [gcc]
    arg [--push-state] ==> ignore
    arg [--as-needed] ==> ignore
    arg [-lgcc_s] ==> lib [gcc_s]
    arg [--pop-state] ==> ignore
    arg [-lc] ==> lib [c]
    arg [-lgcc] ==> lib [gcc]
    arg [--push-state] ==> ignore
    arg [--as-needed] ==> ignore
    arg [-lgcc_s] ==> lib [gcc_s]
    arg [--pop-state] ==> ignore
    arg [/usr/lib/gcc/aarch64-linux-gnu/11/crtendS.o] ==> obj [/usr/lib/gcc/aarch64-linux-gnu/11/crtendS.o]
    arg [/usr/lib/gcc/aarch64-linux-gnu/11/../../../aarch64-linux-gnu/crtn.o] ==> obj [/usr/lib/gcc/aarch64-linux-gnu/11/../../../aarch64-linux-gnu/crtn.o]
  collapse obj [/usr/lib/gcc/aarch64-linux-gnu/11/../../../aarch64-linux-gnu/Scrt1.o] ==> [/usr/lib/aarch64-linux-gnu/Scrt1.o]
  collapse obj [/usr/lib/gcc/aarch64-linux-gnu/11/../../../aarch64-linux-gnu/crti.o] ==> [/usr/lib/aarch64-linux-gnu/crti.o]
  collapse obj [/usr/lib/gcc/aarch64-linux-gnu/11/../../../aarch64-linux-gnu/crtn.o] ==> [/usr/lib/aarch64-linux-gnu/crtn.o]
  collapse library dir [/home/andreast/modules/arm/apps/flow/202309a/rpp-amgcpr-ghost-last/lib/../lib] ==> [/home/andreast/modules/arm/apps/flow/202309a/rpp-amgcpr-ghost-last/lib]
  collapse library dir [/home/andreast/modules/arm/apps/zoltan/202309a/12.16/lib/../lib] ==> [/home/andreast/modules/arm/apps/zoltan/202309a/12.16/lib]
  collapse library dir [/home/andreast/modules/arm/apps/dune/202309a/mod-2.7.1/lib/../lib] ==> [/home/andreast/modules/arm/apps/dune/202309a/mod-2.7.1/lib]
  collapse library dir [/cm/shared/ex3-modules/202309a/huaq/pkgs/suitesparse-32-5.12.0/lib/../lib] ==> [/cm/shared/ex3-modules/202309a/huaq/pkgs/suitesparse-32-5.12.0/lib]
  collapse library dir [/cm/shared/ex3-modules/202309a/huaq/pkgs/mpfr-4.0.2/lib/../lib] ==> [/cm/shared/ex3-modules/202309a/huaq/pkgs/mpfr-4.0.2/lib]
  collapse library dir [/cm/shared/ex3-modules/202309a/huaq/pkgs/gmp-6.3.0/lib/../lib] ==> [/cm/shared/ex3-modules/202309a/huaq/pkgs/gmp-6.3.0/lib]
  collapse library dir [/cm/shared/ex3-modules/202309a/huaq/pkgs/parmetis-32-4.0.3/lib/../lib] ==> [/cm/shared/ex3-modules/202309a/huaq/pkgs/parmetis-32-4.0.3/lib]
  collapse library dir [/cm/shared/ex3-modules/202309a/huaq/pkgs/metis-32-5.1.0/lib/../lib] ==> [/cm/shared/ex3-modules/202309a/huaq/pkgs/metis-32-5.1.0/lib]
  collapse library dir [/cm/shared/ex3-modules/202309a/huaq/pkgs/openblas-0.3.21/lib/../lib] ==> [/cm/shared/ex3-modules/202309a/huaq/pkgs/openblas-0.3.21/lib]
  collapse library dir [/cm/shared/ex3-modules/202309a/huaq/pkgs/boost-1.73.0/lib/../lib] ==> [/cm/shared/ex3-modules/202309a/huaq/pkgs/boost-1.73.0/lib]
  collapse library dir [/cm/shared/ex3-modules/202309a/huaq/pkgs/openmpi-4.1.4/lib/../lib] ==> [/cm/shared/ex3-modules/202309a/huaq/pkgs/openmpi-4.1.4/lib]
  collapse library dir [/cm/shared/ex3-modules/202309a/huaq/pkgs/util-linux-2.34/lib/../lib] ==> [/cm/shared/ex3-modules/202309a/huaq/pkgs/util-linux-2.34/lib]
  collapse library dir [/cm/shared/ex3-modules/202309a/huaq/pkgs/libfabric-1.17.0/lib/../lib] ==> [/cm/shared/ex3-modules/202309a/huaq/pkgs/libfabric-1.17.0/lib]
  collapse library dir [/cm/shared/ex3-modules/202309a/huaq/pkgs/ucx-1.12.1/lib/../lib] ==> [/cm/shared/ex3-modules/202309a/huaq/pkgs/ucx-1.12.1/lib]
  collapse library dir [/cm/shared/ex3-modules/202309a/huaq/pkgs/rdma-core-44.0/lib/../lib] ==> [/cm/shared/ex3-modules/202309a/huaq/pkgs/rdma-core-44.0/lib]
  collapse library dir [/cm/shared/ex3-modules/202309a/huaq/pkgs/libnl-3.2.25/lib/../lib] ==> [/cm/shared/ex3-modules/202309a/huaq/pkgs/libnl-3.2.25/lib]
  collapse library dir [/cm/shared/ex3-modules/202309a/huaq/pkgs/numactl-2.0.13/lib/../lib] ==> [/cm/shared/ex3-modules/202309a/huaq/pkgs/numactl-2.0.13/lib]
  collapse library dir [/cm/shared/ex3-modules/202309a/huaq/pkgs/libevent-2.1.12-stable/lib/../lib] ==> [/cm/shared/ex3-modules/202309a/huaq/pkgs/libevent-2.1.12-stable/lib]
  collapse library dir [/cm/shared/ex3-modules/202309a/huaq/pkgs/knem-1.1.4/lib/../lib] ==> [/cm/shared/ex3-modules/202309a/huaq/pkgs/knem-1.1.4/lib]
  collapse library dir [/cm/shared/ex3-modules/202309a/huaq/pkgs/hwloc-2.7.1/lib/../lib] ==> [/cm/shared/ex3-modules/202309a/huaq/pkgs/hwloc-2.7.1/lib]
  collapse library dir [/cm/shared/ex3-modules/202309a/huaq/pkgs/libxml2-2.9.12/lib/../lib] ==> [/cm/shared/ex3-modules/202309a/huaq/pkgs/libxml2-2.9.12/lib]
  collapse library dir [/cm/shared/ex3-modules/202309a/huaq/pkgs/xz-5.2.7/lib/../lib] ==> [/cm/shared/ex3-modules/202309a/huaq/pkgs/xz-5.2.7/lib]
  collapse library dir [/usr/lib/gcc/aarch64-linux-gnu/11] ==> [/usr/lib/gcc/aarch64-linux-gnu/11]
  collapse library dir [/usr/lib/gcc/aarch64-linux-gnu/11/../../../aarch64-linux-gnu] ==> [/usr/lib/aarch64-linux-gnu]
  collapse library dir [/usr/lib/gcc/aarch64-linux-gnu/11/../../../../lib] ==> [/usr/lib]
  collapse library dir [/lib/aarch64-linux-gnu] ==> [/lib/aarch64-linux-gnu]
  collapse library dir [/lib/../lib] ==> [/lib]
  collapse library dir [/usr/lib/aarch64-linux-gnu] ==> [/usr/lib/aarch64-linux-gnu]
  collapse library dir [/usr/lib/../lib] ==> [/usr/lib]
  collapse library dir [/home/andreast/modules/arm/apps/flow/202309a/rpp-amgcpr-ghost-last/lib] ==> [/home/andreast/modules/arm/apps/flow/202309a/rpp-amgcpr-ghost-last/lib]
  collapse library dir [/home/andreast/modules/arm/apps/zoltan/202309a/12.16/lib] ==> [/home/andreast/modules/arm/apps/zoltan/202309a/12.16/lib]
  collapse library dir [/home/andreast/modules/arm/apps/dune/202309a/mod-2.7.1/lib] ==> [/home/andreast/modules/arm/apps/dune/202309a/mod-2.7.1/lib]
  collapse library dir [/cm/shared/ex3-modules/202309a/huaq/pkgs/suitesparse-32-5.12.0/lib] ==> [/cm/shared/ex3-modules/202309a/huaq/pkgs/suitesparse-32-5.12.0/lib]
  collapse library dir [/cm/shared/ex3-modules/202309a/huaq/pkgs/mpfr-4.0.2/lib] ==> [/cm/shared/ex3-modules/202309a/huaq/pkgs/mpfr-4.0.2/lib]
  collapse library dir [/cm/shared/ex3-modules/202309a/huaq/pkgs/gmp-6.3.0/lib] ==> [/cm/shared/ex3-modules/202309a/huaq/pkgs/gmp-6.3.0/lib]
  collapse library dir [/cm/shared/ex3-modules/202309a/huaq/pkgs/parmetis-32-4.0.3/lib] ==> [/cm/shared/ex3-modules/202309a/huaq/pkgs/parmetis-32-4.0.3/lib]
  collapse library dir [/cm/shared/ex3-modules/202309a/huaq/pkgs/metis-32-5.1.0/lib] ==> [/cm/shared/ex3-modules/202309a/huaq/pkgs/metis-32-5.1.0/lib]
  collapse library dir [/cm/shared/ex3-modules/202309a/huaq/pkgs/openblas-0.3.21/lib] ==> [/cm/shared/ex3-modules/202309a/huaq/pkgs/openblas-0.3.21/lib]
  collapse library dir [/cm/shared/ex3-modules/202309a/huaq/pkgs/boost-1.73.0/lib] ==> [/cm/shared/ex3-modules/202309a/huaq/pkgs/boost-1.73.0/lib]
  collapse library dir [/cm/shared/ex3-modules/202309a/huaq/pkgs/openmpi-4.1.4/lib] ==> [/cm/shared/ex3-modules/202309a/huaq/pkgs/openmpi-4.1.4/lib]
  collapse library dir [/cm/shared/ex3-modules/202309a/huaq/pkgs/util-linux-2.34/lib] ==> [/cm/shared/ex3-modules/202309a/huaq/pkgs/util-linux-2.34/lib]
  collapse library dir [/cm/shared/ex3-modules/202309a/huaq/pkgs/libfabric-1.17.0/lib] ==> [/cm/shared/ex3-modules/202309a/huaq/pkgs/libfabric-1.17.0/lib]
  collapse library dir [/cm/shared/ex3-modules/202309a/huaq/pkgs/ucx-1.12.1/lib] ==> [/cm/shared/ex3-modules/202309a/huaq/pkgs/ucx-1.12.1/lib]
  collapse library dir [/cm/shared/ex3-modules/202309a/huaq/pkgs/rdma-core-44.0/lib] ==> [/cm/shared/ex3-modules/202309a/huaq/pkgs/rdma-core-44.0/lib]
  collapse library dir [/cm/shared/ex3-modules/202309a/huaq/pkgs/libnl-3.2.25/lib] ==> [/cm/shared/ex3-modules/202309a/huaq/pkgs/libnl-3.2.25/lib]
  collapse library dir [/cm/shared/ex3-modules/202309a/huaq/pkgs/numactl-2.0.13/lib] ==> [/cm/shared/ex3-modules/202309a/huaq/pkgs/numactl-2.0.13/lib]
  collapse library dir [/cm/shared/ex3-modules/202309a/huaq/pkgs/libevent-2.1.12-stable/lib] ==> [/cm/shared/ex3-modules/202309a/huaq/pkgs/libevent-2.1.12-stable/lib]
  collapse library dir [/cm/shared/ex3-modules/202309a/huaq/pkgs/knem-1.1.4/lib] ==> [/cm/shared/ex3-modules/202309a/huaq/pkgs/knem-1.1.4/lib]
  collapse library dir [/cm/shared/ex3-modules/202309a/huaq/pkgs/hwloc-2.7.1/lib] ==> [/cm/shared/ex3-modules/202309a/huaq/pkgs/hwloc-2.7.1/lib]
  collapse library dir [/cm/shared/ex3-modules/202309a/huaq/pkgs/libxml2-2.9.12/lib] ==> [/cm/shared/ex3-modules/202309a/huaq/pkgs/libxml2-2.9.12/lib]
  collapse library dir [/cm/shared/ex3-modules/202309a/huaq/pkgs/xz-5.2.7/lib] ==> [/cm/shared/ex3-modules/202309a/huaq/pkgs/xz-5.2.7/lib]
  collapse library dir [/cm/shared/apps/slurm/current/lib64/slurm] ==> [/cm/shared/apps/slurm/current/lib64/slurm]
  collapse library dir [/cm/shared/apps/slurm/current/lib64] ==> [/cm/shared/apps/slurm/current/lib64]
  collapse library dir [/usr/lib/gcc/aarch64-linux-gnu/11/../../..] ==> [/usr/lib]
  implicit libs: [gcc;gcc_s;c;gcc;gcc_s]
  implicit objs: [/usr/lib/aarch64-linux-gnu/Scrt1.o;/usr/lib/aarch64-linux-gnu/crti.o;/usr/lib/gcc/aarch64-linux-gnu/11/crtbeginS.o;/usr/lib/gcc/aarch64-linux-gnu/11/crtendS.o;/usr/lib/aarch64-linux-gnu/crtn.o]
  implicit dirs: [/home/andreast/modules/arm/apps/flow/202309a/rpp-amgcpr-ghost-last/lib;/home/andreast/modules/arm/apps/zoltan/202309a/12.16/lib;/home/andreast/modules/arm/apps/dune/202309a/mod-2.7.1/lib;/cm/shared/ex3-modules/202309a/huaq/pkgs/suitesparse-32-5.12.0/lib;/cm/shared/ex3-modules/202309a/huaq/pkgs/mpfr-4.0.2/lib;/cm/shared/ex3-modules/202309a/huaq/pkgs/gmp-6.3.0/lib;/cm/shared/ex3-modules/202309a/huaq/pkgs/parmetis-32-4.0.3/lib;/cm/shared/ex3-modules/202309a/huaq/pkgs/metis-32-5.1.0/lib;/cm/shared/ex3-modules/202309a/huaq/pkgs/openblas-0.3.21/lib;/cm/shared/ex3-modules/202309a/huaq/pkgs/boost-1.73.0/lib;/cm/shared/ex3-modules/202309a/huaq/pkgs/openmpi-4.1.4/lib;/cm/shared/ex3-modules/202309a/huaq/pkgs/util-linux-2.34/lib;/cm/shared/ex3-modules/202309a/huaq/pkgs/libfabric-1.17.0/lib;/cm/shared/ex3-modules/202309a/huaq/pkgs/ucx-1.12.1/lib;/cm/shared/ex3-modules/202309a/huaq/pkgs/rdma-core-44.0/lib;/cm/shared/ex3-modules/202309a/huaq/pkgs/libnl-3.2.25/lib;/cm/shared/ex3-modules/202309a/huaq/pkgs/numactl-2.0.13/lib;/cm/shared/ex3-modules/202309a/huaq/pkgs/libevent-2.1.12-stable/lib;/cm/shared/ex3-modules/202309a/huaq/pkgs/knem-1.1.4/lib;/cm/shared/ex3-modules/202309a/huaq/pkgs/hwloc-2.7.1/lib;/cm/shared/ex3-modules/202309a/huaq/pkgs/libxml2-2.9.12/lib;/cm/shared/ex3-modules/202309a/huaq/pkgs/xz-5.2.7/lib;/usr/lib/gcc/aarch64-linux-gnu/11;/usr/lib/aarch64-linux-gnu;/usr/lib;/lib/aarch64-linux-gnu;/lib;/cm/shared/apps/slurm/current/lib64/slurm;/cm/shared/apps/slurm/current/lib64]
  implicit fwks: []


Compiling the Fortran compiler identification source file "CMakeFortranCompilerId.F" succeeded.
Compiler: /usr/bin/gfortran 
Build flags: 
Id flags: -v 

The output was:
0
Driving: /usr/bin/gfortran -v CMakeFortranCompilerId.F -l gfortran -l m -shared-libgcc
Using built-in specs.
COLLECT_GCC=/usr/bin/gfortran
COLLECT_LTO_WRAPPER=/usr/lib/gcc/aarch64-linux-gnu/11/lto-wrapper
Target: aarch64-linux-gnu
Configured with: ../src/configure -v --with-pkgversion='Ubuntu 11.4.0-1ubuntu1~22.04' --with-bugurl=file:///usr/share/doc/gcc-11/README.Bugs --enable-languages=c,ada,c++,go,d,fortran,objc,obj-c++,m2 --prefix=/usr --with-gcc-major-version-only --program-suffix=-11 --program-prefix=aarch64-linux-gnu- --enable-shared --enable-linker-build-id --libexecdir=/usr/lib --without-included-gettext --enable-threads=posix --libdir=/usr/lib --enable-nls --enable-bootstrap --enable-clocale=gnu --enable-libstdcxx-debug --enable-libstdcxx-time=yes --with-default-libstdcxx-abi=new --enable-gnu-unique-object --disable-libquadmath --disable-libquadmath-support --enable-plugin --enable-default-pie --with-system-zlib --enable-libphobos-checking=release --with-target-system-zlib=auto --enable-objc-gc=auto --enable-multiarch --enable-fix-cortex-a53-843419 --disable-werror --enable-checking=release --build=aarch64-linux-gnu --host=aarch64-linux-gnu --target=aarch64-linux-gnu --with-build-config=bootstrap-lto-lean --enable-link-serialization=2
Thread model: posix
Supported LTO compression algorithms: zlib zstd
gcc version 11.4.0 (Ubuntu 11.4.0-1ubuntu1~22.04) 
COLLECT_GCC_OPTIONS='-v' '-shared-libgcc' '-mlittle-endian' '-mabi=lp64' '-dumpdir' 'a-'
 /usr/lib/gcc/aarch64-linux-gnu/11/f951 CMakeFortranCompilerId.F -ffixed-form -cpp=/tmp/ccmtWv2O.f90 -quiet -v -imultiarch aarch64-linux-gnu CMakeFortranCompilerId.F -quiet -dumpdir a- -dumpbase CMakeFortranCompilerId.F -dumpbase-ext .F -mlittle-endian -mabi=lp64 -version -fintrinsic-modules-path /usr/lib/gcc/aarch64-linux-gnu/11/finclude -fpre-include=/usr/include/finclude/math-vector-fortran.h -o /tmp/ccVh7Ixt.s
GNU Fortran (Ubuntu 11.4.0-1ubuntu1~22.04) version 11.4.0 (aarch64-linux-gnu)
	compiled by GNU C version 11.4.0, GMP version 6.2.1, MPFR version 4.1.0, MPC version 1.2.1, isl version isl-0.24-GMP

warning: GMP header version 6.2.1 differs from library version 6.3.0.
warning: MPFR header version 4.1.0 differs from library version 4.0.2.
GGC heuristics: --param ggc-min-expand=100 --param ggc-min-heapsize=131072
ignoring nonexistent directory "/usr/local/include/aarch64-linux-gnu"
ignoring nonexistent directory "/usr/lib/gcc/aarch64-linux-gnu/11/include-fixed"
ignoring nonexistent directory "/usr/lib/gcc/aarch64-linux-gnu/11/../../../../aarch64-linux-gnu/include"
#include "..." search starts here:
#include <...> search starts here:
 /usr/lib/gcc/aarch64-linux-gnu/11/finclude
 /cm/shared/apps/slurm/current/include
 /home/andreast/modules/arm/apps/flow/202309a/rpp-amgcpr-ghost-last/include
 /home/andreast/modules/arm/apps/zoltan/202309a/12.16/include
 /home/andreast/modules/arm/apps/dune/202309a/mod-2.7.1/include
 /cm/shared/ex3-modules/202309a/huaq/pkgs/suitesparse-32-5.12.0/include
 /cm/shared/ex3-modules/202309a/huaq/pkgs/mpfr-4.0.2/include
 /cm/shared/ex3-modules/202309a/huaq/pkgs/gmp-6.3.0/include
 /cm/shared/ex3-modules/202309a/huaq/pkgs/parmetis-32-4.0.3/include
 /cm/shared/ex3-modules/202309a/huaq/pkgs/metis-32-5.1.0/include
 /cm/shared/ex3-modules/202309a/huaq/pkgs/openblas-0.3.21/include
 /cm/shared/ex3-modules/202309a/huaq/pkgs/boost-1.73.0/include
 /cm/shared/ex3-modules/202309a/huaq/pkgs/openmpi-4.1.4/include
 /cm/shared/ex3-modules/202309a/huaq/pkgs/util-linux-2.34/include
 /cm/shared/ex3-modules/202309a/huaq/pkgs/libfabric-1.17.0/include
 /cm/shared/ex3-modules/202309a/huaq/pkgs/ucx-1.12.1/include
 /cm/shared/ex3-modules/202309a/huaq/pkgs/rdma-core-44.0/include
 /cm/shared/ex3-modules/202309a/huaq/pkgs/libnl-3.2.25/include/libnl3
 /cm/shared/ex3-modules/202309a/huaq/pkgs/numactl-2.0.13/include
 /cm/shared/ex3-modules/202309a/huaq/pkgs/libevent-2.1.12-stable/include
 /cm/shared/ex3-modules/202309a/huaq/pkgs/knem-1.1.4/include
 /cm/shared/ex3-modules/202309a/huaq/pkgs/hwloc-2.7.1/include
 /cm/shared/ex3-modules/202309a/huaq/pkgs/libxml2-2.9.12/include
 /cm/shared/ex3-modules/202309a/huaq/pkgs/xz-5.2.7/include
 /usr/lib/gcc/aarch64-linux-gnu/11/include
 /usr/local/include
 /usr/include/aarch64-linux-gnu
 /usr/include
End of search list.
GNU Fortran2008 (Ubuntu 11.4.0-1ubuntu1~22.04) version 11.4.0 (aarch64-linux-gnu)
	compiled by GNU C version 11.4.0, GMP version 6.2.1, MPFR version 4.1.0, MPC version 1.2.1, isl version isl-0.24-GMP

warning: GMP header version 6.2.1 differs from library version 6.3.0.
warning: MPFR header version 4.1.0 differs from library version 4.0.2.
GGC heuristics: --param ggc-min-expand=100 --param ggc-min-heapsize=131072
COLLECT_GCC_OPTIONS='-v' '-shared-libgcc' '-mlittle-endian' '-mabi=lp64' '-dumpdir' 'a-'
 as -v -EL -mabi=lp64 -o /tmp/ccCrP1Dp.o /tmp/ccVh7Ixt.s
GNU assembler version 2.38 (aarch64-linux-gnu) using BFD version (GNU Binutils for Ubuntu) 2.38
Reading specs from /usr/lib/gcc/aarch64-linux-gnu/11/libgfortran.spec
rename spec lib to liborig
COLLECT_GCC_OPTIONS='-v' '-shared-libgcc' '-mlittle-endian' '-mabi=lp64' '-dumpdir' 'a-'
COMPILER_PATH=/usr/lib/gcc/aarch64-linux-gnu/11/:/usr/lib/gcc/aarch64-linux-gnu/11/:/usr/lib/gcc/aarch64-linux-gnu/:/usr/lib/gcc/aarch64-linux-gnu/11/:/usr/lib/gcc/aarch64-linux-gnu/
LIBRARY_PATH=/home/andreast/modules/arm/apps/flow/202309a/rpp-amgcpr-ghost-last/lib/../lib/:/home/andreast/modules/arm/apps/zoltan/202309a/12.16/lib/../lib/:/home/andreast/modules/arm/apps/dune/202309a/mod-2.7.1/lib/../lib/:/cm/shared/ex3-modules/202309a/huaq/pkgs/suitesparse-32-5.12.0/lib/../lib/:/cm/shared/ex3-modules/202309a/huaq/pkgs/mpfr-4.0.2/lib/../lib/:/cm/shared/ex3-modules/202309a/huaq/pkgs/gmp-6.3.0/lib/../lib/:/cm/shared/ex3-modules/202309a/huaq/pkgs/parmetis-32-4.0.3/lib/../lib/:/cm/shared/ex3-modules/202309a/huaq/pkgs/metis-32-5.1.0/lib/../lib/:/cm/shared/ex3-modules/202309a/huaq/pkgs/openblas-0.3.21/lib/../lib/:/cm/shared/ex3-modules/202309a/huaq/pkgs/boost-1.73.0/lib/../lib/:/cm/shared/ex3-modules/202309a/huaq/pkgs/openmpi-4.1.4/lib/../lib/:/cm/shared/ex3-modules/202309a/huaq/pkgs/util-linux-2.34/lib/../lib/:/cm/shared/ex3-modules/202309a/huaq/pkgs/libfabric-1.17.0/lib/../lib/:/cm/shared/ex3-modules/202309a/huaq/pkgs/ucx-1.12.1/lib/../lib/:/cm/shared/ex3-modules/202309a/huaq/pkgs/rdma-core-44.0/lib/../lib/:/cm/shared/ex3-modules/202309a/huaq/pkgs/libnl-3.2.25/lib/../lib/:/cm/shared/ex3-modules/202309a/huaq/pkgs/numactl-2.0.13/lib/../lib/:/cm/shared/ex3-modules/202309a/huaq/pkgs/libevent-2.1.12-stable/lib/../lib/:/cm/shared/ex3-modules/202309a/huaq/pkgs/knem-1.1.4/lib/../lib/:/cm/shared/ex3-modules/202309a/huaq/pkgs/hwloc-2.7.1/lib/../lib/:/cm/shared/ex3-modules/202309a/huaq/pkgs/libxml2-2.9.12/lib/../lib/:/cm/shared/ex3-modules/202309a/huaq/pkgs/xz-5.2.7/lib/../lib/:/usr/lib/gcc/aarch64-linux-gnu/11/:/usr/lib/gcc/aarch64-linux-gnu/11/../../../aarch64-linux-gnu/:/usr/lib/gcc/aarch64-linux-gnu/11/../../../../lib/:/lib/aarch64-linux-gnu/:/lib/../lib/:/usr/lib/aarch64-linux-gnu/:/usr/lib/../lib/:/home/andreast/modules/arm/apps/flow/202309a/rpp-amgcpr-ghost-last/lib/:/home/andreast/modules/arm/apps/zoltan/202309a/12.16/lib/:/home/andreast/modules/arm/apps/dune/202309a/mod-2.7.1/lib/:/cm/shared/ex3-modules/202309a/huaq/pkgs/suitesparse-32-5.12.0/lib/:/cm/shared/ex3-modules/202309a/huaq/pkgs/mpfr-4.0.2/lib/:/cm/shared/ex3-modules/202309a/huaq/pkgs/gmp-6.3.0/lib/:/cm/shared/ex3-modules/202309a/huaq/pkgs/parmetis-32-4.0.3/lib/:/cm/shared/ex3-modules/202309a/huaq/pkgs/metis-32-5.1.0/lib/:/cm/shared/ex3-modules/202309a/huaq/pkgs/openblas-0.3.21/lib/:/cm/shared/ex3-modules/202309a/huaq/pkgs/boost-1.73.0/lib/:/cm/shared/ex3-modules/202309a/huaq/pkgs/openmpi-4.1.4/lib/:/cm/shared/ex3-modules/202309a/huaq/pkgs/util-linux-2.34/lib/:/cm/shared/ex3-modules/202309a/huaq/pkgs/libfabric-1.17.0/lib/:/cm/shared/ex3-modules/202309a/huaq/pkgs/ucx-1.12.1/lib/:/cm/shared/ex3-modules/202309a/huaq/pkgs/rdma-core-44.0/lib/:/cm/shared/ex3-modules/202309a/huaq/pkgs/libnl-3.2.25/lib/:/cm/shared/ex3-modules/202309a/huaq/pkgs/numactl-2.0.13/lib/:/cm/shared/ex3-modules/202309a/huaq/pkgs/libevent-2.1.12-stable/lib/:/cm/shared/ex3-modules/202309a/huaq/pkgs/knem-1.1.4/lib/:/cm/shared/ex3-modules/202309a/huaq/pkgs/hwloc-2.7.1/lib/:/cm/shared/ex3-modules/202309a/huaq/pkgs/libxml2-2.9.12/lib/:/cm/shared/ex3-modules/202309a/huaq/pkgs/xz-5.2.7/lib/:/cm/shared/apps/slurm/current/lib64/slurm/:/cm/shared/apps/slurm/current/lib64/:/usr/lib/gcc/aarch64-linux-gnu/11/../../../:/lib/:/usr/lib/
COLLECT_GCC_OPTIONS='-v' '-shared-libgcc' '-mlittle-endian' '-mabi=lp64' '-dumpdir' 'a.'
 /usr/lib/gcc/aarch64-linux-gnu/11/collect2 -plugin /usr/lib/gcc/aarch64-linux-gnu/11/liblto_plugin.so -plugin-opt=/usr/lib/gcc/aarch64-linux-gnu/11/lto-wrapper -plugin-opt=-fresolution=/tmp/ccHWqHAk.res -plugin-opt=-pass-through=-lgcc_s -plugin-opt=-pass-through=-lgcc -plugin-opt=-pass-through=-lm -plugin-opt=-pass-through=-lgcc_s -plugin-opt=-pass-through=-lgcc -plugin-opt=-pass-through=-lc -plugin-opt=-pass-through=-lgcc_s -plugin-opt=-pass-through=-lgcc --build-id --eh-frame-hdr --hash-style=gnu --as-needed -dynamic-linker /lib/ld-linux-aarch64.so.1 -X -EL -maarch64linux --fix-cortex-a53-843419 -pie -z now -z relro /usr/lib/gcc/aarch64-linux-gnu/11/../../../aarch64-linux-gnu/Scrt1.o /usr/lib/gcc/aarch64-linux-gnu/11/../../../aarch64-linux-gnu/crti.o /usr/lib/gcc/aarch64-linux-gnu/11/crtbeginS.o -L/home/andreast/modules/arm/apps/flow/202309a/rpp-amgcpr-ghost-last/lib/../lib -L/home/andreast/modules/arm/apps/zoltan/202309a/12.16/lib/../lib -L/home/andreast/modules/arm/apps/dune/202309a/mod-2.7.1/lib/../lib -L/cm/shared/ex3-modules/202309a/huaq/pkgs/suitesparse-32-5.12.0/lib/../lib -L/cm/shared/ex3-modules/202309a/huaq/pkgs/mpfr-4.0.2/lib/../lib -L/cm/shared/ex3-modules/202309a/huaq/pkgs/gmp-6.3.0/lib/../lib -L/cm/shared/ex3-modules/202309a/huaq/pkgs/parmetis-32-4.0.3/lib/../lib -L/cm/shared/ex3-modules/202309a/huaq/pkgs/metis-32-5.1.0/lib/../lib -L/cm/shared/ex3-modules/202309a/huaq/pkgs/openblas-0.3.21/lib/../lib -L/cm/shared/ex3-modules/202309a/huaq/pkgs/boost-1.73.0/lib/../lib -L/cm/shared/ex3-modules/202309a/huaq/pkgs/openmpi-4.1.4/lib/../lib -L/cm/shared/ex3-modules/202309a/huaq/pkgs/util-linux-2.34/lib/../lib -L/cm/shared/ex3-modules/202309a/huaq/pkgs/libfabric-1.17.0/lib/../lib -L/cm/shared/ex3-modules/202309a/huaq/pkgs/ucx-1.12.1/lib/../lib -L/cm/shared/ex3-modules/202309a/huaq/pkgs/rdma-core-44.0/lib/../lib -L/cm/shared/ex3-modules/202309a/huaq/pkgs/libnl-3.2.25/lib/../lib -L/cm/shared/ex3-modules/202309a/huaq/pkgs/numactl-2.0.13/lib/../lib -L/cm/shared/ex3-modules/202309a/huaq/pkgs/libevent-2.1.12-stable/lib/../lib -L/cm/shared/ex3-modules/202309a/huaq/pkgs/knem-1.1.4/lib/../lib -L/cm/shared/ex3-modules/202309a/huaq/pkgs/hwloc-2.7.1/lib/../lib -L/cm/shared/ex3-modules/202309a/huaq/pkgs/libxml2-2.9.12/lib/../lib -L/cm/shared/ex3-modules/202309a/huaq/pkgs/xz-5.2.7/lib/../lib -L/usr/lib/gcc/aarch64-linux-gnu/11 -L/usr/lib/gcc/aarch64-linux-gnu/11/../../../aarch64-linux-gnu -L/usr/lib/gcc/aarch64-linux-gnu/11/../../../../lib -L/lib/aarch64-linux-gnu -L/lib/../lib -L/usr/lib/aarch64-linux-gnu -L/usr/lib/../lib -L/home/andreast/modules/arm/apps/flow/202309a/rpp-amgcpr-ghost-last/lib -L/home/andreast/modules/arm/apps/zoltan/202309a/12.16/lib -L/home/andreast/modules/arm/apps/dune/202309a/mod-2.7.1/lib -L/cm/shared/ex3-modules/202309a/huaq/pkgs/suitesparse-32-5.12.0/lib -L/cm/shared/ex3-modules/202309a/huaq/pkgs/mpfr-4.0.2/lib -L/cm/shared/ex3-modules/202309a/huaq/pkgs/gmp-6.3.0/lib -L/cm/shared/ex3-modules/202309a/huaq/pkgs/parmetis-32-4.0.3/lib -L/cm/shared/ex3-modules/202309a/huaq/pkgs/metis-32-5.1.0/lib -L/cm/shared/ex3-modules/202309a/huaq/pkgs/openblas-0.3.21/lib -L/cm/shared/ex3-modules/202309a/huaq/pkgs/boost-1.73.0/lib -L/cm/shared/ex3-modules/202309a/huaq/pkgs/openmpi-4.1.4/lib -L/cm/shared/ex3-modules/202309a/huaq/pkgs/util-linux-2.34/lib -L/cm/shared/ex3-modules/202309a/huaq/pkgs/libfabric-1.17.0/lib -L/cm/shared/ex3-modules/202309a/huaq/pkgs/ucx-1.12.1/lib -L/cm/shared/ex3-modules/202309a/huaq/pkgs/rdma-core-44.0/lib -L/cm/shared/ex3-modules/202309a/huaq/pkgs/libnl-3.2.25/lib -L/cm/shared/ex3-modules/202309a/huaq/pkgs/numactl-2.0.13/lib -L/cm/shared/ex3-modules/202309a/huaq/pkgs/libevent-2.1.12-stable/lib -L/cm/shared/ex3-modules/202309a/huaq/pkgs/knem-1.1.4/lib -L/cm/shared/ex3-modules/202309a/huaq/pkgs/hwloc-2.7.1/lib -L/cm/shared/ex3-modules/202309a/huaq/pkgs/libxml2-2.9.12/lib -L/cm/shared/ex3-modules/202309a/huaq/pkgs/xz-5.2.7/lib -L/cm/shared/apps/slurm/current/lib64/slurm -L/cm/shared/apps/slurm/current/lib64 -L/usr/lib/gcc/aarch64-linux-gnu/11/../../.. /tmp/ccCrP1Dp.o -lgfortran -lm -lgcc_s -lgcc -lm -lgcc_s -lgcc -lc -lgcc_s -lgcc /usr/lib/gcc/aarch64-linux-gnu/11/crtendS.o /usr/lib/gcc/aarch64-linux-gnu/11/../../../aarch64-linux-gnu/crtn.o
COLLECT_GCC_OPTIONS='-v' '-shared-libgcc' '-mlittle-endian' '-mabi=lp64' '-dumpdir' 'a.'


Compilation of the Fortran compiler identification source "CMakeFortranCompilerId.F" produced "a.out"

The Fortran compiler identification is GNU, found in "/home/erikhs/MatrixProblems/build_aarch64/CMakeFiles/3.22.3/CompilerIdFortran/a.out"

Detecting Fortran compiler ABI info compiled with the following output:
Change Dir: /home/erikhs/MatrixProblems/build_aarch64/CMakeFiles/CMakeTmp

Run Build Command(s):/usr/bin/gmake -f Makefile cmTC_83f6c/fast && /usr/bin/gmake  -f CMakeFiles/cmTC_83f6c.dir/build.make CMakeFiles/cmTC_83f6c.dir/build
gmake[1]: Entering directory '/home/erikhs/MatrixProblems/build_aarch64/CMakeFiles/CMakeTmp'
Building Fortran object CMakeFiles/cmTC_83f6c.dir/CMakeFortranCompilerABI.F90.o
/usr/bin/gfortran   -v -c /cm/shared/ex3-modules/202309a/huaq/pkgs/cmake-3.22.3/share/cmake-3.22/Modules/CMakeFortranCompilerABI.F90 -o CMakeFiles/cmTC_83f6c.dir/CMakeFortranCompilerABI.F90.o
Using built-in specs.
COLLECT_GCC=/usr/bin/gfortran
Target: aarch64-linux-gnu
Configured with: ../src/configure -v --with-pkgversion='Ubuntu 11.4.0-1ubuntu1~22.04' --with-bugurl=file:///usr/share/doc/gcc-11/README.Bugs --enable-languages=c,ada,c++,go,d,fortran,objc,obj-c++,m2 --prefix=/usr --with-gcc-major-version-only --program-suffix=-11 --program-prefix=aarch64-linux-gnu- --enable-shared --enable-linker-build-id --libexecdir=/usr/lib --without-included-gettext --enable-threads=posix --libdir=/usr/lib --enable-nls --enable-bootstrap --enable-clocale=gnu --enable-libstdcxx-debug --enable-libstdcxx-time=yes --with-default-libstdcxx-abi=new --enable-gnu-unique-object --disable-libquadmath --disable-libquadmath-support --enable-plugin --enable-default-pie --with-system-zlib --enable-libphobos-checking=release --with-target-system-zlib=auto --enable-objc-gc=auto --enable-multiarch --enable-fix-cortex-a53-843419 --disable-werror --enable-checking=release --build=aarch64-linux-gnu --host=aarch64-linux-gnu --target=aarch64-linux-gnu --with-build-config=bootstrap-lto-lean --enable-link-serialization=2
Thread model: posix
Supported LTO compression algorithms: zlib zstd
gcc version 11.4.0 (Ubuntu 11.4.0-1ubuntu1~22.04) 
COLLECT_GCC_OPTIONS='-v' '-c' '-o' 'CMakeFiles/cmTC_83f6c.dir/CMakeFortranCompilerABI.F90.o' '-mlittle-endian' '-mabi=lp64' '-dumpdir' 'CMakeFiles/cmTC_83f6c.dir/'
 /usr/lib/gcc/aarch64-linux-gnu/11/f951 /cm/shared/ex3-modules/202309a/huaq/pkgs/cmake-3.22.3/share/cmake-3.22/Modules/CMakeFortranCompilerABI.F90 -cpp=/tmp/ccoMqcBx.f90 -quiet -v -imultiarch aarch64-linux-gnu /cm/shared/ex3-modules/202309a/huaq/pkgs/cmake-3.22.3/share/cmake-3.22/Modules/CMakeFortranCompilerABI.F90 -quiet -dumpdir CMakeFiles/cmTC_83f6c.dir/ -dumpbase CMakeFortranCompilerABI.F90.F90 -dumpbase-ext .F90 -mlittle-endian -mabi=lp64 -version -fintrinsic-modules-path /usr/lib/gcc/aarch64-linux-gnu/11/finclude -fpre-include=/usr/include/finclude/math-vector-fortran.h -o /tmp/ccvjfCi1.s
GNU Fortran (Ubuntu 11.4.0-1ubuntu1~22.04) version 11.4.0 (aarch64-linux-gnu)
	compiled by GNU C version 11.4.0, GMP version 6.2.1, MPFR version 4.1.0, MPC version 1.2.1, isl version isl-0.24-GMP

warning: GMP header version 6.2.1 differs from library version 6.3.0.
warning: MPFR header version 4.1.0 differs from library version 4.0.2.
GGC heuristics: --param ggc-min-expand=100 --param ggc-min-heapsize=131072
ignoring nonexistent directory "/usr/local/include/aarch64-linux-gnu"
ignoring nonexistent directory "/usr/lib/gcc/aarch64-linux-gnu/11/include-fixed"
ignoring nonexistent directory "/usr/lib/gcc/aarch64-linux-gnu/11/../../../../aarch64-linux-gnu/include"
#include "..." search starts here:
#include <...> search starts here:
 /usr/lib/gcc/aarch64-linux-gnu/11/finclude
 /cm/shared/apps/slurm/current/include
 /home/andreast/modules/arm/apps/flow/202309a/rpp-amgcpr-ghost-last/include
 /home/andreast/modules/arm/apps/zoltan/202309a/12.16/include
 /home/andreast/modules/arm/apps/dune/202309a/mod-2.7.1/include
 /cm/shared/ex3-modules/202309a/huaq/pkgs/suitesparse-32-5.12.0/include
 /cm/shared/ex3-modules/202309a/huaq/pkgs/mpfr-4.0.2/include
 /cm/shared/ex3-modules/202309a/huaq/pkgs/gmp-6.3.0/include
 /cm/shared/ex3-modules/202309a/huaq/pkgs/parmetis-32-4.0.3/include
 /cm/shared/ex3-modules/202309a/huaq/pkgs/metis-32-5.1.0/include
 /cm/shared/ex3-modules/202309a/huaq/pkgs/openblas-0.3.21/include
 /cm/shared/ex3-modules/202309a/huaq/pkgs/boost-1.73.0/include
 /cm/shared/ex3-modules/202309a/huaq/pkgs/openmpi-4.1.4/include
 /cm/shared/ex3-modules/202309a/huaq/pkgs/util-linux-2.34/include
 /cm/shared/ex3-modules/202309a/huaq/pkgs/libfabric-1.17.0/include
 /cm/shared/ex3-modules/202309a/huaq/pkgs/ucx-1.12.1/include
 /cm/shared/ex3-modules/202309a/huaq/pkgs/rdma-core-44.0/include
 /cm/shared/ex3-modules/202309a/huaq/pkgs/libnl-3.2.25/include/libnl3
 /cm/shared/ex3-modules/202309a/huaq/pkgs/numactl-2.0.13/include
 /cm/shared/ex3-modules/202309a/huaq/pkgs/libevent-2.1.12-stable/include
 /cm/shared/ex3-modules/202309a/huaq/pkgs/knem-1.1.4/include
 /cm/shared/ex3-modules/202309a/huaq/pkgs/hwloc-2.7.1/include
 /cm/shared/ex3-modules/202309a/huaq/pkgs/libxml2-2.9.12/include
 /cm/shared/ex3-modules/202309a/huaq/pkgs/xz-5.2.7/include
 /usr/lib/gcc/aarch64-linux-gnu/11/include
 /usr/local/include
 /usr/include/aarch64-linux-gnu
 /usr/include
End of search list.
GNU Fortran2008 (Ubuntu 11.4.0-1ubuntu1~22.04) version 11.4.0 (aarch64-linux-gnu)
	compiled by GNU C version 11.4.0, GMP version 6.2.1, MPFR version 4.1.0, MPC version 1.2.1, isl version isl-0.24-GMP

warning: GMP header version 6.2.1 differs from library version 6.3.0.
warning: MPFR header version 4.1.0 differs from library version 4.0.2.
GGC heuristics: --param ggc-min-expand=100 --param ggc-min-heapsize=131072
COLLECT_GCC_OPTIONS='-v' '-c' '-o' 'CMakeFiles/cmTC_83f6c.dir/CMakeFortranCompilerABI.F90.o' '-mlittle-endian' '-mabi=lp64' '-dumpdir' 'CMakeFiles/cmTC_83f6c.dir/'
 as -v -EL -mabi=lp64 -o CMakeFiles/cmTC_83f6c.dir/CMakeFortranCompilerABI.F90.o /tmp/ccvjfCi1.s
GNU assembler version 2.38 (aarch64-linux-gnu) using BFD version (GNU Binutils for Ubuntu) 2.38
COMPILER_PATH=/usr/lib/gcc/aarch64-linux-gnu/11/:/usr/lib/gcc/aarch64-linux-gnu/11/:/usr/lib/gcc/aarch64-linux-gnu/:/usr/lib/gcc/aarch64-linux-gnu/11/:/usr/lib/gcc/aarch64-linux-gnu/
LIBRARY_PATH=/home/andreast/modules/arm/apps/flow/202309a/rpp-amgcpr-ghost-last/lib/../lib/:/home/andreast/modules/arm/apps/zoltan/202309a/12.16/lib/../lib/:/home/andreast/modules/arm/apps/dune/202309a/mod-2.7.1/lib/../lib/:/cm/shared/ex3-modules/202309a/huaq/pkgs/suitesparse-32-5.12.0/lib/../lib/:/cm/shared/ex3-modules/202309a/huaq/pkgs/mpfr-4.0.2/lib/../lib/:/cm/shared/ex3-modules/202309a/huaq/pkgs/gmp-6.3.0/lib/../lib/:/cm/shared/ex3-modules/202309a/huaq/pkgs/parmetis-32-4.0.3/lib/../lib/:/cm/shared/ex3-modules/202309a/huaq/pkgs/metis-32-5.1.0/lib/../lib/:/cm/shared/ex3-modules/202309a/huaq/pkgs/openblas-0.3.21/lib/../lib/:/cm/shared/ex3-modules/202309a/huaq/pkgs/boost-1.73.0/lib/../lib/:/cm/shared/ex3-modules/202309a/huaq/pkgs/openmpi-4.1.4/lib/../lib/:/cm/shared/ex3-modules/202309a/huaq/pkgs/util-linux-2.34/lib/../lib/:/cm/shared/ex3-modules/202309a/huaq/pkgs/libfabric-1.17.0/lib/../lib/:/cm/shared/ex3-modules/202309a/huaq/pkgs/ucx-1.12.1/lib/../lib/:/cm/shared/ex3-modules/202309a/huaq/pkgs/rdma-core-44.0/lib/../lib/:/cm/shared/ex3-modules/202309a/huaq/pkgs/libnl-3.2.25/lib/../lib/:/cm/shared/ex3-modules/202309a/huaq/pkgs/numactl-2.0.13/lib/../lib/:/cm/shared/ex3-modules/202309a/huaq/pkgs/libevent-2.1.12-stable/lib/../lib/:/cm/shared/ex3-modules/202309a/huaq/pkgs/knem-1.1.4/lib/../lib/:/cm/shared/ex3-modules/202309a/huaq/pkgs/hwloc-2.7.1/lib/../lib/:/cm/shared/ex3-modules/202309a/huaq/pkgs/libxml2-2.9.12/lib/../lib/:/cm/shared/ex3-modules/202309a/huaq/pkgs/xz-5.2.7/lib/../lib/:/usr/lib/gcc/aarch64-linux-gnu/11/:/usr/lib/gcc/aarch64-linux-gnu/11/../../../aarch64-linux-gnu/:/usr/lib/gcc/aarch64-linux-gnu/11/../../../../lib/:/lib/aarch64-linux-gnu/:/lib/../lib/:/usr/lib/aarch64-linux-gnu/:/usr/lib/../lib/:/home/andreast/modules/arm/apps/flow/202309a/rpp-amgcpr-ghost-last/lib/:/home/andreast/modules/arm/apps/zoltan/202309a/12.16/lib/:/home/andreast/modules/arm/apps/dune/202309a/mod-2.7.1/lib/:/cm/shared/ex3-modules/202309a/huaq/pkgs/suitesparse-32-5.12.0/lib/:/cm/shared/ex3-modules/202309a/huaq/pkgs/mpfr-4.0.2/lib/:/cm/shared/ex3-modules/202309a/huaq/pkgs/gmp-6.3.0/lib/:/cm/shared/ex3-modules/202309a/huaq/pkgs/parmetis-32-4.0.3/lib/:/cm/shared/ex3-modules/202309a/huaq/pkgs/metis-32-5.1.0/lib/:/cm/shared/ex3-modules/202309a/huaq/pkgs/openblas-0.3.21/lib/:/cm/shared/ex3-modules/202309a/huaq/pkgs/boost-1.73.0/lib/:/cm/shared/ex3-modules/202309a/huaq/pkgs/openmpi-4.1.4/lib/:/cm/shared/ex3-modules/202309a/huaq/pkgs/util-linux-2.34/lib/:/cm/shared/ex3-modules/202309a/huaq/pkgs/libfabric-1.17.0/lib/:/cm/shared/ex3-modules/202309a/huaq/pkgs/ucx-1.12.1/lib/:/cm/shared/ex3-modules/202309a/huaq/pkgs/rdma-core-44.0/lib/:/cm/shared/ex3-modules/202309a/huaq/pkgs/libnl-3.2.25/lib/:/cm/shared/ex3-modules/202309a/huaq/pkgs/numactl-2.0.13/lib/:/cm/shared/ex3-modules/202309a/huaq/pkgs/libevent-2.1.12-stable/lib/:/cm/shared/ex3-modules/202309a/huaq/pkgs/knem-1.1.4/lib/:/cm/shared/ex3-modules/202309a/huaq/pkgs/hwloc-2.7.1/lib/:/cm/shared/ex3-modules/202309a/huaq/pkgs/libxml2-2.9.12/lib/:/cm/shared/ex3-modules/202309a/huaq/pkgs/xz-5.2.7/lib/:/cm/shared/apps/slurm/current/lib64/slurm/:/cm/shared/apps/slurm/current/lib64/:/usr/lib/gcc/aarch64-linux-gnu/11/../../../:/lib/:/usr/lib/
COLLECT_GCC_OPTIONS='-v' '-c' '-o' 'CMakeFiles/cmTC_83f6c.dir/CMakeFortranCompilerABI.F90.o' '-mlittle-endian' '-mabi=lp64' '-dumpdir' 'CMakeFiles/cmTC_83f6c.dir/CMakeFortranCompilerABI.F90.'
Linking Fortran executable cmTC_83f6c
/cm/shared/ex3-modules/202309a/huaq/pkgs/cmake-3.22.3/bin/cmake -E cmake_link_script CMakeFiles/cmTC_83f6c.dir/link.txt --verbose=1
/usr/bin/gfortran  -v CMakeFiles/cmTC_83f6c.dir/CMakeFortranCompilerABI.F90.o -o cmTC_83f6c 
Driving: /usr/bin/gfortran -v CMakeFiles/cmTC_83f6c.dir/CMakeFortranCompilerABI.F90.o -o cmTC_83f6c -l gfortran -l m -shared-libgcc
Using built-in specs.
COLLECT_GCC=/usr/bin/gfortran
COLLECT_LTO_WRAPPER=/usr/lib/gcc/aarch64-linux-gnu/11/lto-wrapper
Target: aarch64-linux-gnu
Configured with: ../src/configure -v --with-pkgversion='Ubuntu 11.4.0-1ubuntu1~22.04' --with-bugurl=file:///usr/share/doc/gcc-11/README.Bugs --enable-languages=c,ada,c++,go,d,fortran,objc,obj-c++,m2 --prefix=/usr --with-gcc-major-version-only --program-suffix=-11 --program-prefix=aarch64-linux-gnu- --enable-shared --enable-linker-build-id --libexecdir=/usr/lib --without-included-gettext --enable-threads=posix --libdir=/usr/lib --enable-nls --enable-bootstrap --enable-clocale=gnu --enable-libstdcxx-debug --enable-libstdcxx-time=yes --with-default-libstdcxx-abi=new --enable-gnu-unique-object --disable-libquadmath --disable-libquadmath-support --enable-plugin --enable-default-pie --with-system-zlib --enable-libphobos-checking=release --with-target-system-zlib=auto --enable-objc-gc=auto --enable-multiarch --enable-fix-cortex-a53-843419 --disable-werror --enable-checking=release --build=aarch64-linux-gnu --host=aarch64-linux-gnu --target=aarch64-linux-gnu --with-build-config=bootstrap-lto-lean --enable-link-serialization=2
Thread model: posix
Supported LTO compression algorithms: zlib zstd
gcc version 11.4.0 (Ubuntu 11.4.0-1ubuntu1~22.04) 
Reading specs from /usr/lib/gcc/aarch64-linux-gnu/11/libgfortran.spec
rename spec lib to liborig
COLLECT_GCC_OPTIONS='-v' '-o' 'cmTC_83f6c' '-shared-libgcc' '-mlittle-endian' '-mabi=lp64' '-dumpdir' 'cmTC_83f6c-'
COMPILER_PATH=/usr/lib/gcc/aarch64-linux-gnu/11/:/usr/lib/gcc/aarch64-linux-gnu/11/:/usr/lib/gcc/aarch64-linux-gnu/:/usr/lib/gcc/aarch64-linux-gnu/11/:/usr/lib/gcc/aarch64-linux-gnu/
LIBRARY_PATH=/home/andreast/modules/arm/apps/flow/202309a/rpp-amgcpr-ghost-last/lib/../lib/:/home/andreast/modules/arm/apps/zoltan/202309a/12.16/lib/../lib/:/home/andreast/modules/arm/apps/dune/202309a/mod-2.7.1/lib/../lib/:/cm/shared/ex3-modules/202309a/huaq/pkgs/suitesparse-32-5.12.0/lib/../lib/:/cm/shared/ex3-modules/202309a/huaq/pkgs/mpfr-4.0.2/lib/../lib/:/cm/shared/ex3-modules/202309a/huaq/pkgs/gmp-6.3.0/lib/../lib/:/cm/shared/ex3-modules/202309a/huaq/pkgs/parmetis-32-4.0.3/lib/../lib/:/cm/shared/ex3-modules/202309a/huaq/pkgs/metis-32-5.1.0/lib/../lib/:/cm/shared/ex3-modules/202309a/huaq/pkgs/openblas-0.3.21/lib/../lib/:/cm/shared/ex3-modules/202309a/huaq/pkgs/boost-1.73.0/lib/../lib/:/cm/shared/ex3-modules/202309a/huaq/pkgs/openmpi-4.1.4/lib/../lib/:/cm/shared/ex3-modules/202309a/huaq/pkgs/util-linux-2.34/lib/../lib/:/cm/shared/ex3-modules/202309a/huaq/pkgs/libfabric-1.17.0/lib/../lib/:/cm/shared/ex3-modules/202309a/huaq/pkgs/ucx-1.12.1/lib/../lib/:/cm/shared/ex3-modules/202309a/huaq/pkgs/rdma-core-44.0/lib/../lib/:/cm/shared/ex3-modules/202309a/huaq/pkgs/libnl-3.2.25/lib/../lib/:/cm/shared/ex3-modules/202309a/huaq/pkgs/numactl-2.0.13/lib/../lib/:/cm/shared/ex3-modules/202309a/huaq/pkgs/libevent-2.1.12-stable/lib/../lib/:/cm/shared/ex3-modules/202309a/huaq/pkgs/knem-1.1.4/lib/../lib/:/cm/shared/ex3-modules/202309a/huaq/pkgs/hwloc-2.7.1/lib/../lib/:/cm/shared/ex3-modules/202309a/huaq/pkgs/libxml2-2.9.12/lib/../lib/:/cm/shared/ex3-modules/202309a/huaq/pkgs/xz-5.2.7/lib/../lib/:/usr/lib/gcc/aarch64-linux-gnu/11/:/usr/lib/gcc/aarch64-linux-gnu/11/../../../aarch64-linux-gnu/:/usr/lib/gcc/aarch64-linux-gnu/11/../../../../lib/:/lib/aarch64-linux-gnu/:/lib/../lib/:/usr/lib/aarch64-linux-gnu/:/usr/lib/../lib/:/home/andreast/modules/arm/apps/flow/202309a/rpp-amgcpr-ghost-last/lib/:/home/andreast/modules/arm/apps/zoltan/202309a/12.16/lib/:/home/andreast/modules/arm/apps/dune/202309a/mod-2.7.1/lib/:/cm/shared/ex3-modules/202309a/huaq/pkgs/suitesparse-32-5.12.0/lib/:/cm/shared/ex3-modules/202309a/huaq/pkgs/mpfr-4.0.2/lib/:/cm/shared/ex3-modules/202309a/huaq/pkgs/gmp-6.3.0/lib/:/cm/shared/ex3-modules/202309a/huaq/pkgs/parmetis-32-4.0.3/lib/:/cm/shared/ex3-modules/202309a/huaq/pkgs/metis-32-5.1.0/lib/:/cm/shared/ex3-modules/202309a/huaq/pkgs/openblas-0.3.21/lib/:/cm/shared/ex3-modules/202309a/huaq/pkgs/boost-1.73.0/lib/:/cm/shared/ex3-modules/202309a/huaq/pkgs/openmpi-4.1.4/lib/:/cm/shared/ex3-modules/202309a/huaq/pkgs/util-linux-2.34/lib/:/cm/shared/ex3-modules/202309a/huaq/pkgs/libfabric-1.17.0/lib/:/cm/shared/ex3-modules/202309a/huaq/pkgs/ucx-1.12.1/lib/:/cm/shared/ex3-modules/202309a/huaq/pkgs/rdma-core-44.0/lib/:/cm/shared/ex3-modules/202309a/huaq/pkgs/libnl-3.2.25/lib/:/cm/shared/ex3-modules/202309a/huaq/pkgs/numactl-2.0.13/lib/:/cm/shared/ex3-modules/202309a/huaq/pkgs/libevent-2.1.12-stable/lib/:/cm/shared/ex3-modules/202309a/huaq/pkgs/knem-1.1.4/lib/:/cm/shared/ex3-modules/202309a/huaq/pkgs/hwloc-2.7.1/lib/:/cm/shared/ex3-modules/202309a/huaq/pkgs/libxml2-2.9.12/lib/:/cm/shared/ex3-modules/202309a/huaq/pkgs/xz-5.2.7/lib/:/cm/shared/apps/slurm/current/lib64/slurm/:/cm/shared/apps/slurm/current/lib64/:/usr/lib/gcc/aarch64-linux-gnu/11/../../../:/lib/:/usr/lib/
COLLECT_GCC_OPTIONS='-v' '-o' 'cmTC_83f6c' '-shared-libgcc' '-mlittle-endian' '-mabi=lp64' '-dumpdir' 'cmTC_83f6c.'
 /usr/lib/gcc/aarch64-linux-gnu/11/collect2 -plugin /usr/lib/gcc/aarch64-linux-gnu/11/liblto_plugin.so -plugin-opt=/usr/lib/gcc/aarch64-linux-gnu/11/lto-wrapper -plugin-opt=-fresolution=/tmp/ccLdls8I.res -plugin-opt=-pass-through=-lgcc_s -plugin-opt=-pass-through=-lgcc -plugin-opt=-pass-through=-lm -plugin-opt=-pass-through=-lgcc_s -plugin-opt=-pass-through=-lgcc -plugin-opt=-pass-through=-lc -plugin-opt=-pass-through=-lgcc_s -plugin-opt=-pass-through=-lgcc --build-id --eh-frame-hdr --hash-style=gnu --as-needed -dynamic-linker /lib/ld-linux-aarch64.so.1 -X -EL -maarch64linux --fix-cortex-a53-843419 -pie -z now -z relro -o cmTC_83f6c /usr/lib/gcc/aarch64-linux-gnu/11/../../../aarch64-linux-gnu/Scrt1.o /usr/lib/gcc/aarch64-linux-gnu/11/../../../aarch64-linux-gnu/crti.o /usr/lib/gcc/aarch64-linux-gnu/11/crtbeginS.o -L/home/andreast/modules/arm/apps/flow/202309a/rpp-amgcpr-ghost-last/lib/../lib -L/home/andreast/modules/arm/apps/zoltan/202309a/12.16/lib/../lib -L/home/andreast/modules/arm/apps/dune/202309a/mod-2.7.1/lib/../lib -L/cm/shared/ex3-modules/202309a/huaq/pkgs/suitesparse-32-5.12.0/lib/../lib -L/cm/shared/ex3-modules/202309a/huaq/pkgs/mpfr-4.0.2/lib/../lib -L/cm/shared/ex3-modules/202309a/huaq/pkgs/gmp-6.3.0/lib/../lib -L/cm/shared/ex3-modules/202309a/huaq/pkgs/parmetis-32-4.0.3/lib/../lib -L/cm/shared/ex3-modules/202309a/huaq/pkgs/metis-32-5.1.0/lib/../lib -L/cm/shared/ex3-modules/202309a/huaq/pkgs/openblas-0.3.21/lib/../lib -L/cm/shared/ex3-modules/202309a/huaq/pkgs/boost-1.73.0/lib/../lib -L/cm/shared/ex3-modules/202309a/huaq/pkgs/openmpi-4.1.4/lib/../lib -L/cm/shared/ex3-modules/202309a/huaq/pkgs/util-linux-2.34/lib/../lib -L/cm/shared/ex3-modules/202309a/huaq/pkgs/libfabric-1.17.0/lib/../lib -L/cm/shared/ex3-modules/202309a/huaq/pkgs/ucx-1.12.1/lib/../lib -L/cm/shared/ex3-modules/202309a/huaq/pkgs/rdma-core-44.0/lib/../lib -L/cm/shared/ex3-modules/202309a/huaq/pkgs/libnl-3.2.25/lib/../lib -L/cm/shared/ex3-modules/202309a/huaq/pkgs/numactl-2.0.13/lib/../lib -L/cm/shared/ex3-modules/202309a/huaq/pkgs/libevent-2.1.12-stable/lib/../lib -L/cm/shared/ex3-modules/202309a/huaq/pkgs/knem-1.1.4/lib/../lib -L/cm/shared/ex3-modules/202309a/huaq/pkgs/hwloc-2.7.1/lib/../lib -L/cm/shared/ex3-modules/202309a/huaq/pkgs/libxml2-2.9.12/lib/../lib -L/cm/shared/ex3-modules/202309a/huaq/pkgs/xz-5.2.7/lib/../lib -L/usr/lib/gcc/aarch64-linux-gnu/11 -L/usr/lib/gcc/aarch64-linux-gnu/11/../../../aarch64-linux-gnu -L/usr/lib/gcc/aarch64-linux-gnu/11/../../../../lib -L/lib/aarch64-linux-gnu -L/lib/../lib -L/usr/lib/aarch64-linux-gnu -L/usr/lib/../lib -L/home/andreast/modules/arm/apps/flow/202309a/rpp-amgcpr-ghost-last/lib -L/home/andreast/modules/arm/apps/zoltan/202309a/12.16/lib -L/home/andreast/modules/arm/apps/dune/202309a/mod-2.7.1/lib -L/cm/shared/ex3-modules/202309a/huaq/pkgs/suitesparse-32-5.12.0/lib -L/cm/shared/ex3-modules/202309a/huaq/pkgs/mpfr-4.0.2/lib -L/cm/shared/ex3-modules/202309a/huaq/pkgs/gmp-6.3.0/lib -L/cm/shared/ex3-modules/202309a/huaq/pkgs/parmetis-32-4.0.3/lib -L/cm/shared/ex3-modules/202309a/huaq/pkgs/metis-32-5.1.0/lib -L/cm/shared/ex3-modules/202309a/huaq/pkgs/openblas-0.3.21/lib -L/cm/shared/ex3-modules/202309a/huaq/pkgs/boost-1.73.0/lib -L/cm/shared/ex3-modules/202309a/huaq/pkgs/openmpi-4.1.4/lib -L/cm/shared/ex3-modules/202309a/huaq/pkgs/util-linux-2.34/lib -L/cm/shared/ex3-modules/202309a/huaq/pkgs/libfabric-1.17.0/lib -L/cm/shared/ex3-modules/202309a/huaq/pkgs/ucx-1.12.1/lib -L/cm/shared/ex3-modules/202309a/huaq/pkgs/rdma-core-44.0/lib -L/cm/shared/ex3-modules/202309a/huaq/pkgs/libnl-3.2.25/lib -L/cm/shared/ex3-modules/202309a/huaq/pkgs/numactl-2.0.13/lib -L/cm/shared/ex3-modules/202309a/huaq/pkgs/libevent-2.1.12-stable/lib -L/cm/shared/ex3-modules/202309a/huaq/pkgs/knem-1.1.4/lib -L/cm/shared/ex3-modules/202309a/huaq/pkgs/hwloc-2.7.1/lib -L/cm/shared/ex3-modules/202309a/huaq/pkgs/libxml2-2.9.12/lib -L/cm/shared/ex3-modules/202309a/huaq/pkgs/xz-5.2.7/lib -L/cm/shared/apps/slurm/current/lib64/slurm -L/cm/shared/apps/slurm/current/lib64 -L/usr/lib/gcc/aarch64-linux-gnu/11/../../.. CMakeFiles/cmTC_83f6c.dir/CMakeFortranCompilerABI.F90.o -lgfortran -lm -lgcc_s -lgcc -lm -lgcc_s -lgcc -lc -lgcc_s -lgcc /usr/lib/gcc/aarch64-linux-gnu/11/crtendS.o /usr/lib/gcc/aarch64-linux-gnu/11/../../../aarch64-linux-gnu/crtn.o
COLLECT_GCC_OPTIONS='-v' '-o' 'cmTC_83f6c' '-shared-libgcc' '-mlittle-endian' '-mabi=lp64' '-dumpdir' 'cmTC_83f6c.'
gmake[1]: Leaving directory '/home/erikhs/MatrixProblems/build_aarch64/CMakeFiles/CMakeTmp'



Parsed Fortran implicit include dir info from above output: rv=start
  warn: unable to parse implicit include dirs!


Parsed Fortran implicit link information from above output:
  link line regex: [^( *|.*[/\])(ld|CMAKE_LINK_STARTFILE-NOTFOUND|([^/\]+-)?ld|collect2)[^/\]*( |$)]
  ignore line: [Change Dir: /home/erikhs/MatrixProblems/build_aarch64/CMakeFiles/CMakeTmp]
  ignore line: []
  ignore line: [Run Build Command(s):/usr/bin/gmake -f Makefile cmTC_83f6c/fast && /usr/bin/gmake  -f CMakeFiles/cmTC_83f6c.dir/build.make CMakeFiles/cmTC_83f6c.dir/build]
  ignore line: [gmake[1]: Entering directory '/home/erikhs/MatrixProblems/build_aarch64/CMakeFiles/CMakeTmp']
  ignore line: [Building Fortran object CMakeFiles/cmTC_83f6c.dir/CMakeFortranCompilerABI.F90.o]
  ignore line: [/usr/bin/gfortran   -v -c /cm/shared/ex3-modules/202309a/huaq/pkgs/cmake-3.22.3/share/cmake-3.22/Modules/CMakeFortranCompilerABI.F90 -o CMakeFiles/cmTC_83f6c.dir/CMakeFortranCompilerABI.F90.o]
  ignore line: [Using built-in specs.]
  ignore line: [COLLECT_GCC=/usr/bin/gfortran]
  ignore line: [Target: aarch64-linux-gnu]
  ignore line: [Configured with: ../src/configure -v --with-pkgversion='Ubuntu 11.4.0-1ubuntu1~22.04' --with-bugurl=file:///usr/share/doc/gcc-11/README.Bugs --enable-languages=c ada c++ go d fortran objc obj-c++ m2 --prefix=/usr --with-gcc-major-version-only --program-suffix=-11 --program-prefix=aarch64-linux-gnu- --enable-shared --enable-linker-build-id --libexecdir=/usr/lib --without-included-gettext --enable-threads=posix --libdir=/usr/lib --enable-nls --enable-bootstrap --enable-clocale=gnu --enable-libstdcxx-debug --enable-libstdcxx-time=yes --with-default-libstdcxx-abi=new --enable-gnu-unique-object --disable-libquadmath --disable-libquadmath-support --enable-plugin --enable-default-pie --with-system-zlib --enable-libphobos-checking=release --with-target-system-zlib=auto --enable-objc-gc=auto --enable-multiarch --enable-fix-cortex-a53-843419 --disable-werror --enable-checking=release --build=aarch64-linux-gnu --host=aarch64-linux-gnu --target=aarch64-linux-gnu --with-build-config=bootstrap-lto-lean --enable-link-serialization=2]
  ignore line: [Thread model: posix]
  ignore line: [Supported LTO compression algorithms: zlib zstd]
  ignore line: [gcc version 11.4.0 (Ubuntu 11.4.0-1ubuntu1~22.04) ]
  ignore line: [COLLECT_GCC_OPTIONS='-v' '-c' '-o' 'CMakeFiles/cmTC_83f6c.dir/CMakeFortranCompilerABI.F90.o' '-mlittle-endian' '-mabi=lp64' '-dumpdir' 'CMakeFiles/cmTC_83f6c.dir/']
  ignore line: [ /usr/lib/gcc/aarch64-linux-gnu/11/f951 /cm/shared/ex3-modules/202309a/huaq/pkgs/cmake-3.22.3/share/cmake-3.22/Modules/CMakeFortranCompilerABI.F90 -cpp=/tmp/ccoMqcBx.f90 -quiet -v -imultiarch aarch64-linux-gnu /cm/shared/ex3-modules/202309a/huaq/pkgs/cmake-3.22.3/share/cmake-3.22/Modules/CMakeFortranCompilerABI.F90 -quiet -dumpdir CMakeFiles/cmTC_83f6c.dir/ -dumpbase CMakeFortranCompilerABI.F90.F90 -dumpbase-ext .F90 -mlittle-endian -mabi=lp64 -version -fintrinsic-modules-path /usr/lib/gcc/aarch64-linux-gnu/11/finclude -fpre-include=/usr/include/finclude/math-vector-fortran.h -o /tmp/ccvjfCi1.s]
  ignore line: [GNU Fortran (Ubuntu 11.4.0-1ubuntu1~22.04) version 11.4.0 (aarch64-linux-gnu)]
  ignore line: [	compiled by GNU C version 11.4.0  GMP version 6.2.1  MPFR version 4.1.0  MPC version 1.2.1  isl version isl-0.24-GMP]
  ignore line: []
  ignore line: [warning: GMP header version 6.2.1 differs from library version 6.3.0.]
  ignore line: [warning: MPFR header version 4.1.0 differs from library version 4.0.2.]
  ignore line: [GGC heuristics: --param ggc-min-expand=100 --param ggc-min-heapsize=131072]
  ignore line: [ignoring nonexistent directory "/usr/local/include/aarch64-linux-gnu"]
  ignore line: [ignoring nonexistent directory "/usr/lib/gcc/aarch64-linux-gnu/11/include-fixed"]
  ignore line: [ignoring nonexistent directory "/usr/lib/gcc/aarch64-linux-gnu/11/../../../../aarch64-linux-gnu/include"]
  ignore line: [#include "..." search starts here:]
  ignore line: [#include <...> search starts here:]
  ignore line: [ /usr/lib/gcc/aarch64-linux-gnu/11/finclude]
  ignore line: [ /cm/shared/apps/slurm/current/include]
  ignore line: [ /home/andreast/modules/arm/apps/flow/202309a/rpp-amgcpr-ghost-last/include]
  ignore line: [ /home/andreast/modules/arm/apps/zoltan/202309a/12.16/include]
  ignore line: [ /home/andreast/modules/arm/apps/dune/202309a/mod-2.7.1/include]
  ignore line: [ /cm/shared/ex3-modules/202309a/huaq/pkgs/suitesparse-32-5.12.0/include]
  ignore line: [ /cm/shared/ex3-modules/202309a/huaq/pkgs/mpfr-4.0.2/include]
  ignore line: [ /cm/shared/ex3-modules/202309a/huaq/pkgs/gmp-6.3.0/include]
  ignore line: [ /cm/shared/ex3-modules/202309a/huaq/pkgs/parmetis-32-4.0.3/include]
  ignore line: [ /cm/shared/ex3-modules/202309a/huaq/pkgs/metis-32-5.1.0/include]
  ignore line: [ /cm/shared/ex3-modules/202309a/huaq/pkgs/openblas-0.3.21/include]
  ignore line: [ /cm/shared/ex3-modules/202309a/huaq/pkgs/boost-1.73.0/include]
  ignore line: [ /cm/shared/ex3-modules/202309a/huaq/pkgs/openmpi-4.1.4/include]
  ignore line: [ /cm/shared/ex3-modules/202309a/huaq/pkgs/util-linux-2.34/include]
  ignore line: [ /cm/shared/ex3-modules/202309a/huaq/pkgs/libfabric-1.17.0/include]
  ignore line: [ /cm/shared/ex3-modules/202309a/huaq/pkgs/ucx-1.12.1/include]
  ignore line: [ /cm/shared/ex3-modules/202309a/huaq/pkgs/rdma-core-44.0/include]
  ignore line: [ /cm/shared/ex3-modules/202309a/huaq/pkgs/libnl-3.2.25/include/libnl3]
  ignore line: [ /cm/shared/ex3-modules/202309a/huaq/pkgs/numactl-2.0.13/include]
  ignore line: [ /cm/shared/ex3-modules/202309a/huaq/pkgs/libevent-2.1.12-stable/include]
  ignore line: [ /cm/shared/ex3-modules/202309a/huaq/pkgs/knem-1.1.4/include]
  ignore line: [ /cm/shared/ex3-modules/202309a/huaq/pkgs/hwloc-2.7.1/include]
  ignore line: [ /cm/shared/ex3-modules/202309a/huaq/pkgs/libxml2-2.9.12/include]
  ignore line: [ /cm/shared/ex3-modules/202309a/huaq/pkgs/xz-5.2.7/include]
  ignore line: [ /usr/lib/gcc/aarch64-linux-gnu/11/include]
  ignore line: [ /usr/local/include]
  ignore line: [ /usr/include/aarch64-linux-gnu]
  ignore line: [ /usr/include]
  ignore line: [End of search list.]
  ignore line: [GNU Fortran2008 (Ubuntu 11.4.0-1ubuntu1~22.04) version 11.4.0 (aarch64-linux-gnu)]
  ignore line: [	compiled by GNU C version 11.4.0  GMP version 6.2.1  MPFR version 4.1.0  MPC version 1.2.1  isl version isl-0.24-GMP]
  ignore line: []
  ignore line: [warning: GMP header version 6.2.1 differs from library version 6.3.0.]
  ignore line: [warning: MPFR header version 4.1.0 differs from library version 4.0.2.]
  ignore line: [GGC heuristics: --param ggc-min-expand=100 --param ggc-min-heapsize=131072]
  ignore line: [COLLECT_GCC_OPTIONS='-v' '-c' '-o' 'CMakeFiles/cmTC_83f6c.dir/CMakeFortranCompilerABI.F90.o' '-mlittle-endian' '-mabi=lp64' '-dumpdir' 'CMakeFiles/cmTC_83f6c.dir/']
  ignore line: [ as -v -EL -mabi=lp64 -o CMakeFiles/cmTC_83f6c.dir/CMakeFortranCompilerABI.F90.o /tmp/ccvjfCi1.s]
  ignore line: [GNU assembler version 2.38 (aarch64-linux-gnu) using BFD version (GNU Binutils for Ubuntu) 2.38]
  ignore line: [COMPILER_PATH=/usr/lib/gcc/aarch64-linux-gnu/11/:/usr/lib/gcc/aarch64-linux-gnu/11/:/usr/lib/gcc/aarch64-linux-gnu/:/usr/lib/gcc/aarch64-linux-gnu/11/:/usr/lib/gcc/aarch64-linux-gnu/]
  ignore line: [LIBRARY_PATH=/home/andreast/modules/arm/apps/flow/202309a/rpp-amgcpr-ghost-last/lib/../lib/:/home/andreast/modules/arm/apps/zoltan/202309a/12.16/lib/../lib/:/home/andreast/modules/arm/apps/dune/202309a/mod-2.7.1/lib/../lib/:/cm/shared/ex3-modules/202309a/huaq/pkgs/suitesparse-32-5.12.0/lib/../lib/:/cm/shared/ex3-modules/202309a/huaq/pkgs/mpfr-4.0.2/lib/../lib/:/cm/shared/ex3-modules/202309a/huaq/pkgs/gmp-6.3.0/lib/../lib/:/cm/shared/ex3-modules/202309a/huaq/pkgs/parmetis-32-4.0.3/lib/../lib/:/cm/shared/ex3-modules/202309a/huaq/pkgs/metis-32-5.1.0/lib/../lib/:/cm/shared/ex3-modules/202309a/huaq/pkgs/openblas-0.3.21/lib/../lib/:/cm/shared/ex3-modules/202309a/huaq/pkgs/boost-1.73.0/lib/../lib/:/cm/shared/ex3-modules/202309a/huaq/pkgs/openmpi-4.1.4/lib/../lib/:/cm/shared/ex3-modules/202309a/huaq/pkgs/util-linux-2.34/lib/../lib/:/cm/shared/ex3-modules/202309a/huaq/pkgs/libfabric-1.17.0/lib/../lib/:/cm/shared/ex3-modules/202309a/huaq/pkgs/ucx-1.12.1/lib/../lib/:/cm/shared/ex3-modules/202309a/huaq/pkgs/rdma-core-44.0/lib/../lib/:/cm/shared/ex3-modules/202309a/huaq/pkgs/libnl-3.2.25/lib/../lib/:/cm/shared/ex3-modules/202309a/huaq/pkgs/numactl-2.0.13/lib/../lib/:/cm/shared/ex3-modules/202309a/huaq/pkgs/libevent-2.1.12-stable/lib/../lib/:/cm/shared/ex3-modules/202309a/huaq/pkgs/knem-1.1.4/lib/../lib/:/cm/shared/ex3-modules/202309a/huaq/pkgs/hwloc-2.7.1/lib/../lib/:/cm/shared/ex3-modules/202309a/huaq/pkgs/libxml2-2.9.12/lib/../lib/:/cm/shared/ex3-modules/202309a/huaq/pkgs/xz-5.2.7/lib/../lib/:/usr/lib/gcc/aarch64-linux-gnu/11/:/usr/lib/gcc/aarch64-linux-gnu/11/../../../aarch64-linux-gnu/:/usr/lib/gcc/aarch64-linux-gnu/11/../../../../lib/:/lib/aarch64-linux-gnu/:/lib/../lib/:/usr/lib/aarch64-linux-gnu/:/usr/lib/../lib/:/home/andreast/modules/arm/apps/flow/202309a/rpp-amgcpr-ghost-last/lib/:/home/andreast/modules/arm/apps/zoltan/202309a/12.16/lib/:/home/andreast/modules/arm/apps/dune/202309a/mod-2.7.1/lib/:/cm/shared/ex3-modules/202309a/huaq/pkgs/suitesparse-32-5.12.0/lib/:/cm/shared/ex3-modules/202309a/huaq/pkgs/mpfr-4.0.2/lib/:/cm/shared/ex3-modules/202309a/huaq/pkgs/gmp-6.3.0/lib/:/cm/shared/ex3-modules/202309a/huaq/pkgs/parmetis-32-4.0.3/lib/:/cm/shared/ex3-modules/202309a/huaq/pkgs/metis-32-5.1.0/lib/:/cm/shared/ex3-modules/202309a/huaq/pkgs/openblas-0.3.21/lib/:/cm/shared/ex3-modules/202309a/huaq/pkgs/boost-1.73.0/lib/:/cm/shared/ex3-modules/202309a/huaq/pkgs/openmpi-4.1.4/lib/:/cm/shared/ex3-modules/202309a/huaq/pkgs/util-linux-2.34/lib/:/cm/shared/ex3-modules/202309a/huaq/pkgs/libfabric-1.17.0/lib/:/cm/shared/ex3-modules/202309a/huaq/pkgs/ucx-1.12.1/lib/:/cm/shared/ex3-modules/202309a/huaq/pkgs/rdma-core-44.0/lib/:/cm/shared/ex3-modules/202309a/huaq/pkgs/libnl-3.2.25/lib/:/cm/shared/ex3-modules/202309a/huaq/pkgs/numactl-2.0.13/lib/:/cm/shared/ex3-modules/202309a/huaq/pkgs/libevent-2.1.12-stable/lib/:/cm/shared/ex3-modules/202309a/huaq/pkgs/knem-1.1.4/lib/:/cm/shared/ex3-modules/202309a/huaq/pkgs/hwloc-2.7.1/lib/:/cm/shared/ex3-modules/202309a/huaq/pkgs/libxml2-2.9.12/lib/:/cm/shared/ex3-modules/202309a/huaq/pkgs/xz-5.2.7/lib/:/cm/shared/apps/slurm/current/lib64/slurm/:/cm/shared/apps/slurm/current/lib64/:/usr/lib/gcc/aarch64-linux-gnu/11/../../../:/lib/:/usr/lib/]
  ignore line: [COLLECT_GCC_OPTIONS='-v' '-c' '-o' 'CMakeFiles/cmTC_83f6c.dir/CMakeFortranCompilerABI.F90.o' '-mlittle-endian' '-mabi=lp64' '-dumpdir' 'CMakeFiles/cmTC_83f6c.dir/CMakeFortranCompilerABI.F90.']
  ignore line: [Linking Fortran executable cmTC_83f6c]
  ignore line: [/cm/shared/ex3-modules/202309a/huaq/pkgs/cmake-3.22.3/bin/cmake -E cmake_link_script CMakeFiles/cmTC_83f6c.dir/link.txt --verbose=1]
  ignore line: [/usr/bin/gfortran  -v CMakeFiles/cmTC_83f6c.dir/CMakeFortranCompilerABI.F90.o -o cmTC_83f6c ]
  ignore line: [Driving: /usr/bin/gfortran -v CMakeFiles/cmTC_83f6c.dir/CMakeFortranCompilerABI.F90.o -o cmTC_83f6c -l gfortran -l m -shared-libgcc]
  ignore line: [Using built-in specs.]
  ignore line: [COLLECT_GCC=/usr/bin/gfortran]
  ignore line: [COLLECT_LTO_WRAPPER=/usr/lib/gcc/aarch64-linux-gnu/11/lto-wrapper]
  ignore line: [Target: aarch64-linux-gnu]
  ignore line: [Configured with: ../src/configure -v --with-pkgversion='Ubuntu 11.4.0-1ubuntu1~22.04' --with-bugurl=file:///usr/share/doc/gcc-11/README.Bugs --enable-languages=c ada c++ go d fortran objc obj-c++ m2 --prefix=/usr --with-gcc-major-version-only --program-suffix=-11 --program-prefix=aarch64-linux-gnu- --enable-shared --enable-linker-build-id --libexecdir=/usr/lib --without-included-gettext --enable-threads=posix --libdir=/usr/lib --enable-nls --enable-bootstrap --enable-clocale=gnu --enable-libstdcxx-debug --enable-libstdcxx-time=yes --with-default-libstdcxx-abi=new --enable-gnu-unique-object --disable-libquadmath --disable-libquadmath-support --enable-plugin --enable-default-pie --with-system-zlib --enable-libphobos-checking=release --with-target-system-zlib=auto --enable-objc-gc=auto --enable-multiarch --enable-fix-cortex-a53-843419 --disable-werror --enable-checking=release --build=aarch64-linux-gnu --host=aarch64-linux-gnu --target=aarch64-linux-gnu --with-build-config=bootstrap-lto-lean --enable-link-serialization=2]
  ignore line: [Thread model: posix]
  ignore line: [Supported LTO compression algorithms: zlib zstd]
  ignore line: [gcc version 11.4.0 (Ubuntu 11.4.0-1ubuntu1~22.04) ]
  ignore line: [Reading specs from /usr/lib/gcc/aarch64-linux-gnu/11/libgfortran.spec]
  ignore line: [rename spec lib to liborig]
  ignore line: [COLLECT_GCC_OPTIONS='-v' '-o' 'cmTC_83f6c' '-shared-libgcc' '-mlittle-endian' '-mabi=lp64' '-dumpdir' 'cmTC_83f6c-']
  ignore line: [COMPILER_PATH=/usr/lib/gcc/aarch64-linux-gnu/11/:/usr/lib/gcc/aarch64-linux-gnu/11/:/usr/lib/gcc/aarch64-linux-gnu/:/usr/lib/gcc/aarch64-linux-gnu/11/:/usr/lib/gcc/aarch64-linux-gnu/]
  ignore line: [LIBRARY_PATH=/home/andreast/modules/arm/apps/flow/202309a/rpp-amgcpr-ghost-last/lib/../lib/:/home/andreast/modules/arm/apps/zoltan/202309a/12.16/lib/../lib/:/home/andreast/modules/arm/apps/dune/202309a/mod-2.7.1/lib/../lib/:/cm/shared/ex3-modules/202309a/huaq/pkgs/suitesparse-32-5.12.0/lib/../lib/:/cm/shared/ex3-modules/202309a/huaq/pkgs/mpfr-4.0.2/lib/../lib/:/cm/shared/ex3-modules/202309a/huaq/pkgs/gmp-6.3.0/lib/../lib/:/cm/shared/ex3-modules/202309a/huaq/pkgs/parmetis-32-4.0.3/lib/../lib/:/cm/shared/ex3-modules/202309a/huaq/pkgs/metis-32-5.1.0/lib/../lib/:/cm/shared/ex3-modules/202309a/huaq/pkgs/openblas-0.3.21/lib/../lib/:/cm/shared/ex3-modules/202309a/huaq/pkgs/boost-1.73.0/lib/../lib/:/cm/shared/ex3-modules/202309a/huaq/pkgs/openmpi-4.1.4/lib/../lib/:/cm/shared/ex3-modules/202309a/huaq/pkgs/util-linux-2.34/lib/../lib/:/cm/shared/ex3-modules/202309a/huaq/pkgs/libfabric-1.17.0/lib/../lib/:/cm/shared/ex3-modules/202309a/huaq/pkgs/ucx-1.12.1/lib/../lib/:/cm/shared/ex3-modules/202309a/huaq/pkgs/rdma-core-44.0/lib/../lib/:/cm/shared/ex3-modules/202309a/huaq/pkgs/libnl-3.2.25/lib/../lib/:/cm/shared/ex3-modules/202309a/huaq/pkgs/numactl-2.0.13/lib/../lib/:/cm/shared/ex3-modules/202309a/huaq/pkgs/libevent-2.1.12-stable/lib/../lib/:/cm/shared/ex3-modules/202309a/huaq/pkgs/knem-1.1.4/lib/../lib/:/cm/shared/ex3-modules/202309a/huaq/pkgs/hwloc-2.7.1/lib/../lib/:/cm/shared/ex3-modules/202309a/huaq/pkgs/libxml2-2.9.12/lib/../lib/:/cm/shared/ex3-modules/202309a/huaq/pkgs/xz-5.2.7/lib/../lib/:/usr/lib/gcc/aarch64-linux-gnu/11/:/usr/lib/gcc/aarch64-linux-gnu/11/../../../aarch64-linux-gnu/:/usr/lib/gcc/aarch64-linux-gnu/11/../../../../lib/:/lib/aarch64-linux-gnu/:/lib/../lib/:/usr/lib/aarch64-linux-gnu/:/usr/lib/../lib/:/home/andreast/modules/arm/apps/flow/202309a/rpp-amgcpr-ghost-last/lib/:/home/andreast/modules/arm/apps/zoltan/202309a/12.16/lib/:/home/andreast/modules/arm/apps/dune/202309a/mod-2.7.1/lib/:/cm/shared/ex3-modules/202309a/huaq/pkgs/suitesparse-32-5.12.0/lib/:/cm/shared/ex3-modules/202309a/huaq/pkgs/mpfr-4.0.2/lib/:/cm/shared/ex3-modules/202309a/huaq/pkgs/gmp-6.3.0/lib/:/cm/shared/ex3-modules/202309a/huaq/pkgs/parmetis-32-4.0.3/lib/:/cm/shared/ex3-modules/202309a/huaq/pkgs/metis-32-5.1.0/lib/:/cm/shared/ex3-modules/202309a/huaq/pkgs/openblas-0.3.21/lib/:/cm/shared/ex3-modules/202309a/huaq/pkgs/boost-1.73.0/lib/:/cm/shared/ex3-modules/202309a/huaq/pkgs/openmpi-4.1.4/lib/:/cm/shared/ex3-modules/202309a/huaq/pkgs/util-linux-2.34/lib/:/cm/shared/ex3-modules/202309a/huaq/pkgs/libfabric-1.17.0/lib/:/cm/shared/ex3-modules/202309a/huaq/pkgs/ucx-1.12.1/lib/:/cm/shared/ex3-modules/202309a/huaq/pkgs/rdma-core-44.0/lib/:/cm/shared/ex3-modules/202309a/huaq/pkgs/libnl-3.2.25/lib/:/cm/shared/ex3-modules/202309a/huaq/pkgs/numactl-2.0.13/lib/:/cm/shared/ex3-modules/202309a/huaq/pkgs/libevent-2.1.12-stable/lib/:/cm/shared/ex3-modules/202309a/huaq/pkgs/knem-1.1.4/lib/:/cm/shared/ex3-modules/202309a/huaq/pkgs/hwloc-2.7.1/lib/:/cm/shared/ex3-modules/202309a/huaq/pkgs/libxml2-2.9.12/lib/:/cm/shared/ex3-modules/202309a/huaq/pkgs/xz-5.2.7/lib/:/cm/shared/apps/slurm/current/lib64/slurm/:/cm/shared/apps/slurm/current/lib64/:/usr/lib/gcc/aarch64-linux-gnu/11/../../../:/lib/:/usr/lib/]
  ignore line: [COLLECT_GCC_OPTIONS='-v' '-o' 'cmTC_83f6c' '-shared-libgcc' '-mlittle-endian' '-mabi=lp64' '-dumpdir' 'cmTC_83f6c.']
  link line: [ /usr/lib/gcc/aarch64-linux-gnu/11/collect2 -plugin /usr/lib/gcc/aarch64-linux-gnu/11/liblto_plugin.so -plugin-opt=/usr/lib/gcc/aarch64-linux-gnu/11/lto-wrapper -plugin-opt=-fresolution=/tmp/ccLdls8I.res -plugin-opt=-pass-through=-lgcc_s -plugin-opt=-pass-through=-lgcc -plugin-opt=-pass-through=-lm -plugin-opt=-pass-through=-lgcc_s -plugin-opt=-pass-through=-lgcc -plugin-opt=-pass-through=-lc -plugin-opt=-pass-through=-lgcc_s -plugin-opt=-pass-through=-lgcc --build-id --eh-frame-hdr --hash-style=gnu --as-needed -dynamic-linker /lib/ld-linux-aarch64.so.1 -X -EL -maarch64linux --fix-cortex-a53-843419 -pie -z now -z relro -o cmTC_83f6c /usr/lib/gcc/aarch64-linux-gnu/11/../../../aarch64-linux-gnu/Scrt1.o /usr/lib/gcc/aarch64-linux-gnu/11/../../../aarch64-linux-gnu/crti.o /usr/lib/gcc/aarch64-linux-gnu/11/crtbeginS.o -L/home/andreast/modules/arm/apps/flow/202309a/rpp-amgcpr-ghost-last/lib/../lib -L/home/andreast/modules/arm/apps/zoltan/202309a/12.16/lib/../lib -L/home/andreast/modules/arm/apps/dune/202309a/mod-2.7.1/lib/../lib -L/cm/shared/ex3-modules/202309a/huaq/pkgs/suitesparse-32-5.12.0/lib/../lib -L/cm/shared/ex3-modules/202309a/huaq/pkgs/mpfr-4.0.2/lib/../lib -L/cm/shared/ex3-modules/202309a/huaq/pkgs/gmp-6.3.0/lib/../lib -L/cm/shared/ex3-modules/202309a/huaq/pkgs/parmetis-32-4.0.3/lib/../lib -L/cm/shared/ex3-modules/202309a/huaq/pkgs/metis-32-5.1.0/lib/../lib -L/cm/shared/ex3-modules/202309a/huaq/pkgs/openblas-0.3.21/lib/../lib -L/cm/shared/ex3-modules/202309a/huaq/pkgs/boost-1.73.0/lib/../lib -L/cm/shared/ex3-modules/202309a/huaq/pkgs/openmpi-4.1.4/lib/../lib -L/cm/shared/ex3-modules/202309a/huaq/pkgs/util-linux-2.34/lib/../lib -L/cm/shared/ex3-modules/202309a/huaq/pkgs/libfabric-1.17.0/lib/../lib -L/cm/shared/ex3-modules/202309a/huaq/pkgs/ucx-1.12.1/lib/../lib -L/cm/shared/ex3-modules/202309a/huaq/pkgs/rdma-core-44.0/lib/../lib -L/cm/shared/ex3-modules/202309a/huaq/pkgs/libnl-3.2.25/lib/../lib -L/cm/shared/ex3-modules/202309a/huaq/pkgs/numactl-2.0.13/lib/../lib -L/cm/shared/ex3-modules/202309a/huaq/pkgs/libevent-2.1.12-stable/lib/../lib -L/cm/shared/ex3-modules/202309a/huaq/pkgs/knem-1.1.4/lib/../lib -L/cm/shared/ex3-modules/202309a/huaq/pkgs/hwloc-2.7.1/lib/../lib -L/cm/shared/ex3-modules/202309a/huaq/pkgs/libxml2-2.9.12/lib/../lib -L/cm/shared/ex3-modules/202309a/huaq/pkgs/xz-5.2.7/lib/../lib -L/usr/lib/gcc/aarch64-linux-gnu/11 -L/usr/lib/gcc/aarch64-linux-gnu/11/../../../aarch64-linux-gnu -L/usr/lib/gcc/aarch64-linux-gnu/11/../../../../lib -L/lib/aarch64-linux-gnu -L/lib/../lib -L/usr/lib/aarch64-linux-gnu -L/usr/lib/../lib -L/home/andreast/modules/arm/apps/flow/202309a/rpp-amgcpr-ghost-last/lib -L/home/andreast/modules/arm/apps/zoltan/202309a/12.16/lib -L/home/andreast/modules/arm/apps/dune/202309a/mod-2.7.1/lib -L/cm/shared/ex3-modules/202309a/huaq/pkgs/suitesparse-32-5.12.0/lib -L/cm/shared/ex3-modules/202309a/huaq/pkgs/mpfr-4.0.2/lib -L/cm/shared/ex3-modules/202309a/huaq/pkgs/gmp-6.3.0/lib -L/cm/shared/ex3-modules/202309a/huaq/pkgs/parmetis-32-4.0.3/lib -L/cm/shared/ex3-modules/202309a/huaq/pkgs/metis-32-5.1.0/lib -L/cm/shared/ex3-modules/202309a/huaq/pkgs/openblas-0.3.21/lib -L/cm/shared/ex3-modules/202309a/huaq/pkgs/boost-1.73.0/lib -L/cm/shared/ex3-modules/202309a/huaq/pkgs/openmpi-4.1.4/lib -L/cm/shared/ex3-modules/202309a/huaq/pkgs/util-linux-2.34/lib -L/cm/shared/ex3-modules/202309a/huaq/pkgs/libfabric-1.17.0/lib -L/cm/shared/ex3-modules/202309a/huaq/pkgs/ucx-1.12.1/lib -L/cm/shared/ex3-modules/202309a/huaq/pkgs/rdma-core-44.0/lib -L/cm/shared/ex3-modules/202309a/huaq/pkgs/libnl-3.2.25/lib -L/cm/shared/ex3-modules/202309a/huaq/pkgs/numactl-2.0.13/lib -L/cm/shared/ex3-modules/202309a/huaq/pkgs/libevent-2.1.12-stable/lib -L/cm/shared/ex3-modules/202309a/huaq/pkgs/knem-1.1.4/lib -L/cm/shared/ex3-modules/202309a/huaq/pkgs/hwloc-2.7.1/lib -L/cm/shared/ex3-modules/202309a/huaq/pkgs/libxml2-2.9.12/lib -L/cm/shared/ex3-modules/202309a/huaq/pkgs/xz-5.2.7/lib -L/cm/shared/apps/slurm/current/lib64/slurm -L/cm/shared/apps/slurm/current/lib64 -L/usr/lib/gcc/aarch64-linux-gnu/11/../../.. CMakeFiles/cmTC_83f6c.dir/CMakeFortranCompilerABI.F90.o -lgfortran -lm -lgcc_s -lgcc -lm -lgcc_s -lgcc -lc -lgcc_s -lgcc /usr/lib/gcc/aarch64-linux-gnu/11/crtendS.o /usr/lib/gcc/aarch64-linux-gnu/11/../../../aarch64-linux-gnu/crtn.o]
    arg [/usr/lib/gcc/aarch64-linux-gnu/11/collect2] ==> ignore
    arg [-plugin] ==> ignore
    arg [/usr/lib/gcc/aarch64-linux-gnu/11/liblto_plugin.so] ==> ignore
    arg [-plugin-opt=/usr/lib/gcc/aarch64-linux-gnu/11/lto-wrapper] ==> ignore
    arg [-plugin-opt=-fresolution=/tmp/ccLdls8I.res] ==> ignore
    arg [-plugin-opt=-pass-through=-lgcc_s] ==> ignore
    arg [-plugin-opt=-pass-through=-lgcc] ==> ignore
    arg [-plugin-opt=-pass-through=-lm] ==> ignore
    arg [-plugin-opt=-pass-through=-lgcc_s] ==> ignore
    arg [-plugin-opt=-pass-through=-lgcc] ==> ignore
    arg [-plugin-opt=-pass-through=-lc] ==> ignore
    arg [-plugin-opt=-pass-through=-lgcc_s] ==> ignore
    arg [-plugin-opt=-pass-through=-lgcc] ==> ignore
    arg [--build-id] ==> ignore
    arg [--eh-frame-hdr] ==> ignore
    arg [--hash-style=gnu] ==> ignore
    arg [--as-needed] ==> ignore
    arg [-dynamic-linker] ==> ignore
    arg [/lib/ld-linux-aarch64.so.1] ==> ignore
    arg [-X] ==> ignore
    arg [-EL] ==> ignore
    arg [-maarch64linux] ==> ignore
    arg [--fix-cortex-a53-843419] ==> ignore
    arg [-pie] ==> ignore
    arg [-znow] ==> ignore
    arg [-zrelro] ==> ignore
    arg [-o] ==> ignore
    arg [cmTC_83f6c] ==> ignore
    arg [/usr/lib/gcc/aarch64-linux-gnu/11/../../../aarch64-linux-gnu/Scrt1.o] ==> obj [/usr/lib/gcc/aarch64-linux-gnu/11/../../../aarch64-linux-gnu/Scrt1.o]
    arg [/usr/lib/gcc/aarch64-linux-gnu/11/../../../aarch64-linux-gnu/crti.o] ==> obj [/usr/lib/gcc/aarch64-linux-gnu/11/../../../aarch64-linux-gnu/crti.o]
    arg [/usr/lib/gcc/aarch64-linux-gnu/11/crtbeginS.o] ==> obj [/usr/lib/gcc/aarch64-linux-gnu/11/crtbeginS.o]
    arg [-L/home/andreast/modules/arm/apps/flow/202309a/rpp-amgcpr-ghost-last/lib/../lib] ==> dir [/home/andreast/modules/arm/apps/flow/202309a/rpp-amgcpr-ghost-last/lib/../lib]
    arg [-L/home/andreast/modules/arm/apps/zoltan/202309a/12.16/lib/../lib] ==> dir [/home/andreast/modules/arm/apps/zoltan/202309a/12.16/lib/../lib]
    arg [-L/home/andreast/modules/arm/apps/dune/202309a/mod-2.7.1/lib/../lib] ==> dir [/home/andreast/modules/arm/apps/dune/202309a/mod-2.7.1/lib/../lib]
    arg [-L/cm/shared/ex3-modules/202309a/huaq/pkgs/suitesparse-32-5.12.0/lib/../lib] ==> dir [/cm/shared/ex3-modules/202309a/huaq/pkgs/suitesparse-32-5.12.0/lib/../lib]
    arg [-L/cm/shared/ex3-modules/202309a/huaq/pkgs/mpfr-4.0.2/lib/../lib] ==> dir [/cm/shared/ex3-modules/202309a/huaq/pkgs/mpfr-4.0.2/lib/../lib]
    arg [-L/cm/shared/ex3-modules/202309a/huaq/pkgs/gmp-6.3.0/lib/../lib] ==> dir [/cm/shared/ex3-modules/202309a/huaq/pkgs/gmp-6.3.0/lib/../lib]
    arg [-L/cm/shared/ex3-modules/202309a/huaq/pkgs/parmetis-32-4.0.3/lib/../lib] ==> dir [/cm/shared/ex3-modules/202309a/huaq/pkgs/parmetis-32-4.0.3/lib/../lib]
    arg [-L/cm/shared/ex3-modules/202309a/huaq/pkgs/metis-32-5.1.0/lib/../lib] ==> dir [/cm/shared/ex3-modules/202309a/huaq/pkgs/metis-32-5.1.0/lib/../lib]
    arg [-L/cm/shared/ex3-modules/202309a/huaq/pkgs/openblas-0.3.21/lib/../lib] ==> dir [/cm/shared/ex3-modules/202309a/huaq/pkgs/openblas-0.3.21/lib/../lib]
    arg [-L/cm/shared/ex3-modules/202309a/huaq/pkgs/boost-1.73.0/lib/../lib] ==> dir [/cm/shared/ex3-modules/202309a/huaq/pkgs/boost-1.73.0/lib/../lib]
    arg [-L/cm/shared/ex3-modules/202309a/huaq/pkgs/openmpi-4.1.4/lib/../lib] ==> dir [/cm/shared/ex3-modules/202309a/huaq/pkgs/openmpi-4.1.4/lib/../lib]
    arg [-L/cm/shared/ex3-modules/202309a/huaq/pkgs/util-linux-2.34/lib/../lib] ==> dir [/cm/shared/ex3-modules/202309a/huaq/pkgs/util-linux-2.34/lib/../lib]
    arg [-L/cm/shared/ex3-modules/202309a/huaq/pkgs/libfabric-1.17.0/lib/../lib] ==> dir [/cm/shared/ex3-modules/202309a/huaq/pkgs/libfabric-1.17.0/lib/../lib]
    arg [-L/cm/shared/ex3-modules/202309a/huaq/pkgs/ucx-1.12.1/lib/../lib] ==> dir [/cm/shared/ex3-modules/202309a/huaq/pkgs/ucx-1.12.1/lib/../lib]
    arg [-L/cm/shared/ex3-modules/202309a/huaq/pkgs/rdma-core-44.0/lib/../lib] ==> dir [/cm/shared/ex3-modules/202309a/huaq/pkgs/rdma-core-44.0/lib/../lib]
    arg [-L/cm/shared/ex3-modules/202309a/huaq/pkgs/libnl-3.2.25/lib/../lib] ==> dir [/cm/shared/ex3-modules/202309a/huaq/pkgs/libnl-3.2.25/lib/../lib]
    arg [-L/cm/shared/ex3-modules/202309a/huaq/pkgs/numactl-2.0.13/lib/../lib] ==> dir [/cm/shared/ex3-modules/202309a/huaq/pkgs/numactl-2.0.13/lib/../lib]
    arg [-L/cm/shared/ex3-modules/202309a/huaq/pkgs/libevent-2.1.12-stable/lib/../lib] ==> dir [/cm/shared/ex3-modules/202309a/huaq/pkgs/libevent-2.1.12-stable/lib/../lib]
    arg [-L/cm/shared/ex3-modules/202309a/huaq/pkgs/knem-1.1.4/lib/../lib] ==> dir [/cm/shared/ex3-modules/202309a/huaq/pkgs/knem-1.1.4/lib/../lib]
    arg [-L/cm/shared/ex3-modules/202309a/huaq/pkgs/hwloc-2.7.1/lib/../lib] ==> dir [/cm/shared/ex3-modules/202309a/huaq/pkgs/hwloc-2.7.1/lib/../lib]
    arg [-L/cm/shared/ex3-modules/202309a/huaq/pkgs/libxml2-2.9.12/lib/../lib] ==> dir [/cm/shared/ex3-modules/202309a/huaq/pkgs/libxml2-2.9.12/lib/../lib]
    arg [-L/cm/shared/ex3-modules/202309a/huaq/pkgs/xz-5.2.7/lib/../lib] ==> dir [/cm/shared/ex3-modules/202309a/huaq/pkgs/xz-5.2.7/lib/../lib]
    arg [-L/usr/lib/gcc/aarch64-linux-gnu/11] ==> dir [/usr/lib/gcc/aarch64-linux-gnu/11]
    arg [-L/usr/lib/gcc/aarch64-linux-gnu/11/../../../aarch64-linux-gnu] ==> dir [/usr/lib/gcc/aarch64-linux-gnu/11/../../../aarch64-linux-gnu]
    arg [-L/usr/lib/gcc/aarch64-linux-gnu/11/../../../../lib] ==> dir [/usr/lib/gcc/aarch64-linux-gnu/11/../../../../lib]
    arg [-L/lib/aarch64-linux-gnu] ==> dir [/lib/aarch64-linux-gnu]
    arg [-L/lib/../lib] ==> dir [/lib/../lib]
    arg [-L/usr/lib/aarch64-linux-gnu] ==> dir [/usr/lib/aarch64-linux-gnu]
    arg [-L/usr/lib/../lib] ==> dir [/usr/lib/../lib]
    arg [-L/home/andreast/modules/arm/apps/flow/202309a/rpp-amgcpr-ghost-last/lib] ==> dir [/home/andreast/modules/arm/apps/flow/202309a/rpp-amgcpr-ghost-last/lib]
    arg [-L/home/andreast/modules/arm/apps/zoltan/202309a/12.16/lib] ==> dir [/home/andreast/modules/arm/apps/zoltan/202309a/12.16/lib]
    arg [-L/home/andreast/modules/arm/apps/dune/202309a/mod-2.7.1/lib] ==> dir [/home/andreast/modules/arm/apps/dune/202309a/mod-2.7.1/lib]
    arg [-L/cm/shared/ex3-modules/202309a/huaq/pkgs/suitesparse-32-5.12.0/lib] ==> dir [/cm/shared/ex3-modules/202309a/huaq/pkgs/suitesparse-32-5.12.0/lib]
    arg [-L/cm/shared/ex3-modules/202309a/huaq/pkgs/mpfr-4.0.2/lib] ==> dir [/cm/shared/ex3-modules/202309a/huaq/pkgs/mpfr-4.0.2/lib]
    arg [-L/cm/shared/ex3-modules/202309a/huaq/pkgs/gmp-6.3.0/lib] ==> dir [/cm/shared/ex3-modules/202309a/huaq/pkgs/gmp-6.3.0/lib]
    arg [-L/cm/shared/ex3-modules/202309a/huaq/pkgs/parmetis-32-4.0.3/lib] ==> dir [/cm/shared/ex3-modules/202309a/huaq/pkgs/parmetis-32-4.0.3/lib]
    arg [-L/cm/shared/ex3-modules/202309a/huaq/pkgs/metis-32-5.1.0/lib] ==> dir [/cm/shared/ex3-modules/202309a/huaq/pkgs/metis-32-5.1.0/lib]
    arg [-L/cm/shared/ex3-modules/202309a/huaq/pkgs/openblas-0.3.21/lib] ==> dir [/cm/shared/ex3-modules/202309a/huaq/pkgs/openblas-0.3.21/lib]
    arg [-L/cm/shared/ex3-modules/202309a/huaq/pkgs/boost-1.73.0/lib] ==> dir [/cm/shared/ex3-modules/202309a/huaq/pkgs/boost-1.73.0/lib]
    arg [-L/cm/shared/ex3-modules/202309a/huaq/pkgs/openmpi-4.1.4/lib] ==> dir [/cm/shared/ex3-modules/202309a/huaq/pkgs/openmpi-4.1.4/lib]
    arg [-L/cm/shared/ex3-modules/202309a/huaq/pkgs/util-linux-2.34/lib] ==> dir [/cm/shared/ex3-modules/202309a/huaq/pkgs/util-linux-2.34/lib]
    arg [-L/cm/shared/ex3-modules/202309a/huaq/pkgs/libfabric-1.17.0/lib] ==> dir [/cm/shared/ex3-modules/202309a/huaq/pkgs/libfabric-1.17.0/lib]
    arg [-L/cm/shared/ex3-modules/202309a/huaq/pkgs/ucx-1.12.1/lib] ==> dir [/cm/shared/ex3-modules/202309a/huaq/pkgs/ucx-1.12.1/lib]
    arg [-L/cm/shared/ex3-modules/202309a/huaq/pkgs/rdma-core-44.0/lib] ==> dir [/cm/shared/ex3-modules/202309a/huaq/pkgs/rdma-core-44.0/lib]
    arg [-L/cm/shared/ex3-modules/202309a/huaq/pkgs/libnl-3.2.25/lib] ==> dir [/cm/shared/ex3-modules/202309a/huaq/pkgs/libnl-3.2.25/lib]
    arg [-L/cm/shared/ex3-modules/202309a/huaq/pkgs/numactl-2.0.13/lib] ==> dir [/cm/shared/ex3-modules/202309a/huaq/pkgs/numactl-2.0.13/lib]
    arg [-L/cm/shared/ex3-modules/202309a/huaq/pkgs/libevent-2.1.12-stable/lib] ==> dir [/cm/shared/ex3-modules/202309a/huaq/pkgs/libevent-2.1.12-stable/lib]
    arg [-L/cm/shared/ex3-modules/202309a/huaq/pkgs/knem-1.1.4/lib] ==> dir [/cm/shared/ex3-modules/202309a/huaq/pkgs/knem-1.1.4/lib]
    arg [-L/cm/shared/ex3-modules/202309a/huaq/pkgs/hwloc-2.7.1/lib] ==> dir [/cm/shared/ex3-modules/202309a/huaq/pkgs/hwloc-2.7.1/lib]
    arg [-L/cm/shared/ex3-modules/202309a/huaq/pkgs/libxml2-2.9.12/lib] ==> dir [/cm/shared/ex3-modules/202309a/huaq/pkgs/libxml2-2.9.12/lib]
    arg [-L/cm/shared/ex3-modules/202309a/huaq/pkgs/xz-5.2.7/lib] ==> dir [/cm/shared/ex3-modules/202309a/huaq/pkgs/xz-5.2.7/lib]
    arg [-L/cm/shared/apps/slurm/current/lib64/slurm] ==> dir [/cm/shared/apps/slurm/current/lib64/slurm]
    arg [-L/cm/shared/apps/slurm/current/lib64] ==> dir [/cm/shared/apps/slurm/current/lib64]
    arg [-L/usr/lib/gcc/aarch64-linux-gnu/11/../../..] ==> dir [/usr/lib/gcc/aarch64-linux-gnu/11/../../..]
    arg [CMakeFiles/cmTC_83f6c.dir/CMakeFortranCompilerABI.F90.o] ==> ignore
    arg [-lgfortran] ==> lib [gfortran]
    arg [-lm] ==> lib [m]
    arg [-lgcc_s] ==> lib [gcc_s]
    arg [-lgcc] ==> lib [gcc]
    arg [-lm] ==> lib [m]
    arg [-lgcc_s] ==> lib [gcc_s]
    arg [-lgcc] ==> lib [gcc]
    arg [-lc] ==> lib [c]
    arg [-lgcc_s] ==> lib [gcc_s]
    arg [-lgcc] ==> lib [gcc]
    arg [/usr/lib/gcc/aarch64-linux-gnu/11/crtendS.o] ==> obj [/usr/lib/gcc/aarch64-linux-gnu/11/crtendS.o]
    arg [/usr/lib/gcc/aarch64-linux-gnu/11/../../../aarch64-linux-gnu/crtn.o] ==> obj [/usr/lib/gcc/aarch64-linux-gnu/11/../../../aarch64-linux-gnu/crtn.o]
  collapse obj [/usr/lib/gcc/aarch64-linux-gnu/11/../../../aarch64-linux-gnu/Scrt1.o] ==> [/usr/lib/aarch64-linux-gnu/Scrt1.o]
  collapse obj [/usr/lib/gcc/aarch64-linux-gnu/11/../../../aarch64-linux-gnu/crti.o] ==> [/usr/lib/aarch64-linux-gnu/crti.o]
  collapse obj [/usr/lib/gcc/aarch64-linux-gnu/11/../../../aarch64-linux-gnu/crtn.o] ==> [/usr/lib/aarch64-linux-gnu/crtn.o]
  collapse library dir [/home/andreast/modules/arm/apps/flow/202309a/rpp-amgcpr-ghost-last/lib/../lib] ==> [/home/andreast/modules/arm/apps/flow/202309a/rpp-amgcpr-ghost-last/lib]
  collapse library dir [/home/andreast/modules/arm/apps/zoltan/202309a/12.16/lib/../lib] ==> [/home/andreast/modules/arm/apps/zoltan/202309a/12.16/lib]
  collapse library dir [/home/andreast/modules/arm/apps/dune/202309a/mod-2.7.1/lib/../lib] ==> [/home/andreast/modules/arm/apps/dune/202309a/mod-2.7.1/lib]
  collapse library dir [/cm/shared/ex3-modules/202309a/huaq/pkgs/suitesparse-32-5.12.0/lib/../lib] ==> [/cm/shared/ex3-modules/202309a/huaq/pkgs/suitesparse-32-5.12.0/lib]
  collapse library dir [/cm/shared/ex3-modules/202309a/huaq/pkgs/mpfr-4.0.2/lib/../lib] ==> [/cm/shared/ex3-modules/202309a/huaq/pkgs/mpfr-4.0.2/lib]
  collapse library dir [/cm/shared/ex3-modules/202309a/huaq/pkgs/gmp-6.3.0/lib/../lib] ==> [/cm/shared/ex3-modules/202309a/huaq/pkgs/gmp-6.3.0/lib]
  collapse library dir [/cm/shared/ex3-modules/202309a/huaq/pkgs/parmetis-32-4.0.3/lib/../lib] ==> [/cm/shared/ex3-modules/202309a/huaq/pkgs/parmetis-32-4.0.3/lib]
  collapse library dir [/cm/shared/ex3-modules/202309a/huaq/pkgs/metis-32-5.1.0/lib/../lib] ==> [/cm/shared/ex3-modules/202309a/huaq/pkgs/metis-32-5.1.0/lib]
  collapse library dir [/cm/shared/ex3-modules/202309a/huaq/pkgs/openblas-0.3.21/lib/../lib] ==> [/cm/shared/ex3-modules/202309a/huaq/pkgs/openblas-0.3.21/lib]
  collapse library dir [/cm/shared/ex3-modules/202309a/huaq/pkgs/boost-1.73.0/lib/../lib] ==> [/cm/shared/ex3-modules/202309a/huaq/pkgs/boost-1.73.0/lib]
  collapse library dir [/cm/shared/ex3-modules/202309a/huaq/pkgs/openmpi-4.1.4/lib/../lib] ==> [/cm/shared/ex3-modules/202309a/huaq/pkgs/openmpi-4.1.4/lib]
  collapse library dir [/cm/shared/ex3-modules/202309a/huaq/pkgs/util-linux-2.34/lib/../lib] ==> [/cm/shared/ex3-modules/202309a/huaq/pkgs/util-linux-2.34/lib]
  collapse library dir [/cm/shared/ex3-modules/202309a/huaq/pkgs/libfabric-1.17.0/lib/../lib] ==> [/cm/shared/ex3-modules/202309a/huaq/pkgs/libfabric-1.17.0/lib]
  collapse library dir [/cm/shared/ex3-modules/202309a/huaq/pkgs/ucx-1.12.1/lib/../lib] ==> [/cm/shared/ex3-modules/202309a/huaq/pkgs/ucx-1.12.1/lib]
  collapse library dir [/cm/shared/ex3-modules/202309a/huaq/pkgs/rdma-core-44.0/lib/../lib] ==> [/cm/shared/ex3-modules/202309a/huaq/pkgs/rdma-core-44.0/lib]
  collapse library dir [/cm/shared/ex3-modules/202309a/huaq/pkgs/libnl-3.2.25/lib/../lib] ==> [/cm/shared/ex3-modules/202309a/huaq/pkgs/libnl-3.2.25/lib]
  collapse library dir [/cm/shared/ex3-modules/202309a/huaq/pkgs/numactl-2.0.13/lib/../lib] ==> [/cm/shared/ex3-modules/202309a/huaq/pkgs/numactl-2.0.13/lib]
  collapse library dir [/cm/shared/ex3-modules/202309a/huaq/pkgs/libevent-2.1.12-stable/lib/../lib] ==> [/cm/shared/ex3-modules/202309a/huaq/pkgs/libevent-2.1.12-stable/lib]
  collapse library dir [/cm/shared/ex3-modules/202309a/huaq/pkgs/knem-1.1.4/lib/../lib] ==> [/cm/shared/ex3-modules/202309a/huaq/pkgs/knem-1.1.4/lib]
  collapse library dir [/cm/shared/ex3-modules/202309a/huaq/pkgs/hwloc-2.7.1/lib/../lib] ==> [/cm/shared/ex3-modules/202309a/huaq/pkgs/hwloc-2.7.1/lib]
  collapse library dir [/cm/shared/ex3-modules/202309a/huaq/pkgs/libxml2-2.9.12/lib/../lib] ==> [/cm/shared/ex3-modules/202309a/huaq/pkgs/libxml2-2.9.12/lib]
  collapse library dir [/cm/shared/ex3-modules/202309a/huaq/pkgs/xz-5.2.7/lib/../lib] ==> [/cm/shared/ex3-modules/202309a/huaq/pkgs/xz-5.2.7/lib]
  collapse library dir [/usr/lib/gcc/aarch64-linux-gnu/11] ==> [/usr/lib/gcc/aarch64-linux-gnu/11]
  collapse library dir [/usr/lib/gcc/aarch64-linux-gnu/11/../../../aarch64-linux-gnu] ==> [/usr/lib/aarch64-linux-gnu]
  collapse library dir [/usr/lib/gcc/aarch64-linux-gnu/11/../../../../lib] ==> [/usr/lib]
  collapse library dir [/lib/aarch64-linux-gnu] ==> [/lib/aarch64-linux-gnu]
  collapse library dir [/lib/../lib] ==> [/lib]
  collapse library dir [/usr/lib/aarch64-linux-gnu] ==> [/usr/lib/aarch64-linux-gnu]
  collapse library dir [/usr/lib/../lib] ==> [/usr/lib]
  collapse library dir [/home/andreast/modules/arm/apps/flow/202309a/rpp-amgcpr-ghost-last/lib] ==> [/home/andreast/modules/arm/apps/flow/202309a/rpp-amgcpr-ghost-last/lib]
  collapse library dir [/home/andreast/modules/arm/apps/zoltan/202309a/12.16/lib] ==> [/home/andreast/modules/arm/apps/zoltan/202309a/12.16/lib]
  collapse library dir [/home/andreast/modules/arm/apps/dune/202309a/mod-2.7.1/lib] ==> [/home/andreast/modules/arm/apps/dune/202309a/mod-2.7.1/lib]
  collapse library dir [/cm/shared/ex3-modules/202309a/huaq/pkgs/suitesparse-32-5.12.0/lib] ==> [/cm/shared/ex3-modules/202309a/huaq/pkgs/suitesparse-32-5.12.0/lib]
  collapse library dir [/cm/shared/ex3-modules/202309a/huaq/pkgs/mpfr-4.0.2/lib] ==> [/cm/shared/ex3-modules/202309a/huaq/pkgs/mpfr-4.0.2/lib]
  collapse library dir [/cm/shared/ex3-modules/202309a/huaq/pkgs/gmp-6.3.0/lib] ==> [/cm/shared/ex3-modules/202309a/huaq/pkgs/gmp-6.3.0/lib]
  collapse library dir [/cm/shared/ex3-modules/202309a/huaq/pkgs/parmetis-32-4.0.3/lib] ==> [/cm/shared/ex3-modules/202309a/huaq/pkgs/parmetis-32-4.0.3/lib]
  collapse library dir [/cm/shared/ex3-modules/202309a/huaq/pkgs/metis-32-5.1.0/lib] ==> [/cm/shared/ex3-modules/202309a/huaq/pkgs/metis-32-5.1.0/lib]
  collapse library dir [/cm/shared/ex3-modules/202309a/huaq/pkgs/openblas-0.3.21/lib] ==> [/cm/shared/ex3-modules/202309a/huaq/pkgs/openblas-0.3.21/lib]
  collapse library dir [/cm/shared/ex3-modules/202309a/huaq/pkgs/boost-1.73.0/lib] ==> [/cm/shared/ex3-modules/202309a/huaq/pkgs/boost-1.73.0/lib]
  collapse library dir [/cm/shared/ex3-modules/202309a/huaq/pkgs/openmpi-4.1.4/lib] ==> [/cm/shared/ex3-modules/202309a/huaq/pkgs/openmpi-4.1.4/lib]
  collapse library dir [/cm/shared/ex3-modules/202309a/huaq/pkgs/util-linux-2.34/lib] ==> [/cm/shared/ex3-modules/202309a/huaq/pkgs/util-linux-2.34/lib]
  collapse library dir [/cm/shared/ex3-modules/202309a/huaq/pkgs/libfabric-1.17.0/lib] ==> [/cm/shared/ex3-modules/202309a/huaq/pkgs/libfabric-1.17.0/lib]
  collapse library dir [/cm/shared/ex3-modules/202309a/huaq/pkgs/ucx-1.12.1/lib] ==> [/cm/shared/ex3-modules/202309a/huaq/pkgs/ucx-1.12.1/lib]
  collapse library dir [/cm/shared/ex3-modules/202309a/huaq/pkgs/rdma-core-44.0/lib] ==> [/cm/shared/ex3-modules/202309a/huaq/pkgs/rdma-core-44.0/lib]
  collapse library dir [/cm/shared/ex3-modules/202309a/huaq/pkgs/libnl-3.2.25/lib] ==> [/cm/shared/ex3-modules/202309a/huaq/pkgs/libnl-3.2.25/lib]
  collapse library dir [/cm/shared/ex3-modules/202309a/huaq/pkgs/numactl-2.0.13/lib] ==> [/cm/shared/ex3-modules/202309a/huaq/pkgs/numactl-2.0.13/lib]
  collapse library dir [/cm/shared/ex3-modules/202309a/huaq/pkgs/libevent-2.1.12-stable/lib] ==> [/cm/shared/ex3-modules/202309a/huaq/pkgs/libevent-2.1.12-stable/lib]
  collapse library dir [/cm/shared/ex3-modules/202309a/huaq/pkgs/knem-1.1.4/lib] ==> [/cm/shared/ex3-modules/202309a/huaq/pkgs/knem-1.1.4/lib]
  collapse library dir [/cm/shared/ex3-modules/202309a/huaq/pkgs/hwloc-2.7.1/lib] ==> [/cm/shared/ex3-modules/202309a/huaq/pkgs/hwloc-2.7.1/lib]
  collapse library dir [/cm/shared/ex3-modules/202309a/huaq/pkgs/libxml2-2.9.12/lib] ==> [/cm/shared/ex3-modules/202309a/huaq/pkgs/libxml2-2.9.12/lib]
  collapse library dir [/cm/shared/ex3-modules/202309a/huaq/pkgs/xz-5.2.7/lib] ==> [/cm/shared/ex3-modules/202309a/huaq/pkgs/xz-5.2.7/lib]
  collapse library dir [/cm/shared/apps/slurm/current/lib64/slurm] ==> [/cm/shared/apps/slurm/current/lib64/slurm]
  collapse library dir [/cm/shared/apps/slurm/current/lib64] ==> [/cm/shared/apps/slurm/current/lib64]
  collapse library dir [/usr/lib/gcc/aarch64-linux-gnu/11/../../..] ==> [/usr/lib]
  implicit libs: [gfortran;m;gcc_s;gcc;m;gcc_s;gcc;c;gcc_s;gcc]
  implicit objs: [/usr/lib/aarch64-linux-gnu/Scrt1.o;/usr/lib/aarch64-linux-gnu/crti.o;/usr/lib/gcc/aarch64-linux-gnu/11/crtbeginS.o;/usr/lib/gcc/aarch64-linux-gnu/11/crtendS.o;/usr/lib/aarch64-linux-gnu/crtn.o]
  implicit dirs: [/home/andreast/modules/arm/apps/flow/202309a/rpp-amgcpr-ghost-last/lib;/home/andreast/modules/arm/apps/zoltan/202309a/12.16/lib;/home/andreast/modules/arm/apps/dune/202309a/mod-2.7.1/lib;/cm/shared/ex3-modules/202309a/huaq/pkgs/suitesparse-32-5.12.0/lib;/cm/shared/ex3-modules/202309a/huaq/pkgs/mpfr-4.0.2/lib;/cm/shared/ex3-modules/202309a/huaq/pkgs/gmp-6.3.0/lib;/cm/shared/ex3-modules/202309a/huaq/pkgs/parmetis-32-4.0.3/lib;/cm/shared/ex3-modules/202309a/huaq/pkgs/metis-32-5.1.0/lib;/cm/shared/ex3-modules/202309a/huaq/pkgs/openblas-0.3.21/lib;/cm/shared/ex3-modules/202309a/huaq/pkgs/boost-1.73.0/lib;/cm/shared/ex3-modules/202309a/huaq/pkgs/openmpi-4.1.4/lib;/cm/shared/ex3-modules/202309a/huaq/pkgs/util-linux-2.34/lib;/cm/shared/ex3-modules/202309a/huaq/pkgs/libfabric-1.17.0/lib;/cm/shared/ex3-modules/202309a/huaq/pkgs/ucx-1.12.1/lib;/cm/shared/ex3-modules/202309a/huaq/pkgs/rdma-core-44.0/lib;/cm/shared/ex3-modules/202309a/huaq/pkgs/libnl-3.2.25/lib;/cm/shared/ex3-modules/202309a/huaq/pkgs/numactl-2.0.13/lib;/cm/shared/ex3-modules/202309a/huaq/pkgs/libevent-2.1.12-stable/lib;/cm/shared/ex3-modules/202309a/huaq/pkgs/knem-1.1.4/lib;/cm/shared/ex3-modules/202309a/huaq/pkgs/hwloc-2.7.1/lib;/cm/shared/ex3-modules/202309a/huaq/pkgs/libxml2-2.9.12/lib;/cm/shared/ex3-modules/202309a/huaq/pkgs/xz-5.2.7/lib;/usr/lib/gcc/aarch64-linux-gnu/11;/usr/lib/aarch64-linux-gnu;/usr/lib;/lib/aarch64-linux-gnu;/lib;/cm/shared/apps/slurm/current/lib64/slurm;/cm/shared/apps/slurm/current/lib64]
  implicit fwks: []


Performing C++ SOURCE FILE Test cxx_std_flag_17 succeeded with the following output:
Change Dir: /home/erikhs/MatrixProblems/build_aarch64/CMakeFiles/CMakeTmp

Run Build Command(s):/usr/bin/gmake -f Makefile cmTC_12f04/fast && /usr/bin/gmake  -f CMakeFiles/cmTC_12f04.dir/build.make CMakeFiles/cmTC_12f04.dir/build
gmake[1]: Entering directory '/home/erikhs/MatrixProblems/build_aarch64/CMakeFiles/CMakeTmp'
Building CXX object CMakeFiles/cmTC_12f04.dir/src.cxx.o
/usr/bin/c++ -Dcxx_std_flag_17  -O2 -funroll-loops  -fPIE   -std=c++17 -o CMakeFiles/cmTC_12f04.dir/src.cxx.o -c /home/erikhs/MatrixProblems/build_aarch64/CMakeFiles/CMakeTmp/src.cxx
Linking CXX executable cmTC_12f04
/cm/shared/ex3-modules/202309a/huaq/pkgs/cmake-3.22.3/bin/cmake -E cmake_link_script CMakeFiles/cmTC_12f04.dir/link.txt --verbose=1
/usr/bin/c++ -O2 -funroll-loops  -rdynamic CMakeFiles/cmTC_12f04.dir/src.cxx.o -o cmTC_12f04 
gmake[1]: Leaving directory '/home/erikhs/MatrixProblems/build_aarch64/CMakeFiles/CMakeTmp'


Source file was:
int main() { return 0; }
Performing C++ SOURCE FILE Test compiler_supports_cxx17 succeeded with the following output:
Change Dir: /home/erikhs/MatrixProblems/build_aarch64/CMakeFiles/CMakeTmp

Run Build Command(s):/usr/bin/gmake -f Makefile cmTC_2df66/fast && /usr/bin/gmake  -f CMakeFiles/cmTC_2df66.dir/build.make CMakeFiles/cmTC_2df66.dir/build
gmake[1]: Entering directory '/home/erikhs/MatrixProblems/build_aarch64/CMakeFiles/CMakeTmp'
Building CXX object CMakeFiles/cmTC_2df66.dir/src.cxx.o
/usr/bin/c++ -Dcompiler_supports_cxx17  -O2 -funroll-loops  -std=c++17 -fPIE -o CMakeFiles/cmTC_2df66.dir/src.cxx.o -c /home/erikhs/MatrixProblems/build_aarch64/CMakeFiles/CMakeTmp/src.cxx
Linking CXX executable cmTC_2df66
/cm/shared/ex3-modules/202309a/huaq/pkgs/cmake-3.22.3/bin/cmake -E cmake_link_script CMakeFiles/cmTC_2df66.dir/link.txt --verbose=1
/usr/bin/c++ -O2 -funroll-loops  -std=c++17 -rdynamic CMakeFiles/cmTC_2df66.dir/src.cxx.o -o cmTC_2df66 
gmake[1]: Leaving directory '/home/erikhs/MatrixProblems/build_aarch64/CMakeFiles/CMakeTmp'


Source file was:

  #include <type_traits>

  // nested namespaces are a C++17 compiler feature
  namespace A::B {
    using T = int;
  }

  int main() {
    // std::void_t is a C++17 library feature
    return not std::is_same<void,std::void_t<A::B::T> >{};
  }
  
Performing C++ SOURCE FILE Test HAS_ATTRIBUTE_UNUSED succeeded with the following output:
Change Dir: /home/erikhs/MatrixProblems/build_aarch64/CMakeFiles/CMakeTmp

Run Build Command(s):/usr/bin/gmake -f Makefile cmTC_378b9/fast && /usr/bin/gmake  -f CMakeFiles/cmTC_378b9.dir/build.make CMakeFiles/cmTC_378b9.dir/build
gmake[1]: Entering directory '/home/erikhs/MatrixProblems/build_aarch64/CMakeFiles/CMakeTmp'
Building CXX object CMakeFiles/cmTC_378b9.dir/src.cxx.o
/usr/bin/c++ -DHAS_ATTRIBUTE_UNUSED  -std=c++17 -O2 -funroll-loops  -fPIE -o CMakeFiles/cmTC_378b9.dir/src.cxx.o -c /home/erikhs/MatrixProblems/build_aarch64/CMakeFiles/CMakeTmp/src.cxx
Linking CXX executable cmTC_378b9
/cm/shared/ex3-modules/202309a/huaq/pkgs/cmake-3.22.3/bin/cmake -E cmake_link_script CMakeFiles/cmTC_378b9.dir/link.txt --verbose=1
/usr/bin/c++ -std=c++17 -O2 -funroll-loops  -rdynamic CMakeFiles/cmTC_378b9.dir/src.cxx.o -o cmTC_378b9 
gmake[1]: Leaving directory '/home/erikhs/MatrixProblems/build_aarch64/CMakeFiles/CMakeTmp'


Source file was:

   int main(void)
   {
     int __attribute__((unused)) foo;
     return 0;
   };

Performing C++ SOURCE FILE Test HAS_ATTRIBUTE_DEPRECATED succeeded with the following output:
Change Dir: /home/erikhs/MatrixProblems/build_aarch64/CMakeFiles/CMakeTmp

Run Build Command(s):/usr/bin/gmake -f Makefile cmTC_fe75b/fast && /usr/bin/gmake  -f CMakeFiles/cmTC_fe75b.dir/build.make CMakeFiles/cmTC_fe75b.dir/build
gmake[1]: Entering directory '/home/erikhs/MatrixProblems/build_aarch64/CMakeFiles/CMakeTmp'
Building CXX object CMakeFiles/cmTC_fe75b.dir/src.cxx.o
/usr/bin/c++ -DHAS_ATTRIBUTE_DEPRECATED  -std=c++17 -O2 -funroll-loops  -fPIE -o CMakeFiles/cmTC_fe75b.dir/src.cxx.o -c /home/erikhs/MatrixProblems/build_aarch64/CMakeFiles/CMakeTmp/src.cxx
Linking CXX executable cmTC_fe75b
/cm/shared/ex3-modules/202309a/huaq/pkgs/cmake-3.22.3/bin/cmake -E cmake_link_script CMakeFiles/cmTC_fe75b.dir/link.txt --verbose=1
/usr/bin/c++ -std=c++17 -O2 -funroll-loops  -rdynamic CMakeFiles/cmTC_fe75b.dir/src.cxx.o -o cmTC_fe75b 
gmake[1]: Leaving directory '/home/erikhs/MatrixProblems/build_aarch64/CMakeFiles/CMakeTmp'


Source file was:

#define DEP __attribute__((deprecated))
   class bar
   {
     bar() DEP;
   };

   class peng { } DEP;

   template <class T>
   class t_bar
   {
     t_bar() DEP;
   };

   template <class T>
   class t_peng {
     t_peng() {};
   } DEP;

   void foo() DEP;

   void foo() {}

   int main(void)
   {
     return 0;
   };

Performing C++ SOURCE FILE Test HAS_ATTRIBUTE_DEPRECATED_MSG succeeded with the following output:
Change Dir: /home/erikhs/MatrixProblems/build_aarch64/CMakeFiles/CMakeTmp

Run Build Command(s):/usr/bin/gmake -f Makefile cmTC_baf87/fast && /usr/bin/gmake  -f CMakeFiles/cmTC_baf87.dir/build.make CMakeFiles/cmTC_baf87.dir/build
gmake[1]: Entering directory '/home/erikhs/MatrixProblems/build_aarch64/CMakeFiles/CMakeTmp'
Building CXX object CMakeFiles/cmTC_baf87.dir/src.cxx.o
/usr/bin/c++ -DHAS_ATTRIBUTE_DEPRECATED_MSG  -std=c++17 -O2 -funroll-loops  -fPIE -o CMakeFiles/cmTC_baf87.dir/src.cxx.o -c /home/erikhs/MatrixProblems/build_aarch64/CMakeFiles/CMakeTmp/src.cxx
Linking CXX executable cmTC_baf87
/cm/shared/ex3-modules/202309a/huaq/pkgs/cmake-3.22.3/bin/cmake -E cmake_link_script CMakeFiles/cmTC_baf87.dir/link.txt --verbose=1
/usr/bin/c++ -std=c++17 -O2 -funroll-loops  -rdynamic CMakeFiles/cmTC_baf87.dir/src.cxx.o -o cmTC_baf87 
gmake[1]: Leaving directory '/home/erikhs/MatrixProblems/build_aarch64/CMakeFiles/CMakeTmp'


Source file was:

#define DEP __attribute__((deprecated("message")))
   class bar {
     bar() DEP;
   };

   class peng { } DEP;

   template <class T>
   class t_bar
   {
     t_bar() DEP;
   };

   template <class T>
   class t_peng
   {
     t_peng() {};
   } DEP;

   void foo() DEP;

   void foo() {}

   int main(void)
   {
     return 0;
   };

Performing C++ SOURCE FILE Test HAVE_IS_INDEXABLE_SUPPORT succeeded with the following output:
Change Dir: /home/erikhs/MatrixProblems/build_aarch64/CMakeFiles/CMakeTmp

Run Build Command(s):/usr/bin/gmake -f Makefile cmTC_a3e0d/fast && /usr/bin/gmake  -f CMakeFiles/cmTC_a3e0d.dir/build.make CMakeFiles/cmTC_a3e0d.dir/build
gmake[1]: Entering directory '/home/erikhs/MatrixProblems/build_aarch64/CMakeFiles/CMakeTmp'
Building CXX object CMakeFiles/cmTC_a3e0d.dir/src.cxx.o
/usr/bin/c++ -DHAVE_IS_INDEXABLE_SUPPORT  -std=c++17 -O2 -funroll-loops  -fPIE -o CMakeFiles/cmTC_a3e0d.dir/src.cxx.o -c /home/erikhs/MatrixProblems/build_aarch64/CMakeFiles/CMakeTmp/src.cxx
Linking CXX executable cmTC_a3e0d
/cm/shared/ex3-modules/202309a/huaq/pkgs/cmake-3.22.3/bin/cmake -E cmake_link_script CMakeFiles/cmTC_a3e0d.dir/link.txt --verbose=1
/usr/bin/c++ -std=c++17 -O2 -funroll-loops  -rdynamic CMakeFiles/cmTC_a3e0d.dir/src.cxx.o -o cmTC_a3e0d 
gmake[1]: Leaving directory '/home/erikhs/MatrixProblems/build_aarch64/CMakeFiles/CMakeTmp'


Source file was:

  #include <utility>
  #include <type_traits>
  #include <array>

  template <class T>
  typename std::add_rvalue_reference<T>::type declval();

  namespace detail {

    template<typename T, typename I, typename = int>
    struct _is_indexable
      : public std::false_type
    {};

    template<typename T, typename I>
    struct _is_indexable<T,I,typename std::enable_if<(sizeof(declval<T>()[declval<I>()]) > 0),int>::type>
      : public std::true_type
    {};

  }

  template<typename T, typename I = std::size_t>
  struct is_indexable
    : public detail::_is_indexable<T,I>
  {};

  struct foo_type {};

  int main()
  {
    double x;
    std::array<double,4> y;
    double z[5];
    foo_type f;

    static_assert(not is_indexable<decltype(x)>::value,"scalar type");
    static_assert(is_indexable<decltype(y)>::value,"indexable class");
    static_assert(is_indexable<decltype(z)>::value,"array");
    static_assert(not is_indexable<decltype(f)>::value,"not indexable class");
    static_assert(not is_indexable<decltype(y),foo_type>::value,"custom index type");

    return 0;
  }

Performing C++ SOURCE FILE Test DUNE_HAVE_CXX_CLASS_TEMPLATE_ARGUMENT_DEDUCTION succeeded with the following output:
Change Dir: /home/erikhs/MatrixProblems/build_aarch64/CMakeFiles/CMakeTmp

Run Build Command(s):/usr/bin/gmake -f Makefile cmTC_2b3ed/fast && /usr/bin/gmake  -f CMakeFiles/cmTC_2b3ed.dir/build.make CMakeFiles/cmTC_2b3ed.dir/build
gmake[1]: Entering directory '/home/erikhs/MatrixProblems/build_aarch64/CMakeFiles/CMakeTmp'
Building CXX object CMakeFiles/cmTC_2b3ed.dir/src.cxx.o
/usr/bin/c++ -DDUNE_HAVE_CXX_CLASS_TEMPLATE_ARGUMENT_DEDUCTION  -std=c++17 -O2 -funroll-loops  -fPIE -o CMakeFiles/cmTC_2b3ed.dir/src.cxx.o -c /home/erikhs/MatrixProblems/build_aarch64/CMakeFiles/CMakeTmp/src.cxx
Linking CXX executable cmTC_2b3ed
/cm/shared/ex3-modules/202309a/huaq/pkgs/cmake-3.22.3/bin/cmake -E cmake_link_script CMakeFiles/cmTC_2b3ed.dir/link.txt --verbose=1
/usr/bin/c++ -std=c++17 -O2 -funroll-loops  -rdynamic CMakeFiles/cmTC_2b3ed.dir/src.cxx.o -o cmTC_2b3ed 
gmake[1]: Leaving directory '/home/erikhs/MatrixProblems/build_aarch64/CMakeFiles/CMakeTmp'


Source file was:

  #include <type_traits>

  template<typename T1>
  struct A {
    A(T1) {}

    template<typename T2>
    A(T2, T2) {}
  };

  struct B {
    using type = bool;
  };

  template<typename T2>
  A(T2, T2)
    -> A<typename T2::type>;

  int main()
  {
    A a1(1);
    static_assert(std::is_same_v< decltype(a1), A<int> >);

    B b;
    A a2(b, b);
    static_assert(std::is_same_v< decltype(a2), A<bool> >);
  }

Performing C++ SOURCE FILE Test DUNE_HAVE_CXX_OPTIONAL succeeded with the following output:
Change Dir: /home/erikhs/MatrixProblems/build_aarch64/CMakeFiles/CMakeTmp

Run Build Command(s):/usr/bin/gmake -f Makefile cmTC_5d111/fast && /usr/bin/gmake  -f CMakeFiles/cmTC_5d111.dir/build.make CMakeFiles/cmTC_5d111.dir/build
gmake[1]: Entering directory '/home/erikhs/MatrixProblems/build_aarch64/CMakeFiles/CMakeTmp'
Building CXX object CMakeFiles/cmTC_5d111.dir/src.cxx.o
/usr/bin/c++ -DDUNE_HAVE_CXX_OPTIONAL  -std=c++17 -O2 -funroll-loops  -fPIE -o CMakeFiles/cmTC_5d111.dir/src.cxx.o -c /home/erikhs/MatrixProblems/build_aarch64/CMakeFiles/CMakeTmp/src.cxx
Linking CXX executable cmTC_5d111
/cm/shared/ex3-modules/202309a/huaq/pkgs/cmake-3.22.3/bin/cmake -E cmake_link_script CMakeFiles/cmTC_5d111.dir/link.txt --verbose=1
/usr/bin/c++ -std=c++17 -O2 -funroll-loops  -rdynamic CMakeFiles/cmTC_5d111.dir/src.cxx.o -o cmTC_5d111 
gmake[1]: Leaving directory '/home/erikhs/MatrixProblems/build_aarch64/CMakeFiles/CMakeTmp'


Source file was:

  #include <optional>
  #include <string>

  int main()
  {
    std::optional< std::string > a;
    std::string b = a.value_or( "empty" );
  }

Performing C++ SOURCE FILE Test DUNE_HAVE_CXX_VARIANT succeeded with the following output:
Change Dir: /home/erikhs/MatrixProblems/build_aarch64/CMakeFiles/CMakeTmp

Run Build Command(s):/usr/bin/gmake -f Makefile cmTC_b95bb/fast && /usr/bin/gmake  -f CMakeFiles/cmTC_b95bb.dir/build.make CMakeFiles/cmTC_b95bb.dir/build
gmake[1]: Entering directory '/home/erikhs/MatrixProblems/build_aarch64/CMakeFiles/CMakeTmp'
Building CXX object CMakeFiles/cmTC_b95bb.dir/src.cxx.o
/usr/bin/c++ -DDUNE_HAVE_CXX_VARIANT  -std=c++17 -O2 -funroll-loops  -fPIE -o CMakeFiles/cmTC_b95bb.dir/src.cxx.o -c /home/erikhs/MatrixProblems/build_aarch64/CMakeFiles/CMakeTmp/src.cxx
Linking CXX executable cmTC_b95bb
/cm/shared/ex3-modules/202309a/huaq/pkgs/cmake-3.22.3/bin/cmake -E cmake_link_script CMakeFiles/cmTC_b95bb.dir/link.txt --verbose=1
/usr/bin/c++ -std=c++17 -O2 -funroll-loops  -rdynamic CMakeFiles/cmTC_b95bb.dir/src.cxx.o -o cmTC_b95bb 
gmake[1]: Leaving directory '/home/erikhs/MatrixProblems/build_aarch64/CMakeFiles/CMakeTmp'


Source file was:

  #include <variant>
  #include <string>

  int main()
  {
    std::variant< int, std::string > a;
    a = "stringvalue";
    std::string b = std::get< std::string >(a);
  }

Determining if the include file pthread.h exists passed with the following output:
Change Dir: /home/erikhs/MatrixProblems/build_aarch64/CMakeFiles/CMakeTmp

Run Build Command(s):/usr/bin/gmake -f Makefile cmTC_fd163/fast && /usr/bin/gmake  -f CMakeFiles/cmTC_fd163.dir/build.make CMakeFiles/cmTC_fd163.dir/build
gmake[1]: Entering directory '/home/erikhs/MatrixProblems/build_aarch64/CMakeFiles/CMakeTmp'
Building C object CMakeFiles/cmTC_fd163.dir/CheckIncludeFile.c.o
/usr/bin/cc   -fPIE -o CMakeFiles/cmTC_fd163.dir/CheckIncludeFile.c.o -c /home/erikhs/MatrixProblems/build_aarch64/CMakeFiles/CMakeTmp/CheckIncludeFile.c
Linking C executable cmTC_fd163
/cm/shared/ex3-modules/202309a/huaq/pkgs/cmake-3.22.3/bin/cmake -E cmake_link_script CMakeFiles/cmTC_fd163.dir/link.txt --verbose=1
/usr/bin/cc -rdynamic CMakeFiles/cmTC_fd163.dir/CheckIncludeFile.c.o -o cmTC_fd163 
gmake[1]: Leaving directory '/home/erikhs/MatrixProblems/build_aarch64/CMakeFiles/CMakeTmp'



Performing C SOURCE FILE Test CMAKE_HAVE_LIBC_PTHREAD succeeded with the following output:
Change Dir: /home/erikhs/MatrixProblems/build_aarch64/CMakeFiles/CMakeTmp

Run Build Command(s):/usr/bin/gmake -f Makefile cmTC_fa693/fast && /usr/bin/gmake  -f CMakeFiles/cmTC_fa693.dir/build.make CMakeFiles/cmTC_fa693.dir/build
gmake[1]: Entering directory '/home/erikhs/MatrixProblems/build_aarch64/CMakeFiles/CMakeTmp'
Building C object CMakeFiles/cmTC_fa693.dir/src.c.o
/usr/bin/cc -DCMAKE_HAVE_LIBC_PTHREAD  -fPIE -o CMakeFiles/cmTC_fa693.dir/src.c.o -c /home/erikhs/MatrixProblems/build_aarch64/CMakeFiles/CMakeTmp/src.c
Linking C executable cmTC_fa693
/cm/shared/ex3-modules/202309a/huaq/pkgs/cmake-3.22.3/bin/cmake -E cmake_link_script CMakeFiles/cmTC_fa693.dir/link.txt --verbose=1
/usr/bin/cc -rdynamic CMakeFiles/cmTC_fa693.dir/src.c.o -o cmTC_fa693 
gmake[1]: Leaving directory '/home/erikhs/MatrixProblems/build_aarch64/CMakeFiles/CMakeTmp'


Source file was:
#include <pthread.h>

static void* test_func(void* data)
{
  return data;
}

int main(void)
{
  pthread_t thread;
  pthread_create(&thread, NULL, test_func, NULL);
  pthread_detach(thread);
  pthread_cancel(thread);
  pthread_join(thread, NULL);
  pthread_atfork(NULL, NULL, NULL);
  pthread_exit(NULL);

  return 0;
}

Performing C++ SOURCE FILE Test STDTHREAD_WORKS succeeded with the following compile output:
Change Dir: /home/erikhs/MatrixProblems/build_aarch64/CMakeFiles/CMakeTmp

Run Build Command(s):/usr/bin/gmake -f Makefile cmTC_2cbc4/fast && /usr/bin/gmake  -f CMakeFiles/cmTC_2cbc4.dir/build.make CMakeFiles/cmTC_2cbc4.dir/build
gmake[1]: Entering directory '/home/erikhs/MatrixProblems/build_aarch64/CMakeFiles/CMakeTmp'
Building CXX object CMakeFiles/cmTC_2cbc4.dir/src.cxx.o
/usr/bin/c++ -DSTDTHREAD_WORKS  -std=c++17 -O2 -funroll-loops  -fPIE -o CMakeFiles/cmTC_2cbc4.dir/src.cxx.o -c /home/erikhs/MatrixProblems/build_aarch64/CMakeFiles/CMakeTmp/src.cxx
Linking CXX executable cmTC_2cbc4
/cm/shared/ex3-modules/202309a/huaq/pkgs/cmake-3.22.3/bin/cmake -E cmake_link_script CMakeFiles/cmTC_2cbc4.dir/link.txt --verbose=1
/usr/bin/c++ -std=c++17 -O2 -funroll-loops  -rdynamic CMakeFiles/cmTC_2cbc4.dir/src.cxx.o -o cmTC_2cbc4  -Wl,-no-as-needed 
gmake[1]: Leaving directory '/home/erikhs/MatrixProblems/build_aarch64/CMakeFiles/CMakeTmp'


...and run output:

Return value: 1
Source file was:

      #include <thread>

      void dummy() {}

      int main() {
        std::thread t(dummy);
        t.join();
      }
    
Performing C++ SOURCE FILE Test DUNE_SUPPORTS_CXX_THROW_IN_CONSTEXPR succeeded with the following output:
Change Dir: /home/erikhs/MatrixProblems/build_aarch64/CMakeFiles/CMakeTmp

Run Build Command(s):/usr/bin/gmake -f Makefile cmTC_c7655/fast && /usr/bin/gmake  -f CMakeFiles/cmTC_c7655.dir/build.make CMakeFiles/cmTC_c7655.dir/build
gmake[1]: Entering directory '/home/erikhs/MatrixProblems/build_aarch64/CMakeFiles/CMakeTmp'
Building CXX object CMakeFiles/cmTC_c7655.dir/src.cxx.o
/usr/bin/c++ -DDUNE_SUPPORTS_CXX_THROW_IN_CONSTEXPR  -std=c++17 -O2 -funroll-loops  -fPIE -o CMakeFiles/cmTC_c7655.dir/src.cxx.o -c /home/erikhs/MatrixProblems/build_aarch64/CMakeFiles/CMakeTmp/src.cxx
Linking CXX executable cmTC_c7655
/cm/shared/ex3-modules/202309a/huaq/pkgs/cmake-3.22.3/bin/cmake -E cmake_link_script CMakeFiles/cmTC_c7655.dir/link.txt --verbose=1
/usr/bin/c++ -std=c++17 -O2 -funroll-loops  -rdynamic CMakeFiles/cmTC_c7655.dir/src.cxx.o -o cmTC_c7655 
gmake[1]: Leaving directory '/home/erikhs/MatrixProblems/build_aarch64/CMakeFiles/CMakeTmp'


Source file was:

  constexpr int foo(int bar)
  {
    if (bar < 0)
      throw bar;
    int r = 1;
    for (int i = 0 ; i < bar ; ++i)
      r += r;
    return r;
  }

  int main()
  {
    static_assert(foo(4) == 16, "test failed");
    return 0;
  }

Performing C++ SOURCE FILE Test DUNE_HAVE_C_ALIGNED_ALLOC succeeded with the following output:
Change Dir: /home/erikhs/MatrixProblems/build_aarch64/CMakeFiles/CMakeTmp

Run Build Command(s):/usr/bin/gmake -f Makefile cmTC_56015/fast && /usr/bin/gmake  -f CMakeFiles/cmTC_56015.dir/build.make CMakeFiles/cmTC_56015.dir/build
gmake[1]: Entering directory '/home/erikhs/MatrixProblems/build_aarch64/CMakeFiles/CMakeTmp'
Building CXX object CMakeFiles/cmTC_56015.dir/src.cxx.o
/usr/bin/c++ -DDUNE_HAVE_C_ALIGNED_ALLOC  -std=c++17 -O2 -funroll-loops  -fPIE -o CMakeFiles/cmTC_56015.dir/src.cxx.o -c /home/erikhs/MatrixProblems/build_aarch64/CMakeFiles/CMakeTmp/src.cxx
Linking CXX executable cmTC_56015
/cm/shared/ex3-modules/202309a/huaq/pkgs/cmake-3.22.3/bin/cmake -E cmake_link_script CMakeFiles/cmTC_56015.dir/link.txt --verbose=1
/usr/bin/c++ -std=c++17 -O2 -funroll-loops  -rdynamic CMakeFiles/cmTC_56015.dir/src.cxx.o -o cmTC_56015 
gmake[1]: Leaving directory '/home/erikhs/MatrixProblems/build_aarch64/CMakeFiles/CMakeTmp'


Source file was:

  #include <cstdlib>
  int main()
  {
    int* p = static_cast<int*>(aligned_alloc(64, 64*sizeof *p));
  }

Determining if the include file experimental/type_traits exists passed with the following output:
Change Dir: /home/erikhs/MatrixProblems/build_aarch64/CMakeFiles/CMakeTmp

Run Build Command(s):/usr/bin/gmake -f Makefile cmTC_e83f0/fast && /usr/bin/gmake  -f CMakeFiles/cmTC_e83f0.dir/build.make CMakeFiles/cmTC_e83f0.dir/build
gmake[1]: Entering directory '/home/erikhs/MatrixProblems/build_aarch64/CMakeFiles/CMakeTmp'
Building CXX object CMakeFiles/cmTC_e83f0.dir/CheckIncludeFile.cxx.o
/usr/bin/c++   -std=c++17 -O2 -funroll-loops  -fPIE -o CMakeFiles/cmTC_e83f0.dir/CheckIncludeFile.cxx.o -c /home/erikhs/MatrixProblems/build_aarch64/CMakeFiles/CMakeTmp/CheckIncludeFile.cxx
Linking CXX executable cmTC_e83f0
/cm/shared/ex3-modules/202309a/huaq/pkgs/cmake-3.22.3/bin/cmake -E cmake_link_script CMakeFiles/cmTC_e83f0.dir/link.txt --verbose=1
/usr/bin/c++ -std=c++17 -O2 -funroll-loops  -rdynamic CMakeFiles/cmTC_e83f0.dir/CheckIncludeFile.cxx.o -o cmTC_e83f0 
gmake[1]: Leaving directory '/home/erikhs/MatrixProblems/build_aarch64/CMakeFiles/CMakeTmp'



Determining if the std::move<std::bool_constant<true>> exist passed with the following output:
Change Dir: /home/erikhs/MatrixProblems/build_aarch64/CMakeFiles/CMakeTmp

Run Build Command(s):/usr/bin/gmake -f Makefile cmTC_6b766/fast && /usr/bin/gmake  -f CMakeFiles/cmTC_6b766.dir/build.make CMakeFiles/cmTC_6b766.dir/build
gmake[1]: Entering directory '/home/erikhs/MatrixProblems/build_aarch64/CMakeFiles/CMakeTmp'
Building CXX object CMakeFiles/cmTC_6b766.dir/CheckSymbolExists.cxx.o
/usr/bin/c++   -std=c++17 -O2 -funroll-loops  -fPIE -o CMakeFiles/cmTC_6b766.dir/CheckSymbolExists.cxx.o -c /home/erikhs/MatrixProblems/build_aarch64/CMakeFiles/CMakeTmp/CheckSymbolExists.cxx
Linking CXX executable cmTC_6b766
/cm/shared/ex3-modules/202309a/huaq/pkgs/cmake-3.22.3/bin/cmake -E cmake_link_script CMakeFiles/cmTC_6b766.dir/link.txt --verbose=1
/usr/bin/c++ -std=c++17 -O2 -funroll-loops  -rdynamic CMakeFiles/cmTC_6b766.dir/CheckSymbolExists.cxx.o -o cmTC_6b766 
gmake[1]: Leaving directory '/home/erikhs/MatrixProblems/build_aarch64/CMakeFiles/CMakeTmp'


File /home/erikhs/MatrixProblems/build_aarch64/CMakeFiles/CMakeTmp/CheckSymbolExists.cxx:
/* */
#include <utility>
#include <type_traits>

int main(int argc, char** argv)
{
  (void)argv;
  return ((int*)(&std::move<std::bool_constant<true>>))[argc];
}
Determining if the std::apply<std::negate<int>,std::tuple<int>> exist passed with the following output:
Change Dir: /home/erikhs/MatrixProblems/build_aarch64/CMakeFiles/CMakeTmp

Run Build Command(s):/usr/bin/gmake -f Makefile cmTC_f456b/fast && /usr/bin/gmake  -f CMakeFiles/cmTC_f456b.dir/build.make CMakeFiles/cmTC_f456b.dir/build
gmake[1]: Entering directory '/home/erikhs/MatrixProblems/build_aarch64/CMakeFiles/CMakeTmp'
Building CXX object CMakeFiles/cmTC_f456b.dir/CheckSymbolExists.cxx.o
/usr/bin/c++   -std=c++17 -O2 -funroll-loops  -fPIE -o CMakeFiles/cmTC_f456b.dir/CheckSymbolExists.cxx.o -c /home/erikhs/MatrixProblems/build_aarch64/CMakeFiles/CMakeTmp/CheckSymbolExists.cxx
Linking CXX executable cmTC_f456b
/cm/shared/ex3-modules/202309a/huaq/pkgs/cmake-3.22.3/bin/cmake -E cmake_link_script CMakeFiles/cmTC_f456b.dir/link.txt --verbose=1
/usr/bin/c++ -std=c++17 -O2 -funroll-loops  -rdynamic CMakeFiles/cmTC_f456b.dir/CheckSymbolExists.cxx.o -o cmTC_f456b 
gmake[1]: Leaving directory '/home/erikhs/MatrixProblems/build_aarch64/CMakeFiles/CMakeTmp'


File /home/erikhs/MatrixProblems/build_aarch64/CMakeFiles/CMakeTmp/CheckSymbolExists.cxx:
/* */
#include <functional>
#include <tuple>

int main(int argc, char** argv)
{
  (void)argv;
  return ((int*)(&std::apply<std::negate<int>,std::tuple<int>>))[argc];
}
Determining if the std::experimental::make_array<int,int> exist passed with the following output:
Change Dir: /home/erikhs/MatrixProblems/build_aarch64/CMakeFiles/CMakeTmp

Run Build Command(s):/usr/bin/gmake -f Makefile cmTC_99990/fast && /usr/bin/gmake  -f CMakeFiles/cmTC_99990.dir/build.make CMakeFiles/cmTC_99990.dir/build
gmake[1]: Entering directory '/home/erikhs/MatrixProblems/build_aarch64/CMakeFiles/CMakeTmp'
Building CXX object CMakeFiles/cmTC_99990.dir/CheckSymbolExists.cxx.o
/usr/bin/c++   -std=c++17 -O2 -funroll-loops  -fPIE -o CMakeFiles/cmTC_99990.dir/CheckSymbolExists.cxx.o -c /home/erikhs/MatrixProblems/build_aarch64/CMakeFiles/CMakeTmp/CheckSymbolExists.cxx
Linking CXX executable cmTC_99990
/cm/shared/ex3-modules/202309a/huaq/pkgs/cmake-3.22.3/bin/cmake -E cmake_link_script CMakeFiles/cmTC_99990.dir/link.txt --verbose=1
/usr/bin/c++ -std=c++17 -O2 -funroll-loops  -rdynamic CMakeFiles/cmTC_99990.dir/CheckSymbolExists.cxx.o -o cmTC_99990 
gmake[1]: Leaving directory '/home/erikhs/MatrixProblems/build_aarch64/CMakeFiles/CMakeTmp'


File /home/erikhs/MatrixProblems/build_aarch64/CMakeFiles/CMakeTmp/CheckSymbolExists.cxx:
/* */
#include <experimental/array>

int main(int argc, char** argv)
{
  (void)argv;
  return ((int*)(&std::experimental::make_array<int,int>))[argc];
}
Determining if the std::move<std::experimental::detected_t<std::decay_t,int>> exist passed with the following output:
Change Dir: /home/erikhs/MatrixProblems/build_aarch64/CMakeFiles/CMakeTmp

Run Build Command(s):/usr/bin/gmake -f Makefile cmTC_c9a9b/fast && /usr/bin/gmake  -f CMakeFiles/cmTC_c9a9b.dir/build.make CMakeFiles/cmTC_c9a9b.dir/build
gmake[1]: Entering directory '/home/erikhs/MatrixProblems/build_aarch64/CMakeFiles/CMakeTmp'
Building CXX object CMakeFiles/cmTC_c9a9b.dir/CheckSymbolExists.cxx.o
/usr/bin/c++   -std=c++17 -O2 -funroll-loops  -fPIE -o CMakeFiles/cmTC_c9a9b.dir/CheckSymbolExists.cxx.o -c /home/erikhs/MatrixProblems/build_aarch64/CMakeFiles/CMakeTmp/CheckSymbolExists.cxx
Linking CXX executable cmTC_c9a9b
/cm/shared/ex3-modules/202309a/huaq/pkgs/cmake-3.22.3/bin/cmake -E cmake_link_script CMakeFiles/cmTC_c9a9b.dir/link.txt --verbose=1
/usr/bin/c++ -std=c++17 -O2 -funroll-loops  -rdynamic CMakeFiles/cmTC_c9a9b.dir/CheckSymbolExists.cxx.o -o cmTC_c9a9b 
gmake[1]: Leaving directory '/home/erikhs/MatrixProblems/build_aarch64/CMakeFiles/CMakeTmp'


File /home/erikhs/MatrixProblems/build_aarch64/CMakeFiles/CMakeTmp/CheckSymbolExists.cxx:
/* */
#include <utility>
#include <experimental/type_traits>

int main(int argc, char** argv)
{
  (void)argv;
  return ((int*)(&std::move<std::experimental::detected_t<std::decay_t,int>>))[argc];
}
Performing C++ SOURCE FILE Test HAVE_CXA_DEMANGLE succeeded with the following output:
Change Dir: /home/erikhs/MatrixProblems/build_aarch64/CMakeFiles/CMakeTmp

Run Build Command(s):/usr/bin/gmake -f Makefile cmTC_c033e/fast && /usr/bin/gmake  -f CMakeFiles/cmTC_c033e.dir/build.make CMakeFiles/cmTC_c033e.dir/build
gmake[1]: Entering directory '/home/erikhs/MatrixProblems/build_aarch64/CMakeFiles/CMakeTmp'
Building CXX object CMakeFiles/cmTC_c033e.dir/src.cxx.o
/usr/bin/c++ -DHAVE_CXA_DEMANGLE  -std=c++17 -O2 -funroll-loops  -fPIE -o CMakeFiles/cmTC_c033e.dir/src.cxx.o -c /home/erikhs/MatrixProblems/build_aarch64/CMakeFiles/CMakeTmp/src.cxx
Linking CXX executable cmTC_c033e
/cm/shared/ex3-modules/202309a/huaq/pkgs/cmake-3.22.3/bin/cmake -E cmake_link_script CMakeFiles/cmTC_c033e.dir/link.txt --verbose=1
/usr/bin/c++ -std=c++17 -O2 -funroll-loops  -rdynamic CMakeFiles/cmTC_c033e.dir/src.cxx.o -o cmTC_c033e 
gmake[1]: Leaving directory '/home/erikhs/MatrixProblems/build_aarch64/CMakeFiles/CMakeTmp'


Source file was:
#include <typeinfo>
#include <cxxabi.h>
int main(void){
    int foobar = 0;
    const char *foo = typeid(foobar).name();
    int status;
    char *demangled = abi::__cxa_demangle( foo, 0, 0, &status );
}
Verifying Fortran/CXX Compiler Compatibility passed with the following output:
Change Dir: /home/erikhs/MatrixProblems/build_aarch64/CMakeFiles/FortranCInterface/VerifyCXX

Run Build Command(s):/usr/bin/gmake -f Makefile VerifyFortranC && /cm/shared/ex3-modules/202309a/huaq/pkgs/cmake-3.22.3/bin/cmake -S/cm/shared/ex3-modules/202309a/huaq/pkgs/cmake-3.22.3/share/cmake-3.22/Modules/FortranCInterface/Verify -B/home/erikhs/MatrixProblems/build_aarch64/CMakeFiles/FortranCInterface/VerifyCXX --check-build-system CMakeFiles/Makefile.cmake 0
/usr/bin/gmake  -f CMakeFiles/Makefile2 VerifyFortranC
gmake[1]: Entering directory '/home/erikhs/MatrixProblems/build_aarch64/CMakeFiles/FortranCInterface/VerifyCXX'
/cm/shared/ex3-modules/202309a/huaq/pkgs/cmake-3.22.3/bin/cmake -S/cm/shared/ex3-modules/202309a/huaq/pkgs/cmake-3.22.3/share/cmake-3.22/Modules/FortranCInterface/Verify -B/home/erikhs/MatrixProblems/build_aarch64/CMakeFiles/FortranCInterface/VerifyCXX --check-build-system CMakeFiles/Makefile.cmake 0
/cm/shared/ex3-modules/202309a/huaq/pkgs/cmake-3.22.3/bin/cmake -E cmake_progress_start /home/erikhs/MatrixProblems/build_aarch64/CMakeFiles/FortranCInterface/VerifyCXX/CMakeFiles 6
/usr/bin/gmake  -f CMakeFiles/Makefile2 CMakeFiles/VerifyFortranC.dir/all
gmake[2]: Entering directory '/home/erikhs/MatrixProblems/build_aarch64/CMakeFiles/FortranCInterface/VerifyCXX'
/usr/bin/gmake  -f CMakeFiles/VerifyFortran.dir/build.make CMakeFiles/VerifyFortran.dir/depend
gmake[3]: Entering directory '/home/erikhs/MatrixProblems/build_aarch64/CMakeFiles/FortranCInterface/VerifyCXX'
cd /home/erikhs/MatrixProblems/build_aarch64/CMakeFiles/FortranCInterface/VerifyCXX && /cm/shared/ex3-modules/202309a/huaq/pkgs/cmake-3.22.3/bin/cmake -E cmake_depends "Unix Makefiles" /cm/shared/ex3-modules/202309a/huaq/pkgs/cmake-3.22.3/share/cmake-3.22/Modules/FortranCInterface/Verify /cm/shared/ex3-modules/202309a/huaq/pkgs/cmake-3.22.3/share/cmake-3.22/Modules/FortranCInterface/Verify /home/erikhs/MatrixProblems/build_aarch64/CMakeFiles/FortranCInterface/VerifyCXX /home/erikhs/MatrixProblems/build_aarch64/CMakeFiles/FortranCInterface/VerifyCXX /home/erikhs/MatrixProblems/build_aarch64/CMakeFiles/FortranCInterface/VerifyCXX/CMakeFiles/VerifyFortran.dir/DependInfo.cmake
Scanning dependencies of target VerifyFortran
gmake[3]: Leaving directory '/home/erikhs/MatrixProblems/build_aarch64/CMakeFiles/FortranCInterface/VerifyCXX'
/usr/bin/gmake  -f CMakeFiles/VerifyFortran.dir/build.make CMakeFiles/VerifyFortran.dir/build
gmake[3]: Entering directory '/home/erikhs/MatrixProblems/build_aarch64/CMakeFiles/FortranCInterface/VerifyCXX'
[ 16%] Building Fortran object CMakeFiles/VerifyFortran.dir/VerifyFortran.f.o
/usr/bin/gfortran -DVERIFY_CXX -I/home/erikhs/MatrixProblems/build_aarch64/CMakeFiles/FortranCInterface/VerifyCXX -O3 -DNDEBUG -O3 -c /cm/shared/ex3-modules/202309a/huaq/pkgs/cmake-3.22.3/share/cmake-3.22/Modules/FortranCInterface/Verify/VerifyFortran.f -o CMakeFiles/VerifyFortran.dir/VerifyFortran.f.o
[ 33%] Linking Fortran static library libVerifyFortran.a
/cm/shared/ex3-modules/202309a/huaq/pkgs/cmake-3.22.3/bin/cmake -P CMakeFiles/VerifyFortran.dir/cmake_clean_target.cmake
/cm/shared/ex3-modules/202309a/huaq/pkgs/cmake-3.22.3/bin/cmake -E cmake_link_script CMakeFiles/VerifyFortran.dir/link.txt --verbose=1
/usr/bin/ar qc libVerifyFortran.a CMakeFiles/VerifyFortran.dir/VerifyFortran.f.o
/usr/bin/ranlib libVerifyFortran.a
gmake[3]: Leaving directory '/home/erikhs/MatrixProblems/build_aarch64/CMakeFiles/FortranCInterface/VerifyCXX'
[ 33%] Built target VerifyFortran
/usr/bin/gmake  -f CMakeFiles/VerifyFortranC.dir/build.make CMakeFiles/VerifyFortranC.dir/depend
gmake[3]: Entering directory '/home/erikhs/MatrixProblems/build_aarch64/CMakeFiles/FortranCInterface/VerifyCXX'
cd /home/erikhs/MatrixProblems/build_aarch64/CMakeFiles/FortranCInterface/VerifyCXX && /cm/shared/ex3-modules/202309a/huaq/pkgs/cmake-3.22.3/bin/cmake -E cmake_depends "Unix Makefiles" /cm/shared/ex3-modules/202309a/huaq/pkgs/cmake-3.22.3/share/cmake-3.22/Modules/FortranCInterface/Verify /cm/shared/ex3-modules/202309a/huaq/pkgs/cmake-3.22.3/share/cmake-3.22/Modules/FortranCInterface/Verify /home/erikhs/MatrixProblems/build_aarch64/CMakeFiles/FortranCInterface/VerifyCXX /home/erikhs/MatrixProblems/build_aarch64/CMakeFiles/FortranCInterface/VerifyCXX /home/erikhs/MatrixProblems/build_aarch64/CMakeFiles/FortranCInterface/VerifyCXX/CMakeFiles/VerifyFortranC.dir/DependInfo.cmake
Scanning dependencies of target VerifyFortranC
gmake[3]: Leaving directory '/home/erikhs/MatrixProblems/build_aarch64/CMakeFiles/FortranCInterface/VerifyCXX'
/usr/bin/gmake  -f CMakeFiles/VerifyFortranC.dir/build.make CMakeFiles/VerifyFortranC.dir/build
gmake[3]: Entering directory '/home/erikhs/MatrixProblems/build_aarch64/CMakeFiles/FortranCInterface/VerifyCXX'
[ 50%] Building C object CMakeFiles/VerifyFortranC.dir/main.c.o
/usr/bin/cc -DVERIFY_CXX -I/home/erikhs/MatrixProblems/build_aarch64/CMakeFiles/FortranCInterface/VerifyCXX -O3 -DNDEBUG -o CMakeFiles/VerifyFortranC.dir/main.c.o -c /cm/shared/ex3-modules/202309a/huaq/pkgs/cmake-3.22.3/share/cmake-3.22/Modules/FortranCInterface/Verify/main.c
[ 66%] Building C object CMakeFiles/VerifyFortranC.dir/VerifyC.c.o
/usr/bin/cc -DVERIFY_CXX -I/home/erikhs/MatrixProblems/build_aarch64/CMakeFiles/FortranCInterface/VerifyCXX -O3 -DNDEBUG -o CMakeFiles/VerifyFortranC.dir/VerifyC.c.o -c /cm/shared/ex3-modules/202309a/huaq/pkgs/cmake-3.22.3/share/cmake-3.22/Modules/FortranCInterface/Verify/VerifyC.c
[ 83%] Building CXX object CMakeFiles/VerifyFortranC.dir/VerifyCXX.cxx.o
/usr/bin/c++ -DVERIFY_CXX -I/home/erikhs/MatrixProblems/build_aarch64/CMakeFiles/FortranCInterface/VerifyCXX -std=c++17 -O2 -funroll-loops -O3 -DNDEBUG -o CMakeFiles/VerifyFortranC.dir/VerifyCXX.cxx.o -c /cm/shared/ex3-modules/202309a/huaq/pkgs/cmake-3.22.3/share/cmake-3.22/Modules/FortranCInterface/Verify/VerifyCXX.cxx
[100%] Linking CXX executable VerifyFortranC
/cm/shared/ex3-modules/202309a/huaq/pkgs/cmake-3.22.3/bin/cmake -E cmake_link_script CMakeFiles/VerifyFortranC.dir/link.txt --verbose=1
/usr/bin/c++ -std=c++17 -O2 -funroll-loops -O3 -DNDEBUG CMakeFiles/VerifyFortranC.dir/main.c.o CMakeFiles/VerifyFortranC.dir/VerifyC.c.o CMakeFiles/VerifyFortranC.dir/VerifyCXX.cxx.o -o VerifyFortranC  libVerifyFortran.a -lgfortran 
gmake[3]: Leaving directory '/home/erikhs/MatrixProblems/build_aarch64/CMakeFiles/FortranCInterface/VerifyCXX'
[100%] Built target VerifyFortranC
gmake[2]: Leaving directory '/home/erikhs/MatrixProblems/build_aarch64/CMakeFiles/FortranCInterface/VerifyCXX'
/cm/shared/ex3-modules/202309a/huaq/pkgs/cmake-3.22.3/bin/cmake -E cmake_progress_start /home/erikhs/MatrixProblems/build_aarch64/CMakeFiles/FortranCInterface/VerifyCXX/CMakeFiles 0
gmake[1]: Leaving directory '/home/erikhs/MatrixProblems/build_aarch64/CMakeFiles/FortranCInterface/VerifyCXX'



Determining if the Fortran sgemm exists passed with the following output:
Change Dir: /home/erikhs/MatrixProblems/build_aarch64/CMakeFiles/CMakeTmp

Run Build Command(s):/usr/bin/gmake -f Makefile cmTC_6bb0f/fast && /usr/bin/gmake  -f CMakeFiles/cmTC_6bb0f.dir/build.make CMakeFiles/cmTC_6bb0f.dir/build
gmake[1]: Entering directory '/home/erikhs/MatrixProblems/build_aarch64/CMakeFiles/CMakeTmp'
Building Fortran object CMakeFiles/cmTC_6bb0f.dir/testFortranCompiler.f.o
/usr/bin/gfortran   -O3 -DNDEBUG -O3 -fPIE -c /home/erikhs/MatrixProblems/build_aarch64/CMakeFiles/CMakeTmp/testFortranCompiler.f -o CMakeFiles/cmTC_6bb0f.dir/testFortranCompiler.f.o
Linking Fortran executable cmTC_6bb0f
/cm/shared/ex3-modules/202309a/huaq/pkgs/cmake-3.22.3/bin/cmake -E cmake_link_script CMakeFiles/cmTC_6bb0f.dir/link.txt --verbose=1
/usr/bin/gfortran -O3 -DNDEBUG -O3 CMakeFiles/cmTC_6bb0f.dir/testFortranCompiler.f.o -o cmTC_6bb0f  /cm/shared/ex3-modules/202309a/huaq/pkgs/openblas-0.3.21/lib/libopenblas.so 
gmake[1]: Leaving directory '/home/erikhs/MatrixProblems/build_aarch64/CMakeFiles/CMakeTmp'



Determining if the Fortran cheev exists passed with the following output:
Change Dir: /home/erikhs/MatrixProblems/build_aarch64/CMakeFiles/CMakeTmp

Run Build Command(s):/usr/bin/gmake -f Makefile cmTC_b8c98/fast && /usr/bin/gmake  -f CMakeFiles/cmTC_b8c98.dir/build.make CMakeFiles/cmTC_b8c98.dir/build
gmake[1]: Entering directory '/home/erikhs/MatrixProblems/build_aarch64/CMakeFiles/CMakeTmp'
Building Fortran object CMakeFiles/cmTC_b8c98.dir/testFortranCompiler.f.o
/usr/bin/gfortran   -O3 -DNDEBUG -O3 -fPIE -c /home/erikhs/MatrixProblems/build_aarch64/CMakeFiles/CMakeTmp/testFortranCompiler.f -o CMakeFiles/cmTC_b8c98.dir/testFortranCompiler.f.o
Linking Fortran executable cmTC_b8c98
/cm/shared/ex3-modules/202309a/huaq/pkgs/cmake-3.22.3/bin/cmake -E cmake_link_script CMakeFiles/cmTC_b8c98.dir/link.txt --verbose=1
/usr/bin/gfortran -O3 -DNDEBUG -O3 CMakeFiles/cmTC_b8c98.dir/testFortranCompiler.f.o -o cmTC_b8c98  /cm/shared/ex3-modules/202309a/huaq/pkgs/openblas-0.3.21/lib/libopenblas.so -lm -ldl 
gmake[1]: Leaving directory '/home/erikhs/MatrixProblems/build_aarch64/CMakeFiles/CMakeTmp'



Determining if the include file gmpxx.h exists passed with the following output:
Change Dir: /home/erikhs/MatrixProblems/build_aarch64/CMakeFiles/CMakeTmp

Run Build Command(s):/usr/bin/gmake -f Makefile cmTC_0fb4f/fast && /usr/bin/gmake  -f CMakeFiles/cmTC_0fb4f.dir/build.make CMakeFiles/cmTC_0fb4f.dir/build
gmake[1]: Entering directory '/home/erikhs/MatrixProblems/build_aarch64/CMakeFiles/CMakeTmp'
Building CXX object CMakeFiles/cmTC_0fb4f.dir/CheckIncludeFile.cxx.o
/usr/bin/c++   -std=c++17 -O2 -funroll-loops  -O3 -DNDEBUG -fPIE -o CMakeFiles/cmTC_0fb4f.dir/CheckIncludeFile.cxx.o -c /home/erikhs/MatrixProblems/build_aarch64/CMakeFiles/CMakeTmp/CheckIncludeFile.cxx
Linking CXX executable cmTC_0fb4f
/cm/shared/ex3-modules/202309a/huaq/pkgs/cmake-3.22.3/bin/cmake -E cmake_link_script CMakeFiles/cmTC_0fb4f.dir/link.txt --verbose=1
/usr/bin/c++ -std=c++17 -O2 -funroll-loops  -O3 -DNDEBUG -rdynamic CMakeFiles/cmTC_0fb4f.dir/CheckIncludeFile.cxx.o -o cmTC_0fb4f 
gmake[1]: Leaving directory '/home/erikhs/MatrixProblems/build_aarch64/CMakeFiles/CMakeTmp'



Determining if the function __gmpz_abs exists in the /usr/lib/aarch64-linux-gnu/libgmp.so passed with the following output:
Change Dir: /home/erikhs/MatrixProblems/build_aarch64/CMakeFiles/CMakeTmp

Run Build Command(s):/usr/bin/gmake -f Makefile cmTC_0f67f/fast && /usr/bin/gmake  -f CMakeFiles/cmTC_0f67f.dir/build.make CMakeFiles/cmTC_0f67f.dir/build
gmake[1]: Entering directory '/home/erikhs/MatrixProblems/build_aarch64/CMakeFiles/CMakeTmp'
Building C object CMakeFiles/cmTC_0f67f.dir/CheckFunctionExists.c.o
/usr/bin/cc   -DCHECK_FUNCTION_EXISTS=__gmpz_abs -O3 -DNDEBUG -fPIE -o CMakeFiles/cmTC_0f67f.dir/CheckFunctionExists.c.o -c /cm/shared/ex3-modules/202309a/huaq/pkgs/cmake-3.22.3/share/cmake-3.22/Modules/CheckFunctionExists.c
Linking C executable cmTC_0f67f
/cm/shared/ex3-modules/202309a/huaq/pkgs/cmake-3.22.3/bin/cmake -E cmake_link_script CMakeFiles/cmTC_0f67f.dir/link.txt --verbose=1
/usr/bin/cc  -DCHECK_FUNCTION_EXISTS=__gmpz_abs -O3 -DNDEBUG -rdynamic CMakeFiles/cmTC_0f67f.dir/CheckFunctionExists.c.o -o cmTC_0f67f  /usr/lib/aarch64-linux-gnu/libgmp.so 
gmake[1]: Leaving directory '/home/erikhs/MatrixProblems/build_aarch64/CMakeFiles/CMakeTmp'



Determining location of GMP, GMPxx succeeded:
Include directory: /usr/include
Library directory: /usr/lib/aarch64-linux-gnu/libgmp.so;/usr/lib/aarch64-linux-gnu/libgmpxx.so

Determining if the include file sys/mman.h exists passed with the following output:
Change Dir: /home/erikhs/MatrixProblems/build_aarch64/CMakeFiles/CMakeTmp

Run Build Command(s):/usr/bin/gmake -f Makefile cmTC_5575e/fast && /usr/bin/gmake  -f CMakeFiles/cmTC_5575e.dir/build.make CMakeFiles/cmTC_5575e.dir/build
gmake[1]: Entering directory '/home/erikhs/MatrixProblems/build_aarch64/CMakeFiles/CMakeTmp'
Building C object CMakeFiles/cmTC_5575e.dir/CheckIncludeFile.c.o
/usr/bin/cc   -O3 -DNDEBUG -fPIE -o CMakeFiles/cmTC_5575e.dir/CheckIncludeFile.c.o -c /home/erikhs/MatrixProblems/build_aarch64/CMakeFiles/CMakeTmp/CheckIncludeFile.c
Linking C executable cmTC_5575e
/cm/shared/ex3-modules/202309a/huaq/pkgs/cmake-3.22.3/bin/cmake -E cmake_link_script CMakeFiles/cmTC_5575e.dir/link.txt --verbose=1
/usr/bin/cc -O3 -DNDEBUG -rdynamic CMakeFiles/cmTC_5575e.dir/CheckIncludeFile.c.o -o cmTC_5575e 
gmake[1]: Leaving directory '/home/erikhs/MatrixProblems/build_aarch64/CMakeFiles/CMakeTmp'



Performing C SOURCE FILE Test HAVE_MPROTECT succeeded with the following output:
Change Dir: /home/erikhs/MatrixProblems/build_aarch64/CMakeFiles/CMakeTmp

Run Build Command(s):/usr/bin/gmake -f Makefile cmTC_246f6/fast && /usr/bin/gmake  -f CMakeFiles/cmTC_246f6.dir/build.make CMakeFiles/cmTC_246f6.dir/build
gmake[1]: Entering directory '/home/erikhs/MatrixProblems/build_aarch64/CMakeFiles/CMakeTmp'
Building C object CMakeFiles/cmTC_246f6.dir/src.c.o
/usr/bin/cc -DHAVE_MPROTECT  -O3 -DNDEBUG -fPIE -o CMakeFiles/cmTC_246f6.dir/src.c.o -c /home/erikhs/MatrixProblems/build_aarch64/CMakeFiles/CMakeTmp/src.c
Linking C executable cmTC_246f6
/cm/shared/ex3-modules/202309a/huaq/pkgs/cmake-3.22.3/bin/cmake -E cmake_link_script CMakeFiles/cmTC_246f6.dir/link.txt --verbose=1
/usr/bin/cc -O3 -DNDEBUG -rdynamic CMakeFiles/cmTC_246f6.dir/src.c.o -o cmTC_246f6 
gmake[1]: Leaving directory '/home/erikhs/MatrixProblems/build_aarch64/CMakeFiles/CMakeTmp'


Source file was:

#include <sys/mman.h>
int main(void){
  mprotect(0,0,PROT_NONE);
}
Performing C++ SOURCE FILE Test TBB_COMPILE_TEST succeeded with the following output:
Change Dir: /home/erikhs/MatrixProblems/build_aarch64/CMakeFiles/CMakeTmp

Run Build Command(s):/usr/bin/gmake -f Makefile cmTC_15095/fast && /usr/bin/gmake  -f CMakeFiles/cmTC_15095.dir/build.make CMakeFiles/cmTC_15095.dir/build
gmake[1]: Entering directory '/home/erikhs/MatrixProblems/build_aarch64/CMakeFiles/CMakeTmp'
Building CXX object CMakeFiles/cmTC_15095.dir/src.cxx.o
/usr/bin/c++ -DTBB_COMPILE_TEST -D_TBB_CPP0X  -std=c++17 -O2 -funroll-loops  -O3 -DNDEBUG -fPIE -o CMakeFiles/cmTC_15095.dir/src.cxx.o -c /home/erikhs/MatrixProblems/build_aarch64/CMakeFiles/CMakeTmp/src.cxx
Linking CXX executable cmTC_15095
/cm/shared/ex3-modules/202309a/huaq/pkgs/cmake-3.22.3/bin/cmake -E cmake_link_script CMakeFiles/cmTC_15095.dir/link.txt --verbose=1
/usr/bin/c++ -std=c++17 -O2 -funroll-loops  -O3 -DNDEBUG -rdynamic CMakeFiles/cmTC_15095.dir/src.cxx.o -o cmTC_15095  /usr/lib/aarch64-linux-gnu/libtbbmalloc.so /usr/lib/aarch64-linux-gnu/libtbb.so 
gmake[1]: Leaving directory '/home/erikhs/MatrixProblems/build_aarch64/CMakeFiles/CMakeTmp'


Source file was:

#include <tbb/tbb.h>
#include <numeric>

int main()
{
  int x[10] = {0};
  tbb::parallel_for(0,10,[&](int i){ x[i] = i; });
  return !(std::accumulate(x,x+10,0) == (9*10)/2);
}

Determining if the function mkstemp exists passed with the following output:
Change Dir: /home/erikhs/MatrixProblems/build_aarch64/CMakeFiles/CMakeTmp

Run Build Command(s):/usr/bin/gmake -f Makefile cmTC_f9778/fast && /usr/bin/gmake  -f CMakeFiles/cmTC_f9778.dir/build.make CMakeFiles/cmTC_f9778.dir/build
gmake[1]: Entering directory '/home/erikhs/MatrixProblems/build_aarch64/CMakeFiles/CMakeTmp'
Building C object CMakeFiles/cmTC_f9778.dir/CheckFunctionExists.c.o
/usr/bin/cc   -DCHECK_FUNCTION_EXISTS=mkstemp -O3 -DNDEBUG -fPIE -o CMakeFiles/cmTC_f9778.dir/CheckFunctionExists.c.o -c /cm/shared/ex3-modules/202309a/huaq/pkgs/cmake-3.22.3/share/cmake-3.22/Modules/CheckFunctionExists.c
Linking C executable cmTC_f9778
/cm/shared/ex3-modules/202309a/huaq/pkgs/cmake-3.22.3/bin/cmake -E cmake_link_script CMakeFiles/cmTC_f9778.dir/link.txt --verbose=1
/usr/bin/cc  -DCHECK_FUNCTION_EXISTS=mkstemp -O3 -DNDEBUG -rdynamic CMakeFiles/cmTC_f9778.dir/CheckFunctionExists.c.o -o cmTC_f9778 
gmake[1]: Leaving directory '/home/erikhs/MatrixProblems/build_aarch64/CMakeFiles/CMakeTmp'



Determining if the include file parmetis.h exists passed with the following output:
Change Dir: /home/erikhs/MatrixProblems/build_aarch64/CMakeFiles/CMakeTmp

Run Build Command(s):/usr/bin/gmake -f Makefile cmTC_69c7a/fast && /usr/bin/gmake  -f CMakeFiles/cmTC_69c7a.dir/build.make CMakeFiles/cmTC_69c7a.dir/build
gmake[1]: Entering directory '/home/erikhs/MatrixProblems/build_aarch64/CMakeFiles/CMakeTmp'
Building C object CMakeFiles/cmTC_69c7a.dir/CheckIncludeFile.c.o
/usr/bin/cc   -O3 -DNDEBUG -fPIE -o CMakeFiles/cmTC_69c7a.dir/CheckIncludeFile.c.o -c /home/erikhs/MatrixProblems/build_aarch64/CMakeFiles/CMakeTmp/CheckIncludeFile.c
Linking C executable cmTC_69c7a
/cm/shared/ex3-modules/202309a/huaq/pkgs/cmake-3.22.3/bin/cmake -E cmake_link_script CMakeFiles/cmTC_69c7a.dir/link.txt --verbose=1
/usr/bin/cc -O3 -DNDEBUG -rdynamic CMakeFiles/cmTC_69c7a.dir/CheckIncludeFile.c.o -o cmTC_69c7a 
gmake[1]: Leaving directory '/home/erikhs/MatrixProblems/build_aarch64/CMakeFiles/CMakeTmp'



Performing C SOURCE FILE Test SUITESPARSE_MIN_VERSION_4_3 succeeded with the following output:
Change Dir: /home/erikhs/MatrixProblems/build_aarch64/CMakeFiles/CMakeTmp

Run Build Command(s):/usr/bin/gmake -f Makefile cmTC_568df/fast && /usr/bin/gmake  -f CMakeFiles/cmTC_568df.dir/build.make CMakeFiles/cmTC_568df.dir/build
gmake[1]: Entering directory '/home/erikhs/MatrixProblems/build_aarch64/CMakeFiles/CMakeTmp'
Building C object CMakeFiles/cmTC_568df.dir/src.c.o
/usr/bin/cc -DSUITESPARSE_MIN_VERSION_4_3  -O3 -DNDEBUG -fPIE -o CMakeFiles/cmTC_568df.dir/src.c.o -c /home/erikhs/MatrixProblems/build_aarch64/CMakeFiles/CMakeTmp/src.c
Linking C executable cmTC_568df
/cm/shared/ex3-modules/202309a/huaq/pkgs/cmake-3.22.3/bin/cmake -E cmake_link_script CMakeFiles/cmTC_568df.dir/link.txt --verbose=1
/usr/bin/cc -O3 -DNDEBUG -rdynamic CMakeFiles/cmTC_568df.dir/src.c.o -o cmTC_568df  /cm/shared/ex3-modules/202309a/huaq/pkgs/suitesparse-32-5.12.0/lib/libcholmod.so /cm/shared/ex3-modules/202309a/huaq/pkgs/suitesparse-32-5.12.0/lib/libamd.so /cm/shared/ex3-modules/202309a/huaq/pkgs/suitesparse-32-5.12.0/lib/libcolamd.so /cm/shared/ex3-modules/202309a/huaq/pkgs/suitesparse-32-5.12.0/lib/libcamd.so /cm/shared/ex3-modules/202309a/huaq/pkgs/suitesparse-32-5.12.0/lib/libccolamd.so /cm/shared/ex3-modules/202309a/huaq/pkgs/suitesparse-32-5.12.0/lib/libldl.so /cm/shared/ex3-modules/202309a/huaq/pkgs/suitesparse-32-5.12.0/lib/libspqr.so /cm/shared/ex3-modules/202309a/huaq/pkgs/suitesparse-32-5.12.0/lib/libumfpack.so /cm/shared/ex3-modules/202309a/huaq/pkgs/suitesparse-32-5.12.0/lib/libcholmod.so /cm/shared/ex3-modules/202309a/huaq/pkgs/suitesparse-32-5.12.0/lib/libamd.so /cm/shared/ex3-modules/202309a/huaq/pkgs/suitesparse-32-5.12.0/lib/libcolamd.so /cm/shared/ex3-modules/202309a/huaq/pkgs/suitesparse-32-5.12.0/lib/libcamd.so /cm/shared/ex3-modules/202309a/huaq/pkgs/suitesparse-32-5.12.0/lib/libccolamd.so /cm/shared/ex3-modules/202309a/huaq/pkgs/suitesparse-32-5.12.0/lib/libamd.so /cm/shared/ex3-modules/202309a/huaq/pkgs/suitesparse-32-5.12.0/lib/libcamd.so /cm/shared/ex3-modules/202309a/huaq/pkgs/suitesparse-32-5.12.0/lib/libcolamd.so /cm/shared/ex3-modules/202309a/huaq/pkgs/suitesparse-32-5.12.0/lib/libccolamd.so /cm/shared/ex3-modules/202309a/huaq/pkgs/suitesparse-32-5.12.0/lib/libldl.so /cm/shared/ex3-modules/202309a/huaq/pkgs/suitesparse-32-5.12.0/lib/libspqr.so /cm/shared/ex3-modules/202309a/huaq/pkgs/suitesparse-32-5.12.0/lib/libumfpack.so 
gmake[1]: Leaving directory '/home/erikhs/MatrixProblems/build_aarch64/CMakeFiles/CMakeTmp'


Source file was:

    #include <SuiteSparse_config.h>
    int main(void)
    {
      #ifndef SUITESPARSE_HAS_VERSION_FUNCTION
        #error SuiteSparse <= 4.2.0 too old, required version 4.3 or newer for SPQR.
      #endif
      #if SUITESPARSE_VERSION <= 4003
        #error SuiteSparse too old, required version 4.3 or newer for SPQR.
      #endif
      return 0;
    }
Determining location of SuiteSparse succeeded:
Include directory: /cm/shared/ex3-modules/202309a/huaq/pkgs/suitesparse-32-5.12.0/include
Library directory: /cm/shared/ex3-modules/202309a/huaq/pkgs/suitesparse-32-5.12.0/lib/libldl.so;/cm/shared/ex3-modules/202309a/huaq/pkgs/suitesparse-32-5.12.0/lib/libspqr.so;/cm/shared/ex3-modules/202309a/huaq/pkgs/suitesparse-32-5.12.0/lib/libumfpack.so;/cm/shared/ex3-modules/202309a/huaq/pkgs/suitesparse-32-5.12.0/lib/libcholmod.so;/cm/shared/ex3-modules/202309a/huaq/pkgs/suitesparse-32-5.12.0/lib/libamd.so;/cm/shared/ex3-modules/202309a/huaq/pkgs/suitesparse-32-5.12.0/lib/libcamd.so;/cm/shared/ex3-modules/202309a/huaq/pkgs/suitesparse-32-5.12.0/lib/libcolamd.so;/cm/shared/ex3-modules/202309a/huaq/pkgs/suitesparse-32-5.12.0/lib/libccolamd.so;/cm/shared/ex3-modules/202309a/huaq/pkgs/suitesparse-32-5.12.0/lib/libsuitesparseconfig.so

Performing C SOURCE FILE Test HAVE_C99 succeeded with the following output:
Change Dir: /home/erikhs/MatrixProblems/build_aarch64/CMakeFiles/CMakeTmp

Run Build Command(s):/usr/bin/gmake -f Makefile cmTC_08b21/fast && /usr/bin/gmake  -f CMakeFiles/cmTC_08b21.dir/build.make CMakeFiles/cmTC_08b21.dir/build
gmake[1]: Entering directory '/home/erikhs/MatrixProblems/build_aarch64/CMakeFiles/CMakeTmp'
Building C object CMakeFiles/cmTC_08b21.dir/src.c.o
/usr/bin/cc -DHAVE_C99  -O3 -DNDEBUG -fPIE   -std=c99 -o CMakeFiles/cmTC_08b21.dir/src.c.o -c /home/erikhs/MatrixProblems/build_aarch64/CMakeFiles/CMakeTmp/src.c
Linking C executable cmTC_08b21
/cm/shared/ex3-modules/202309a/huaq/pkgs/cmake-3.22.3/bin/cmake -E cmake_link_script CMakeFiles/cmTC_08b21.dir/link.txt --verbose=1
/usr/bin/cc -O3 -DNDEBUG -rdynamic CMakeFiles/cmTC_08b21.dir/src.c.o -o cmTC_08b21 
gmake[1]: Leaving directory '/home/erikhs/MatrixProblems/build_aarch64/CMakeFiles/CMakeTmp'


Source file was:
int main(void) { return 0; }
Detecting C OpenMP compiler ABI info compiled with the following output:
Change Dir: /home/erikhs/MatrixProblems/build_aarch64/CMakeFiles/CMakeTmp

Run Build Command(s):/usr/bin/gmake -f Makefile cmTC_9d2e9/fast && /usr/bin/gmake  -f CMakeFiles/cmTC_9d2e9.dir/build.make CMakeFiles/cmTC_9d2e9.dir/build
gmake[1]: Entering directory '/home/erikhs/MatrixProblems/build_aarch64/CMakeFiles/CMakeTmp'
Building C object CMakeFiles/cmTC_9d2e9.dir/OpenMPTryFlag.c.o
/usr/bin/cc   -std=c99 -fopenmp -v -O3 -DNDEBUG -fPIE -o CMakeFiles/cmTC_9d2e9.dir/OpenMPTryFlag.c.o -c /home/erikhs/MatrixProblems/build_aarch64/CMakeFiles/FindOpenMP/OpenMPTryFlag.c
Using built-in specs.
COLLECT_GCC=/usr/bin/cc
Target: aarch64-linux-gnu
Configured with: ../src/configure -v --with-pkgversion='Ubuntu 11.4.0-1ubuntu1~22.04' --with-bugurl=file:///usr/share/doc/gcc-11/README.Bugs --enable-languages=c,ada,c++,go,d,fortran,objc,obj-c++,m2 --prefix=/usr --with-gcc-major-version-only --program-suffix=-11 --program-prefix=aarch64-linux-gnu- --enable-shared --enable-linker-build-id --libexecdir=/usr/lib --without-included-gettext --enable-threads=posix --libdir=/usr/lib --enable-nls --enable-bootstrap --enable-clocale=gnu --enable-libstdcxx-debug --enable-libstdcxx-time=yes --with-default-libstdcxx-abi=new --enable-gnu-unique-object --disable-libquadmath --disable-libquadmath-support --enable-plugin --enable-default-pie --with-system-zlib --enable-libphobos-checking=release --with-target-system-zlib=auto --enable-objc-gc=auto --enable-multiarch --enable-fix-cortex-a53-843419 --disable-werror --enable-checking=release --build=aarch64-linux-gnu --host=aarch64-linux-gnu --target=aarch64-linux-gnu --with-build-config=bootstrap-lto-lean --enable-link-serialization=2
Thread model: posix
Supported LTO compression algorithms: zlib zstd
gcc version 11.4.0 (Ubuntu 11.4.0-1ubuntu1~22.04) 
COLLECT_GCC_OPTIONS='-std=c99' '-fopenmp' '-v' '-O3' '-D' 'NDEBUG' '-fPIE' '-o' 'CMakeFiles/cmTC_9d2e9.dir/OpenMPTryFlag.c.o' '-c' '-mlittle-endian' '-mabi=lp64' '-pthread' '-dumpdir' 'CMakeFiles/cmTC_9d2e9.dir/'
 /usr/lib/gcc/aarch64-linux-gnu/11/cc1 -quiet -v -imultiarch aarch64-linux-gnu -D_REENTRANT -D NDEBUG /home/erikhs/MatrixProblems/build_aarch64/CMakeFiles/FindOpenMP/OpenMPTryFlag.c -quiet -dumpdir CMakeFiles/cmTC_9d2e9.dir/ -dumpbase OpenMPTryFlag.c.c -dumpbase-ext .c -mlittle-endian -mabi=lp64 -O3 -std=c99 -version -fopenmp -fPIE -fasynchronous-unwind-tables -fstack-protector-strong -Wformat -Wformat-security -fstack-clash-protection -o /tmp/ccVxGelB.s
GNU C99 (Ubuntu 11.4.0-1ubuntu1~22.04) version 11.4.0 (aarch64-linux-gnu)
	compiled by GNU C version 11.4.0, GMP version 6.2.1, MPFR version 4.1.0, MPC version 1.2.1, isl version isl-0.24-GMP

warning: GMP header version 6.2.1 differs from library version 6.3.0.
warning: MPFR header version 4.1.0 differs from library version 4.0.2.
GGC heuristics: --param ggc-min-expand=100 --param ggc-min-heapsize=131072
ignoring nonexistent directory "/usr/local/include/aarch64-linux-gnu"
ignoring nonexistent directory "/usr/lib/gcc/aarch64-linux-gnu/11/include-fixed"
ignoring nonexistent directory "/usr/lib/gcc/aarch64-linux-gnu/11/../../../../aarch64-linux-gnu/include"
#include "..." search starts here:
#include <...> search starts here:
 /cm/shared/apps/slurm/current/include
 /home/andreast/modules/arm/apps/flow/202309a/rpp-amgcpr-ghost-last/include
 /home/andreast/modules/arm/apps/zoltan/202309a/12.16/include
 /home/andreast/modules/arm/apps/dune/202309a/mod-2.7.1/include
 /cm/shared/ex3-modules/202309a/huaq/pkgs/suitesparse-32-5.12.0/include
 /cm/shared/ex3-modules/202309a/huaq/pkgs/mpfr-4.0.2/include
 /cm/shared/ex3-modules/202309a/huaq/pkgs/gmp-6.3.0/include
 /cm/shared/ex3-modules/202309a/huaq/pkgs/parmetis-32-4.0.3/include
 /cm/shared/ex3-modules/202309a/huaq/pkgs/metis-32-5.1.0/include
 /cm/shared/ex3-modules/202309a/huaq/pkgs/openblas-0.3.21/include
 /cm/shared/ex3-modules/202309a/huaq/pkgs/boost-1.73.0/include
 /cm/shared/ex3-modules/202309a/huaq/pkgs/openmpi-4.1.4/include
 /cm/shared/ex3-modules/202309a/huaq/pkgs/util-linux-2.34/include
 /cm/shared/ex3-modules/202309a/huaq/pkgs/libfabric-1.17.0/include
 /cm/shared/ex3-modules/202309a/huaq/pkgs/ucx-1.12.1/include
 /cm/shared/ex3-modules/202309a/huaq/pkgs/rdma-core-44.0/include
 /cm/shared/ex3-modules/202309a/huaq/pkgs/libnl-3.2.25/include/libnl3
 /cm/shared/ex3-modules/202309a/huaq/pkgs/numactl-2.0.13/include
 /cm/shared/ex3-modules/202309a/huaq/pkgs/libevent-2.1.12-stable/include
 /cm/shared/ex3-modules/202309a/huaq/pkgs/knem-1.1.4/include
 /cm/shared/ex3-modules/202309a/huaq/pkgs/hwloc-2.7.1/include
 /cm/shared/ex3-modules/202309a/huaq/pkgs/libxml2-2.9.12/include
 /cm/shared/ex3-modules/202309a/huaq/pkgs/xz-5.2.7/include
 /usr/lib/gcc/aarch64-linux-gnu/11/include
 /usr/local/include
 /usr/include/aarch64-linux-gnu
 /usr/include
End of search list.
GNU C99 (Ubuntu 11.4.0-1ubuntu1~22.04) version 11.4.0 (aarch64-linux-gnu)
	compiled by GNU C version 11.4.0, GMP version 6.2.1, MPFR version 4.1.0, MPC version 1.2.1, isl version isl-0.24-GMP

warning: GMP header version 6.2.1 differs from library version 6.3.0.
warning: MPFR header version 4.1.0 differs from library version 4.0.2.
GGC heuristics: --param ggc-min-expand=100 --param ggc-min-heapsize=131072
Compiler executable checksum: 52ed857e9cd110e5efaa797811afcfbb
COLLECT_GCC_OPTIONS='-std=c99' '-fopenmp' '-v' '-O3' '-D' 'NDEBUG' '-fPIE' '-o' 'CMakeFiles/cmTC_9d2e9.dir/OpenMPTryFlag.c.o' '-c' '-mlittle-endian' '-mabi=lp64' '-pthread' '-dumpdir' 'CMakeFiles/cmTC_9d2e9.dir/'
 as -v -EL -mabi=lp64 -o CMakeFiles/cmTC_9d2e9.dir/OpenMPTryFlag.c.o /tmp/ccVxGelB.s
GNU assembler version 2.38 (aarch64-linux-gnu) using BFD version (GNU Binutils for Ubuntu) 2.38
COMPILER_PATH=/usr/lib/gcc/aarch64-linux-gnu/11/:/usr/lib/gcc/aarch64-linux-gnu/11/:/usr/lib/gcc/aarch64-linux-gnu/:/usr/lib/gcc/aarch64-linux-gnu/11/:/usr/lib/gcc/aarch64-linux-gnu/
LIBRARY_PATH=/home/andreast/modules/arm/apps/flow/202309a/rpp-amgcpr-ghost-last/lib/../lib/:/home/andreast/modules/arm/apps/zoltan/202309a/12.16/lib/../lib/:/home/andreast/modules/arm/apps/dune/202309a/mod-2.7.1/lib/../lib/:/cm/shared/ex3-modules/202309a/huaq/pkgs/suitesparse-32-5.12.0/lib/../lib/:/cm/shared/ex3-modules/202309a/huaq/pkgs/mpfr-4.0.2/lib/../lib/:/cm/shared/ex3-modules/202309a/huaq/pkgs/gmp-6.3.0/lib/../lib/:/cm/shared/ex3-modules/202309a/huaq/pkgs/parmetis-32-4.0.3/lib/../lib/:/cm/shared/ex3-modules/202309a/huaq/pkgs/metis-32-5.1.0/lib/../lib/:/cm/shared/ex3-modules/202309a/huaq/pkgs/openblas-0.3.21/lib/../lib/:/cm/shared/ex3-modules/202309a/huaq/pkgs/boost-1.73.0/lib/../lib/:/cm/shared/ex3-modules/202309a/huaq/pkgs/openmpi-4.1.4/lib/../lib/:/cm/shared/ex3-modules/202309a/huaq/pkgs/util-linux-2.34/lib/../lib/:/cm/shared/ex3-modules/202309a/huaq/pkgs/libfabric-1.17.0/lib/../lib/:/cm/shared/ex3-modules/202309a/huaq/pkgs/ucx-1.12.1/lib/../lib/:/cm/shared/ex3-modules/202309a/huaq/pkgs/rdma-core-44.0/lib/../lib/:/cm/shared/ex3-modules/202309a/huaq/pkgs/libnl-3.2.25/lib/../lib/:/cm/shared/ex3-modules/202309a/huaq/pkgs/numactl-2.0.13/lib/../lib/:/cm/shared/ex3-modules/202309a/huaq/pkgs/libevent-2.1.12-stable/lib/../lib/:/cm/shared/ex3-modules/202309a/huaq/pkgs/knem-1.1.4/lib/../lib/:/cm/shared/ex3-modules/202309a/huaq/pkgs/hwloc-2.7.1/lib/../lib/:/cm/shared/ex3-modules/202309a/huaq/pkgs/libxml2-2.9.12/lib/../lib/:/cm/shared/ex3-modules/202309a/huaq/pkgs/xz-5.2.7/lib/../lib/:/usr/lib/gcc/aarch64-linux-gnu/11/:/usr/lib/gcc/aarch64-linux-gnu/11/../../../aarch64-linux-gnu/:/usr/lib/gcc/aarch64-linux-gnu/11/../../../../lib/:/lib/aarch64-linux-gnu/:/lib/../lib/:/usr/lib/aarch64-linux-gnu/:/usr/lib/../lib/:/home/andreast/modules/arm/apps/flow/202309a/rpp-amgcpr-ghost-last/lib/:/home/andreast/modules/arm/apps/zoltan/202309a/12.16/lib/:/home/andreast/modules/arm/apps/dune/202309a/mod-2.7.1/lib/:/cm/shared/ex3-modules/202309a/huaq/pkgs/suitesparse-32-5.12.0/lib/:/cm/shared/ex3-modules/202309a/huaq/pkgs/mpfr-4.0.2/lib/:/cm/shared/ex3-modules/202309a/huaq/pkgs/gmp-6.3.0/lib/:/cm/shared/ex3-modules/202309a/huaq/pkgs/parmetis-32-4.0.3/lib/:/cm/shared/ex3-modules/202309a/huaq/pkgs/metis-32-5.1.0/lib/:/cm/shared/ex3-modules/202309a/huaq/pkgs/openblas-0.3.21/lib/:/cm/shared/ex3-modules/202309a/huaq/pkgs/boost-1.73.0/lib/:/cm/shared/ex3-modules/202309a/huaq/pkgs/openmpi-4.1.4/lib/:/cm/shared/ex3-modules/202309a/huaq/pkgs/util-linux-2.34/lib/:/cm/shared/ex3-modules/202309a/huaq/pkgs/libfabric-1.17.0/lib/:/cm/shared/ex3-modules/202309a/huaq/pkgs/ucx-1.12.1/lib/:/cm/shared/ex3-modules/202309a/huaq/pkgs/rdma-core-44.0/lib/:/cm/shared/ex3-modules/202309a/huaq/pkgs/libnl-3.2.25/lib/:/cm/shared/ex3-modules/202309a/huaq/pkgs/numactl-2.0.13/lib/:/cm/shared/ex3-modules/202309a/huaq/pkgs/libevent-2.1.12-stable/lib/:/cm/shared/ex3-modules/202309a/huaq/pkgs/knem-1.1.4/lib/:/cm/shared/ex3-modules/202309a/huaq/pkgs/hwloc-2.7.1/lib/:/cm/shared/ex3-modules/202309a/huaq/pkgs/libxml2-2.9.12/lib/:/cm/shared/ex3-modules/202309a/huaq/pkgs/xz-5.2.7/lib/:/cm/shared/apps/slurm/current/lib64/slurm/:/cm/shared/apps/slurm/current/lib64/:/usr/lib/gcc/aarch64-linux-gnu/11/../../../:/lib/:/usr/lib/
COLLECT_GCC_OPTIONS='-std=c99' '-fopenmp' '-v' '-O3' '-D' 'NDEBUG' '-fPIE' '-o' 'CMakeFiles/cmTC_9d2e9.dir/OpenMPTryFlag.c.o' '-c' '-mlittle-endian' '-mabi=lp64' '-pthread' '-dumpdir' 'CMakeFiles/cmTC_9d2e9.dir/OpenMPTryFlag.c.'
Linking C executable cmTC_9d2e9
/cm/shared/ex3-modules/202309a/huaq/pkgs/cmake-3.22.3/bin/cmake -E cmake_link_script CMakeFiles/cmTC_9d2e9.dir/link.txt --verbose=1
/usr/bin/cc -std=c99 -fopenmp -v -O3 -DNDEBUG -rdynamic CMakeFiles/cmTC_9d2e9.dir/OpenMPTryFlag.c.o -o cmTC_9d2e9  -v 
Using built-in specs.
COLLECT_GCC=/usr/bin/cc
COLLECT_LTO_WRAPPER=/usr/lib/gcc/aarch64-linux-gnu/11/lto-wrapper
Target: aarch64-linux-gnu
Configured with: ../src/configure -v --with-pkgversion='Ubuntu 11.4.0-1ubuntu1~22.04' --with-bugurl=file:///usr/share/doc/gcc-11/README.Bugs --enable-languages=c,ada,c++,go,d,fortran,objc,obj-c++,m2 --prefix=/usr --with-gcc-major-version-only --program-suffix=-11 --program-prefix=aarch64-linux-gnu- --enable-shared --enable-linker-build-id --libexecdir=/usr/lib --without-included-gettext --enable-threads=posix --libdir=/usr/lib --enable-nls --enable-bootstrap --enable-clocale=gnu --enable-libstdcxx-debug --enable-libstdcxx-time=yes --with-default-libstdcxx-abi=new --enable-gnu-unique-object --disable-libquadmath --disable-libquadmath-support --enable-plugin --enable-default-pie --with-system-zlib --enable-libphobos-checking=release --with-target-system-zlib=auto --enable-objc-gc=auto --enable-multiarch --enable-fix-cortex-a53-843419 --disable-werror --enable-checking=release --build=aarch64-linux-gnu --host=aarch64-linux-gnu --target=aarch64-linux-gnu --with-build-config=bootstrap-lto-lean --enable-link-serialization=2
Thread model: posix
Supported LTO compression algorithms: zlib zstd
gcc version 11.4.0 (Ubuntu 11.4.0-1ubuntu1~22.04) 
COMPILER_PATH=/usr/lib/gcc/aarch64-linux-gnu/11/:/usr/lib/gcc/aarch64-linux-gnu/11/:/usr/lib/gcc/aarch64-linux-gnu/:/usr/lib/gcc/aarch64-linux-gnu/11/:/usr/lib/gcc/aarch64-linux-gnu/
LIBRARY_PATH=/home/andreast/modules/arm/apps/flow/202309a/rpp-amgcpr-ghost-last/lib/../lib/:/home/andreast/modules/arm/apps/zoltan/202309a/12.16/lib/../lib/:/home/andreast/modules/arm/apps/dune/202309a/mod-2.7.1/lib/../lib/:/cm/shared/ex3-modules/202309a/huaq/pkgs/suitesparse-32-5.12.0/lib/../lib/:/cm/shared/ex3-modules/202309a/huaq/pkgs/mpfr-4.0.2/lib/../lib/:/cm/shared/ex3-modules/202309a/huaq/pkgs/gmp-6.3.0/lib/../lib/:/cm/shared/ex3-modules/202309a/huaq/pkgs/parmetis-32-4.0.3/lib/../lib/:/cm/shared/ex3-modules/202309a/huaq/pkgs/metis-32-5.1.0/lib/../lib/:/cm/shared/ex3-modules/202309a/huaq/pkgs/openblas-0.3.21/lib/../lib/:/cm/shared/ex3-modules/202309a/huaq/pkgs/boost-1.73.0/lib/../lib/:/cm/shared/ex3-modules/202309a/huaq/pkgs/openmpi-4.1.4/lib/../lib/:/cm/shared/ex3-modules/202309a/huaq/pkgs/util-linux-2.34/lib/../lib/:/cm/shared/ex3-modules/202309a/huaq/pkgs/libfabric-1.17.0/lib/../lib/:/cm/shared/ex3-modules/202309a/huaq/pkgs/ucx-1.12.1/lib/../lib/:/cm/shared/ex3-modules/202309a/huaq/pkgs/rdma-core-44.0/lib/../lib/:/cm/shared/ex3-modules/202309a/huaq/pkgs/libnl-3.2.25/lib/../lib/:/cm/shared/ex3-modules/202309a/huaq/pkgs/numactl-2.0.13/lib/../lib/:/cm/shared/ex3-modules/202309a/huaq/pkgs/libevent-2.1.12-stable/lib/../lib/:/cm/shared/ex3-modules/202309a/huaq/pkgs/knem-1.1.4/lib/../lib/:/cm/shared/ex3-modules/202309a/huaq/pkgs/hwloc-2.7.1/lib/../lib/:/cm/shared/ex3-modules/202309a/huaq/pkgs/libxml2-2.9.12/lib/../lib/:/cm/shared/ex3-modules/202309a/huaq/pkgs/xz-5.2.7/lib/../lib/:/usr/lib/gcc/aarch64-linux-gnu/11/:/usr/lib/gcc/aarch64-linux-gnu/11/../../../aarch64-linux-gnu/:/usr/lib/gcc/aarch64-linux-gnu/11/../../../../lib/:/lib/aarch64-linux-gnu/:/lib/../lib/:/usr/lib/aarch64-linux-gnu/:/usr/lib/../lib/:/home/andreast/modules/arm/apps/flow/202309a/rpp-amgcpr-ghost-last/lib/:/home/andreast/modules/arm/apps/zoltan/202309a/12.16/lib/:/home/andreast/modules/arm/apps/dune/202309a/mod-2.7.1/lib/:/cm/shared/ex3-modules/202309a/huaq/pkgs/suitesparse-32-5.12.0/lib/:/cm/shared/ex3-modules/202309a/huaq/pkgs/mpfr-4.0.2/lib/:/cm/shared/ex3-modules/202309a/huaq/pkgs/gmp-6.3.0/lib/:/cm/shared/ex3-modules/202309a/huaq/pkgs/parmetis-32-4.0.3/lib/:/cm/shared/ex3-modules/202309a/huaq/pkgs/metis-32-5.1.0/lib/:/cm/shared/ex3-modules/202309a/huaq/pkgs/openblas-0.3.21/lib/:/cm/shared/ex3-modules/202309a/huaq/pkgs/boost-1.73.0/lib/:/cm/shared/ex3-modules/202309a/huaq/pkgs/openmpi-4.1.4/lib/:/cm/shared/ex3-modules/202309a/huaq/pkgs/util-linux-2.34/lib/:/cm/shared/ex3-modules/202309a/huaq/pkgs/libfabric-1.17.0/lib/:/cm/shared/ex3-modules/202309a/huaq/pkgs/ucx-1.12.1/lib/:/cm/shared/ex3-modules/202309a/huaq/pkgs/rdma-core-44.0/lib/:/cm/shared/ex3-modules/202309a/huaq/pkgs/libnl-3.2.25/lib/:/cm/shared/ex3-modules/202309a/huaq/pkgs/numactl-2.0.13/lib/:/cm/shared/ex3-modules/202309a/huaq/pkgs/libevent-2.1.12-stable/lib/:/cm/shared/ex3-modules/202309a/huaq/pkgs/knem-1.1.4/lib/:/cm/shared/ex3-modules/202309a/huaq/pkgs/hwloc-2.7.1/lib/:/cm/shared/ex3-modules/202309a/huaq/pkgs/libxml2-2.9.12/lib/:/cm/shared/ex3-modules/202309a/huaq/pkgs/xz-5.2.7/lib/:/cm/shared/apps/slurm/current/lib64/slurm/:/cm/shared/apps/slurm/current/lib64/:/usr/lib/gcc/aarch64-linux-gnu/11/../../../:/lib/:/usr/lib/
Reading specs from /usr/lib/gcc/aarch64-linux-gnu/11/libgomp.spec
COLLECT_GCC_OPTIONS='-std=c99' '-fopenmp' '-v' '-O3' '-D' 'NDEBUG' '-rdynamic' '-o' 'cmTC_9d2e9' '-v' '-mlittle-endian' '-mabi=lp64' '-pthread' '-dumpdir' 'cmTC_9d2e9.'
 /usr/lib/gcc/aarch64-linux-gnu/11/collect2 -plugin /usr/lib/gcc/aarch64-linux-gnu/11/liblto_plugin.so -plugin-opt=/usr/lib/gcc/aarch64-linux-gnu/11/lto-wrapper -plugin-opt=-fresolution=/tmp/cc8f63Zo.res -plugin-opt=-pass-through=-lgcc -plugin-opt=-pass-through=-lgcc_s -plugin-opt=-pass-through=-lpthread -plugin-opt=-pass-through=-lc -plugin-opt=-pass-through=-lgcc -plugin-opt=-pass-through=-lgcc_s --build-id --eh-frame-hdr --hash-style=gnu --as-needed -export-dynamic -dynamic-linker /lib/ld-linux-aarch64.so.1 -X -EL -maarch64linux --fix-cortex-a53-843419 -pie -z now -z relro -o cmTC_9d2e9 /usr/lib/gcc/aarch64-linux-gnu/11/../../../aarch64-linux-gnu/Scrt1.o /usr/lib/gcc/aarch64-linux-gnu/11/../../../aarch64-linux-gnu/crti.o /usr/lib/gcc/aarch64-linux-gnu/11/crtbeginS.o -L/home/andreast/modules/arm/apps/flow/202309a/rpp-amgcpr-ghost-last/lib/../lib -L/home/andreast/modules/arm/apps/zoltan/202309a/12.16/lib/../lib -L/home/andreast/modules/arm/apps/dune/202309a/mod-2.7.1/lib/../lib -L/cm/shared/ex3-modules/202309a/huaq/pkgs/suitesparse-32-5.12.0/lib/../lib -L/cm/shared/ex3-modules/202309a/huaq/pkgs/mpfr-4.0.2/lib/../lib -L/cm/shared/ex3-modules/202309a/huaq/pkgs/gmp-6.3.0/lib/../lib -L/cm/shared/ex3-modules/202309a/huaq/pkgs/parmetis-32-4.0.3/lib/../lib -L/cm/shared/ex3-modules/202309a/huaq/pkgs/metis-32-5.1.0/lib/../lib -L/cm/shared/ex3-modules/202309a/huaq/pkgs/openblas-0.3.21/lib/../lib -L/cm/shared/ex3-modules/202309a/huaq/pkgs/boost-1.73.0/lib/../lib -L/cm/shared/ex3-modules/202309a/huaq/pkgs/openmpi-4.1.4/lib/../lib -L/cm/shared/ex3-modules/202309a/huaq/pkgs/util-linux-2.34/lib/../lib -L/cm/shared/ex3-modules/202309a/huaq/pkgs/libfabric-1.17.0/lib/../lib -L/cm/shared/ex3-modules/202309a/huaq/pkgs/ucx-1.12.1/lib/../lib -L/cm/shared/ex3-modules/202309a/huaq/pkgs/rdma-core-44.0/lib/../lib -L/cm/shared/ex3-modules/202309a/huaq/pkgs/libnl-3.2.25/lib/../lib -L/cm/shared/ex3-modules/202309a/huaq/pkgs/numactl-2.0.13/lib/../lib -L/cm/shared/ex3-modules/202309a/huaq/pkgs/libevent-2.1.12-stable/lib/../lib -L/cm/shared/ex3-modules/202309a/huaq/pkgs/knem-1.1.4/lib/../lib -L/cm/shared/ex3-modules/202309a/huaq/pkgs/hwloc-2.7.1/lib/../lib -L/cm/shared/ex3-modules/202309a/huaq/pkgs/libxml2-2.9.12/lib/../lib -L/cm/shared/ex3-modules/202309a/huaq/pkgs/xz-5.2.7/lib/../lib -L/usr/lib/gcc/aarch64-linux-gnu/11 -L/usr/lib/gcc/aarch64-linux-gnu/11/../../../aarch64-linux-gnu -L/usr/lib/gcc/aarch64-linux-gnu/11/../../../../lib -L/lib/aarch64-linux-gnu -L/lib/../lib -L/usr/lib/aarch64-linux-gnu -L/usr/lib/../lib -L/home/andreast/modules/arm/apps/flow/202309a/rpp-amgcpr-ghost-last/lib -L/home/andreast/modules/arm/apps/zoltan/202309a/12.16/lib -L/home/andreast/modules/arm/apps/dune/202309a/mod-2.7.1/lib -L/cm/shared/ex3-modules/202309a/huaq/pkgs/suitesparse-32-5.12.0/lib -L/cm/shared/ex3-modules/202309a/huaq/pkgs/mpfr-4.0.2/lib -L/cm/shared/ex3-modules/202309a/huaq/pkgs/gmp-6.3.0/lib -L/cm/shared/ex3-modules/202309a/huaq/pkgs/parmetis-32-4.0.3/lib -L/cm/shared/ex3-modules/202309a/huaq/pkgs/metis-32-5.1.0/lib -L/cm/shared/ex3-modules/202309a/huaq/pkgs/openblas-0.3.21/lib -L/cm/shared/ex3-modules/202309a/huaq/pkgs/boost-1.73.0/lib -L/cm/shared/ex3-modules/202309a/huaq/pkgs/openmpi-4.1.4/lib -L/cm/shared/ex3-modules/202309a/huaq/pkgs/util-linux-2.34/lib -L/cm/shared/ex3-modules/202309a/huaq/pkgs/libfabric-1.17.0/lib -L/cm/shared/ex3-modules/202309a/huaq/pkgs/ucx-1.12.1/lib -L/cm/shared/ex3-modules/202309a/huaq/pkgs/rdma-core-44.0/lib -L/cm/shared/ex3-modules/202309a/huaq/pkgs/libnl-3.2.25/lib -L/cm/shared/ex3-modules/202309a/huaq/pkgs/numactl-2.0.13/lib -L/cm/shared/ex3-modules/202309a/huaq/pkgs/libevent-2.1.12-stable/lib -L/cm/shared/ex3-modules/202309a/huaq/pkgs/knem-1.1.4/lib -L/cm/shared/ex3-modules/202309a/huaq/pkgs/hwloc-2.7.1/lib -L/cm/shared/ex3-modules/202309a/huaq/pkgs/libxml2-2.9.12/lib -L/cm/shared/ex3-modules/202309a/huaq/pkgs/xz-5.2.7/lib -L/cm/shared/apps/slurm/current/lib64/slurm -L/cm/shared/apps/slurm/current/lib64 -L/usr/lib/gcc/aarch64-linux-gnu/11/../../.. CMakeFiles/cmTC_9d2e9.dir/OpenMPTryFlag.c.o -lgomp -lgcc --push-state --as-needed -lgcc_s --pop-state -lpthread -lc -lgcc --push-state --as-needed -lgcc_s --pop-state /usr/lib/gcc/aarch64-linux-gnu/11/crtendS.o /usr/lib/gcc/aarch64-linux-gnu/11/../../../aarch64-linux-gnu/crtn.o
COLLECT_GCC_OPTIONS='-std=c99' '-fopenmp' '-v' '-O3' '-D' 'NDEBUG' '-rdynamic' '-o' 'cmTC_9d2e9' '-v' '-mlittle-endian' '-mabi=lp64' '-pthread' '-dumpdir' 'cmTC_9d2e9.'
gmake[1]: Leaving directory '/home/erikhs/MatrixProblems/build_aarch64/CMakeFiles/CMakeTmp'



Parsed C OpenMP implicit link information from above output:
  link line regex: [^( *|.*[/\])(ld|CMAKE_LINK_STARTFILE-NOTFOUND|([^/\]+-)?ld|collect2)[^/\]*( |$)]
  ignore line: [Change Dir: /home/erikhs/MatrixProblems/build_aarch64/CMakeFiles/CMakeTmp]
  ignore line: []
  ignore line: [Run Build Command(s):/usr/bin/gmake -f Makefile cmTC_9d2e9/fast && /usr/bin/gmake  -f CMakeFiles/cmTC_9d2e9.dir/build.make CMakeFiles/cmTC_9d2e9.dir/build]
  ignore line: [gmake[1]: Entering directory '/home/erikhs/MatrixProblems/build_aarch64/CMakeFiles/CMakeTmp']
  ignore line: [Building C object CMakeFiles/cmTC_9d2e9.dir/OpenMPTryFlag.c.o]
  ignore line: [/usr/bin/cc   -std=c99 -fopenmp -v -O3 -DNDEBUG -fPIE -o CMakeFiles/cmTC_9d2e9.dir/OpenMPTryFlag.c.o -c /home/erikhs/MatrixProblems/build_aarch64/CMakeFiles/FindOpenMP/OpenMPTryFlag.c]
  ignore line: [Using built-in specs.]
  ignore line: [COLLECT_GCC=/usr/bin/cc]
  ignore line: [Target: aarch64-linux-gnu]
  ignore line: [Configured with: ../src/configure -v --with-pkgversion='Ubuntu 11.4.0-1ubuntu1~22.04' --with-bugurl=file:///usr/share/doc/gcc-11/README.Bugs --enable-languages=c ada c++ go d fortran objc obj-c++ m2 --prefix=/usr --with-gcc-major-version-only --program-suffix=-11 --program-prefix=aarch64-linux-gnu- --enable-shared --enable-linker-build-id --libexecdir=/usr/lib --without-included-gettext --enable-threads=posix --libdir=/usr/lib --enable-nls --enable-bootstrap --enable-clocale=gnu --enable-libstdcxx-debug --enable-libstdcxx-time=yes --with-default-libstdcxx-abi=new --enable-gnu-unique-object --disable-libquadmath --disable-libquadmath-support --enable-plugin --enable-default-pie --with-system-zlib --enable-libphobos-checking=release --with-target-system-zlib=auto --enable-objc-gc=auto --enable-multiarch --enable-fix-cortex-a53-843419 --disable-werror --enable-checking=release --build=aarch64-linux-gnu --host=aarch64-linux-gnu --target=aarch64-linux-gnu --with-build-config=bootstrap-lto-lean --enable-link-serialization=2]
  ignore line: [Thread model: posix]
  ignore line: [Supported LTO compression algorithms: zlib zstd]
  ignore line: [gcc version 11.4.0 (Ubuntu 11.4.0-1ubuntu1~22.04) ]
  ignore line: [COLLECT_GCC_OPTIONS='-std=c99' '-fopenmp' '-v' '-O3' '-D' 'NDEBUG' '-fPIE' '-o' 'CMakeFiles/cmTC_9d2e9.dir/OpenMPTryFlag.c.o' '-c' '-mlittle-endian' '-mabi=lp64' '-pthread' '-dumpdir' 'CMakeFiles/cmTC_9d2e9.dir/']
  ignore line: [ /usr/lib/gcc/aarch64-linux-gnu/11/cc1 -quiet -v -imultiarch aarch64-linux-gnu -D_REENTRANT -D NDEBUG /home/erikhs/MatrixProblems/build_aarch64/CMakeFiles/FindOpenMP/OpenMPTryFlag.c -quiet -dumpdir CMakeFiles/cmTC_9d2e9.dir/ -dumpbase OpenMPTryFlag.c.c -dumpbase-ext .c -mlittle-endian -mabi=lp64 -O3 -std=c99 -version -fopenmp -fPIE -fasynchronous-unwind-tables -fstack-protector-strong -Wformat -Wformat-security -fstack-clash-protection -o /tmp/ccVxGelB.s]
  ignore line: [GNU C99 (Ubuntu 11.4.0-1ubuntu1~22.04) version 11.4.0 (aarch64-linux-gnu)]
  ignore line: [	compiled by GNU C version 11.4.0  GMP version 6.2.1  MPFR version 4.1.0  MPC version 1.2.1  isl version isl-0.24-GMP]
  ignore line: []
  ignore line: [warning: GMP header version 6.2.1 differs from library version 6.3.0.]
  ignore line: [warning: MPFR header version 4.1.0 differs from library version 4.0.2.]
  ignore line: [GGC heuristics: --param ggc-min-expand=100 --param ggc-min-heapsize=131072]
  ignore line: [ignoring nonexistent directory "/usr/local/include/aarch64-linux-gnu"]
  ignore line: [ignoring nonexistent directory "/usr/lib/gcc/aarch64-linux-gnu/11/include-fixed"]
  ignore line: [ignoring nonexistent directory "/usr/lib/gcc/aarch64-linux-gnu/11/../../../../aarch64-linux-gnu/include"]
  ignore line: [#include "..." search starts here:]
  ignore line: [#include <...> search starts here:]
  ignore line: [ /cm/shared/apps/slurm/current/include]
  ignore line: [ /home/andreast/modules/arm/apps/flow/202309a/rpp-amgcpr-ghost-last/include]
  ignore line: [ /home/andreast/modules/arm/apps/zoltan/202309a/12.16/include]
  ignore line: [ /home/andreast/modules/arm/apps/dune/202309a/mod-2.7.1/include]
  ignore line: [ /cm/shared/ex3-modules/202309a/huaq/pkgs/suitesparse-32-5.12.0/include]
  ignore line: [ /cm/shared/ex3-modules/202309a/huaq/pkgs/mpfr-4.0.2/include]
  ignore line: [ /cm/shared/ex3-modules/202309a/huaq/pkgs/gmp-6.3.0/include]
  ignore line: [ /cm/shared/ex3-modules/202309a/huaq/pkgs/parmetis-32-4.0.3/include]
  ignore line: [ /cm/shared/ex3-modules/202309a/huaq/pkgs/metis-32-5.1.0/include]
  ignore line: [ /cm/shared/ex3-modules/202309a/huaq/pkgs/openblas-0.3.21/include]
  ignore line: [ /cm/shared/ex3-modules/202309a/huaq/pkgs/boost-1.73.0/include]
  ignore line: [ /cm/shared/ex3-modules/202309a/huaq/pkgs/openmpi-4.1.4/include]
  ignore line: [ /cm/shared/ex3-modules/202309a/huaq/pkgs/util-linux-2.34/include]
  ignore line: [ /cm/shared/ex3-modules/202309a/huaq/pkgs/libfabric-1.17.0/include]
  ignore line: [ /cm/shared/ex3-modules/202309a/huaq/pkgs/ucx-1.12.1/include]
  ignore line: [ /cm/shared/ex3-modules/202309a/huaq/pkgs/rdma-core-44.0/include]
  ignore line: [ /cm/shared/ex3-modules/202309a/huaq/pkgs/libnl-3.2.25/include/libnl3]
  ignore line: [ /cm/shared/ex3-modules/202309a/huaq/pkgs/numactl-2.0.13/include]
  ignore line: [ /cm/shared/ex3-modules/202309a/huaq/pkgs/libevent-2.1.12-stable/include]
  ignore line: [ /cm/shared/ex3-modules/202309a/huaq/pkgs/knem-1.1.4/include]
  ignore line: [ /cm/shared/ex3-modules/202309a/huaq/pkgs/hwloc-2.7.1/include]
  ignore line: [ /cm/shared/ex3-modules/202309a/huaq/pkgs/libxml2-2.9.12/include]
  ignore line: [ /cm/shared/ex3-modules/202309a/huaq/pkgs/xz-5.2.7/include]
  ignore line: [ /usr/lib/gcc/aarch64-linux-gnu/11/include]
  ignore line: [ /usr/local/include]
  ignore line: [ /usr/include/aarch64-linux-gnu]
  ignore line: [ /usr/include]
  ignore line: [End of search list.]
  ignore line: [GNU C99 (Ubuntu 11.4.0-1ubuntu1~22.04) version 11.4.0 (aarch64-linux-gnu)]
  ignore line: [	compiled by GNU C version 11.4.0  GMP version 6.2.1  MPFR version 4.1.0  MPC version 1.2.1  isl version isl-0.24-GMP]
  ignore line: []
  ignore line: [warning: GMP header version 6.2.1 differs from library version 6.3.0.]
  ignore line: [warning: MPFR header version 4.1.0 differs from library version 4.0.2.]
  ignore line: [GGC heuristics: --param ggc-min-expand=100 --param ggc-min-heapsize=131072]
  ignore line: [Compiler executable checksum: 52ed857e9cd110e5efaa797811afcfbb]
  ignore line: [COLLECT_GCC_OPTIONS='-std=c99' '-fopenmp' '-v' '-O3' '-D' 'NDEBUG' '-fPIE' '-o' 'CMakeFiles/cmTC_9d2e9.dir/OpenMPTryFlag.c.o' '-c' '-mlittle-endian' '-mabi=lp64' '-pthread' '-dumpdir' 'CMakeFiles/cmTC_9d2e9.dir/']
  ignore line: [ as -v -EL -mabi=lp64 -o CMakeFiles/cmTC_9d2e9.dir/OpenMPTryFlag.c.o /tmp/ccVxGelB.s]
  ignore line: [GNU assembler version 2.38 (aarch64-linux-gnu) using BFD version (GNU Binutils for Ubuntu) 2.38]
  ignore line: [COMPILER_PATH=/usr/lib/gcc/aarch64-linux-gnu/11/:/usr/lib/gcc/aarch64-linux-gnu/11/:/usr/lib/gcc/aarch64-linux-gnu/:/usr/lib/gcc/aarch64-linux-gnu/11/:/usr/lib/gcc/aarch64-linux-gnu/]
  ignore line: [LIBRARY_PATH=/home/andreast/modules/arm/apps/flow/202309a/rpp-amgcpr-ghost-last/lib/../lib/:/home/andreast/modules/arm/apps/zoltan/202309a/12.16/lib/../lib/:/home/andreast/modules/arm/apps/dune/202309a/mod-2.7.1/lib/../lib/:/cm/shared/ex3-modules/202309a/huaq/pkgs/suitesparse-32-5.12.0/lib/../lib/:/cm/shared/ex3-modules/202309a/huaq/pkgs/mpfr-4.0.2/lib/../lib/:/cm/shared/ex3-modules/202309a/huaq/pkgs/gmp-6.3.0/lib/../lib/:/cm/shared/ex3-modules/202309a/huaq/pkgs/parmetis-32-4.0.3/lib/../lib/:/cm/shared/ex3-modules/202309a/huaq/pkgs/metis-32-5.1.0/lib/../lib/:/cm/shared/ex3-modules/202309a/huaq/pkgs/openblas-0.3.21/lib/../lib/:/cm/shared/ex3-modules/202309a/huaq/pkgs/boost-1.73.0/lib/../lib/:/cm/shared/ex3-modules/202309a/huaq/pkgs/openmpi-4.1.4/lib/../lib/:/cm/shared/ex3-modules/202309a/huaq/pkgs/util-linux-2.34/lib/../lib/:/cm/shared/ex3-modules/202309a/huaq/pkgs/libfabric-1.17.0/lib/../lib/:/cm/shared/ex3-modules/202309a/huaq/pkgs/ucx-1.12.1/lib/../lib/:/cm/shared/ex3-modules/202309a/huaq/pkgs/rdma-core-44.0/lib/../lib/:/cm/shared/ex3-modules/202309a/huaq/pkgs/libnl-3.2.25/lib/../lib/:/cm/shared/ex3-modules/202309a/huaq/pkgs/numactl-2.0.13/lib/../lib/:/cm/shared/ex3-modules/202309a/huaq/pkgs/libevent-2.1.12-stable/lib/../lib/:/cm/shared/ex3-modules/202309a/huaq/pkgs/knem-1.1.4/lib/../lib/:/cm/shared/ex3-modules/202309a/huaq/pkgs/hwloc-2.7.1/lib/../lib/:/cm/shared/ex3-modules/202309a/huaq/pkgs/libxml2-2.9.12/lib/../lib/:/cm/shared/ex3-modules/202309a/huaq/pkgs/xz-5.2.7/lib/../lib/:/usr/lib/gcc/aarch64-linux-gnu/11/:/usr/lib/gcc/aarch64-linux-gnu/11/../../../aarch64-linux-gnu/:/usr/lib/gcc/aarch64-linux-gnu/11/../../../../lib/:/lib/aarch64-linux-gnu/:/lib/../lib/:/usr/lib/aarch64-linux-gnu/:/usr/lib/../lib/:/home/andreast/modules/arm/apps/flow/202309a/rpp-amgcpr-ghost-last/lib/:/home/andreast/modules/arm/apps/zoltan/202309a/12.16/lib/:/home/andreast/modules/arm/apps/dune/202309a/mod-2.7.1/lib/:/cm/shared/ex3-modules/202309a/huaq/pkgs/suitesparse-32-5.12.0/lib/:/cm/shared/ex3-modules/202309a/huaq/pkgs/mpfr-4.0.2/lib/:/cm/shared/ex3-modules/202309a/huaq/pkgs/gmp-6.3.0/lib/:/cm/shared/ex3-modules/202309a/huaq/pkgs/parmetis-32-4.0.3/lib/:/cm/shared/ex3-modules/202309a/huaq/pkgs/metis-32-5.1.0/lib/:/cm/shared/ex3-modules/202309a/huaq/pkgs/openblas-0.3.21/lib/:/cm/shared/ex3-modules/202309a/huaq/pkgs/boost-1.73.0/lib/:/cm/shared/ex3-modules/202309a/huaq/pkgs/openmpi-4.1.4/lib/:/cm/shared/ex3-modules/202309a/huaq/pkgs/util-linux-2.34/lib/:/cm/shared/ex3-modules/202309a/huaq/pkgs/libfabric-1.17.0/lib/:/cm/shared/ex3-modules/202309a/huaq/pkgs/ucx-1.12.1/lib/:/cm/shared/ex3-modules/202309a/huaq/pkgs/rdma-core-44.0/lib/:/cm/shared/ex3-modules/202309a/huaq/pkgs/libnl-3.2.25/lib/:/cm/shared/ex3-modules/202309a/huaq/pkgs/numactl-2.0.13/lib/:/cm/shared/ex3-modules/202309a/huaq/pkgs/libevent-2.1.12-stable/lib/:/cm/shared/ex3-modules/202309a/huaq/pkgs/knem-1.1.4/lib/:/cm/shared/ex3-modules/202309a/huaq/pkgs/hwloc-2.7.1/lib/:/cm/shared/ex3-modules/202309a/huaq/pkgs/libxml2-2.9.12/lib/:/cm/shared/ex3-modules/202309a/huaq/pkgs/xz-5.2.7/lib/:/cm/shared/apps/slurm/current/lib64/slurm/:/cm/shared/apps/slurm/current/lib64/:/usr/lib/gcc/aarch64-linux-gnu/11/../../../:/lib/:/usr/lib/]
  ignore line: [COLLECT_GCC_OPTIONS='-std=c99' '-fopenmp' '-v' '-O3' '-D' 'NDEBUG' '-fPIE' '-o' 'CMakeFiles/cmTC_9d2e9.dir/OpenMPTryFlag.c.o' '-c' '-mlittle-endian' '-mabi=lp64' '-pthread' '-dumpdir' 'CMakeFiles/cmTC_9d2e9.dir/OpenMPTryFlag.c.']
  ignore line: [Linking C executable cmTC_9d2e9]
  ignore line: [/cm/shared/ex3-modules/202309a/huaq/pkgs/cmake-3.22.3/bin/cmake -E cmake_link_script CMakeFiles/cmTC_9d2e9.dir/link.txt --verbose=1]
  ignore line: [/usr/bin/cc -std=c99 -fopenmp -v -O3 -DNDEBUG -rdynamic CMakeFiles/cmTC_9d2e9.dir/OpenMPTryFlag.c.o -o cmTC_9d2e9  -v ]
  ignore line: [Using built-in specs.]
  ignore line: [COLLECT_GCC=/usr/bin/cc]
  ignore line: [COLLECT_LTO_WRAPPER=/usr/lib/gcc/aarch64-linux-gnu/11/lto-wrapper]
  ignore line: [Target: aarch64-linux-gnu]
  ignore line: [Configured with: ../src/configure -v --with-pkgversion='Ubuntu 11.4.0-1ubuntu1~22.04' --with-bugurl=file:///usr/share/doc/gcc-11/README.Bugs --enable-languages=c ada c++ go d fortran objc obj-c++ m2 --prefix=/usr --with-gcc-major-version-only --program-suffix=-11 --program-prefix=aarch64-linux-gnu- --enable-shared --enable-linker-build-id --libexecdir=/usr/lib --without-included-gettext --enable-threads=posix --libdir=/usr/lib --enable-nls --enable-bootstrap --enable-clocale=gnu --enable-libstdcxx-debug --enable-libstdcxx-time=yes --with-default-libstdcxx-abi=new --enable-gnu-unique-object --disable-libquadmath --disable-libquadmath-support --enable-plugin --enable-default-pie --with-system-zlib --enable-libphobos-checking=release --with-target-system-zlib=auto --enable-objc-gc=auto --enable-multiarch --enable-fix-cortex-a53-843419 --disable-werror --enable-checking=release --build=aarch64-linux-gnu --host=aarch64-linux-gnu --target=aarch64-linux-gnu --with-build-config=bootstrap-lto-lean --enable-link-serialization=2]
  ignore line: [Thread model: posix]
  ignore line: [Supported LTO compression algorithms: zlib zstd]
  ignore line: [gcc version 11.4.0 (Ubuntu 11.4.0-1ubuntu1~22.04) ]
  ignore line: [COMPILER_PATH=/usr/lib/gcc/aarch64-linux-gnu/11/:/usr/lib/gcc/aarch64-linux-gnu/11/:/usr/lib/gcc/aarch64-linux-gnu/:/usr/lib/gcc/aarch64-linux-gnu/11/:/usr/lib/gcc/aarch64-linux-gnu/]
  ignore line: [LIBRARY_PATH=/home/andreast/modules/arm/apps/flow/202309a/rpp-amgcpr-ghost-last/lib/../lib/:/home/andreast/modules/arm/apps/zoltan/202309a/12.16/lib/../lib/:/home/andreast/modules/arm/apps/dune/202309a/mod-2.7.1/lib/../lib/:/cm/shared/ex3-modules/202309a/huaq/pkgs/suitesparse-32-5.12.0/lib/../lib/:/cm/shared/ex3-modules/202309a/huaq/pkgs/mpfr-4.0.2/lib/../lib/:/cm/shared/ex3-modules/202309a/huaq/pkgs/gmp-6.3.0/lib/../lib/:/cm/shared/ex3-modules/202309a/huaq/pkgs/parmetis-32-4.0.3/lib/../lib/:/cm/shared/ex3-modules/202309a/huaq/pkgs/metis-32-5.1.0/lib/../lib/:/cm/shared/ex3-modules/202309a/huaq/pkgs/openblas-0.3.21/lib/../lib/:/cm/shared/ex3-modules/202309a/huaq/pkgs/boost-1.73.0/lib/../lib/:/cm/shared/ex3-modules/202309a/huaq/pkgs/openmpi-4.1.4/lib/../lib/:/cm/shared/ex3-modules/202309a/huaq/pkgs/util-linux-2.34/lib/../lib/:/cm/shared/ex3-modules/202309a/huaq/pkgs/libfabric-1.17.0/lib/../lib/:/cm/shared/ex3-modules/202309a/huaq/pkgs/ucx-1.12.1/lib/../lib/:/cm/shared/ex3-modules/202309a/huaq/pkgs/rdma-core-44.0/lib/../lib/:/cm/shared/ex3-modules/202309a/huaq/pkgs/libnl-3.2.25/lib/../lib/:/cm/shared/ex3-modules/202309a/huaq/pkgs/numactl-2.0.13/lib/../lib/:/cm/shared/ex3-modules/202309a/huaq/pkgs/libevent-2.1.12-stable/lib/../lib/:/cm/shared/ex3-modules/202309a/huaq/pkgs/knem-1.1.4/lib/../lib/:/cm/shared/ex3-modules/202309a/huaq/pkgs/hwloc-2.7.1/lib/../lib/:/cm/shared/ex3-modules/202309a/huaq/pkgs/libxml2-2.9.12/lib/../lib/:/cm/shared/ex3-modules/202309a/huaq/pkgs/xz-5.2.7/lib/../lib/:/usr/lib/gcc/aarch64-linux-gnu/11/:/usr/lib/gcc/aarch64-linux-gnu/11/../../../aarch64-linux-gnu/:/usr/lib/gcc/aarch64-linux-gnu/11/../../../../lib/:/lib/aarch64-linux-gnu/:/lib/../lib/:/usr/lib/aarch64-linux-gnu/:/usr/lib/../lib/:/home/andreast/modules/arm/apps/flow/202309a/rpp-amgcpr-ghost-last/lib/:/home/andreast/modules/arm/apps/zoltan/202309a/12.16/lib/:/home/andreast/modules/arm/apps/dune/202309a/mod-2.7.1/lib/:/cm/shared/ex3-modules/202309a/huaq/pkgs/suitesparse-32-5.12.0/lib/:/cm/shared/ex3-modules/202309a/huaq/pkgs/mpfr-4.0.2/lib/:/cm/shared/ex3-modules/202309a/huaq/pkgs/gmp-6.3.0/lib/:/cm/shared/ex3-modules/202309a/huaq/pkgs/parmetis-32-4.0.3/lib/:/cm/shared/ex3-modules/202309a/huaq/pkgs/metis-32-5.1.0/lib/:/cm/shared/ex3-modules/202309a/huaq/pkgs/openblas-0.3.21/lib/:/cm/shared/ex3-modules/202309a/huaq/pkgs/boost-1.73.0/lib/:/cm/shared/ex3-modules/202309a/huaq/pkgs/openmpi-4.1.4/lib/:/cm/shared/ex3-modules/202309a/huaq/pkgs/util-linux-2.34/lib/:/cm/shared/ex3-modules/202309a/huaq/pkgs/libfabric-1.17.0/lib/:/cm/shared/ex3-modules/202309a/huaq/pkgs/ucx-1.12.1/lib/:/cm/shared/ex3-modules/202309a/huaq/pkgs/rdma-core-44.0/lib/:/cm/shared/ex3-modules/202309a/huaq/pkgs/libnl-3.2.25/lib/:/cm/shared/ex3-modules/202309a/huaq/pkgs/numactl-2.0.13/lib/:/cm/shared/ex3-modules/202309a/huaq/pkgs/libevent-2.1.12-stable/lib/:/cm/shared/ex3-modules/202309a/huaq/pkgs/knem-1.1.4/lib/:/cm/shared/ex3-modules/202309a/huaq/pkgs/hwloc-2.7.1/lib/:/cm/shared/ex3-modules/202309a/huaq/pkgs/libxml2-2.9.12/lib/:/cm/shared/ex3-modules/202309a/huaq/pkgs/xz-5.2.7/lib/:/cm/shared/apps/slurm/current/lib64/slurm/:/cm/shared/apps/slurm/current/lib64/:/usr/lib/gcc/aarch64-linux-gnu/11/../../../:/lib/:/usr/lib/]
  ignore line: [Reading specs from /usr/lib/gcc/aarch64-linux-gnu/11/libgomp.spec]
  ignore line: [COLLECT_GCC_OPTIONS='-std=c99' '-fopenmp' '-v' '-O3' '-D' 'NDEBUG' '-rdynamic' '-o' 'cmTC_9d2e9' '-v' '-mlittle-endian' '-mabi=lp64' '-pthread' '-dumpdir' 'cmTC_9d2e9.']
  link line: [ /usr/lib/gcc/aarch64-linux-gnu/11/collect2 -plugin /usr/lib/gcc/aarch64-linux-gnu/11/liblto_plugin.so -plugin-opt=/usr/lib/gcc/aarch64-linux-gnu/11/lto-wrapper -plugin-opt=-fresolution=/tmp/cc8f63Zo.res -plugin-opt=-pass-through=-lgcc -plugin-opt=-pass-through=-lgcc_s -plugin-opt=-pass-through=-lpthread -plugin-opt=-pass-through=-lc -plugin-opt=-pass-through=-lgcc -plugin-opt=-pass-through=-lgcc_s --build-id --eh-frame-hdr --hash-style=gnu --as-needed -export-dynamic -dynamic-linker /lib/ld-linux-aarch64.so.1 -X -EL -maarch64linux --fix-cortex-a53-843419 -pie -z now -z relro -o cmTC_9d2e9 /usr/lib/gcc/aarch64-linux-gnu/11/../../../aarch64-linux-gnu/Scrt1.o /usr/lib/gcc/aarch64-linux-gnu/11/../../../aarch64-linux-gnu/crti.o /usr/lib/gcc/aarch64-linux-gnu/11/crtbeginS.o -L/home/andreast/modules/arm/apps/flow/202309a/rpp-amgcpr-ghost-last/lib/../lib -L/home/andreast/modules/arm/apps/zoltan/202309a/12.16/lib/../lib -L/home/andreast/modules/arm/apps/dune/202309a/mod-2.7.1/lib/../lib -L/cm/shared/ex3-modules/202309a/huaq/pkgs/suitesparse-32-5.12.0/lib/../lib -L/cm/shared/ex3-modules/202309a/huaq/pkgs/mpfr-4.0.2/lib/../lib -L/cm/shared/ex3-modules/202309a/huaq/pkgs/gmp-6.3.0/lib/../lib -L/cm/shared/ex3-modules/202309a/huaq/pkgs/parmetis-32-4.0.3/lib/../lib -L/cm/shared/ex3-modules/202309a/huaq/pkgs/metis-32-5.1.0/lib/../lib -L/cm/shared/ex3-modules/202309a/huaq/pkgs/openblas-0.3.21/lib/../lib -L/cm/shared/ex3-modules/202309a/huaq/pkgs/boost-1.73.0/lib/../lib -L/cm/shared/ex3-modules/202309a/huaq/pkgs/openmpi-4.1.4/lib/../lib -L/cm/shared/ex3-modules/202309a/huaq/pkgs/util-linux-2.34/lib/../lib -L/cm/shared/ex3-modules/202309a/huaq/pkgs/libfabric-1.17.0/lib/../lib -L/cm/shared/ex3-modules/202309a/huaq/pkgs/ucx-1.12.1/lib/../lib -L/cm/shared/ex3-modules/202309a/huaq/pkgs/rdma-core-44.0/lib/../lib -L/cm/shared/ex3-modules/202309a/huaq/pkgs/libnl-3.2.25/lib/../lib -L/cm/shared/ex3-modules/202309a/huaq/pkgs/numactl-2.0.13/lib/../lib -L/cm/shared/ex3-modules/202309a/huaq/pkgs/libevent-2.1.12-stable/lib/../lib -L/cm/shared/ex3-modules/202309a/huaq/pkgs/knem-1.1.4/lib/../lib -L/cm/shared/ex3-modules/202309a/huaq/pkgs/hwloc-2.7.1/lib/../lib -L/cm/shared/ex3-modules/202309a/huaq/pkgs/libxml2-2.9.12/lib/../lib -L/cm/shared/ex3-modules/202309a/huaq/pkgs/xz-5.2.7/lib/../lib -L/usr/lib/gcc/aarch64-linux-gnu/11 -L/usr/lib/gcc/aarch64-linux-gnu/11/../../../aarch64-linux-gnu -L/usr/lib/gcc/aarch64-linux-gnu/11/../../../../lib -L/lib/aarch64-linux-gnu -L/lib/../lib -L/usr/lib/aarch64-linux-gnu -L/usr/lib/../lib -L/home/andreast/modules/arm/apps/flow/202309a/rpp-amgcpr-ghost-last/lib -L/home/andreast/modules/arm/apps/zoltan/202309a/12.16/lib -L/home/andreast/modules/arm/apps/dune/202309a/mod-2.7.1/lib -L/cm/shared/ex3-modules/202309a/huaq/pkgs/suitesparse-32-5.12.0/lib -L/cm/shared/ex3-modules/202309a/huaq/pkgs/mpfr-4.0.2/lib -L/cm/shared/ex3-modules/202309a/huaq/pkgs/gmp-6.3.0/lib -L/cm/shared/ex3-modules/202309a/huaq/pkgs/parmetis-32-4.0.3/lib -L/cm/shared/ex3-modules/202309a/huaq/pkgs/metis-32-5.1.0/lib -L/cm/shared/ex3-modules/202309a/huaq/pkgs/openblas-0.3.21/lib -L/cm/shared/ex3-modules/202309a/huaq/pkgs/boost-1.73.0/lib -L/cm/shared/ex3-modules/202309a/huaq/pkgs/openmpi-4.1.4/lib -L/cm/shared/ex3-modules/202309a/huaq/pkgs/util-linux-2.34/lib -L/cm/shared/ex3-modules/202309a/huaq/pkgs/libfabric-1.17.0/lib -L/cm/shared/ex3-modules/202309a/huaq/pkgs/ucx-1.12.1/lib -L/cm/shared/ex3-modules/202309a/huaq/pkgs/rdma-core-44.0/lib -L/cm/shared/ex3-modules/202309a/huaq/pkgs/libnl-3.2.25/lib -L/cm/shared/ex3-modules/202309a/huaq/pkgs/numactl-2.0.13/lib -L/cm/shared/ex3-modules/202309a/huaq/pkgs/libevent-2.1.12-stable/lib -L/cm/shared/ex3-modules/202309a/huaq/pkgs/knem-1.1.4/lib -L/cm/shared/ex3-modules/202309a/huaq/pkgs/hwloc-2.7.1/lib -L/cm/shared/ex3-modules/202309a/huaq/pkgs/libxml2-2.9.12/lib -L/cm/shared/ex3-modules/202309a/huaq/pkgs/xz-5.2.7/lib -L/cm/shared/apps/slurm/current/lib64/slurm -L/cm/shared/apps/slurm/current/lib64 -L/usr/lib/gcc/aarch64-linux-gnu/11/../../.. CMakeFiles/cmTC_9d2e9.dir/OpenMPTryFlag.c.o -lgomp -lgcc --push-state --as-needed -lgcc_s --pop-state -lpthread -lc -lgcc --push-state --as-needed -lgcc_s --pop-state /usr/lib/gcc/aarch64-linux-gnu/11/crtendS.o /usr/lib/gcc/aarch64-linux-gnu/11/../../../aarch64-linux-gnu/crtn.o]
    arg [/usr/lib/gcc/aarch64-linux-gnu/11/collect2] ==> ignore
    arg [-plugin] ==> ignore
    arg [/usr/lib/gcc/aarch64-linux-gnu/11/liblto_plugin.so] ==> ignore
    arg [-plugin-opt=/usr/lib/gcc/aarch64-linux-gnu/11/lto-wrapper] ==> ignore
    arg [-plugin-opt=-fresolution=/tmp/cc8f63Zo.res] ==> ignore
    arg [-plugin-opt=-pass-through=-lgcc] ==> ignore
    arg [-plugin-opt=-pass-through=-lgcc_s] ==> ignore
    arg [-plugin-opt=-pass-through=-lpthread] ==> ignore
    arg [-plugin-opt=-pass-through=-lc] ==> ignore
    arg [-plugin-opt=-pass-through=-lgcc] ==> ignore
    arg [-plugin-opt=-pass-through=-lgcc_s] ==> ignore
    arg [--build-id] ==> ignore
    arg [--eh-frame-hdr] ==> ignore
    arg [--hash-style=gnu] ==> ignore
    arg [--as-needed] ==> ignore
    arg [-export-dynamic] ==> ignore
    arg [-dynamic-linker] ==> ignore
    arg [/lib/ld-linux-aarch64.so.1] ==> ignore
    arg [-X] ==> ignore
    arg [-EL] ==> ignore
    arg [-maarch64linux] ==> ignore
    arg [--fix-cortex-a53-843419] ==> ignore
    arg [-pie] ==> ignore
    arg [-znow] ==> ignore
    arg [-zrelro] ==> ignore
    arg [-o] ==> ignore
    arg [cmTC_9d2e9] ==> ignore
    arg [-L/home/andreast/modules/arm/apps/flow/202309a/rpp-amgcpr-ghost-last/lib/../lib] ==> dir [/home/andreast/modules/arm/apps/flow/202309a/rpp-amgcpr-ghost-last/lib/../lib]
    arg [-L/home/andreast/modules/arm/apps/zoltan/202309a/12.16/lib/../lib] ==> dir [/home/andreast/modules/arm/apps/zoltan/202309a/12.16/lib/../lib]
    arg [-L/home/andreast/modules/arm/apps/dune/202309a/mod-2.7.1/lib/../lib] ==> dir [/home/andreast/modules/arm/apps/dune/202309a/mod-2.7.1/lib/../lib]
    arg [-L/cm/shared/ex3-modules/202309a/huaq/pkgs/suitesparse-32-5.12.0/lib/../lib] ==> dir [/cm/shared/ex3-modules/202309a/huaq/pkgs/suitesparse-32-5.12.0/lib/../lib]
    arg [-L/cm/shared/ex3-modules/202309a/huaq/pkgs/mpfr-4.0.2/lib/../lib] ==> dir [/cm/shared/ex3-modules/202309a/huaq/pkgs/mpfr-4.0.2/lib/../lib]
    arg [-L/cm/shared/ex3-modules/202309a/huaq/pkgs/gmp-6.3.0/lib/../lib] ==> dir [/cm/shared/ex3-modules/202309a/huaq/pkgs/gmp-6.3.0/lib/../lib]
    arg [-L/cm/shared/ex3-modules/202309a/huaq/pkgs/parmetis-32-4.0.3/lib/../lib] ==> dir [/cm/shared/ex3-modules/202309a/huaq/pkgs/parmetis-32-4.0.3/lib/../lib]
    arg [-L/cm/shared/ex3-modules/202309a/huaq/pkgs/metis-32-5.1.0/lib/../lib] ==> dir [/cm/shared/ex3-modules/202309a/huaq/pkgs/metis-32-5.1.0/lib/../lib]
    arg [-L/cm/shared/ex3-modules/202309a/huaq/pkgs/openblas-0.3.21/lib/../lib] ==> dir [/cm/shared/ex3-modules/202309a/huaq/pkgs/openblas-0.3.21/lib/../lib]
    arg [-L/cm/shared/ex3-modules/202309a/huaq/pkgs/boost-1.73.0/lib/../lib] ==> dir [/cm/shared/ex3-modules/202309a/huaq/pkgs/boost-1.73.0/lib/../lib]
    arg [-L/cm/shared/ex3-modules/202309a/huaq/pkgs/openmpi-4.1.4/lib/../lib] ==> dir [/cm/shared/ex3-modules/202309a/huaq/pkgs/openmpi-4.1.4/lib/../lib]
    arg [-L/cm/shared/ex3-modules/202309a/huaq/pkgs/util-linux-2.34/lib/../lib] ==> dir [/cm/shared/ex3-modules/202309a/huaq/pkgs/util-linux-2.34/lib/../lib]
    arg [-L/cm/shared/ex3-modules/202309a/huaq/pkgs/libfabric-1.17.0/lib/../lib] ==> dir [/cm/shared/ex3-modules/202309a/huaq/pkgs/libfabric-1.17.0/lib/../lib]
    arg [-L/cm/shared/ex3-modules/202309a/huaq/pkgs/ucx-1.12.1/lib/../lib] ==> dir [/cm/shared/ex3-modules/202309a/huaq/pkgs/ucx-1.12.1/lib/../lib]
    arg [-L/cm/shared/ex3-modules/202309a/huaq/pkgs/rdma-core-44.0/lib/../lib] ==> dir [/cm/shared/ex3-modules/202309a/huaq/pkgs/rdma-core-44.0/lib/../lib]
    arg [-L/cm/shared/ex3-modules/202309a/huaq/pkgs/libnl-3.2.25/lib/../lib] ==> dir [/cm/shared/ex3-modules/202309a/huaq/pkgs/libnl-3.2.25/lib/../lib]
    arg [-L/cm/shared/ex3-modules/202309a/huaq/pkgs/numactl-2.0.13/lib/../lib] ==> dir [/cm/shared/ex3-modules/202309a/huaq/pkgs/numactl-2.0.13/lib/../lib]
    arg [-L/cm/shared/ex3-modules/202309a/huaq/pkgs/libevent-2.1.12-stable/lib/../lib] ==> dir [/cm/shared/ex3-modules/202309a/huaq/pkgs/libevent-2.1.12-stable/lib/../lib]
    arg [-L/cm/shared/ex3-modules/202309a/huaq/pkgs/knem-1.1.4/lib/../lib] ==> dir [/cm/shared/ex3-modules/202309a/huaq/pkgs/knem-1.1.4/lib/../lib]
    arg [-L/cm/shared/ex3-modules/202309a/huaq/pkgs/hwloc-2.7.1/lib/../lib] ==> dir [/cm/shared/ex3-modules/202309a/huaq/pkgs/hwloc-2.7.1/lib/../lib]
    arg [-L/cm/shared/ex3-modules/202309a/huaq/pkgs/libxml2-2.9.12/lib/../lib] ==> dir [/cm/shared/ex3-modules/202309a/huaq/pkgs/libxml2-2.9.12/lib/../lib]
    arg [-L/cm/shared/ex3-modules/202309a/huaq/pkgs/xz-5.2.7/lib/../lib] ==> dir [/cm/shared/ex3-modules/202309a/huaq/pkgs/xz-5.2.7/lib/../lib]
    arg [-L/usr/lib/gcc/aarch64-linux-gnu/11] ==> dir [/usr/lib/gcc/aarch64-linux-gnu/11]
    arg [-L/usr/lib/gcc/aarch64-linux-gnu/11/../../../aarch64-linux-gnu] ==> dir [/usr/lib/gcc/aarch64-linux-gnu/11/../../../aarch64-linux-gnu]
    arg [-L/usr/lib/gcc/aarch64-linux-gnu/11/../../../../lib] ==> dir [/usr/lib/gcc/aarch64-linux-gnu/11/../../../../lib]
    arg [-L/lib/aarch64-linux-gnu] ==> dir [/lib/aarch64-linux-gnu]
    arg [-L/lib/../lib] ==> dir [/lib/../lib]
    arg [-L/usr/lib/aarch64-linux-gnu] ==> dir [/usr/lib/aarch64-linux-gnu]
    arg [-L/usr/lib/../lib] ==> dir [/usr/lib/../lib]
    arg [-L/home/andreast/modules/arm/apps/flow/202309a/rpp-amgcpr-ghost-last/lib] ==> dir [/home/andreast/modules/arm/apps/flow/202309a/rpp-amgcpr-ghost-last/lib]
    arg [-L/home/andreast/modules/arm/apps/zoltan/202309a/12.16/lib] ==> dir [/home/andreast/modules/arm/apps/zoltan/202309a/12.16/lib]
    arg [-L/home/andreast/modules/arm/apps/dune/202309a/mod-2.7.1/lib] ==> dir [/home/andreast/modules/arm/apps/dune/202309a/mod-2.7.1/lib]
    arg [-L/cm/shared/ex3-modules/202309a/huaq/pkgs/suitesparse-32-5.12.0/lib] ==> dir [/cm/shared/ex3-modules/202309a/huaq/pkgs/suitesparse-32-5.12.0/lib]
    arg [-L/cm/shared/ex3-modules/202309a/huaq/pkgs/mpfr-4.0.2/lib] ==> dir [/cm/shared/ex3-modules/202309a/huaq/pkgs/mpfr-4.0.2/lib]
    arg [-L/cm/shared/ex3-modules/202309a/huaq/pkgs/gmp-6.3.0/lib] ==> dir [/cm/shared/ex3-modules/202309a/huaq/pkgs/gmp-6.3.0/lib]
    arg [-L/cm/shared/ex3-modules/202309a/huaq/pkgs/parmetis-32-4.0.3/lib] ==> dir [/cm/shared/ex3-modules/202309a/huaq/pkgs/parmetis-32-4.0.3/lib]
    arg [-L/cm/shared/ex3-modules/202309a/huaq/pkgs/metis-32-5.1.0/lib] ==> dir [/cm/shared/ex3-modules/202309a/huaq/pkgs/metis-32-5.1.0/lib]
    arg [-L/cm/shared/ex3-modules/202309a/huaq/pkgs/openblas-0.3.21/lib] ==> dir [/cm/shared/ex3-modules/202309a/huaq/pkgs/openblas-0.3.21/lib]
    arg [-L/cm/shared/ex3-modules/202309a/huaq/pkgs/boost-1.73.0/lib] ==> dir [/cm/shared/ex3-modules/202309a/huaq/pkgs/boost-1.73.0/lib]
    arg [-L/cm/shared/ex3-modules/202309a/huaq/pkgs/openmpi-4.1.4/lib] ==> dir [/cm/shared/ex3-modules/202309a/huaq/pkgs/openmpi-4.1.4/lib]
    arg [-L/cm/shared/ex3-modules/202309a/huaq/pkgs/util-linux-2.34/lib] ==> dir [/cm/shared/ex3-modules/202309a/huaq/pkgs/util-linux-2.34/lib]
    arg [-L/cm/shared/ex3-modules/202309a/huaq/pkgs/libfabric-1.17.0/lib] ==> dir [/cm/shared/ex3-modules/202309a/huaq/pkgs/libfabric-1.17.0/lib]
    arg [-L/cm/shared/ex3-modules/202309a/huaq/pkgs/ucx-1.12.1/lib] ==> dir [/cm/shared/ex3-modules/202309a/huaq/pkgs/ucx-1.12.1/lib]
    arg [-L/cm/shared/ex3-modules/202309a/huaq/pkgs/rdma-core-44.0/lib] ==> dir [/cm/shared/ex3-modules/202309a/huaq/pkgs/rdma-core-44.0/lib]
    arg [-L/cm/shared/ex3-modules/202309a/huaq/pkgs/libnl-3.2.25/lib] ==> dir [/cm/shared/ex3-modules/202309a/huaq/pkgs/libnl-3.2.25/lib]
    arg [-L/cm/shared/ex3-modules/202309a/huaq/pkgs/numactl-2.0.13/lib] ==> dir [/cm/shared/ex3-modules/202309a/huaq/pkgs/numactl-2.0.13/lib]
    arg [-L/cm/shared/ex3-modules/202309a/huaq/pkgs/libevent-2.1.12-stable/lib] ==> dir [/cm/shared/ex3-modules/202309a/huaq/pkgs/libevent-2.1.12-stable/lib]
    arg [-L/cm/shared/ex3-modules/202309a/huaq/pkgs/knem-1.1.4/lib] ==> dir [/cm/shared/ex3-modules/202309a/huaq/pkgs/knem-1.1.4/lib]
    arg [-L/cm/shared/ex3-modules/202309a/huaq/pkgs/hwloc-2.7.1/lib] ==> dir [/cm/shared/ex3-modules/202309a/huaq/pkgs/hwloc-2.7.1/lib]
    arg [-L/cm/shared/ex3-modules/202309a/huaq/pkgs/libxml2-2.9.12/lib] ==> dir [/cm/shared/ex3-modules/202309a/huaq/pkgs/libxml2-2.9.12/lib]
    arg [-L/cm/shared/ex3-modules/202309a/huaq/pkgs/xz-5.2.7/lib] ==> dir [/cm/shared/ex3-modules/202309a/huaq/pkgs/xz-5.2.7/lib]
    arg [-L/cm/shared/apps/slurm/current/lib64/slurm] ==> dir [/cm/shared/apps/slurm/current/lib64/slurm]
    arg [-L/cm/shared/apps/slurm/current/lib64] ==> dir [/cm/shared/apps/slurm/current/lib64]
    arg [-L/usr/lib/gcc/aarch64-linux-gnu/11/../../..] ==> dir [/usr/lib/gcc/aarch64-linux-gnu/11/../../..]
    arg [CMakeFiles/cmTC_9d2e9.dir/OpenMPTryFlag.c.o] ==> ignore
    arg [-lgomp] ==> lib [gomp]
    arg [-lgcc] ==> lib [gcc]
    arg [--push-state] ==> ignore
    arg [--as-needed] ==> ignore
    arg [-lgcc_s] ==> lib [gcc_s]
    arg [--pop-state] ==> ignore
    arg [-lpthread] ==> lib [pthread]
    arg [-lc] ==> lib [c]
    arg [-lgcc] ==> lib [gcc]
    arg [--push-state] ==> ignore
    arg [--as-needed] ==> ignore
    arg [-lgcc_s] ==> lib [gcc_s]
    arg [--pop-state] ==> ignore
  collapse library dir [/home/andreast/modules/arm/apps/flow/202309a/rpp-amgcpr-ghost-last/lib/../lib] ==> [/home/andreast/modules/arm/apps/flow/202309a/rpp-amgcpr-ghost-last/lib]
  collapse library dir [/home/andreast/modules/arm/apps/zoltan/202309a/12.16/lib/../lib] ==> [/home/andreast/modules/arm/apps/zoltan/202309a/12.16/lib]
  collapse library dir [/home/andreast/modules/arm/apps/dune/202309a/mod-2.7.1/lib/../lib] ==> [/home/andreast/modules/arm/apps/dune/202309a/mod-2.7.1/lib]
  collapse library dir [/cm/shared/ex3-modules/202309a/huaq/pkgs/suitesparse-32-5.12.0/lib/../lib] ==> [/cm/shared/ex3-modules/202309a/huaq/pkgs/suitesparse-32-5.12.0/lib]
  collapse library dir [/cm/shared/ex3-modules/202309a/huaq/pkgs/mpfr-4.0.2/lib/../lib] ==> [/cm/shared/ex3-modules/202309a/huaq/pkgs/mpfr-4.0.2/lib]
  collapse library dir [/cm/shared/ex3-modules/202309a/huaq/pkgs/gmp-6.3.0/lib/../lib] ==> [/cm/shared/ex3-modules/202309a/huaq/pkgs/gmp-6.3.0/lib]
  collapse library dir [/cm/shared/ex3-modules/202309a/huaq/pkgs/parmetis-32-4.0.3/lib/../lib] ==> [/cm/shared/ex3-modules/202309a/huaq/pkgs/parmetis-32-4.0.3/lib]
  collapse library dir [/cm/shared/ex3-modules/202309a/huaq/pkgs/metis-32-5.1.0/lib/../lib] ==> [/cm/shared/ex3-modules/202309a/huaq/pkgs/metis-32-5.1.0/lib]
  collapse library dir [/cm/shared/ex3-modules/202309a/huaq/pkgs/openblas-0.3.21/lib/../lib] ==> [/cm/shared/ex3-modules/202309a/huaq/pkgs/openblas-0.3.21/lib]
  collapse library dir [/cm/shared/ex3-modules/202309a/huaq/pkgs/boost-1.73.0/lib/../lib] ==> [/cm/shared/ex3-modules/202309a/huaq/pkgs/boost-1.73.0/lib]
  collapse library dir [/cm/shared/ex3-modules/202309a/huaq/pkgs/openmpi-4.1.4/lib/../lib] ==> [/cm/shared/ex3-modules/202309a/huaq/pkgs/openmpi-4.1.4/lib]
  collapse library dir [/cm/shared/ex3-modules/202309a/huaq/pkgs/util-linux-2.34/lib/../lib] ==> [/cm/shared/ex3-modules/202309a/huaq/pkgs/util-linux-2.34/lib]
  collapse library dir [/cm/shared/ex3-modules/202309a/huaq/pkgs/libfabric-1.17.0/lib/../lib] ==> [/cm/shared/ex3-modules/202309a/huaq/pkgs/libfabric-1.17.0/lib]
  collapse library dir [/cm/shared/ex3-modules/202309a/huaq/pkgs/ucx-1.12.1/lib/../lib] ==> [/cm/shared/ex3-modules/202309a/huaq/pkgs/ucx-1.12.1/lib]
  collapse library dir [/cm/shared/ex3-modules/202309a/huaq/pkgs/rdma-core-44.0/lib/../lib] ==> [/cm/shared/ex3-modules/202309a/huaq/pkgs/rdma-core-44.0/lib]
  collapse library dir [/cm/shared/ex3-modules/202309a/huaq/pkgs/libnl-3.2.25/lib/../lib] ==> [/cm/shared/ex3-modules/202309a/huaq/pkgs/libnl-3.2.25/lib]
  collapse library dir [/cm/shared/ex3-modules/202309a/huaq/pkgs/numactl-2.0.13/lib/../lib] ==> [/cm/shared/ex3-modules/202309a/huaq/pkgs/numactl-2.0.13/lib]
  collapse library dir [/cm/shared/ex3-modules/202309a/huaq/pkgs/libevent-2.1.12-stable/lib/../lib] ==> [/cm/shared/ex3-modules/202309a/huaq/pkgs/libevent-2.1.12-stable/lib]
  collapse library dir [/cm/shared/ex3-modules/202309a/huaq/pkgs/knem-1.1.4/lib/../lib] ==> [/cm/shared/ex3-modules/202309a/huaq/pkgs/knem-1.1.4/lib]
  collapse library dir [/cm/shared/ex3-modules/202309a/huaq/pkgs/hwloc-2.7.1/lib/../lib] ==> [/cm/shared/ex3-modules/202309a/huaq/pkgs/hwloc-2.7.1/lib]
  collapse library dir [/cm/shared/ex3-modules/202309a/huaq/pkgs/libxml2-2.9.12/lib/../lib] ==> [/cm/shared/ex3-modules/202309a/huaq/pkgs/libxml2-2.9.12/lib]
  collapse library dir [/cm/shared/ex3-modules/202309a/huaq/pkgs/xz-5.2.7/lib/../lib] ==> [/cm/shared/ex3-modules/202309a/huaq/pkgs/xz-5.2.7/lib]
  collapse library dir [/usr/lib/gcc/aarch64-linux-gnu/11] ==> [/usr/lib/gcc/aarch64-linux-gnu/11]
  collapse library dir [/usr/lib/gcc/aarch64-linux-gnu/11/../../../aarch64-linux-gnu] ==> [/usr/lib/aarch64-linux-gnu]
  collapse library dir [/usr/lib/gcc/aarch64-linux-gnu/11/../../../../lib] ==> [/usr/lib]
  collapse library dir [/lib/aarch64-linux-gnu] ==> [/lib/aarch64-linux-gnu]
  collapse library dir [/lib/../lib] ==> [/lib]
  collapse library dir [/usr/lib/aarch64-linux-gnu] ==> [/usr/lib/aarch64-linux-gnu]
  collapse library dir [/usr/lib/../lib] ==> [/usr/lib]
  collapse library dir [/home/andreast/modules/arm/apps/flow/202309a/rpp-amgcpr-ghost-last/lib] ==> [/home/andreast/modules/arm/apps/flow/202309a/rpp-amgcpr-ghost-last/lib]
  collapse library dir [/home/andreast/modules/arm/apps/zoltan/202309a/12.16/lib] ==> [/home/andreast/modules/arm/apps/zoltan/202309a/12.16/lib]
  collapse library dir [/home/andreast/modules/arm/apps/dune/202309a/mod-2.7.1/lib] ==> [/home/andreast/modules/arm/apps/dune/202309a/mod-2.7.1/lib]
  collapse library dir [/cm/shared/ex3-modules/202309a/huaq/pkgs/suitesparse-32-5.12.0/lib] ==> [/cm/shared/ex3-modules/202309a/huaq/pkgs/suitesparse-32-5.12.0/lib]
  collapse library dir [/cm/shared/ex3-modules/202309a/huaq/pkgs/mpfr-4.0.2/lib] ==> [/cm/shared/ex3-modules/202309a/huaq/pkgs/mpfr-4.0.2/lib]
  collapse library dir [/cm/shared/ex3-modules/202309a/huaq/pkgs/gmp-6.3.0/lib] ==> [/cm/shared/ex3-modules/202309a/huaq/pkgs/gmp-6.3.0/lib]
  collapse library dir [/cm/shared/ex3-modules/202309a/huaq/pkgs/parmetis-32-4.0.3/lib] ==> [/cm/shared/ex3-modules/202309a/huaq/pkgs/parmetis-32-4.0.3/lib]
  collapse library dir [/cm/shared/ex3-modules/202309a/huaq/pkgs/metis-32-5.1.0/lib] ==> [/cm/shared/ex3-modules/202309a/huaq/pkgs/metis-32-5.1.0/lib]
  collapse library dir [/cm/shared/ex3-modules/202309a/huaq/pkgs/openblas-0.3.21/lib] ==> [/cm/shared/ex3-modules/202309a/huaq/pkgs/openblas-0.3.21/lib]
  collapse library dir [/cm/shared/ex3-modules/202309a/huaq/pkgs/boost-1.73.0/lib] ==> [/cm/shared/ex3-modules/202309a/huaq/pkgs/boost-1.73.0/lib]
  collapse library dir [/cm/shared/ex3-modules/202309a/huaq/pkgs/openmpi-4.1.4/lib] ==> [/cm/shared/ex3-modules/202309a/huaq/pkgs/openmpi-4.1.4/lib]
  collapse library dir [/cm/shared/ex3-modules/202309a/huaq/pkgs/util-linux-2.34/lib] ==> [/cm/shared/ex3-modules/202309a/huaq/pkgs/util-linux-2.34/lib]
  collapse library dir [/cm/shared/ex3-modules/202309a/huaq/pkgs/libfabric-1.17.0/lib] ==> [/cm/shared/ex3-modules/202309a/huaq/pkgs/libfabric-1.17.0/lib]
  collapse library dir [/cm/shared/ex3-modules/202309a/huaq/pkgs/ucx-1.12.1/lib] ==> [/cm/shared/ex3-modules/202309a/huaq/pkgs/ucx-1.12.1/lib]
  collapse library dir [/cm/shared/ex3-modules/202309a/huaq/pkgs/rdma-core-44.0/lib] ==> [/cm/shared/ex3-modules/202309a/huaq/pkgs/rdma-core-44.0/lib]
  collapse library dir [/cm/shared/ex3-modules/202309a/huaq/pkgs/libnl-3.2.25/lib] ==> [/cm/shared/ex3-modules/202309a/huaq/pkgs/libnl-3.2.25/lib]
  collapse library dir [/cm/shared/ex3-modules/202309a/huaq/pkgs/numactl-2.0.13/lib] ==> [/cm/shared/ex3-modules/202309a/huaq/pkgs/numactl-2.0.13/lib]
  collapse library dir [/cm/shared/ex3-modules/202309a/huaq/pkgs/libevent-2.1.12-stable/lib] ==> [/cm/shared/ex3-modules/202309a/huaq/pkgs/libevent-2.1.12-stable/lib]
  collapse library dir [/cm/shared/ex3-modules/202309a/huaq/pkgs/knem-1.1.4/lib] ==> [/cm/shared/ex3-modules/202309a/huaq/pkgs/knem-1.1.4/lib]
  collapse library dir [/cm/shared/ex3-modules/202309a/huaq/pkgs/hwloc-2.7.1/lib] ==> [/cm/shared/ex3-modules/202309a/huaq/pkgs/hwloc-2.7.1/lib]
  collapse library dir [/cm/shared/ex3-modules/202309a/huaq/pkgs/libxml2-2.9.12/lib] ==> [/cm/shared/ex3-modules/202309a/huaq/pkgs/libxml2-2.9.12/lib]
  collapse library dir [/cm/shared/ex3-modules/202309a/huaq/pkgs/xz-5.2.7/lib] ==> [/cm/shared/ex3-modules/202309a/huaq/pkgs/xz-5.2.7/lib]
  collapse library dir [/cm/shared/apps/slurm/current/lib64/slurm] ==> [/cm/shared/apps/slurm/current/lib64/slurm]
  collapse library dir [/cm/shared/apps/slurm/current/lib64] ==> [/cm/shared/apps/slurm/current/lib64]
  collapse library dir [/usr/lib/gcc/aarch64-linux-gnu/11/../../..] ==> [/usr/lib]
  implicit libs: [gomp;gcc;gcc_s;pthread;c;gcc;gcc_s]
  implicit objs: []
  implicit dirs: [/home/andreast/modules/arm/apps/flow/202309a/rpp-amgcpr-ghost-last/lib;/home/andreast/modules/arm/apps/zoltan/202309a/12.16/lib;/home/andreast/modules/arm/apps/dune/202309a/mod-2.7.1/lib;/cm/shared/ex3-modules/202309a/huaq/pkgs/suitesparse-32-5.12.0/lib;/cm/shared/ex3-modules/202309a/huaq/pkgs/mpfr-4.0.2/lib;/cm/shared/ex3-modules/202309a/huaq/pkgs/gmp-6.3.0/lib;/cm/shared/ex3-modules/202309a/huaq/pkgs/parmetis-32-4.0.3/lib;/cm/shared/ex3-modules/202309a/huaq/pkgs/metis-32-5.1.0/lib;/cm/shared/ex3-modules/202309a/huaq/pkgs/openblas-0.3.21/lib;/cm/shared/ex3-modules/202309a/huaq/pkgs/boost-1.73.0/lib;/cm/shared/ex3-modules/202309a/huaq/pkgs/openmpi-4.1.4/lib;/cm/shared/ex3-modules/202309a/huaq/pkgs/util-linux-2.34/lib;/cm/shared/ex3-modules/202309a/huaq/pkgs/libfabric-1.17.0/lib;/cm/shared/ex3-modules/202309a/huaq/pkgs/ucx-1.12.1/lib;/cm/shared/ex3-modules/202309a/huaq/pkgs/rdma-core-44.0/lib;/cm/shared/ex3-modules/202309a/huaq/pkgs/libnl-3.2.25/lib;/cm/shared/ex3-modules/202309a/huaq/pkgs/numactl-2.0.13/lib;/cm/shared/ex3-modules/202309a/huaq/pkgs/libevent-2.1.12-stable/lib;/cm/shared/ex3-modules/202309a/huaq/pkgs/knem-1.1.4/lib;/cm/shared/ex3-modules/202309a/huaq/pkgs/hwloc-2.7.1/lib;/cm/shared/ex3-modules/202309a/huaq/pkgs/libxml2-2.9.12/lib;/cm/shared/ex3-modules/202309a/huaq/pkgs/xz-5.2.7/lib;/usr/lib/gcc/aarch64-linux-gnu/11;/usr/lib/aarch64-linux-gnu;/usr/lib;/lib/aarch64-linux-gnu;/lib;/cm/shared/apps/slurm/current/lib64/slurm;/cm/shared/apps/slurm/current/lib64]
  implicit fwks: []


Detecting CXX OpenMP compiler ABI info compiled with the following output:
Change Dir: /home/erikhs/MatrixProblems/build_aarch64/CMakeFiles/CMakeTmp

Run Build Command(s):/usr/bin/gmake -f Makefile cmTC_48dc9/fast && /usr/bin/gmake  -f CMakeFiles/cmTC_48dc9.dir/build.make CMakeFiles/cmTC_48dc9.dir/build
gmake[1]: Entering directory '/home/erikhs/MatrixProblems/build_aarch64/CMakeFiles/CMakeTmp'
Building CXX object CMakeFiles/cmTC_48dc9.dir/OpenMPTryFlag.cpp.o
/usr/bin/c++   -std=c++17 -O2 -funroll-loops -fopenmp -v -O3 -DNDEBUG -fPIE -o CMakeFiles/cmTC_48dc9.dir/OpenMPTryFlag.cpp.o -c /home/erikhs/MatrixProblems/build_aarch64/CMakeFiles/FindOpenMP/OpenMPTryFlag.cpp
Using built-in specs.
COLLECT_GCC=/usr/bin/c++
Target: aarch64-linux-gnu
Configured with: ../src/configure -v --with-pkgversion='Ubuntu 11.4.0-1ubuntu1~22.04' --with-bugurl=file:///usr/share/doc/gcc-11/README.Bugs --enable-languages=c,ada,c++,go,d,fortran,objc,obj-c++,m2 --prefix=/usr --with-gcc-major-version-only --program-suffix=-11 --program-prefix=aarch64-linux-gnu- --enable-shared --enable-linker-build-id --libexecdir=/usr/lib --without-included-gettext --enable-threads=posix --libdir=/usr/lib --enable-nls --enable-bootstrap --enable-clocale=gnu --enable-libstdcxx-debug --enable-libstdcxx-time=yes --with-default-libstdcxx-abi=new --enable-gnu-unique-object --disable-libquadmath --disable-libquadmath-support --enable-plugin --enable-default-pie --with-system-zlib --enable-libphobos-checking=release --with-target-system-zlib=auto --enable-objc-gc=auto --enable-multiarch --enable-fix-cortex-a53-843419 --disable-werror --enable-checking=release --build=aarch64-linux-gnu --host=aarch64-linux-gnu --target=aarch64-linux-gnu --with-build-config=bootstrap-lto-lean --enable-link-serialization=2
Thread model: posix
Supported LTO compression algorithms: zlib zstd
gcc version 11.4.0 (Ubuntu 11.4.0-1ubuntu1~22.04) 
COLLECT_GCC_OPTIONS='-std=c++17' '-O2' '-funroll-loops' '-fopenmp' '-v' '-O3' '-D' 'NDEBUG' '-fPIE' '-o' 'CMakeFiles/cmTC_48dc9.dir/OpenMPTryFlag.cpp.o' '-c' '-shared-libgcc' '-mlittle-endian' '-mabi=lp64' '-pthread' '-dumpdir' 'CMakeFiles/cmTC_48dc9.dir/'
 /usr/lib/gcc/aarch64-linux-gnu/11/cc1plus -quiet -v -imultiarch aarch64-linux-gnu -D_GNU_SOURCE -D_REENTRANT -D NDEBUG /home/erikhs/MatrixProblems/build_aarch64/CMakeFiles/FindOpenMP/OpenMPTryFlag.cpp -quiet -dumpdir CMakeFiles/cmTC_48dc9.dir/ -dumpbase OpenMPTryFlag.cpp.cpp -dumpbase-ext .cpp -mlittle-endian -mabi=lp64 -O2 -O3 -std=c++17 -version -funroll-loops -fopenmp -fPIE -fasynchronous-unwind-tables -fstack-protector-strong -Wformat -Wformat-security -fstack-clash-protection -o /tmp/ccTjt1nM.s
GNU C++17 (Ubuntu 11.4.0-1ubuntu1~22.04) version 11.4.0 (aarch64-linux-gnu)
	compiled by GNU C version 11.4.0, GMP version 6.2.1, MPFR version 4.1.0, MPC version 1.2.1, isl version isl-0.24-GMP

warning: GMP header version 6.2.1 differs from library version 6.3.0.
warning: MPFR header version 4.1.0 differs from library version 4.0.2.
GGC heuristics: --param ggc-min-expand=100 --param ggc-min-heapsize=131072
ignoring duplicate directory "/usr/include/aarch64-linux-gnu/c++/11"
ignoring nonexistent directory "/usr/local/include/aarch64-linux-gnu"
ignoring nonexistent directory "/usr/lib/gcc/aarch64-linux-gnu/11/include-fixed"
ignoring nonexistent directory "/usr/lib/gcc/aarch64-linux-gnu/11/../../../../aarch64-linux-gnu/include"
#include "..." search starts here:
#include <...> search starts here:
 /cm/shared/apps/slurm/current/include
 /home/andreast/modules/arm/apps/flow/202309a/rpp-amgcpr-ghost-last/include
 /home/andreast/modules/arm/apps/zoltan/202309a/12.16/include
 /home/andreast/modules/arm/apps/dune/202309a/mod-2.7.1/include
 /cm/shared/ex3-modules/202309a/huaq/pkgs/suitesparse-32-5.12.0/include
 /cm/shared/ex3-modules/202309a/huaq/pkgs/mpfr-4.0.2/include
 /cm/shared/ex3-modules/202309a/huaq/pkgs/gmp-6.3.0/include
 /cm/shared/ex3-modules/202309a/huaq/pkgs/parmetis-32-4.0.3/include
 /cm/shared/ex3-modules/202309a/huaq/pkgs/metis-32-5.1.0/include
 /cm/shared/ex3-modules/202309a/huaq/pkgs/openblas-0.3.21/include
 /cm/shared/ex3-modules/202309a/huaq/pkgs/boost-1.73.0/include
 /cm/shared/ex3-modules/202309a/huaq/pkgs/openmpi-4.1.4/include
 /cm/shared/ex3-modules/202309a/huaq/pkgs/util-linux-2.34/include
 /cm/shared/ex3-modules/202309a/huaq/pkgs/libfabric-1.17.0/include
 /cm/shared/ex3-modules/202309a/huaq/pkgs/ucx-1.12.1/include
 /cm/shared/ex3-modules/202309a/huaq/pkgs/rdma-core-44.0/include
 /cm/shared/ex3-modules/202309a/huaq/pkgs/libnl-3.2.25/include/libnl3
 /cm/shared/ex3-modules/202309a/huaq/pkgs/numactl-2.0.13/include
 /cm/shared/ex3-modules/202309a/huaq/pkgs/libevent-2.1.12-stable/include
 /cm/shared/ex3-modules/202309a/huaq/pkgs/knem-1.1.4/include
 /cm/shared/ex3-modules/202309a/huaq/pkgs/hwloc-2.7.1/include
 /cm/shared/ex3-modules/202309a/huaq/pkgs/libxml2-2.9.12/include
 /cm/shared/ex3-modules/202309a/huaq/pkgs/xz-5.2.7/include
 /usr/include/c++/11
 /usr/include/aarch64-linux-gnu/c++/11
 /usr/include/c++/11/backward
 /usr/lib/gcc/aarch64-linux-gnu/11/include
 /usr/local/include
 /usr/include/aarch64-linux-gnu
 /usr/include
End of search list.
GNU C++17 (Ubuntu 11.4.0-1ubuntu1~22.04) version 11.4.0 (aarch64-linux-gnu)
	compiled by GNU C version 11.4.0, GMP version 6.2.1, MPFR version 4.1.0, MPC version 1.2.1, isl version isl-0.24-GMP

warning: GMP header version 6.2.1 differs from library version 6.3.0.
warning: MPFR header version 4.1.0 differs from library version 4.0.2.
GGC heuristics: --param ggc-min-expand=100 --param ggc-min-heapsize=131072
Compiler executable checksum: 3e6e780af1232722b47e0979fda82402
COLLECT_GCC_OPTIONS='-std=c++17' '-O2' '-funroll-loops' '-fopenmp' '-v' '-O3' '-D' 'NDEBUG' '-fPIE' '-o' 'CMakeFiles/cmTC_48dc9.dir/OpenMPTryFlag.cpp.o' '-c' '-shared-libgcc' '-mlittle-endian' '-mabi=lp64' '-pthread' '-dumpdir' 'CMakeFiles/cmTC_48dc9.dir/'
 as -v -EL -mabi=lp64 -o CMakeFiles/cmTC_48dc9.dir/OpenMPTryFlag.cpp.o /tmp/ccTjt1nM.s
GNU assembler version 2.38 (aarch64-linux-gnu) using BFD version (GNU Binutils for Ubuntu) 2.38
COMPILER_PATH=/usr/lib/gcc/aarch64-linux-gnu/11/:/usr/lib/gcc/aarch64-linux-gnu/11/:/usr/lib/gcc/aarch64-linux-gnu/:/usr/lib/gcc/aarch64-linux-gnu/11/:/usr/lib/gcc/aarch64-linux-gnu/
LIBRARY_PATH=/home/andreast/modules/arm/apps/flow/202309a/rpp-amgcpr-ghost-last/lib/../lib/:/home/andreast/modules/arm/apps/zoltan/202309a/12.16/lib/../lib/:/home/andreast/modules/arm/apps/dune/202309a/mod-2.7.1/lib/../lib/:/cm/shared/ex3-modules/202309a/huaq/pkgs/suitesparse-32-5.12.0/lib/../lib/:/cm/shared/ex3-modules/202309a/huaq/pkgs/mpfr-4.0.2/lib/../lib/:/cm/shared/ex3-modules/202309a/huaq/pkgs/gmp-6.3.0/lib/../lib/:/cm/shared/ex3-modules/202309a/huaq/pkgs/parmetis-32-4.0.3/lib/../lib/:/cm/shared/ex3-modules/202309a/huaq/pkgs/metis-32-5.1.0/lib/../lib/:/cm/shared/ex3-modules/202309a/huaq/pkgs/openblas-0.3.21/lib/../lib/:/cm/shared/ex3-modules/202309a/huaq/pkgs/boost-1.73.0/lib/../lib/:/cm/shared/ex3-modules/202309a/huaq/pkgs/openmpi-4.1.4/lib/../lib/:/cm/shared/ex3-modules/202309a/huaq/pkgs/util-linux-2.34/lib/../lib/:/cm/shared/ex3-modules/202309a/huaq/pkgs/libfabric-1.17.0/lib/../lib/:/cm/shared/ex3-modules/202309a/huaq/pkgs/ucx-1.12.1/lib/../lib/:/cm/shared/ex3-modules/202309a/huaq/pkgs/rdma-core-44.0/lib/../lib/:/cm/shared/ex3-modules/202309a/huaq/pkgs/libnl-3.2.25/lib/../lib/:/cm/shared/ex3-modules/202309a/huaq/pkgs/numactl-2.0.13/lib/../lib/:/cm/shared/ex3-modules/202309a/huaq/pkgs/libevent-2.1.12-stable/lib/../lib/:/cm/shared/ex3-modules/202309a/huaq/pkgs/knem-1.1.4/lib/../lib/:/cm/shared/ex3-modules/202309a/huaq/pkgs/hwloc-2.7.1/lib/../lib/:/cm/shared/ex3-modules/202309a/huaq/pkgs/libxml2-2.9.12/lib/../lib/:/cm/shared/ex3-modules/202309a/huaq/pkgs/xz-5.2.7/lib/../lib/:/usr/lib/gcc/aarch64-linux-gnu/11/:/usr/lib/gcc/aarch64-linux-gnu/11/../../../aarch64-linux-gnu/:/usr/lib/gcc/aarch64-linux-gnu/11/../../../../lib/:/lib/aarch64-linux-gnu/:/lib/../lib/:/usr/lib/aarch64-linux-gnu/:/usr/lib/../lib/:/home/andreast/modules/arm/apps/flow/202309a/rpp-amgcpr-ghost-last/lib/:/home/andreast/modules/arm/apps/zoltan/202309a/12.16/lib/:/home/andreast/modules/arm/apps/dune/202309a/mod-2.7.1/lib/:/cm/shared/ex3-modules/202309a/huaq/pkgs/suitesparse-32-5.12.0/lib/:/cm/shared/ex3-modules/202309a/huaq/pkgs/mpfr-4.0.2/lib/:/cm/shared/ex3-modules/202309a/huaq/pkgs/gmp-6.3.0/lib/:/cm/shared/ex3-modules/202309a/huaq/pkgs/parmetis-32-4.0.3/lib/:/cm/shared/ex3-modules/202309a/huaq/pkgs/metis-32-5.1.0/lib/:/cm/shared/ex3-modules/202309a/huaq/pkgs/openblas-0.3.21/lib/:/cm/shared/ex3-modules/202309a/huaq/pkgs/boost-1.73.0/lib/:/cm/shared/ex3-modules/202309a/huaq/pkgs/openmpi-4.1.4/lib/:/cm/shared/ex3-modules/202309a/huaq/pkgs/util-linux-2.34/lib/:/cm/shared/ex3-modules/202309a/huaq/pkgs/libfabric-1.17.0/lib/:/cm/shared/ex3-modules/202309a/huaq/pkgs/ucx-1.12.1/lib/:/cm/shared/ex3-modules/202309a/huaq/pkgs/rdma-core-44.0/lib/:/cm/shared/ex3-modules/202309a/huaq/pkgs/libnl-3.2.25/lib/:/cm/shared/ex3-modules/202309a/huaq/pkgs/numactl-2.0.13/lib/:/cm/shared/ex3-modules/202309a/huaq/pkgs/libevent-2.1.12-stable/lib/:/cm/shared/ex3-modules/202309a/huaq/pkgs/knem-1.1.4/lib/:/cm/shared/ex3-modules/202309a/huaq/pkgs/hwloc-2.7.1/lib/:/cm/shared/ex3-modules/202309a/huaq/pkgs/libxml2-2.9.12/lib/:/cm/shared/ex3-modules/202309a/huaq/pkgs/xz-5.2.7/lib/:/cm/shared/apps/slurm/current/lib64/slurm/:/cm/shared/apps/slurm/current/lib64/:/usr/lib/gcc/aarch64-linux-gnu/11/../../../:/lib/:/usr/lib/
COLLECT_GCC_OPTIONS='-std=c++17' '-O2' '-funroll-loops' '-fopenmp' '-v' '-O3' '-D' 'NDEBUG' '-fPIE' '-o' 'CMakeFiles/cmTC_48dc9.dir/OpenMPTryFlag.cpp.o' '-c' '-shared-libgcc' '-mlittle-endian' '-mabi=lp64' '-pthread' '-dumpdir' 'CMakeFiles/cmTC_48dc9.dir/OpenMPTryFlag.cpp.'
Linking CXX executable cmTC_48dc9
/cm/shared/ex3-modules/202309a/huaq/pkgs/cmake-3.22.3/bin/cmake -E cmake_link_script CMakeFiles/cmTC_48dc9.dir/link.txt --verbose=1
/usr/bin/c++ -std=c++17 -O2 -funroll-loops -fopenmp -v -O3 -DNDEBUG -rdynamic CMakeFiles/cmTC_48dc9.dir/OpenMPTryFlag.cpp.o -o cmTC_48dc9  -v 
Using built-in specs.
COLLECT_GCC=/usr/bin/c++
COLLECT_LTO_WRAPPER=/usr/lib/gcc/aarch64-linux-gnu/11/lto-wrapper
Target: aarch64-linux-gnu
Configured with: ../src/configure -v --with-pkgversion='Ubuntu 11.4.0-1ubuntu1~22.04' --with-bugurl=file:///usr/share/doc/gcc-11/README.Bugs --enable-languages=c,ada,c++,go,d,fortran,objc,obj-c++,m2 --prefix=/usr --with-gcc-major-version-only --program-suffix=-11 --program-prefix=aarch64-linux-gnu- --enable-shared --enable-linker-build-id --libexecdir=/usr/lib --without-included-gettext --enable-threads=posix --libdir=/usr/lib --enable-nls --enable-bootstrap --enable-clocale=gnu --enable-libstdcxx-debug --enable-libstdcxx-time=yes --with-default-libstdcxx-abi=new --enable-gnu-unique-object --disable-libquadmath --disable-libquadmath-support --enable-plugin --enable-default-pie --with-system-zlib --enable-libphobos-checking=release --with-target-system-zlib=auto --enable-objc-gc=auto --enable-multiarch --enable-fix-cortex-a53-843419 --disable-werror --enable-checking=release --build=aarch64-linux-gnu --host=aarch64-linux-gnu --target=aarch64-linux-gnu --with-build-config=bootstrap-lto-lean --enable-link-serialization=2
Thread model: posix
Supported LTO compression algorithms: zlib zstd
gcc version 11.4.0 (Ubuntu 11.4.0-1ubuntu1~22.04) 
COMPILER_PATH=/usr/lib/gcc/aarch64-linux-gnu/11/:/usr/lib/gcc/aarch64-linux-gnu/11/:/usr/lib/gcc/aarch64-linux-gnu/:/usr/lib/gcc/aarch64-linux-gnu/11/:/usr/lib/gcc/aarch64-linux-gnu/
LIBRARY_PATH=/home/andreast/modules/arm/apps/flow/202309a/rpp-amgcpr-ghost-last/lib/../lib/:/home/andreast/modules/arm/apps/zoltan/202309a/12.16/lib/../lib/:/home/andreast/modules/arm/apps/dune/202309a/mod-2.7.1/lib/../lib/:/cm/shared/ex3-modules/202309a/huaq/pkgs/suitesparse-32-5.12.0/lib/../lib/:/cm/shared/ex3-modules/202309a/huaq/pkgs/mpfr-4.0.2/lib/../lib/:/cm/shared/ex3-modules/202309a/huaq/pkgs/gmp-6.3.0/lib/../lib/:/cm/shared/ex3-modules/202309a/huaq/pkgs/parmetis-32-4.0.3/lib/../lib/:/cm/shared/ex3-modules/202309a/huaq/pkgs/metis-32-5.1.0/lib/../lib/:/cm/shared/ex3-modules/202309a/huaq/pkgs/openblas-0.3.21/lib/../lib/:/cm/shared/ex3-modules/202309a/huaq/pkgs/boost-1.73.0/lib/../lib/:/cm/shared/ex3-modules/202309a/huaq/pkgs/openmpi-4.1.4/lib/../lib/:/cm/shared/ex3-modules/202309a/huaq/pkgs/util-linux-2.34/lib/../lib/:/cm/shared/ex3-modules/202309a/huaq/pkgs/libfabric-1.17.0/lib/../lib/:/cm/shared/ex3-modules/202309a/huaq/pkgs/ucx-1.12.1/lib/../lib/:/cm/shared/ex3-modules/202309a/huaq/pkgs/rdma-core-44.0/lib/../lib/:/cm/shared/ex3-modules/202309a/huaq/pkgs/libnl-3.2.25/lib/../lib/:/cm/shared/ex3-modules/202309a/huaq/pkgs/numactl-2.0.13/lib/../lib/:/cm/shared/ex3-modules/202309a/huaq/pkgs/libevent-2.1.12-stable/lib/../lib/:/cm/shared/ex3-modules/202309a/huaq/pkgs/knem-1.1.4/lib/../lib/:/cm/shared/ex3-modules/202309a/huaq/pkgs/hwloc-2.7.1/lib/../lib/:/cm/shared/ex3-modules/202309a/huaq/pkgs/libxml2-2.9.12/lib/../lib/:/cm/shared/ex3-modules/202309a/huaq/pkgs/xz-5.2.7/lib/../lib/:/usr/lib/gcc/aarch64-linux-gnu/11/:/usr/lib/gcc/aarch64-linux-gnu/11/../../../aarch64-linux-gnu/:/usr/lib/gcc/aarch64-linux-gnu/11/../../../../lib/:/lib/aarch64-linux-gnu/:/lib/../lib/:/usr/lib/aarch64-linux-gnu/:/usr/lib/../lib/:/home/andreast/modules/arm/apps/flow/202309a/rpp-amgcpr-ghost-last/lib/:/home/andreast/modules/arm/apps/zoltan/202309a/12.16/lib/:/home/andreast/modules/arm/apps/dune/202309a/mod-2.7.1/lib/:/cm/shared/ex3-modules/202309a/huaq/pkgs/suitesparse-32-5.12.0/lib/:/cm/shared/ex3-modules/202309a/huaq/pkgs/mpfr-4.0.2/lib/:/cm/shared/ex3-modules/202309a/huaq/pkgs/gmp-6.3.0/lib/:/cm/shared/ex3-modules/202309a/huaq/pkgs/parmetis-32-4.0.3/lib/:/cm/shared/ex3-modules/202309a/huaq/pkgs/metis-32-5.1.0/lib/:/cm/shared/ex3-modules/202309a/huaq/pkgs/openblas-0.3.21/lib/:/cm/shared/ex3-modules/202309a/huaq/pkgs/boost-1.73.0/lib/:/cm/shared/ex3-modules/202309a/huaq/pkgs/openmpi-4.1.4/lib/:/cm/shared/ex3-modules/202309a/huaq/pkgs/util-linux-2.34/lib/:/cm/shared/ex3-modules/202309a/huaq/pkgs/libfabric-1.17.0/lib/:/cm/shared/ex3-modules/202309a/huaq/pkgs/ucx-1.12.1/lib/:/cm/shared/ex3-modules/202309a/huaq/pkgs/rdma-core-44.0/lib/:/cm/shared/ex3-modules/202309a/huaq/pkgs/libnl-3.2.25/lib/:/cm/shared/ex3-modules/202309a/huaq/pkgs/numactl-2.0.13/lib/:/cm/shared/ex3-modules/202309a/huaq/pkgs/libevent-2.1.12-stable/lib/:/cm/shared/ex3-modules/202309a/huaq/pkgs/knem-1.1.4/lib/:/cm/shared/ex3-modules/202309a/huaq/pkgs/hwloc-2.7.1/lib/:/cm/shared/ex3-modules/202309a/huaq/pkgs/libxml2-2.9.12/lib/:/cm/shared/ex3-modules/202309a/huaq/pkgs/xz-5.2.7/lib/:/cm/shared/apps/slurm/current/lib64/slurm/:/cm/shared/apps/slurm/current/lib64/:/usr/lib/gcc/aarch64-linux-gnu/11/../../../:/lib/:/usr/lib/
Reading specs from /usr/lib/gcc/aarch64-linux-gnu/11/libgomp.spec
COLLECT_GCC_OPTIONS='-std=c++17' '-O2' '-funroll-loops' '-fopenmp' '-v' '-O3' '-D' 'NDEBUG' '-rdynamic' '-o' 'cmTC_48dc9' '-v' '-shared-libgcc' '-mlittle-endian' '-mabi=lp64' '-pthread' '-dumpdir' 'cmTC_48dc9.'
 /usr/lib/gcc/aarch64-linux-gnu/11/collect2 -plugin /usr/lib/gcc/aarch64-linux-gnu/11/liblto_plugin.so -plugin-opt=/usr/lib/gcc/aarch64-linux-gnu/11/lto-wrapper -plugin-opt=-fresolution=/tmp/ccUCOjWz.res -plugin-opt=-pass-through=-lgcc_s -plugin-opt=-pass-through=-lgcc -plugin-opt=-pass-through=-lpthread -plugin-opt=-pass-through=-lc -plugin-opt=-pass-through=-lgcc_s -plugin-opt=-pass-through=-lgcc --build-id --eh-frame-hdr --hash-style=gnu --as-needed -export-dynamic -dynamic-linker /lib/ld-linux-aarch64.so.1 -X -EL -maarch64linux --fix-cortex-a53-843419 -pie -z now -z relro -o cmTC_48dc9 /usr/lib/gcc/aarch64-linux-gnu/11/../../../aarch64-linux-gnu/Scrt1.o /usr/lib/gcc/aarch64-linux-gnu/11/../../../aarch64-linux-gnu/crti.o /usr/lib/gcc/aarch64-linux-gnu/11/crtbeginS.o -L/home/andreast/modules/arm/apps/flow/202309a/rpp-amgcpr-ghost-last/lib/../lib -L/home/andreast/modules/arm/apps/zoltan/202309a/12.16/lib/../lib -L/home/andreast/modules/arm/apps/dune/202309a/mod-2.7.1/lib/../lib -L/cm/shared/ex3-modules/202309a/huaq/pkgs/suitesparse-32-5.12.0/lib/../lib -L/cm/shared/ex3-modules/202309a/huaq/pkgs/mpfr-4.0.2/lib/../lib -L/cm/shared/ex3-modules/202309a/huaq/pkgs/gmp-6.3.0/lib/../lib -L/cm/shared/ex3-modules/202309a/huaq/pkgs/parmetis-32-4.0.3/lib/../lib -L/cm/shared/ex3-modules/202309a/huaq/pkgs/metis-32-5.1.0/lib/../lib -L/cm/shared/ex3-modules/202309a/huaq/pkgs/openblas-0.3.21/lib/../lib -L/cm/shared/ex3-modules/202309a/huaq/pkgs/boost-1.73.0/lib/../lib -L/cm/shared/ex3-modules/202309a/huaq/pkgs/openmpi-4.1.4/lib/../lib -L/cm/shared/ex3-modules/202309a/huaq/pkgs/util-linux-2.34/lib/../lib -L/cm/shared/ex3-modules/202309a/huaq/pkgs/libfabric-1.17.0/lib/../lib -L/cm/shared/ex3-modules/202309a/huaq/pkgs/ucx-1.12.1/lib/../lib -L/cm/shared/ex3-modules/202309a/huaq/pkgs/rdma-core-44.0/lib/../lib -L/cm/shared/ex3-modules/202309a/huaq/pkgs/libnl-3.2.25/lib/../lib -L/cm/shared/ex3-modules/202309a/huaq/pkgs/numactl-2.0.13/lib/../lib -L/cm/shared/ex3-modules/202309a/huaq/pkgs/libevent-2.1.12-stable/lib/../lib -L/cm/shared/ex3-modules/202309a/huaq/pkgs/knem-1.1.4/lib/../lib -L/cm/shared/ex3-modules/202309a/huaq/pkgs/hwloc-2.7.1/lib/../lib -L/cm/shared/ex3-modules/202309a/huaq/pkgs/libxml2-2.9.12/lib/../lib -L/cm/shared/ex3-modules/202309a/huaq/pkgs/xz-5.2.7/lib/../lib -L/usr/lib/gcc/aarch64-linux-gnu/11 -L/usr/lib/gcc/aarch64-linux-gnu/11/../../../aarch64-linux-gnu -L/usr/lib/gcc/aarch64-linux-gnu/11/../../../../lib -L/lib/aarch64-linux-gnu -L/lib/../lib -L/usr/lib/aarch64-linux-gnu -L/usr/lib/../lib -L/home/andreast/modules/arm/apps/flow/202309a/rpp-amgcpr-ghost-last/lib -L/home/andreast/modules/arm/apps/zoltan/202309a/12.16/lib -L/home/andreast/modules/arm/apps/dune/202309a/mod-2.7.1/lib -L/cm/shared/ex3-modules/202309a/huaq/pkgs/suitesparse-32-5.12.0/lib -L/cm/shared/ex3-modules/202309a/huaq/pkgs/mpfr-4.0.2/lib -L/cm/shared/ex3-modules/202309a/huaq/pkgs/gmp-6.3.0/lib -L/cm/shared/ex3-modules/202309a/huaq/pkgs/parmetis-32-4.0.3/lib -L/cm/shared/ex3-modules/202309a/huaq/pkgs/metis-32-5.1.0/lib -L/cm/shared/ex3-modules/202309a/huaq/pkgs/openblas-0.3.21/lib -L/cm/shared/ex3-modules/202309a/huaq/pkgs/boost-1.73.0/lib -L/cm/shared/ex3-modules/202309a/huaq/pkgs/openmpi-4.1.4/lib -L/cm/shared/ex3-modules/202309a/huaq/pkgs/util-linux-2.34/lib -L/cm/shared/ex3-modules/202309a/huaq/pkgs/libfabric-1.17.0/lib -L/cm/shared/ex3-modules/202309a/huaq/pkgs/ucx-1.12.1/lib -L/cm/shared/ex3-modules/202309a/huaq/pkgs/rdma-core-44.0/lib -L/cm/shared/ex3-modules/202309a/huaq/pkgs/libnl-3.2.25/lib -L/cm/shared/ex3-modules/202309a/huaq/pkgs/numactl-2.0.13/lib -L/cm/shared/ex3-modules/202309a/huaq/pkgs/libevent-2.1.12-stable/lib -L/cm/shared/ex3-modules/202309a/huaq/pkgs/knem-1.1.4/lib -L/cm/shared/ex3-modules/202309a/huaq/pkgs/hwloc-2.7.1/lib -L/cm/shared/ex3-modules/202309a/huaq/pkgs/libxml2-2.9.12/lib -L/cm/shared/ex3-modules/202309a/huaq/pkgs/xz-5.2.7/lib -L/cm/shared/apps/slurm/current/lib64/slurm -L/cm/shared/apps/slurm/current/lib64 -L/usr/lib/gcc/aarch64-linux-gnu/11/../../.. CMakeFiles/cmTC_48dc9.dir/OpenMPTryFlag.cpp.o -lstdc++ -lm -lgomp -lgcc_s -lgcc -lpthread -lc -lgcc_s -lgcc /usr/lib/gcc/aarch64-linux-gnu/11/crtendS.o /usr/lib/gcc/aarch64-linux-gnu/11/../../../aarch64-linux-gnu/crtn.o
COLLECT_GCC_OPTIONS='-std=c++17' '-O2' '-funroll-loops' '-fopenmp' '-v' '-O3' '-D' 'NDEBUG' '-rdynamic' '-o' 'cmTC_48dc9' '-v' '-shared-libgcc' '-mlittle-endian' '-mabi=lp64' '-pthread' '-dumpdir' 'cmTC_48dc9.'
gmake[1]: Leaving directory '/home/erikhs/MatrixProblems/build_aarch64/CMakeFiles/CMakeTmp'



Parsed CXX OpenMP implicit link information from above output:
  link line regex: [^( *|.*[/\])(ld|CMAKE_LINK_STARTFILE-NOTFOUND|([^/\]+-)?ld|collect2)[^/\]*( |$)]
  ignore line: [Change Dir: /home/erikhs/MatrixProblems/build_aarch64/CMakeFiles/CMakeTmp]
  ignore line: []
  ignore line: [Run Build Command(s):/usr/bin/gmake -f Makefile cmTC_48dc9/fast && /usr/bin/gmake  -f CMakeFiles/cmTC_48dc9.dir/build.make CMakeFiles/cmTC_48dc9.dir/build]
  ignore line: [gmake[1]: Entering directory '/home/erikhs/MatrixProblems/build_aarch64/CMakeFiles/CMakeTmp']
  ignore line: [Building CXX object CMakeFiles/cmTC_48dc9.dir/OpenMPTryFlag.cpp.o]
  ignore line: [/usr/bin/c++   -std=c++17 -O2 -funroll-loops -fopenmp -v -O3 -DNDEBUG -fPIE -o CMakeFiles/cmTC_48dc9.dir/OpenMPTryFlag.cpp.o -c /home/erikhs/MatrixProblems/build_aarch64/CMakeFiles/FindOpenMP/OpenMPTryFlag.cpp]
  ignore line: [Using built-in specs.]
  ignore line: [COLLECT_GCC=/usr/bin/c++]
  ignore line: [Target: aarch64-linux-gnu]
  ignore line: [Configured with: ../src/configure -v --with-pkgversion='Ubuntu 11.4.0-1ubuntu1~22.04' --with-bugurl=file:///usr/share/doc/gcc-11/README.Bugs --enable-languages=c ada c++ go d fortran objc obj-c++ m2 --prefix=/usr --with-gcc-major-version-only --program-suffix=-11 --program-prefix=aarch64-linux-gnu- --enable-shared --enable-linker-build-id --libexecdir=/usr/lib --without-included-gettext --enable-threads=posix --libdir=/usr/lib --enable-nls --enable-bootstrap --enable-clocale=gnu --enable-libstdcxx-debug --enable-libstdcxx-time=yes --with-default-libstdcxx-abi=new --enable-gnu-unique-object --disable-libquadmath --disable-libquadmath-support --enable-plugin --enable-default-pie --with-system-zlib --enable-libphobos-checking=release --with-target-system-zlib=auto --enable-objc-gc=auto --enable-multiarch --enable-fix-cortex-a53-843419 --disable-werror --enable-checking=release --build=aarch64-linux-gnu --host=aarch64-linux-gnu --target=aarch64-linux-gnu --with-build-config=bootstrap-lto-lean --enable-link-serialization=2]
  ignore line: [Thread model: posix]
  ignore line: [Supported LTO compression algorithms: zlib zstd]
  ignore line: [gcc version 11.4.0 (Ubuntu 11.4.0-1ubuntu1~22.04) ]
  ignore line: [COLLECT_GCC_OPTIONS='-std=c++17' '-O2' '-funroll-loops' '-fopenmp' '-v' '-O3' '-D' 'NDEBUG' '-fPIE' '-o' 'CMakeFiles/cmTC_48dc9.dir/OpenMPTryFlag.cpp.o' '-c' '-shared-libgcc' '-mlittle-endian' '-mabi=lp64' '-pthread' '-dumpdir' 'CMakeFiles/cmTC_48dc9.dir/']
  ignore line: [ /usr/lib/gcc/aarch64-linux-gnu/11/cc1plus -quiet -v -imultiarch aarch64-linux-gnu -D_GNU_SOURCE -D_REENTRANT -D NDEBUG /home/erikhs/MatrixProblems/build_aarch64/CMakeFiles/FindOpenMP/OpenMPTryFlag.cpp -quiet -dumpdir CMakeFiles/cmTC_48dc9.dir/ -dumpbase OpenMPTryFlag.cpp.cpp -dumpbase-ext .cpp -mlittle-endian -mabi=lp64 -O2 -O3 -std=c++17 -version -funroll-loops -fopenmp -fPIE -fasynchronous-unwind-tables -fstack-protector-strong -Wformat -Wformat-security -fstack-clash-protection -o /tmp/ccTjt1nM.s]
  ignore line: [GNU C++17 (Ubuntu 11.4.0-1ubuntu1~22.04) version 11.4.0 (aarch64-linux-gnu)]
  ignore line: [	compiled by GNU C version 11.4.0  GMP version 6.2.1  MPFR version 4.1.0  MPC version 1.2.1  isl version isl-0.24-GMP]
  ignore line: []
  ignore line: [warning: GMP header version 6.2.1 differs from library version 6.3.0.]
  ignore line: [warning: MPFR header version 4.1.0 differs from library version 4.0.2.]
  ignore line: [GGC heuristics: --param ggc-min-expand=100 --param ggc-min-heapsize=131072]
  ignore line: [ignoring duplicate directory "/usr/include/aarch64-linux-gnu/c++/11"]
  ignore line: [ignoring nonexistent directory "/usr/local/include/aarch64-linux-gnu"]
  ignore line: [ignoring nonexistent directory "/usr/lib/gcc/aarch64-linux-gnu/11/include-fixed"]
  ignore line: [ignoring nonexistent directory "/usr/lib/gcc/aarch64-linux-gnu/11/../../../../aarch64-linux-gnu/include"]
  ignore line: [#include "..." search starts here:]
  ignore line: [#include <...> search starts here:]
  ignore line: [ /cm/shared/apps/slurm/current/include]
  ignore line: [ /home/andreast/modules/arm/apps/flow/202309a/rpp-amgcpr-ghost-last/include]
  ignore line: [ /home/andreast/modules/arm/apps/zoltan/202309a/12.16/include]
  ignore line: [ /home/andreast/modules/arm/apps/dune/202309a/mod-2.7.1/include]
  ignore line: [ /cm/shared/ex3-modules/202309a/huaq/pkgs/suitesparse-32-5.12.0/include]
  ignore line: [ /cm/shared/ex3-modules/202309a/huaq/pkgs/mpfr-4.0.2/include]
  ignore line: [ /cm/shared/ex3-modules/202309a/huaq/pkgs/gmp-6.3.0/include]
  ignore line: [ /cm/shared/ex3-modules/202309a/huaq/pkgs/parmetis-32-4.0.3/include]
  ignore line: [ /cm/shared/ex3-modules/202309a/huaq/pkgs/metis-32-5.1.0/include]
  ignore line: [ /cm/shared/ex3-modules/202309a/huaq/pkgs/openblas-0.3.21/include]
  ignore line: [ /cm/shared/ex3-modules/202309a/huaq/pkgs/boost-1.73.0/include]
  ignore line: [ /cm/shared/ex3-modules/202309a/huaq/pkgs/openmpi-4.1.4/include]
  ignore line: [ /cm/shared/ex3-modules/202309a/huaq/pkgs/util-linux-2.34/include]
  ignore line: [ /cm/shared/ex3-modules/202309a/huaq/pkgs/libfabric-1.17.0/include]
  ignore line: [ /cm/shared/ex3-modules/202309a/huaq/pkgs/ucx-1.12.1/include]
  ignore line: [ /cm/shared/ex3-modules/202309a/huaq/pkgs/rdma-core-44.0/include]
  ignore line: [ /cm/shared/ex3-modules/202309a/huaq/pkgs/libnl-3.2.25/include/libnl3]
  ignore line: [ /cm/shared/ex3-modules/202309a/huaq/pkgs/numactl-2.0.13/include]
  ignore line: [ /cm/shared/ex3-modules/202309a/huaq/pkgs/libevent-2.1.12-stable/include]
  ignore line: [ /cm/shared/ex3-modules/202309a/huaq/pkgs/knem-1.1.4/include]
  ignore line: [ /cm/shared/ex3-modules/202309a/huaq/pkgs/hwloc-2.7.1/include]
  ignore line: [ /cm/shared/ex3-modules/202309a/huaq/pkgs/libxml2-2.9.12/include]
  ignore line: [ /cm/shared/ex3-modules/202309a/huaq/pkgs/xz-5.2.7/include]
  ignore line: [ /usr/include/c++/11]
  ignore line: [ /usr/include/aarch64-linux-gnu/c++/11]
  ignore line: [ /usr/include/c++/11/backward]
  ignore line: [ /usr/lib/gcc/aarch64-linux-gnu/11/include]
  ignore line: [ /usr/local/include]
  ignore line: [ /usr/include/aarch64-linux-gnu]
  ignore line: [ /usr/include]
  ignore line: [End of search list.]
  ignore line: [GNU C++17 (Ubuntu 11.4.0-1ubuntu1~22.04) version 11.4.0 (aarch64-linux-gnu)]
  ignore line: [	compiled by GNU C version 11.4.0  GMP version 6.2.1  MPFR version 4.1.0  MPC version 1.2.1  isl version isl-0.24-GMP]
  ignore line: []
  ignore line: [warning: GMP header version 6.2.1 differs from library version 6.3.0.]
  ignore line: [warning: MPFR header version 4.1.0 differs from library version 4.0.2.]
  ignore line: [GGC heuristics: --param ggc-min-expand=100 --param ggc-min-heapsize=131072]
  ignore line: [Compiler executable checksum: 3e6e780af1232722b47e0979fda82402]
  ignore line: [COLLECT_GCC_OPTIONS='-std=c++17' '-O2' '-funroll-loops' '-fopenmp' '-v' '-O3' '-D' 'NDEBUG' '-fPIE' '-o' 'CMakeFiles/cmTC_48dc9.dir/OpenMPTryFlag.cpp.o' '-c' '-shared-libgcc' '-mlittle-endian' '-mabi=lp64' '-pthread' '-dumpdir' 'CMakeFiles/cmTC_48dc9.dir/']
  ignore line: [ as -v -EL -mabi=lp64 -o CMakeFiles/cmTC_48dc9.dir/OpenMPTryFlag.cpp.o /tmp/ccTjt1nM.s]
  ignore line: [GNU assembler version 2.38 (aarch64-linux-gnu) using BFD version (GNU Binutils for Ubuntu) 2.38]
  ignore line: [COMPILER_PATH=/usr/lib/gcc/aarch64-linux-gnu/11/:/usr/lib/gcc/aarch64-linux-gnu/11/:/usr/lib/gcc/aarch64-linux-gnu/:/usr/lib/gcc/aarch64-linux-gnu/11/:/usr/lib/gcc/aarch64-linux-gnu/]
  ignore line: [LIBRARY_PATH=/home/andreast/modules/arm/apps/flow/202309a/rpp-amgcpr-ghost-last/lib/../lib/:/home/andreast/modules/arm/apps/zoltan/202309a/12.16/lib/../lib/:/home/andreast/modules/arm/apps/dune/202309a/mod-2.7.1/lib/../lib/:/cm/shared/ex3-modules/202309a/huaq/pkgs/suitesparse-32-5.12.0/lib/../lib/:/cm/shared/ex3-modules/202309a/huaq/pkgs/mpfr-4.0.2/lib/../lib/:/cm/shared/ex3-modules/202309a/huaq/pkgs/gmp-6.3.0/lib/../lib/:/cm/shared/ex3-modules/202309a/huaq/pkgs/parmetis-32-4.0.3/lib/../lib/:/cm/shared/ex3-modules/202309a/huaq/pkgs/metis-32-5.1.0/lib/../lib/:/cm/shared/ex3-modules/202309a/huaq/pkgs/openblas-0.3.21/lib/../lib/:/cm/shared/ex3-modules/202309a/huaq/pkgs/boost-1.73.0/lib/../lib/:/cm/shared/ex3-modules/202309a/huaq/pkgs/openmpi-4.1.4/lib/../lib/:/cm/shared/ex3-modules/202309a/huaq/pkgs/util-linux-2.34/lib/../lib/:/cm/shared/ex3-modules/202309a/huaq/pkgs/libfabric-1.17.0/lib/../lib/:/cm/shared/ex3-modules/202309a/huaq/pkgs/ucx-1.12.1/lib/../lib/:/cm/shared/ex3-modules/202309a/huaq/pkgs/rdma-core-44.0/lib/../lib/:/cm/shared/ex3-modules/202309a/huaq/pkgs/libnl-3.2.25/lib/../lib/:/cm/shared/ex3-modules/202309a/huaq/pkgs/numactl-2.0.13/lib/../lib/:/cm/shared/ex3-modules/202309a/huaq/pkgs/libevent-2.1.12-stable/lib/../lib/:/cm/shared/ex3-modules/202309a/huaq/pkgs/knem-1.1.4/lib/../lib/:/cm/shared/ex3-modules/202309a/huaq/pkgs/hwloc-2.7.1/lib/../lib/:/cm/shared/ex3-modules/202309a/huaq/pkgs/libxml2-2.9.12/lib/../lib/:/cm/shared/ex3-modules/202309a/huaq/pkgs/xz-5.2.7/lib/../lib/:/usr/lib/gcc/aarch64-linux-gnu/11/:/usr/lib/gcc/aarch64-linux-gnu/11/../../../aarch64-linux-gnu/:/usr/lib/gcc/aarch64-linux-gnu/11/../../../../lib/:/lib/aarch64-linux-gnu/:/lib/../lib/:/usr/lib/aarch64-linux-gnu/:/usr/lib/../lib/:/home/andreast/modules/arm/apps/flow/202309a/rpp-amgcpr-ghost-last/lib/:/home/andreast/modules/arm/apps/zoltan/202309a/12.16/lib/:/home/andreast/modules/arm/apps/dune/202309a/mod-2.7.1/lib/:/cm/shared/ex3-modules/202309a/huaq/pkgs/suitesparse-32-5.12.0/lib/:/cm/shared/ex3-modules/202309a/huaq/pkgs/mpfr-4.0.2/lib/:/cm/shared/ex3-modules/202309a/huaq/pkgs/gmp-6.3.0/lib/:/cm/shared/ex3-modules/202309a/huaq/pkgs/parmetis-32-4.0.3/lib/:/cm/shared/ex3-modules/202309a/huaq/pkgs/metis-32-5.1.0/lib/:/cm/shared/ex3-modules/202309a/huaq/pkgs/openblas-0.3.21/lib/:/cm/shared/ex3-modules/202309a/huaq/pkgs/boost-1.73.0/lib/:/cm/shared/ex3-modules/202309a/huaq/pkgs/openmpi-4.1.4/lib/:/cm/shared/ex3-modules/202309a/huaq/pkgs/util-linux-2.34/lib/:/cm/shared/ex3-modules/202309a/huaq/pkgs/libfabric-1.17.0/lib/:/cm/shared/ex3-modules/202309a/huaq/pkgs/ucx-1.12.1/lib/:/cm/shared/ex3-modules/202309a/huaq/pkgs/rdma-core-44.0/lib/:/cm/shared/ex3-modules/202309a/huaq/pkgs/libnl-3.2.25/lib/:/cm/shared/ex3-modules/202309a/huaq/pkgs/numactl-2.0.13/lib/:/cm/shared/ex3-modules/202309a/huaq/pkgs/libevent-2.1.12-stable/lib/:/cm/shared/ex3-modules/202309a/huaq/pkgs/knem-1.1.4/lib/:/cm/shared/ex3-modules/202309a/huaq/pkgs/hwloc-2.7.1/lib/:/cm/shared/ex3-modules/202309a/huaq/pkgs/libxml2-2.9.12/lib/:/cm/shared/ex3-modules/202309a/huaq/pkgs/xz-5.2.7/lib/:/cm/shared/apps/slurm/current/lib64/slurm/:/cm/shared/apps/slurm/current/lib64/:/usr/lib/gcc/aarch64-linux-gnu/11/../../../:/lib/:/usr/lib/]
  ignore line: [COLLECT_GCC_OPTIONS='-std=c++17' '-O2' '-funroll-loops' '-fopenmp' '-v' '-O3' '-D' 'NDEBUG' '-fPIE' '-o' 'CMakeFiles/cmTC_48dc9.dir/OpenMPTryFlag.cpp.o' '-c' '-shared-libgcc' '-mlittle-endian' '-mabi=lp64' '-pthread' '-dumpdir' 'CMakeFiles/cmTC_48dc9.dir/OpenMPTryFlag.cpp.']
  ignore line: [Linking CXX executable cmTC_48dc9]
  ignore line: [/cm/shared/ex3-modules/202309a/huaq/pkgs/cmake-3.22.3/bin/cmake -E cmake_link_script CMakeFiles/cmTC_48dc9.dir/link.txt --verbose=1]
  ignore line: [/usr/bin/c++ -std=c++17 -O2 -funroll-loops -fopenmp -v -O3 -DNDEBUG -rdynamic CMakeFiles/cmTC_48dc9.dir/OpenMPTryFlag.cpp.o -o cmTC_48dc9  -v ]
  ignore line: [Using built-in specs.]
  ignore line: [COLLECT_GCC=/usr/bin/c++]
  ignore line: [COLLECT_LTO_WRAPPER=/usr/lib/gcc/aarch64-linux-gnu/11/lto-wrapper]
  ignore line: [Target: aarch64-linux-gnu]
  ignore line: [Configured with: ../src/configure -v --with-pkgversion='Ubuntu 11.4.0-1ubuntu1~22.04' --with-bugurl=file:///usr/share/doc/gcc-11/README.Bugs --enable-languages=c ada c++ go d fortran objc obj-c++ m2 --prefix=/usr --with-gcc-major-version-only --program-suffix=-11 --program-prefix=aarch64-linux-gnu- --enable-shared --enable-linker-build-id --libexecdir=/usr/lib --without-included-gettext --enable-threads=posix --libdir=/usr/lib --enable-nls --enable-bootstrap --enable-clocale=gnu --enable-libstdcxx-debug --enable-libstdcxx-time=yes --with-default-libstdcxx-abi=new --enable-gnu-unique-object --disable-libquadmath --disable-libquadmath-support --enable-plugin --enable-default-pie --with-system-zlib --enable-libphobos-checking=release --with-target-system-zlib=auto --enable-objc-gc=auto --enable-multiarch --enable-fix-cortex-a53-843419 --disable-werror --enable-checking=release --build=aarch64-linux-gnu --host=aarch64-linux-gnu --target=aarch64-linux-gnu --with-build-config=bootstrap-lto-lean --enable-link-serialization=2]
  ignore line: [Thread model: posix]
  ignore line: [Supported LTO compression algorithms: zlib zstd]
  ignore line: [gcc version 11.4.0 (Ubuntu 11.4.0-1ubuntu1~22.04) ]
  ignore line: [COMPILER_PATH=/usr/lib/gcc/aarch64-linux-gnu/11/:/usr/lib/gcc/aarch64-linux-gnu/11/:/usr/lib/gcc/aarch64-linux-gnu/:/usr/lib/gcc/aarch64-linux-gnu/11/:/usr/lib/gcc/aarch64-linux-gnu/]
  ignore line: [LIBRARY_PATH=/home/andreast/modules/arm/apps/flow/202309a/rpp-amgcpr-ghost-last/lib/../lib/:/home/andreast/modules/arm/apps/zoltan/202309a/12.16/lib/../lib/:/home/andreast/modules/arm/apps/dune/202309a/mod-2.7.1/lib/../lib/:/cm/shared/ex3-modules/202309a/huaq/pkgs/suitesparse-32-5.12.0/lib/../lib/:/cm/shared/ex3-modules/202309a/huaq/pkgs/mpfr-4.0.2/lib/../lib/:/cm/shared/ex3-modules/202309a/huaq/pkgs/gmp-6.3.0/lib/../lib/:/cm/shared/ex3-modules/202309a/huaq/pkgs/parmetis-32-4.0.3/lib/../lib/:/cm/shared/ex3-modules/202309a/huaq/pkgs/metis-32-5.1.0/lib/../lib/:/cm/shared/ex3-modules/202309a/huaq/pkgs/openblas-0.3.21/lib/../lib/:/cm/shared/ex3-modules/202309a/huaq/pkgs/boost-1.73.0/lib/../lib/:/cm/shared/ex3-modules/202309a/huaq/pkgs/openmpi-4.1.4/lib/../lib/:/cm/shared/ex3-modules/202309a/huaq/pkgs/util-linux-2.34/lib/../lib/:/cm/shared/ex3-modules/202309a/huaq/pkgs/libfabric-1.17.0/lib/../lib/:/cm/shared/ex3-modules/202309a/huaq/pkgs/ucx-1.12.1/lib/../lib/:/cm/shared/ex3-modules/202309a/huaq/pkgs/rdma-core-44.0/lib/../lib/:/cm/shared/ex3-modules/202309a/huaq/pkgs/libnl-3.2.25/lib/../lib/:/cm/shared/ex3-modules/202309a/huaq/pkgs/numactl-2.0.13/lib/../lib/:/cm/shared/ex3-modules/202309a/huaq/pkgs/libevent-2.1.12-stable/lib/../lib/:/cm/shared/ex3-modules/202309a/huaq/pkgs/knem-1.1.4/lib/../lib/:/cm/shared/ex3-modules/202309a/huaq/pkgs/hwloc-2.7.1/lib/../lib/:/cm/shared/ex3-modules/202309a/huaq/pkgs/libxml2-2.9.12/lib/../lib/:/cm/shared/ex3-modules/202309a/huaq/pkgs/xz-5.2.7/lib/../lib/:/usr/lib/gcc/aarch64-linux-gnu/11/:/usr/lib/gcc/aarch64-linux-gnu/11/../../../aarch64-linux-gnu/:/usr/lib/gcc/aarch64-linux-gnu/11/../../../../lib/:/lib/aarch64-linux-gnu/:/lib/../lib/:/usr/lib/aarch64-linux-gnu/:/usr/lib/../lib/:/home/andreast/modules/arm/apps/flow/202309a/rpp-amgcpr-ghost-last/lib/:/home/andreast/modules/arm/apps/zoltan/202309a/12.16/lib/:/home/andreast/modules/arm/apps/dune/202309a/mod-2.7.1/lib/:/cm/shared/ex3-modules/202309a/huaq/pkgs/suitesparse-32-5.12.0/lib/:/cm/shared/ex3-modules/202309a/huaq/pkgs/mpfr-4.0.2/lib/:/cm/shared/ex3-modules/202309a/huaq/pkgs/gmp-6.3.0/lib/:/cm/shared/ex3-modules/202309a/huaq/pkgs/parmetis-32-4.0.3/lib/:/cm/shared/ex3-modules/202309a/huaq/pkgs/metis-32-5.1.0/lib/:/cm/shared/ex3-modules/202309a/huaq/pkgs/openblas-0.3.21/lib/:/cm/shared/ex3-modules/202309a/huaq/pkgs/boost-1.73.0/lib/:/cm/shared/ex3-modules/202309a/huaq/pkgs/openmpi-4.1.4/lib/:/cm/shared/ex3-modules/202309a/huaq/pkgs/util-linux-2.34/lib/:/cm/shared/ex3-modules/202309a/huaq/pkgs/libfabric-1.17.0/lib/:/cm/shared/ex3-modules/202309a/huaq/pkgs/ucx-1.12.1/lib/:/cm/shared/ex3-modules/202309a/huaq/pkgs/rdma-core-44.0/lib/:/cm/shared/ex3-modules/202309a/huaq/pkgs/libnl-3.2.25/lib/:/cm/shared/ex3-modules/202309a/huaq/pkgs/numactl-2.0.13/lib/:/cm/shared/ex3-modules/202309a/huaq/pkgs/libevent-2.1.12-stable/lib/:/cm/shared/ex3-modules/202309a/huaq/pkgs/knem-1.1.4/lib/:/cm/shared/ex3-modules/202309a/huaq/pkgs/hwloc-2.7.1/lib/:/cm/shared/ex3-modules/202309a/huaq/pkgs/libxml2-2.9.12/lib/:/cm/shared/ex3-modules/202309a/huaq/pkgs/xz-5.2.7/lib/:/cm/shared/apps/slurm/current/lib64/slurm/:/cm/shared/apps/slurm/current/lib64/:/usr/lib/gcc/aarch64-linux-gnu/11/../../../:/lib/:/usr/lib/]
  ignore line: [Reading specs from /usr/lib/gcc/aarch64-linux-gnu/11/libgomp.spec]
  ignore line: [COLLECT_GCC_OPTIONS='-std=c++17' '-O2' '-funroll-loops' '-fopenmp' '-v' '-O3' '-D' 'NDEBUG' '-rdynamic' '-o' 'cmTC_48dc9' '-v' '-shared-libgcc' '-mlittle-endian' '-mabi=lp64' '-pthread' '-dumpdir' 'cmTC_48dc9.']
  link line: [ /usr/lib/gcc/aarch64-linux-gnu/11/collect2 -plugin /usr/lib/gcc/aarch64-linux-gnu/11/liblto_plugin.so -plugin-opt=/usr/lib/gcc/aarch64-linux-gnu/11/lto-wrapper -plugin-opt=-fresolution=/tmp/ccUCOjWz.res -plugin-opt=-pass-through=-lgcc_s -plugin-opt=-pass-through=-lgcc -plugin-opt=-pass-through=-lpthread -plugin-opt=-pass-through=-lc -plugin-opt=-pass-through=-lgcc_s -plugin-opt=-pass-through=-lgcc --build-id --eh-frame-hdr --hash-style=gnu --as-needed -export-dynamic -dynamic-linker /lib/ld-linux-aarch64.so.1 -X -EL -maarch64linux --fix-cortex-a53-843419 -pie -z now -z relro -o cmTC_48dc9 /usr/lib/gcc/aarch64-linux-gnu/11/../../../aarch64-linux-gnu/Scrt1.o /usr/lib/gcc/aarch64-linux-gnu/11/../../../aarch64-linux-gnu/crti.o /usr/lib/gcc/aarch64-linux-gnu/11/crtbeginS.o -L/home/andreast/modules/arm/apps/flow/202309a/rpp-amgcpr-ghost-last/lib/../lib -L/home/andreast/modules/arm/apps/zoltan/202309a/12.16/lib/../lib -L/home/andreast/modules/arm/apps/dune/202309a/mod-2.7.1/lib/../lib -L/cm/shared/ex3-modules/202309a/huaq/pkgs/suitesparse-32-5.12.0/lib/../lib -L/cm/shared/ex3-modules/202309a/huaq/pkgs/mpfr-4.0.2/lib/../lib -L/cm/shared/ex3-modules/202309a/huaq/pkgs/gmp-6.3.0/lib/../lib -L/cm/shared/ex3-modules/202309a/huaq/pkgs/parmetis-32-4.0.3/lib/../lib -L/cm/shared/ex3-modules/202309a/huaq/pkgs/metis-32-5.1.0/lib/../lib -L/cm/shared/ex3-modules/202309a/huaq/pkgs/openblas-0.3.21/lib/../lib -L/cm/shared/ex3-modules/202309a/huaq/pkgs/boost-1.73.0/lib/../lib -L/cm/shared/ex3-modules/202309a/huaq/pkgs/openmpi-4.1.4/lib/../lib -L/cm/shared/ex3-modules/202309a/huaq/pkgs/util-linux-2.34/lib/../lib -L/cm/shared/ex3-modules/202309a/huaq/pkgs/libfabric-1.17.0/lib/../lib -L/cm/shared/ex3-modules/202309a/huaq/pkgs/ucx-1.12.1/lib/../lib -L/cm/shared/ex3-modules/202309a/huaq/pkgs/rdma-core-44.0/lib/../lib -L/cm/shared/ex3-modules/202309a/huaq/pkgs/libnl-3.2.25/lib/../lib -L/cm/shared/ex3-modules/202309a/huaq/pkgs/numactl-2.0.13/lib/../lib -L/cm/shared/ex3-modules/202309a/huaq/pkgs/libevent-2.1.12-stable/lib/../lib -L/cm/shared/ex3-modules/202309a/huaq/pkgs/knem-1.1.4/lib/../lib -L/cm/shared/ex3-modules/202309a/huaq/pkgs/hwloc-2.7.1/lib/../lib -L/cm/shared/ex3-modules/202309a/huaq/pkgs/libxml2-2.9.12/lib/../lib -L/cm/shared/ex3-modules/202309a/huaq/pkgs/xz-5.2.7/lib/../lib -L/usr/lib/gcc/aarch64-linux-gnu/11 -L/usr/lib/gcc/aarch64-linux-gnu/11/../../../aarch64-linux-gnu -L/usr/lib/gcc/aarch64-linux-gnu/11/../../../../lib -L/lib/aarch64-linux-gnu -L/lib/../lib -L/usr/lib/aarch64-linux-gnu -L/usr/lib/../lib -L/home/andreast/modules/arm/apps/flow/202309a/rpp-amgcpr-ghost-last/lib -L/home/andreast/modules/arm/apps/zoltan/202309a/12.16/lib -L/home/andreast/modules/arm/apps/dune/202309a/mod-2.7.1/lib -L/cm/shared/ex3-modules/202309a/huaq/pkgs/suitesparse-32-5.12.0/lib -L/cm/shared/ex3-modules/202309a/huaq/pkgs/mpfr-4.0.2/lib -L/cm/shared/ex3-modules/202309a/huaq/pkgs/gmp-6.3.0/lib -L/cm/shared/ex3-modules/202309a/huaq/pkgs/parmetis-32-4.0.3/lib -L/cm/shared/ex3-modules/202309a/huaq/pkgs/metis-32-5.1.0/lib -L/cm/shared/ex3-modules/202309a/huaq/pkgs/openblas-0.3.21/lib -L/cm/shared/ex3-modules/202309a/huaq/pkgs/boost-1.73.0/lib -L/cm/shared/ex3-modules/202309a/huaq/pkgs/openmpi-4.1.4/lib -L/cm/shared/ex3-modules/202309a/huaq/pkgs/util-linux-2.34/lib -L/cm/shared/ex3-modules/202309a/huaq/pkgs/libfabric-1.17.0/lib -L/cm/shared/ex3-modules/202309a/huaq/pkgs/ucx-1.12.1/lib -L/cm/shared/ex3-modules/202309a/huaq/pkgs/rdma-core-44.0/lib -L/cm/shared/ex3-modules/202309a/huaq/pkgs/libnl-3.2.25/lib -L/cm/shared/ex3-modules/202309a/huaq/pkgs/numactl-2.0.13/lib -L/cm/shared/ex3-modules/202309a/huaq/pkgs/libevent-2.1.12-stable/lib -L/cm/shared/ex3-modules/202309a/huaq/pkgs/knem-1.1.4/lib -L/cm/shared/ex3-modules/202309a/huaq/pkgs/hwloc-2.7.1/lib -L/cm/shared/ex3-modules/202309a/huaq/pkgs/libxml2-2.9.12/lib -L/cm/shared/ex3-modules/202309a/huaq/pkgs/xz-5.2.7/lib -L/cm/shared/apps/slurm/current/lib64/slurm -L/cm/shared/apps/slurm/current/lib64 -L/usr/lib/gcc/aarch64-linux-gnu/11/../../.. CMakeFiles/cmTC_48dc9.dir/OpenMPTryFlag.cpp.o -lstdc++ -lm -lgomp -lgcc_s -lgcc -lpthread -lc -lgcc_s -lgcc /usr/lib/gcc/aarch64-linux-gnu/11/crtendS.o /usr/lib/gcc/aarch64-linux-gnu/11/../../../aarch64-linux-gnu/crtn.o]
    arg [/usr/lib/gcc/aarch64-linux-gnu/11/collect2] ==> ignore
    arg [-plugin] ==> ignore
    arg [/usr/lib/gcc/aarch64-linux-gnu/11/liblto_plugin.so] ==> ignore
    arg [-plugin-opt=/usr/lib/gcc/aarch64-linux-gnu/11/lto-wrapper] ==> ignore
    arg [-plugin-opt=-fresolution=/tmp/ccUCOjWz.res] ==> ignore
    arg [-plugin-opt=-pass-through=-lgcc_s] ==> ignore
    arg [-plugin-opt=-pass-through=-lgcc] ==> ignore
    arg [-plugin-opt=-pass-through=-lpthread] ==> ignore
    arg [-plugin-opt=-pass-through=-lc] ==> ignore
    arg [-plugin-opt=-pass-through=-lgcc_s] ==> ignore
    arg [-plugin-opt=-pass-through=-lgcc] ==> ignore
    arg [--build-id] ==> ignore
    arg [--eh-frame-hdr] ==> ignore
    arg [--hash-style=gnu] ==> ignore
    arg [--as-needed] ==> ignore
    arg [-export-dynamic] ==> ignore
    arg [-dynamic-linker] ==> ignore
    arg [/lib/ld-linux-aarch64.so.1] ==> ignore
    arg [-X] ==> ignore
    arg [-EL] ==> ignore
    arg [-maarch64linux] ==> ignore
    arg [--fix-cortex-a53-843419] ==> ignore
    arg [-pie] ==> ignore
    arg [-znow] ==> ignore
    arg [-zrelro] ==> ignore
    arg [-o] ==> ignore
    arg [cmTC_48dc9] ==> ignore
    arg [-L/home/andreast/modules/arm/apps/flow/202309a/rpp-amgcpr-ghost-last/lib/../lib] ==> dir [/home/andreast/modules/arm/apps/flow/202309a/rpp-amgcpr-ghost-last/lib/../lib]
    arg [-L/home/andreast/modules/arm/apps/zoltan/202309a/12.16/lib/../lib] ==> dir [/home/andreast/modules/arm/apps/zoltan/202309a/12.16/lib/../lib]
    arg [-L/home/andreast/modules/arm/apps/dune/202309a/mod-2.7.1/lib/../lib] ==> dir [/home/andreast/modules/arm/apps/dune/202309a/mod-2.7.1/lib/../lib]
    arg [-L/cm/shared/ex3-modules/202309a/huaq/pkgs/suitesparse-32-5.12.0/lib/../lib] ==> dir [/cm/shared/ex3-modules/202309a/huaq/pkgs/suitesparse-32-5.12.0/lib/../lib]
    arg [-L/cm/shared/ex3-modules/202309a/huaq/pkgs/mpfr-4.0.2/lib/../lib] ==> dir [/cm/shared/ex3-modules/202309a/huaq/pkgs/mpfr-4.0.2/lib/../lib]
    arg [-L/cm/shared/ex3-modules/202309a/huaq/pkgs/gmp-6.3.0/lib/../lib] ==> dir [/cm/shared/ex3-modules/202309a/huaq/pkgs/gmp-6.3.0/lib/../lib]
    arg [-L/cm/shared/ex3-modules/202309a/huaq/pkgs/parmetis-32-4.0.3/lib/../lib] ==> dir [/cm/shared/ex3-modules/202309a/huaq/pkgs/parmetis-32-4.0.3/lib/../lib]
    arg [-L/cm/shared/ex3-modules/202309a/huaq/pkgs/metis-32-5.1.0/lib/../lib] ==> dir [/cm/shared/ex3-modules/202309a/huaq/pkgs/metis-32-5.1.0/lib/../lib]
    arg [-L/cm/shared/ex3-modules/202309a/huaq/pkgs/openblas-0.3.21/lib/../lib] ==> dir [/cm/shared/ex3-modules/202309a/huaq/pkgs/openblas-0.3.21/lib/../lib]
    arg [-L/cm/shared/ex3-modules/202309a/huaq/pkgs/boost-1.73.0/lib/../lib] ==> dir [/cm/shared/ex3-modules/202309a/huaq/pkgs/boost-1.73.0/lib/../lib]
    arg [-L/cm/shared/ex3-modules/202309a/huaq/pkgs/openmpi-4.1.4/lib/../lib] ==> dir [/cm/shared/ex3-modules/202309a/huaq/pkgs/openmpi-4.1.4/lib/../lib]
    arg [-L/cm/shared/ex3-modules/202309a/huaq/pkgs/util-linux-2.34/lib/../lib] ==> dir [/cm/shared/ex3-modules/202309a/huaq/pkgs/util-linux-2.34/lib/../lib]
    arg [-L/cm/shared/ex3-modules/202309a/huaq/pkgs/libfabric-1.17.0/lib/../lib] ==> dir [/cm/shared/ex3-modules/202309a/huaq/pkgs/libfabric-1.17.0/lib/../lib]
    arg [-L/cm/shared/ex3-modules/202309a/huaq/pkgs/ucx-1.12.1/lib/../lib] ==> dir [/cm/shared/ex3-modules/202309a/huaq/pkgs/ucx-1.12.1/lib/../lib]
    arg [-L/cm/shared/ex3-modules/202309a/huaq/pkgs/rdma-core-44.0/lib/../lib] ==> dir [/cm/shared/ex3-modules/202309a/huaq/pkgs/rdma-core-44.0/lib/../lib]
    arg [-L/cm/shared/ex3-modules/202309a/huaq/pkgs/libnl-3.2.25/lib/../lib] ==> dir [/cm/shared/ex3-modules/202309a/huaq/pkgs/libnl-3.2.25/lib/../lib]
    arg [-L/cm/shared/ex3-modules/202309a/huaq/pkgs/numactl-2.0.13/lib/../lib] ==> dir [/cm/shared/ex3-modules/202309a/huaq/pkgs/numactl-2.0.13/lib/../lib]
    arg [-L/cm/shared/ex3-modules/202309a/huaq/pkgs/libevent-2.1.12-stable/lib/../lib] ==> dir [/cm/shared/ex3-modules/202309a/huaq/pkgs/libevent-2.1.12-stable/lib/../lib]
    arg [-L/cm/shared/ex3-modules/202309a/huaq/pkgs/knem-1.1.4/lib/../lib] ==> dir [/cm/shared/ex3-modules/202309a/huaq/pkgs/knem-1.1.4/lib/../lib]
    arg [-L/cm/shared/ex3-modules/202309a/huaq/pkgs/hwloc-2.7.1/lib/../lib] ==> dir [/cm/shared/ex3-modules/202309a/huaq/pkgs/hwloc-2.7.1/lib/../lib]
    arg [-L/cm/shared/ex3-modules/202309a/huaq/pkgs/libxml2-2.9.12/lib/../lib] ==> dir [/cm/shared/ex3-modules/202309a/huaq/pkgs/libxml2-2.9.12/lib/../lib]
    arg [-L/cm/shared/ex3-modules/202309a/huaq/pkgs/xz-5.2.7/lib/../lib] ==> dir [/cm/shared/ex3-modules/202309a/huaq/pkgs/xz-5.2.7/lib/../lib]
    arg [-L/usr/lib/gcc/aarch64-linux-gnu/11] ==> dir [/usr/lib/gcc/aarch64-linux-gnu/11]
    arg [-L/usr/lib/gcc/aarch64-linux-gnu/11/../../../aarch64-linux-gnu] ==> dir [/usr/lib/gcc/aarch64-linux-gnu/11/../../../aarch64-linux-gnu]
    arg [-L/usr/lib/gcc/aarch64-linux-gnu/11/../../../../lib] ==> dir [/usr/lib/gcc/aarch64-linux-gnu/11/../../../../lib]
    arg [-L/lib/aarch64-linux-gnu] ==> dir [/lib/aarch64-linux-gnu]
    arg [-L/lib/../lib] ==> dir [/lib/../lib]
    arg [-L/usr/lib/aarch64-linux-gnu] ==> dir [/usr/lib/aarch64-linux-gnu]
    arg [-L/usr/lib/../lib] ==> dir [/usr/lib/../lib]
    arg [-L/home/andreast/modules/arm/apps/flow/202309a/rpp-amgcpr-ghost-last/lib] ==> dir [/home/andreast/modules/arm/apps/flow/202309a/rpp-amgcpr-ghost-last/lib]
    arg [-L/home/andreast/modules/arm/apps/zoltan/202309a/12.16/lib] ==> dir [/home/andreast/modules/arm/apps/zoltan/202309a/12.16/lib]
    arg [-L/home/andreast/modules/arm/apps/dune/202309a/mod-2.7.1/lib] ==> dir [/home/andreast/modules/arm/apps/dune/202309a/mod-2.7.1/lib]
    arg [-L/cm/shared/ex3-modules/202309a/huaq/pkgs/suitesparse-32-5.12.0/lib] ==> dir [/cm/shared/ex3-modules/202309a/huaq/pkgs/suitesparse-32-5.12.0/lib]
    arg [-L/cm/shared/ex3-modules/202309a/huaq/pkgs/mpfr-4.0.2/lib] ==> dir [/cm/shared/ex3-modules/202309a/huaq/pkgs/mpfr-4.0.2/lib]
    arg [-L/cm/shared/ex3-modules/202309a/huaq/pkgs/gmp-6.3.0/lib] ==> dir [/cm/shared/ex3-modules/202309a/huaq/pkgs/gmp-6.3.0/lib]
    arg [-L/cm/shared/ex3-modules/202309a/huaq/pkgs/parmetis-32-4.0.3/lib] ==> dir [/cm/shared/ex3-modules/202309a/huaq/pkgs/parmetis-32-4.0.3/lib]
    arg [-L/cm/shared/ex3-modules/202309a/huaq/pkgs/metis-32-5.1.0/lib] ==> dir [/cm/shared/ex3-modules/202309a/huaq/pkgs/metis-32-5.1.0/lib]
    arg [-L/cm/shared/ex3-modules/202309a/huaq/pkgs/openblas-0.3.21/lib] ==> dir [/cm/shared/ex3-modules/202309a/huaq/pkgs/openblas-0.3.21/lib]
    arg [-L/cm/shared/ex3-modules/202309a/huaq/pkgs/boost-1.73.0/lib] ==> dir [/cm/shared/ex3-modules/202309a/huaq/pkgs/boost-1.73.0/lib]
    arg [-L/cm/shared/ex3-modules/202309a/huaq/pkgs/openmpi-4.1.4/lib] ==> dir [/cm/shared/ex3-modules/202309a/huaq/pkgs/openmpi-4.1.4/lib]
    arg [-L/cm/shared/ex3-modules/202309a/huaq/pkgs/util-linux-2.34/lib] ==> dir [/cm/shared/ex3-modules/202309a/huaq/pkgs/util-linux-2.34/lib]
    arg [-L/cm/shared/ex3-modules/202309a/huaq/pkgs/libfabric-1.17.0/lib] ==> dir [/cm/shared/ex3-modules/202309a/huaq/pkgs/libfabric-1.17.0/lib]
    arg [-L/cm/shared/ex3-modules/202309a/huaq/pkgs/ucx-1.12.1/lib] ==> dir [/cm/shared/ex3-modules/202309a/huaq/pkgs/ucx-1.12.1/lib]
    arg [-L/cm/shared/ex3-modules/202309a/huaq/pkgs/rdma-core-44.0/lib] ==> dir [/cm/shared/ex3-modules/202309a/huaq/pkgs/rdma-core-44.0/lib]
    arg [-L/cm/shared/ex3-modules/202309a/huaq/pkgs/libnl-3.2.25/lib] ==> dir [/cm/shared/ex3-modules/202309a/huaq/pkgs/libnl-3.2.25/lib]
    arg [-L/cm/shared/ex3-modules/202309a/huaq/pkgs/numactl-2.0.13/lib] ==> dir [/cm/shared/ex3-modules/202309a/huaq/pkgs/numactl-2.0.13/lib]
    arg [-L/cm/shared/ex3-modules/202309a/huaq/pkgs/libevent-2.1.12-stable/lib] ==> dir [/cm/shared/ex3-modules/202309a/huaq/pkgs/libevent-2.1.12-stable/lib]
    arg [-L/cm/shared/ex3-modules/202309a/huaq/pkgs/knem-1.1.4/lib] ==> dir [/cm/shared/ex3-modules/202309a/huaq/pkgs/knem-1.1.4/lib]
    arg [-L/cm/shared/ex3-modules/202309a/huaq/pkgs/hwloc-2.7.1/lib] ==> dir [/cm/shared/ex3-modules/202309a/huaq/pkgs/hwloc-2.7.1/lib]
    arg [-L/cm/shared/ex3-modules/202309a/huaq/pkgs/libxml2-2.9.12/lib] ==> dir [/cm/shared/ex3-modules/202309a/huaq/pkgs/libxml2-2.9.12/lib]
    arg [-L/cm/shared/ex3-modules/202309a/huaq/pkgs/xz-5.2.7/lib] ==> dir [/cm/shared/ex3-modules/202309a/huaq/pkgs/xz-5.2.7/lib]
    arg [-L/cm/shared/apps/slurm/current/lib64/slurm] ==> dir [/cm/shared/apps/slurm/current/lib64/slurm]
    arg [-L/cm/shared/apps/slurm/current/lib64] ==> dir [/cm/shared/apps/slurm/current/lib64]
    arg [-L/usr/lib/gcc/aarch64-linux-gnu/11/../../..] ==> dir [/usr/lib/gcc/aarch64-linux-gnu/11/../../..]
    arg [CMakeFiles/cmTC_48dc9.dir/OpenMPTryFlag.cpp.o] ==> ignore
    arg [-lstdc++] ==> lib [stdc++]
    arg [-lm] ==> lib [m]
    arg [-lgomp] ==> lib [gomp]
    arg [-lgcc_s] ==> lib [gcc_s]
    arg [-lgcc] ==> lib [gcc]
    arg [-lpthread] ==> lib [pthread]
    arg [-lc] ==> lib [c]
    arg [-lgcc_s] ==> lib [gcc_s]
    arg [-lgcc] ==> lib [gcc]
  collapse library dir [/home/andreast/modules/arm/apps/flow/202309a/rpp-amgcpr-ghost-last/lib/../lib] ==> [/home/andreast/modules/arm/apps/flow/202309a/rpp-amgcpr-ghost-last/lib]
  collapse library dir [/home/andreast/modules/arm/apps/zoltan/202309a/12.16/lib/../lib] ==> [/home/andreast/modules/arm/apps/zoltan/202309a/12.16/lib]
  collapse library dir [/home/andreast/modules/arm/apps/dune/202309a/mod-2.7.1/lib/../lib] ==> [/home/andreast/modules/arm/apps/dune/202309a/mod-2.7.1/lib]
  collapse library dir [/cm/shared/ex3-modules/202309a/huaq/pkgs/suitesparse-32-5.12.0/lib/../lib] ==> [/cm/shared/ex3-modules/202309a/huaq/pkgs/suitesparse-32-5.12.0/lib]
  collapse library dir [/cm/shared/ex3-modules/202309a/huaq/pkgs/mpfr-4.0.2/lib/../lib] ==> [/cm/shared/ex3-modules/202309a/huaq/pkgs/mpfr-4.0.2/lib]
  collapse library dir [/cm/shared/ex3-modules/202309a/huaq/pkgs/gmp-6.3.0/lib/../lib] ==> [/cm/shared/ex3-modules/202309a/huaq/pkgs/gmp-6.3.0/lib]
  collapse library dir [/cm/shared/ex3-modules/202309a/huaq/pkgs/parmetis-32-4.0.3/lib/../lib] ==> [/cm/shared/ex3-modules/202309a/huaq/pkgs/parmetis-32-4.0.3/lib]
  collapse library dir [/cm/shared/ex3-modules/202309a/huaq/pkgs/metis-32-5.1.0/lib/../lib] ==> [/cm/shared/ex3-modules/202309a/huaq/pkgs/metis-32-5.1.0/lib]
  collapse library dir [/cm/shared/ex3-modules/202309a/huaq/pkgs/openblas-0.3.21/lib/../lib] ==> [/cm/shared/ex3-modules/202309a/huaq/pkgs/openblas-0.3.21/lib]
  collapse library dir [/cm/shared/ex3-modules/202309a/huaq/pkgs/boost-1.73.0/lib/../lib] ==> [/cm/shared/ex3-modules/202309a/huaq/pkgs/boost-1.73.0/lib]
  collapse library dir [/cm/shared/ex3-modules/202309a/huaq/pkgs/openmpi-4.1.4/lib/../lib] ==> [/cm/shared/ex3-modules/202309a/huaq/pkgs/openmpi-4.1.4/lib]
  collapse library dir [/cm/shared/ex3-modules/202309a/huaq/pkgs/util-linux-2.34/lib/../lib] ==> [/cm/shared/ex3-modules/202309a/huaq/pkgs/util-linux-2.34/lib]
  collapse library dir [/cm/shared/ex3-modules/202309a/huaq/pkgs/libfabric-1.17.0/lib/../lib] ==> [/cm/shared/ex3-modules/202309a/huaq/pkgs/libfabric-1.17.0/lib]
  collapse library dir [/cm/shared/ex3-modules/202309a/huaq/pkgs/ucx-1.12.1/lib/../lib] ==> [/cm/shared/ex3-modules/202309a/huaq/pkgs/ucx-1.12.1/lib]
  collapse library dir [/cm/shared/ex3-modules/202309a/huaq/pkgs/rdma-core-44.0/lib/../lib] ==> [/cm/shared/ex3-modules/202309a/huaq/pkgs/rdma-core-44.0/lib]
  collapse library dir [/cm/shared/ex3-modules/202309a/huaq/pkgs/libnl-3.2.25/lib/../lib] ==> [/cm/shared/ex3-modules/202309a/huaq/pkgs/libnl-3.2.25/lib]
  collapse library dir [/cm/shared/ex3-modules/202309a/huaq/pkgs/numactl-2.0.13/lib/../lib] ==> [/cm/shared/ex3-modules/202309a/huaq/pkgs/numactl-2.0.13/lib]
  collapse library dir [/cm/shared/ex3-modules/202309a/huaq/pkgs/libevent-2.1.12-stable/lib/../lib] ==> [/cm/shared/ex3-modules/202309a/huaq/pkgs/libevent-2.1.12-stable/lib]
  collapse library dir [/cm/shared/ex3-modules/202309a/huaq/pkgs/knem-1.1.4/lib/../lib] ==> [/cm/shared/ex3-modules/202309a/huaq/pkgs/knem-1.1.4/lib]
  collapse library dir [/cm/shared/ex3-modules/202309a/huaq/pkgs/hwloc-2.7.1/lib/../lib] ==> [/cm/shared/ex3-modules/202309a/huaq/pkgs/hwloc-2.7.1/lib]
  collapse library dir [/cm/shared/ex3-modules/202309a/huaq/pkgs/libxml2-2.9.12/lib/../lib] ==> [/cm/shared/ex3-modules/202309a/huaq/pkgs/libxml2-2.9.12/lib]
  collapse library dir [/cm/shared/ex3-modules/202309a/huaq/pkgs/xz-5.2.7/lib/../lib] ==> [/cm/shared/ex3-modules/202309a/huaq/pkgs/xz-5.2.7/lib]
  collapse library dir [/usr/lib/gcc/aarch64-linux-gnu/11] ==> [/usr/lib/gcc/aarch64-linux-gnu/11]
  collapse library dir [/usr/lib/gcc/aarch64-linux-gnu/11/../../../aarch64-linux-gnu] ==> [/usr/lib/aarch64-linux-gnu]
  collapse library dir [/usr/lib/gcc/aarch64-linux-gnu/11/../../../../lib] ==> [/usr/lib]
  collapse library dir [/lib/aarch64-linux-gnu] ==> [/lib/aarch64-linux-gnu]
  collapse library dir [/lib/../lib] ==> [/lib]
  collapse library dir [/usr/lib/aarch64-linux-gnu] ==> [/usr/lib/aarch64-linux-gnu]
  collapse library dir [/usr/lib/../lib] ==> [/usr/lib]
  collapse library dir [/home/andreast/modules/arm/apps/flow/202309a/rpp-amgcpr-ghost-last/lib] ==> [/home/andreast/modules/arm/apps/flow/202309a/rpp-amgcpr-ghost-last/lib]
  collapse library dir [/home/andreast/modules/arm/apps/zoltan/202309a/12.16/lib] ==> [/home/andreast/modules/arm/apps/zoltan/202309a/12.16/lib]
  collapse library dir [/home/andreast/modules/arm/apps/dune/202309a/mod-2.7.1/lib] ==> [/home/andreast/modules/arm/apps/dune/202309a/mod-2.7.1/lib]
  collapse library dir [/cm/shared/ex3-modules/202309a/huaq/pkgs/suitesparse-32-5.12.0/lib] ==> [/cm/shared/ex3-modules/202309a/huaq/pkgs/suitesparse-32-5.12.0/lib]
  collapse library dir [/cm/shared/ex3-modules/202309a/huaq/pkgs/mpfr-4.0.2/lib] ==> [/cm/shared/ex3-modules/202309a/huaq/pkgs/mpfr-4.0.2/lib]
  collapse library dir [/cm/shared/ex3-modules/202309a/huaq/pkgs/gmp-6.3.0/lib] ==> [/cm/shared/ex3-modules/202309a/huaq/pkgs/gmp-6.3.0/lib]
  collapse library dir [/cm/shared/ex3-modules/202309a/huaq/pkgs/parmetis-32-4.0.3/lib] ==> [/cm/shared/ex3-modules/202309a/huaq/pkgs/parmetis-32-4.0.3/lib]
  collapse library dir [/cm/shared/ex3-modules/202309a/huaq/pkgs/metis-32-5.1.0/lib] ==> [/cm/shared/ex3-modules/202309a/huaq/pkgs/metis-32-5.1.0/lib]
  collapse library dir [/cm/shared/ex3-modules/202309a/huaq/pkgs/openblas-0.3.21/lib] ==> [/cm/shared/ex3-modules/202309a/huaq/pkgs/openblas-0.3.21/lib]
  collapse library dir [/cm/shared/ex3-modules/202309a/huaq/pkgs/boost-1.73.0/lib] ==> [/cm/shared/ex3-modules/202309a/huaq/pkgs/boost-1.73.0/lib]
  collapse library dir [/cm/shared/ex3-modules/202309a/huaq/pkgs/openmpi-4.1.4/lib] ==> [/cm/shared/ex3-modules/202309a/huaq/pkgs/openmpi-4.1.4/lib]
  collapse library dir [/cm/shared/ex3-modules/202309a/huaq/pkgs/util-linux-2.34/lib] ==> [/cm/shared/ex3-modules/202309a/huaq/pkgs/util-linux-2.34/lib]
  collapse library dir [/cm/shared/ex3-modules/202309a/huaq/pkgs/libfabric-1.17.0/lib] ==> [/cm/shared/ex3-modules/202309a/huaq/pkgs/libfabric-1.17.0/lib]
  collapse library dir [/cm/shared/ex3-modules/202309a/huaq/pkgs/ucx-1.12.1/lib] ==> [/cm/shared/ex3-modules/202309a/huaq/pkgs/ucx-1.12.1/lib]
  collapse library dir [/cm/shared/ex3-modules/202309a/huaq/pkgs/rdma-core-44.0/lib] ==> [/cm/shared/ex3-modules/202309a/huaq/pkgs/rdma-core-44.0/lib]
  collapse library dir [/cm/shared/ex3-modules/202309a/huaq/pkgs/libnl-3.2.25/lib] ==> [/cm/shared/ex3-modules/202309a/huaq/pkgs/libnl-3.2.25/lib]
  collapse library dir [/cm/shared/ex3-modules/202309a/huaq/pkgs/numactl-2.0.13/lib] ==> [/cm/shared/ex3-modules/202309a/huaq/pkgs/numactl-2.0.13/lib]
  collapse library dir [/cm/shared/ex3-modules/202309a/huaq/pkgs/libevent-2.1.12-stable/lib] ==> [/cm/shared/ex3-modules/202309a/huaq/pkgs/libevent-2.1.12-stable/lib]
  collapse library dir [/cm/shared/ex3-modules/202309a/huaq/pkgs/knem-1.1.4/lib] ==> [/cm/shared/ex3-modules/202309a/huaq/pkgs/knem-1.1.4/lib]
  collapse library dir [/cm/shared/ex3-modules/202309a/huaq/pkgs/hwloc-2.7.1/lib] ==> [/cm/shared/ex3-modules/202309a/huaq/pkgs/hwloc-2.7.1/lib]
  collapse library dir [/cm/shared/ex3-modules/202309a/huaq/pkgs/libxml2-2.9.12/lib] ==> [/cm/shared/ex3-modules/202309a/huaq/pkgs/libxml2-2.9.12/lib]
  collapse library dir [/cm/shared/ex3-modules/202309a/huaq/pkgs/xz-5.2.7/lib] ==> [/cm/shared/ex3-modules/202309a/huaq/pkgs/xz-5.2.7/lib]
  collapse library dir [/cm/shared/apps/slurm/current/lib64/slurm] ==> [/cm/shared/apps/slurm/current/lib64/slurm]
  collapse library dir [/cm/shared/apps/slurm/current/lib64] ==> [/cm/shared/apps/slurm/current/lib64]
  collapse library dir [/usr/lib/gcc/aarch64-linux-gnu/11/../../..] ==> [/usr/lib]
  implicit libs: [stdc++;m;gomp;gcc_s;gcc;pthread;c;gcc_s;gcc]
  implicit objs: []
  implicit dirs: [/home/andreast/modules/arm/apps/flow/202309a/rpp-amgcpr-ghost-last/lib;/home/andreast/modules/arm/apps/zoltan/202309a/12.16/lib;/home/andreast/modules/arm/apps/dune/202309a/mod-2.7.1/lib;/cm/shared/ex3-modules/202309a/huaq/pkgs/suitesparse-32-5.12.0/lib;/cm/shared/ex3-modules/202309a/huaq/pkgs/mpfr-4.0.2/lib;/cm/shared/ex3-modules/202309a/huaq/pkgs/gmp-6.3.0/lib;/cm/shared/ex3-modules/202309a/huaq/pkgs/parmetis-32-4.0.3/lib;/cm/shared/ex3-modules/202309a/huaq/pkgs/metis-32-5.1.0/lib;/cm/shared/ex3-modules/202309a/huaq/pkgs/openblas-0.3.21/lib;/cm/shared/ex3-modules/202309a/huaq/pkgs/boost-1.73.0/lib;/cm/shared/ex3-modules/202309a/huaq/pkgs/openmpi-4.1.4/lib;/cm/shared/ex3-modules/202309a/huaq/pkgs/util-linux-2.34/lib;/cm/shared/ex3-modules/202309a/huaq/pkgs/libfabric-1.17.0/lib;/cm/shared/ex3-modules/202309a/huaq/pkgs/ucx-1.12.1/lib;/cm/shared/ex3-modules/202309a/huaq/pkgs/rdma-core-44.0/lib;/cm/shared/ex3-modules/202309a/huaq/pkgs/libnl-3.2.25/lib;/cm/shared/ex3-modules/202309a/huaq/pkgs/numactl-2.0.13/lib;/cm/shared/ex3-modules/202309a/huaq/pkgs/libevent-2.1.12-stable/lib;/cm/shared/ex3-modules/202309a/huaq/pkgs/knem-1.1.4/lib;/cm/shared/ex3-modules/202309a/huaq/pkgs/hwloc-2.7.1/lib;/cm/shared/ex3-modules/202309a/huaq/pkgs/libxml2-2.9.12/lib;/cm/shared/ex3-modules/202309a/huaq/pkgs/xz-5.2.7/lib;/usr/lib/gcc/aarch64-linux-gnu/11;/usr/lib/aarch64-linux-gnu;/usr/lib;/lib/aarch64-linux-gnu;/lib;/cm/shared/apps/slurm/current/lib64/slurm;/cm/shared/apps/slurm/current/lib64]
  implicit fwks: []


Detecting Fortran OpenMP compiler ABI info compiled with the following output:
Change Dir: /home/erikhs/MatrixProblems/build_aarch64/CMakeFiles/CMakeTmp

Run Build Command(s):/usr/bin/gmake -f Makefile cmTC_3392a/fast && /usr/bin/gmake  -f CMakeFiles/cmTC_3392a.dir/build.make CMakeFiles/cmTC_3392a.dir/build
gmake[1]: Entering directory '/home/erikhs/MatrixProblems/build_aarch64/CMakeFiles/CMakeTmp'
Building Fortran object CMakeFiles/cmTC_3392a.dir/OpenMPTryFlag.f90.o
/usr/bin/gfortran   -fopenmp -v -O3 -DNDEBUG -O3 -fPIE -c /home/erikhs/MatrixProblems/build_aarch64/CMakeFiles/FindOpenMP/OpenMPTryFlag.f90 -o CMakeFiles/cmTC_3392a.dir/OpenMPTryFlag.f90.o
Using built-in specs.
COLLECT_GCC=/usr/bin/gfortran
Target: aarch64-linux-gnu
Configured with: ../src/configure -v --with-pkgversion='Ubuntu 11.4.0-1ubuntu1~22.04' --with-bugurl=file:///usr/share/doc/gcc-11/README.Bugs --enable-languages=c,ada,c++,go,d,fortran,objc,obj-c++,m2 --prefix=/usr --with-gcc-major-version-only --program-suffix=-11 --program-prefix=aarch64-linux-gnu- --enable-shared --enable-linker-build-id --libexecdir=/usr/lib --without-included-gettext --enable-threads=posix --libdir=/usr/lib --enable-nls --enable-bootstrap --enable-clocale=gnu --enable-libstdcxx-debug --enable-libstdcxx-time=yes --with-default-libstdcxx-abi=new --enable-gnu-unique-object --disable-libquadmath --disable-libquadmath-support --enable-plugin --enable-default-pie --with-system-zlib --enable-libphobos-checking=release --with-target-system-zlib=auto --enable-objc-gc=auto --enable-multiarch --enable-fix-cortex-a53-843419 --disable-werror --enable-checking=release --build=aarch64-linux-gnu --host=aarch64-linux-gnu --target=aarch64-linux-gnu --with-build-config=bootstrap-lto-lean --enable-link-serialization=2
Thread model: posix
Supported LTO compression algorithms: zlib zstd
gcc version 11.4.0 (Ubuntu 11.4.0-1ubuntu1~22.04) 
COLLECT_GCC_OPTIONS='-fopenmp' '-v' '-O3' '-D' 'NDEBUG' '-O3' '-fPIE' '-c' '-o' 'CMakeFiles/cmTC_3392a.dir/OpenMPTryFlag.f90.o' '-mlittle-endian' '-mabi=lp64' '-pthread' '-dumpdir' 'CMakeFiles/cmTC_3392a.dir/'
 /usr/lib/gcc/aarch64-linux-gnu/11/f951 /home/erikhs/MatrixProblems/build_aarch64/CMakeFiles/FindOpenMP/OpenMPTryFlag.f90 -quiet -dumpdir CMakeFiles/cmTC_3392a.dir/ -dumpbase OpenMPTryFlag.f90.f90 -dumpbase-ext .f90 -mlittle-endian -mabi=lp64 -O3 -O3 -version -fopenmp -fPIE -fintrinsic-modules-path /usr/lib/gcc/aarch64-linux-gnu/11/finclude -fpre-include=/usr/include/finclude/math-vector-fortran.h -o /tmp/ccNF8Ygg.s
GNU Fortran (Ubuntu 11.4.0-1ubuntu1~22.04) version 11.4.0 (aarch64-linux-gnu)
	compiled by GNU C version 11.4.0, GMP version 6.2.1, MPFR version 4.1.0, MPC version 1.2.1, isl version isl-0.24-GMP

warning: GMP header version 6.2.1 differs from library version 6.3.0.
warning: MPFR header version 4.1.0 differs from library version 4.0.2.
GGC heuristics: --param ggc-min-expand=100 --param ggc-min-heapsize=131072
GNU Fortran2008 (Ubuntu 11.4.0-1ubuntu1~22.04) version 11.4.0 (aarch64-linux-gnu)
	compiled by GNU C version 11.4.0, GMP version 6.2.1, MPFR version 4.1.0, MPC version 1.2.1, isl version isl-0.24-GMP

warning: GMP header version 6.2.1 differs from library version 6.3.0.
warning: MPFR header version 4.1.0 differs from library version 4.0.2.
GGC heuristics: --param ggc-min-expand=100 --param ggc-min-heapsize=131072
COLLECT_GCC_OPTIONS='-fopenmp' '-v' '-O3' '-D' 'NDEBUG' '-O3' '-fPIE' '-c' '-o' 'CMakeFiles/cmTC_3392a.dir/OpenMPTryFlag.f90.o' '-mlittle-endian' '-mabi=lp64' '-pthread' '-dumpdir' 'CMakeFiles/cmTC_3392a.dir/'
 as -v -EL -mabi=lp64 -o CMakeFiles/cmTC_3392a.dir/OpenMPTryFlag.f90.o /tmp/ccNF8Ygg.s
GNU assembler version 2.38 (aarch64-linux-gnu) using BFD version (GNU Binutils for Ubuntu) 2.38
COMPILER_PATH=/usr/lib/gcc/aarch64-linux-gnu/11/:/usr/lib/gcc/aarch64-linux-gnu/11/:/usr/lib/gcc/aarch64-linux-gnu/:/usr/lib/gcc/aarch64-linux-gnu/11/:/usr/lib/gcc/aarch64-linux-gnu/
LIBRARY_PATH=/home/andreast/modules/arm/apps/flow/202309a/rpp-amgcpr-ghost-last/lib/../lib/:/home/andreast/modules/arm/apps/zoltan/202309a/12.16/lib/../lib/:/home/andreast/modules/arm/apps/dune/202309a/mod-2.7.1/lib/../lib/:/cm/shared/ex3-modules/202309a/huaq/pkgs/suitesparse-32-5.12.0/lib/../lib/:/cm/shared/ex3-modules/202309a/huaq/pkgs/mpfr-4.0.2/lib/../lib/:/cm/shared/ex3-modules/202309a/huaq/pkgs/gmp-6.3.0/lib/../lib/:/cm/shared/ex3-modules/202309a/huaq/pkgs/parmetis-32-4.0.3/lib/../lib/:/cm/shared/ex3-modules/202309a/huaq/pkgs/metis-32-5.1.0/lib/../lib/:/cm/shared/ex3-modules/202309a/huaq/pkgs/openblas-0.3.21/lib/../lib/:/cm/shared/ex3-modules/202309a/huaq/pkgs/boost-1.73.0/lib/../lib/:/cm/shared/ex3-modules/202309a/huaq/pkgs/openmpi-4.1.4/lib/../lib/:/cm/shared/ex3-modules/202309a/huaq/pkgs/util-linux-2.34/lib/../lib/:/cm/shared/ex3-modules/202309a/huaq/pkgs/libfabric-1.17.0/lib/../lib/:/cm/shared/ex3-modules/202309a/huaq/pkgs/ucx-1.12.1/lib/../lib/:/cm/shared/ex3-modules/202309a/huaq/pkgs/rdma-core-44.0/lib/../lib/:/cm/shared/ex3-modules/202309a/huaq/pkgs/libnl-3.2.25/lib/../lib/:/cm/shared/ex3-modules/202309a/huaq/pkgs/numactl-2.0.13/lib/../lib/:/cm/shared/ex3-modules/202309a/huaq/pkgs/libevent-2.1.12-stable/lib/../lib/:/cm/shared/ex3-modules/202309a/huaq/pkgs/knem-1.1.4/lib/../lib/:/cm/shared/ex3-modules/202309a/huaq/pkgs/hwloc-2.7.1/lib/../lib/:/cm/shared/ex3-modules/202309a/huaq/pkgs/libxml2-2.9.12/lib/../lib/:/cm/shared/ex3-modules/202309a/huaq/pkgs/xz-5.2.7/lib/../lib/:/usr/lib/gcc/aarch64-linux-gnu/11/:/usr/lib/gcc/aarch64-linux-gnu/11/../../../aarch64-linux-gnu/:/usr/lib/gcc/aarch64-linux-gnu/11/../../../../lib/:/lib/aarch64-linux-gnu/:/lib/../lib/:/usr/lib/aarch64-linux-gnu/:/usr/lib/../lib/:/home/andreast/modules/arm/apps/flow/202309a/rpp-amgcpr-ghost-last/lib/:/home/andreast/modules/arm/apps/zoltan/202309a/12.16/lib/:/home/andreast/modules/arm/apps/dune/202309a/mod-2.7.1/lib/:/cm/shared/ex3-modules/202309a/huaq/pkgs/suitesparse-32-5.12.0/lib/:/cm/shared/ex3-modules/202309a/huaq/pkgs/mpfr-4.0.2/lib/:/cm/shared/ex3-modules/202309a/huaq/pkgs/gmp-6.3.0/lib/:/cm/shared/ex3-modules/202309a/huaq/pkgs/parmetis-32-4.0.3/lib/:/cm/shared/ex3-modules/202309a/huaq/pkgs/metis-32-5.1.0/lib/:/cm/shared/ex3-modules/202309a/huaq/pkgs/openblas-0.3.21/lib/:/cm/shared/ex3-modules/202309a/huaq/pkgs/boost-1.73.0/lib/:/cm/shared/ex3-modules/202309a/huaq/pkgs/openmpi-4.1.4/lib/:/cm/shared/ex3-modules/202309a/huaq/pkgs/util-linux-2.34/lib/:/cm/shared/ex3-modules/202309a/huaq/pkgs/libfabric-1.17.0/lib/:/cm/shared/ex3-modules/202309a/huaq/pkgs/ucx-1.12.1/lib/:/cm/shared/ex3-modules/202309a/huaq/pkgs/rdma-core-44.0/lib/:/cm/shared/ex3-modules/202309a/huaq/pkgs/libnl-3.2.25/lib/:/cm/shared/ex3-modules/202309a/huaq/pkgs/numactl-2.0.13/lib/:/cm/shared/ex3-modules/202309a/huaq/pkgs/libevent-2.1.12-stable/lib/:/cm/shared/ex3-modules/202309a/huaq/pkgs/knem-1.1.4/lib/:/cm/shared/ex3-modules/202309a/huaq/pkgs/hwloc-2.7.1/lib/:/cm/shared/ex3-modules/202309a/huaq/pkgs/libxml2-2.9.12/lib/:/cm/shared/ex3-modules/202309a/huaq/pkgs/xz-5.2.7/lib/:/cm/shared/apps/slurm/current/lib64/slurm/:/cm/shared/apps/slurm/current/lib64/:/usr/lib/gcc/aarch64-linux-gnu/11/../../../:/lib/:/usr/lib/
COLLECT_GCC_OPTIONS='-fopenmp' '-v' '-O3' '-D' 'NDEBUG' '-O3' '-fPIE' '-c' '-o' 'CMakeFiles/cmTC_3392a.dir/OpenMPTryFlag.f90.o' '-mlittle-endian' '-mabi=lp64' '-pthread' '-dumpdir' 'CMakeFiles/cmTC_3392a.dir/OpenMPTryFlag.f90.'
Linking Fortran executable cmTC_3392a
/cm/shared/ex3-modules/202309a/huaq/pkgs/cmake-3.22.3/bin/cmake -E cmake_link_script CMakeFiles/cmTC_3392a.dir/link.txt --verbose=1
/usr/bin/gfortran  -fopenmp -v -O3 -DNDEBUG -O3 CMakeFiles/cmTC_3392a.dir/OpenMPTryFlag.f90.o -o cmTC_3392a  -v 
Driving: /usr/bin/gfortran -fopenmp -v -O3 -DNDEBUG -O3 CMakeFiles/cmTC_3392a.dir/OpenMPTryFlag.f90.o -o cmTC_3392a -v -l gfortran -l m -shared-libgcc
Using built-in specs.
COLLECT_GCC=/usr/bin/gfortran
COLLECT_LTO_WRAPPER=/usr/lib/gcc/aarch64-linux-gnu/11/lto-wrapper
Target: aarch64-linux-gnu
Configured with: ../src/configure -v --with-pkgversion='Ubuntu 11.4.0-1ubuntu1~22.04' --with-bugurl=file:///usr/share/doc/gcc-11/README.Bugs --enable-languages=c,ada,c++,go,d,fortran,objc,obj-c++,m2 --prefix=/usr --with-gcc-major-version-only --program-suffix=-11 --program-prefix=aarch64-linux-gnu- --enable-shared --enable-linker-build-id --libexecdir=/usr/lib --without-included-gettext --enable-threads=posix --libdir=/usr/lib --enable-nls --enable-bootstrap --enable-clocale=gnu --enable-libstdcxx-debug --enable-libstdcxx-time=yes --with-default-libstdcxx-abi=new --enable-gnu-unique-object --disable-libquadmath --disable-libquadmath-support --enable-plugin --enable-default-pie --with-system-zlib --enable-libphobos-checking=release --with-target-system-zlib=auto --enable-objc-gc=auto --enable-multiarch --enable-fix-cortex-a53-843419 --disable-werror --enable-checking=release --build=aarch64-linux-gnu --host=aarch64-linux-gnu --target=aarch64-linux-gnu --with-build-config=bootstrap-lto-lean --enable-link-serialization=2
Thread model: posix
Supported LTO compression algorithms: zlib zstd
gcc version 11.4.0 (Ubuntu 11.4.0-1ubuntu1~22.04) 
Reading specs from /usr/lib/gcc/aarch64-linux-gnu/11/libgfortran.spec
rename spec lib to liborig
COLLECT_GCC_OPTIONS='-fopenmp' '-v' '-O3' '-D' 'NDEBUG' '-O3' '-o' 'cmTC_3392a' '-v' '-shared-libgcc' '-mlittle-endian' '-mabi=lp64' '-pthread' '-dumpdir' 'cmTC_3392a-'
COMPILER_PATH=/usr/lib/gcc/aarch64-linux-gnu/11/:/usr/lib/gcc/aarch64-linux-gnu/11/:/usr/lib/gcc/aarch64-linux-gnu/:/usr/lib/gcc/aarch64-linux-gnu/11/:/usr/lib/gcc/aarch64-linux-gnu/
LIBRARY_PATH=/home/andreast/modules/arm/apps/flow/202309a/rpp-amgcpr-ghost-last/lib/../lib/:/home/andreast/modules/arm/apps/zoltan/202309a/12.16/lib/../lib/:/home/andreast/modules/arm/apps/dune/202309a/mod-2.7.1/lib/../lib/:/cm/shared/ex3-modules/202309a/huaq/pkgs/suitesparse-32-5.12.0/lib/../lib/:/cm/shared/ex3-modules/202309a/huaq/pkgs/mpfr-4.0.2/lib/../lib/:/cm/shared/ex3-modules/202309a/huaq/pkgs/gmp-6.3.0/lib/../lib/:/cm/shared/ex3-modules/202309a/huaq/pkgs/parmetis-32-4.0.3/lib/../lib/:/cm/shared/ex3-modules/202309a/huaq/pkgs/metis-32-5.1.0/lib/../lib/:/cm/shared/ex3-modules/202309a/huaq/pkgs/openblas-0.3.21/lib/../lib/:/cm/shared/ex3-modules/202309a/huaq/pkgs/boost-1.73.0/lib/../lib/:/cm/shared/ex3-modules/202309a/huaq/pkgs/openmpi-4.1.4/lib/../lib/:/cm/shared/ex3-modules/202309a/huaq/pkgs/util-linux-2.34/lib/../lib/:/cm/shared/ex3-modules/202309a/huaq/pkgs/libfabric-1.17.0/lib/../lib/:/cm/shared/ex3-modules/202309a/huaq/pkgs/ucx-1.12.1/lib/../lib/:/cm/shared/ex3-modules/202309a/huaq/pkgs/rdma-core-44.0/lib/../lib/:/cm/shared/ex3-modules/202309a/huaq/pkgs/libnl-3.2.25/lib/../lib/:/cm/shared/ex3-modules/202309a/huaq/pkgs/numactl-2.0.13/lib/../lib/:/cm/shared/ex3-modules/202309a/huaq/pkgs/libevent-2.1.12-stable/lib/../lib/:/cm/shared/ex3-modules/202309a/huaq/pkgs/knem-1.1.4/lib/../lib/:/cm/shared/ex3-modules/202309a/huaq/pkgs/hwloc-2.7.1/lib/../lib/:/cm/shared/ex3-modules/202309a/huaq/pkgs/libxml2-2.9.12/lib/../lib/:/cm/shared/ex3-modules/202309a/huaq/pkgs/xz-5.2.7/lib/../lib/:/usr/lib/gcc/aarch64-linux-gnu/11/:/usr/lib/gcc/aarch64-linux-gnu/11/../../../aarch64-linux-gnu/:/usr/lib/gcc/aarch64-linux-gnu/11/../../../../lib/:/lib/aarch64-linux-gnu/:/lib/../lib/:/usr/lib/aarch64-linux-gnu/:/usr/lib/../lib/:/home/andreast/modules/arm/apps/flow/202309a/rpp-amgcpr-ghost-last/lib/:/home/andreast/modules/arm/apps/zoltan/202309a/12.16/lib/:/home/andreast/modules/arm/apps/dune/202309a/mod-2.7.1/lib/:/cm/shared/ex3-modules/202309a/huaq/pkgs/suitesparse-32-5.12.0/lib/:/cm/shared/ex3-modules/202309a/huaq/pkgs/mpfr-4.0.2/lib/:/cm/shared/ex3-modules/202309a/huaq/pkgs/gmp-6.3.0/lib/:/cm/shared/ex3-modules/202309a/huaq/pkgs/parmetis-32-4.0.3/lib/:/cm/shared/ex3-modules/202309a/huaq/pkgs/metis-32-5.1.0/lib/:/cm/shared/ex3-modules/202309a/huaq/pkgs/openblas-0.3.21/lib/:/cm/shared/ex3-modules/202309a/huaq/pkgs/boost-1.73.0/lib/:/cm/shared/ex3-modules/202309a/huaq/pkgs/openmpi-4.1.4/lib/:/cm/shared/ex3-modules/202309a/huaq/pkgs/util-linux-2.34/lib/:/cm/shared/ex3-modules/202309a/huaq/pkgs/libfabric-1.17.0/lib/:/cm/shared/ex3-modules/202309a/huaq/pkgs/ucx-1.12.1/lib/:/cm/shared/ex3-modules/202309a/huaq/pkgs/rdma-core-44.0/lib/:/cm/shared/ex3-modules/202309a/huaq/pkgs/libnl-3.2.25/lib/:/cm/shared/ex3-modules/202309a/huaq/pkgs/numactl-2.0.13/lib/:/cm/shared/ex3-modules/202309a/huaq/pkgs/libevent-2.1.12-stable/lib/:/cm/shared/ex3-modules/202309a/huaq/pkgs/knem-1.1.4/lib/:/cm/shared/ex3-modules/202309a/huaq/pkgs/hwloc-2.7.1/lib/:/cm/shared/ex3-modules/202309a/huaq/pkgs/libxml2-2.9.12/lib/:/cm/shared/ex3-modules/202309a/huaq/pkgs/xz-5.2.7/lib/:/cm/shared/apps/slurm/current/lib64/slurm/:/cm/shared/apps/slurm/current/lib64/:/usr/lib/gcc/aarch64-linux-gnu/11/../../../:/lib/:/usr/lib/
Reading specs from /usr/lib/gcc/aarch64-linux-gnu/11/libgomp.spec
COLLECT_GCC_OPTIONS='-fopenmp' '-v' '-O3' '-D' 'NDEBUG' '-O3' '-o' 'cmTC_3392a' '-v' '-shared-libgcc' '-mlittle-endian' '-mabi=lp64' '-pthread' '-dumpdir' 'cmTC_3392a.'
 /usr/lib/gcc/aarch64-linux-gnu/11/collect2 -plugin /usr/lib/gcc/aarch64-linux-gnu/11/liblto_plugin.so -plugin-opt=/usr/lib/gcc/aarch64-linux-gnu/11/lto-wrapper -plugin-opt=-fresolution=/tmp/cctMrpSB.res -plugin-opt=-pass-through=-lgcc_s -plugin-opt=-pass-through=-lgcc -plugin-opt=-pass-through=-lm -plugin-opt=-pass-through=-lgcc_s -plugin-opt=-pass-through=-lgcc -plugin-opt=-pass-through=-lpthread -plugin-opt=-pass-through=-lc -plugin-opt=-pass-through=-lgcc_s -plugin-opt=-pass-through=-lgcc --build-id --eh-frame-hdr --hash-style=gnu --as-needed -dynamic-linker /lib/ld-linux-aarch64.so.1 -X -EL -maarch64linux --fix-cortex-a53-843419 -pie -z now -z relro -o cmTC_3392a /usr/lib/gcc/aarch64-linux-gnu/11/../../../aarch64-linux-gnu/Scrt1.o /usr/lib/gcc/aarch64-linux-gnu/11/../../../aarch64-linux-gnu/crti.o /usr/lib/gcc/aarch64-linux-gnu/11/crtbeginS.o -L/home/andreast/modules/arm/apps/flow/202309a/rpp-amgcpr-ghost-last/lib/../lib -L/home/andreast/modules/arm/apps/zoltan/202309a/12.16/lib/../lib -L/home/andreast/modules/arm/apps/dune/202309a/mod-2.7.1/lib/../lib -L/cm/shared/ex3-modules/202309a/huaq/pkgs/suitesparse-32-5.12.0/lib/../lib -L/cm/shared/ex3-modules/202309a/huaq/pkgs/mpfr-4.0.2/lib/../lib -L/cm/shared/ex3-modules/202309a/huaq/pkgs/gmp-6.3.0/lib/../lib -L/cm/shared/ex3-modules/202309a/huaq/pkgs/parmetis-32-4.0.3/lib/../lib -L/cm/shared/ex3-modules/202309a/huaq/pkgs/metis-32-5.1.0/lib/../lib -L/cm/shared/ex3-modules/202309a/huaq/pkgs/openblas-0.3.21/lib/../lib -L/cm/shared/ex3-modules/202309a/huaq/pkgs/boost-1.73.0/lib/../lib -L/cm/shared/ex3-modules/202309a/huaq/pkgs/openmpi-4.1.4/lib/../lib -L/cm/shared/ex3-modules/202309a/huaq/pkgs/util-linux-2.34/lib/../lib -L/cm/shared/ex3-modules/202309a/huaq/pkgs/libfabric-1.17.0/lib/../lib -L/cm/shared/ex3-modules/202309a/huaq/pkgs/ucx-1.12.1/lib/../lib -L/cm/shared/ex3-modules/202309a/huaq/pkgs/rdma-core-44.0/lib/../lib -L/cm/shared/ex3-modules/202309a/huaq/pkgs/libnl-3.2.25/lib/../lib -L/cm/shared/ex3-modules/202309a/huaq/pkgs/numactl-2.0.13/lib/../lib -L/cm/shared/ex3-modules/202309a/huaq/pkgs/libevent-2.1.12-stable/lib/../lib -L/cm/shared/ex3-modules/202309a/huaq/pkgs/knem-1.1.4/lib/../lib -L/cm/shared/ex3-modules/202309a/huaq/pkgs/hwloc-2.7.1/lib/../lib -L/cm/shared/ex3-modules/202309a/huaq/pkgs/libxml2-2.9.12/lib/../lib -L/cm/shared/ex3-modules/202309a/huaq/pkgs/xz-5.2.7/lib/../lib -L/usr/lib/gcc/aarch64-linux-gnu/11 -L/usr/lib/gcc/aarch64-linux-gnu/11/../../../aarch64-linux-gnu -L/usr/lib/gcc/aarch64-linux-gnu/11/../../../../lib -L/lib/aarch64-linux-gnu -L/lib/../lib -L/usr/lib/aarch64-linux-gnu -L/usr/lib/../lib -L/home/andreast/modules/arm/apps/flow/202309a/rpp-amgcpr-ghost-last/lib -L/home/andreast/modules/arm/apps/zoltan/202309a/12.16/lib -L/home/andreast/modules/arm/apps/dune/202309a/mod-2.7.1/lib -L/cm/shared/ex3-modules/202309a/huaq/pkgs/suitesparse-32-5.12.0/lib -L/cm/shared/ex3-modules/202309a/huaq/pkgs/mpfr-4.0.2/lib -L/cm/shared/ex3-modules/202309a/huaq/pkgs/gmp-6.3.0/lib -L/cm/shared/ex3-modules/202309a/huaq/pkgs/parmetis-32-4.0.3/lib -L/cm/shared/ex3-modules/202309a/huaq/pkgs/metis-32-5.1.0/lib -L/cm/shared/ex3-modules/202309a/huaq/pkgs/openblas-0.3.21/lib -L/cm/shared/ex3-modules/202309a/huaq/pkgs/boost-1.73.0/lib -L/cm/shared/ex3-modules/202309a/huaq/pkgs/openmpi-4.1.4/lib -L/cm/shared/ex3-modules/202309a/huaq/pkgs/util-linux-2.34/lib -L/cm/shared/ex3-modules/202309a/huaq/pkgs/libfabric-1.17.0/lib -L/cm/shared/ex3-modules/202309a/huaq/pkgs/ucx-1.12.1/lib -L/cm/shared/ex3-modules/202309a/huaq/pkgs/rdma-core-44.0/lib -L/cm/shared/ex3-modules/202309a/huaq/pkgs/libnl-3.2.25/lib -L/cm/shared/ex3-modules/202309a/huaq/pkgs/numactl-2.0.13/lib -L/cm/shared/ex3-modules/202309a/huaq/pkgs/libevent-2.1.12-stable/lib -L/cm/shared/ex3-modules/202309a/huaq/pkgs/knem-1.1.4/lib -L/cm/shared/ex3-modules/202309a/huaq/pkgs/hwloc-2.7.1/lib -L/cm/shared/ex3-modules/202309a/huaq/pkgs/libxml2-2.9.12/lib -L/cm/shared/ex3-modules/202309a/huaq/pkgs/xz-5.2.7/lib -L/cm/shared/apps/slurm/current/lib64/slurm -L/cm/shared/apps/slurm/current/lib64 -L/usr/lib/gcc/aarch64-linux-gnu/11/../../.. CMakeFiles/cmTC_3392a.dir/OpenMPTryFlag.f90.o -lgfortran -lm -lgomp -lgcc_s -lgcc -lm -lgcc_s -lgcc -lpthread -lc -lgcc_s -lgcc /usr/lib/gcc/aarch64-linux-gnu/11/crtendS.o /usr/lib/gcc/aarch64-linux-gnu/11/../../../aarch64-linux-gnu/crtn.o
COLLECT_GCC_OPTIONS='-fopenmp' '-v' '-O3' '-D' 'NDEBUG' '-O3' '-o' 'cmTC_3392a' '-v' '-shared-libgcc' '-mlittle-endian' '-mabi=lp64' '-pthread' '-dumpdir' 'cmTC_3392a.'
gmake[1]: Leaving directory '/home/erikhs/MatrixProblems/build_aarch64/CMakeFiles/CMakeTmp'



Parsed Fortran OpenMP implicit link information from above output:
  link line regex: [^( *|.*[/\])(ld|CMAKE_LINK_STARTFILE-NOTFOUND|([^/\]+-)?ld|collect2)[^/\]*( |$)]
  ignore line: [Change Dir: /home/erikhs/MatrixProblems/build_aarch64/CMakeFiles/CMakeTmp]
  ignore line: []
  ignore line: [Run Build Command(s):/usr/bin/gmake -f Makefile cmTC_3392a/fast && /usr/bin/gmake  -f CMakeFiles/cmTC_3392a.dir/build.make CMakeFiles/cmTC_3392a.dir/build]
  ignore line: [gmake[1]: Entering directory '/home/erikhs/MatrixProblems/build_aarch64/CMakeFiles/CMakeTmp']
  ignore line: [Building Fortran object CMakeFiles/cmTC_3392a.dir/OpenMPTryFlag.f90.o]
  ignore line: [/usr/bin/gfortran   -fopenmp -v -O3 -DNDEBUG -O3 -fPIE -c /home/erikhs/MatrixProblems/build_aarch64/CMakeFiles/FindOpenMP/OpenMPTryFlag.f90 -o CMakeFiles/cmTC_3392a.dir/OpenMPTryFlag.f90.o]
  ignore line: [Using built-in specs.]
  ignore line: [COLLECT_GCC=/usr/bin/gfortran]
  ignore line: [Target: aarch64-linux-gnu]
  ignore line: [Configured with: ../src/configure -v --with-pkgversion='Ubuntu 11.4.0-1ubuntu1~22.04' --with-bugurl=file:///usr/share/doc/gcc-11/README.Bugs --enable-languages=c ada c++ go d fortran objc obj-c++ m2 --prefix=/usr --with-gcc-major-version-only --program-suffix=-11 --program-prefix=aarch64-linux-gnu- --enable-shared --enable-linker-build-id --libexecdir=/usr/lib --without-included-gettext --enable-threads=posix --libdir=/usr/lib --enable-nls --enable-bootstrap --enable-clocale=gnu --enable-libstdcxx-debug --enable-libstdcxx-time=yes --with-default-libstdcxx-abi=new --enable-gnu-unique-object --disable-libquadmath --disable-libquadmath-support --enable-plugin --enable-default-pie --with-system-zlib --enable-libphobos-checking=release --with-target-system-zlib=auto --enable-objc-gc=auto --enable-multiarch --enable-fix-cortex-a53-843419 --disable-werror --enable-checking=release --build=aarch64-linux-gnu --host=aarch64-linux-gnu --target=aarch64-linux-gnu --with-build-config=bootstrap-lto-lean --enable-link-serialization=2]
  ignore line: [Thread model: posix]
  ignore line: [Supported LTO compression algorithms: zlib zstd]
  ignore line: [gcc version 11.4.0 (Ubuntu 11.4.0-1ubuntu1~22.04) ]
  ignore line: [COLLECT_GCC_OPTIONS='-fopenmp' '-v' '-O3' '-D' 'NDEBUG' '-O3' '-fPIE' '-c' '-o' 'CMakeFiles/cmTC_3392a.dir/OpenMPTryFlag.f90.o' '-mlittle-endian' '-mabi=lp64' '-pthread' '-dumpdir' 'CMakeFiles/cmTC_3392a.dir/']
  ignore line: [ /usr/lib/gcc/aarch64-linux-gnu/11/f951 /home/erikhs/MatrixProblems/build_aarch64/CMakeFiles/FindOpenMP/OpenMPTryFlag.f90 -quiet -dumpdir CMakeFiles/cmTC_3392a.dir/ -dumpbase OpenMPTryFlag.f90.f90 -dumpbase-ext .f90 -mlittle-endian -mabi=lp64 -O3 -O3 -version -fopenmp -fPIE -fintrinsic-modules-path /usr/lib/gcc/aarch64-linux-gnu/11/finclude -fpre-include=/usr/include/finclude/math-vector-fortran.h -o /tmp/ccNF8Ygg.s]
  ignore line: [GNU Fortran (Ubuntu 11.4.0-1ubuntu1~22.04) version 11.4.0 (aarch64-linux-gnu)]
  ignore line: [	compiled by GNU C version 11.4.0  GMP version 6.2.1  MPFR version 4.1.0  MPC version 1.2.1  isl version isl-0.24-GMP]
  ignore line: []
  ignore line: [warning: GMP header version 6.2.1 differs from library version 6.3.0.]
  ignore line: [warning: MPFR header version 4.1.0 differs from library version 4.0.2.]
  ignore line: [GGC heuristics: --param ggc-min-expand=100 --param ggc-min-heapsize=131072]
  ignore line: [GNU Fortran2008 (Ubuntu 11.4.0-1ubuntu1~22.04) version 11.4.0 (aarch64-linux-gnu)]
  ignore line: [	compiled by GNU C version 11.4.0  GMP version 6.2.1  MPFR version 4.1.0  MPC version 1.2.1  isl version isl-0.24-GMP]
  ignore line: []
  ignore line: [warning: GMP header version 6.2.1 differs from library version 6.3.0.]
  ignore line: [warning: MPFR header version 4.1.0 differs from library version 4.0.2.]
  ignore line: [GGC heuristics: --param ggc-min-expand=100 --param ggc-min-heapsize=131072]
  ignore line: [COLLECT_GCC_OPTIONS='-fopenmp' '-v' '-O3' '-D' 'NDEBUG' '-O3' '-fPIE' '-c' '-o' 'CMakeFiles/cmTC_3392a.dir/OpenMPTryFlag.f90.o' '-mlittle-endian' '-mabi=lp64' '-pthread' '-dumpdir' 'CMakeFiles/cmTC_3392a.dir/']
  ignore line: [ as -v -EL -mabi=lp64 -o CMakeFiles/cmTC_3392a.dir/OpenMPTryFlag.f90.o /tmp/ccNF8Ygg.s]
  ignore line: [GNU assembler version 2.38 (aarch64-linux-gnu) using BFD version (GNU Binutils for Ubuntu) 2.38]
  ignore line: [COMPILER_PATH=/usr/lib/gcc/aarch64-linux-gnu/11/:/usr/lib/gcc/aarch64-linux-gnu/11/:/usr/lib/gcc/aarch64-linux-gnu/:/usr/lib/gcc/aarch64-linux-gnu/11/:/usr/lib/gcc/aarch64-linux-gnu/]
  ignore line: [LIBRARY_PATH=/home/andreast/modules/arm/apps/flow/202309a/rpp-amgcpr-ghost-last/lib/../lib/:/home/andreast/modules/arm/apps/zoltan/202309a/12.16/lib/../lib/:/home/andreast/modules/arm/apps/dune/202309a/mod-2.7.1/lib/../lib/:/cm/shared/ex3-modules/202309a/huaq/pkgs/suitesparse-32-5.12.0/lib/../lib/:/cm/shared/ex3-modules/202309a/huaq/pkgs/mpfr-4.0.2/lib/../lib/:/cm/shared/ex3-modules/202309a/huaq/pkgs/gmp-6.3.0/lib/../lib/:/cm/shared/ex3-modules/202309a/huaq/pkgs/parmetis-32-4.0.3/lib/../lib/:/cm/shared/ex3-modules/202309a/huaq/pkgs/metis-32-5.1.0/lib/../lib/:/cm/shared/ex3-modules/202309a/huaq/pkgs/openblas-0.3.21/lib/../lib/:/cm/shared/ex3-modules/202309a/huaq/pkgs/boost-1.73.0/lib/../lib/:/cm/shared/ex3-modules/202309a/huaq/pkgs/openmpi-4.1.4/lib/../lib/:/cm/shared/ex3-modules/202309a/huaq/pkgs/util-linux-2.34/lib/../lib/:/cm/shared/ex3-modules/202309a/huaq/pkgs/libfabric-1.17.0/lib/../lib/:/cm/shared/ex3-modules/202309a/huaq/pkgs/ucx-1.12.1/lib/../lib/:/cm/shared/ex3-modules/202309a/huaq/pkgs/rdma-core-44.0/lib/../lib/:/cm/shared/ex3-modules/202309a/huaq/pkgs/libnl-3.2.25/lib/../lib/:/cm/shared/ex3-modules/202309a/huaq/pkgs/numactl-2.0.13/lib/../lib/:/cm/shared/ex3-modules/202309a/huaq/pkgs/libevent-2.1.12-stable/lib/../lib/:/cm/shared/ex3-modules/202309a/huaq/pkgs/knem-1.1.4/lib/../lib/:/cm/shared/ex3-modules/202309a/huaq/pkgs/hwloc-2.7.1/lib/../lib/:/cm/shared/ex3-modules/202309a/huaq/pkgs/libxml2-2.9.12/lib/../lib/:/cm/shared/ex3-modules/202309a/huaq/pkgs/xz-5.2.7/lib/../lib/:/usr/lib/gcc/aarch64-linux-gnu/11/:/usr/lib/gcc/aarch64-linux-gnu/11/../../../aarch64-linux-gnu/:/usr/lib/gcc/aarch64-linux-gnu/11/../../../../lib/:/lib/aarch64-linux-gnu/:/lib/../lib/:/usr/lib/aarch64-linux-gnu/:/usr/lib/../lib/:/home/andreast/modules/arm/apps/flow/202309a/rpp-amgcpr-ghost-last/lib/:/home/andreast/modules/arm/apps/zoltan/202309a/12.16/lib/:/home/andreast/modules/arm/apps/dune/202309a/mod-2.7.1/lib/:/cm/shared/ex3-modules/202309a/huaq/pkgs/suitesparse-32-5.12.0/lib/:/cm/shared/ex3-modules/202309a/huaq/pkgs/mpfr-4.0.2/lib/:/cm/shared/ex3-modules/202309a/huaq/pkgs/gmp-6.3.0/lib/:/cm/shared/ex3-modules/202309a/huaq/pkgs/parmetis-32-4.0.3/lib/:/cm/shared/ex3-modules/202309a/huaq/pkgs/metis-32-5.1.0/lib/:/cm/shared/ex3-modules/202309a/huaq/pkgs/openblas-0.3.21/lib/:/cm/shared/ex3-modules/202309a/huaq/pkgs/boost-1.73.0/lib/:/cm/shared/ex3-modules/202309a/huaq/pkgs/openmpi-4.1.4/lib/:/cm/shared/ex3-modules/202309a/huaq/pkgs/util-linux-2.34/lib/:/cm/shared/ex3-modules/202309a/huaq/pkgs/libfabric-1.17.0/lib/:/cm/shared/ex3-modules/202309a/huaq/pkgs/ucx-1.12.1/lib/:/cm/shared/ex3-modules/202309a/huaq/pkgs/rdma-core-44.0/lib/:/cm/shared/ex3-modules/202309a/huaq/pkgs/libnl-3.2.25/lib/:/cm/shared/ex3-modules/202309a/huaq/pkgs/numactl-2.0.13/lib/:/cm/shared/ex3-modules/202309a/huaq/pkgs/libevent-2.1.12-stable/lib/:/cm/shared/ex3-modules/202309a/huaq/pkgs/knem-1.1.4/lib/:/cm/shared/ex3-modules/202309a/huaq/pkgs/hwloc-2.7.1/lib/:/cm/shared/ex3-modules/202309a/huaq/pkgs/libxml2-2.9.12/lib/:/cm/shared/ex3-modules/202309a/huaq/pkgs/xz-5.2.7/lib/:/cm/shared/apps/slurm/current/lib64/slurm/:/cm/shared/apps/slurm/current/lib64/:/usr/lib/gcc/aarch64-linux-gnu/11/../../../:/lib/:/usr/lib/]
  ignore line: [COLLECT_GCC_OPTIONS='-fopenmp' '-v' '-O3' '-D' 'NDEBUG' '-O3' '-fPIE' '-c' '-o' 'CMakeFiles/cmTC_3392a.dir/OpenMPTryFlag.f90.o' '-mlittle-endian' '-mabi=lp64' '-pthread' '-dumpdir' 'CMakeFiles/cmTC_3392a.dir/OpenMPTryFlag.f90.']
  ignore line: [Linking Fortran executable cmTC_3392a]
  ignore line: [/cm/shared/ex3-modules/202309a/huaq/pkgs/cmake-3.22.3/bin/cmake -E cmake_link_script CMakeFiles/cmTC_3392a.dir/link.txt --verbose=1]
  ignore line: [/usr/bin/gfortran  -fopenmp -v -O3 -DNDEBUG -O3 CMakeFiles/cmTC_3392a.dir/OpenMPTryFlag.f90.o -o cmTC_3392a  -v ]
  ignore line: [Driving: /usr/bin/gfortran -fopenmp -v -O3 -DNDEBUG -O3 CMakeFiles/cmTC_3392a.dir/OpenMPTryFlag.f90.o -o cmTC_3392a -v -l gfortran -l m -shared-libgcc]
  ignore line: [Using built-in specs.]
  ignore line: [COLLECT_GCC=/usr/bin/gfortran]
  ignore line: [COLLECT_LTO_WRAPPER=/usr/lib/gcc/aarch64-linux-gnu/11/lto-wrapper]
  ignore line: [Target: aarch64-linux-gnu]
  ignore line: [Configured with: ../src/configure -v --with-pkgversion='Ubuntu 11.4.0-1ubuntu1~22.04' --with-bugurl=file:///usr/share/doc/gcc-11/README.Bugs --enable-languages=c ada c++ go d fortran objc obj-c++ m2 --prefix=/usr --with-gcc-major-version-only --program-suffix=-11 --program-prefix=aarch64-linux-gnu- --enable-shared --enable-linker-build-id --libexecdir=/usr/lib --without-included-gettext --enable-threads=posix --libdir=/usr/lib --enable-nls --enable-bootstrap --enable-clocale=gnu --enable-libstdcxx-debug --enable-libstdcxx-time=yes --with-default-libstdcxx-abi=new --enable-gnu-unique-object --disable-libquadmath --disable-libquadmath-support --enable-plugin --enable-default-pie --with-system-zlib --enable-libphobos-checking=release --with-target-system-zlib=auto --enable-objc-gc=auto --enable-multiarch --enable-fix-cortex-a53-843419 --disable-werror --enable-checking=release --build=aarch64-linux-gnu --host=aarch64-linux-gnu --target=aarch64-linux-gnu --with-build-config=bootstrap-lto-lean --enable-link-serialization=2]
  ignore line: [Thread model: posix]
  ignore line: [Supported LTO compression algorithms: zlib zstd]
  ignore line: [gcc version 11.4.0 (Ubuntu 11.4.0-1ubuntu1~22.04) ]
  ignore line: [Reading specs from /usr/lib/gcc/aarch64-linux-gnu/11/libgfortran.spec]
  ignore line: [rename spec lib to liborig]
  ignore line: [COLLECT_GCC_OPTIONS='-fopenmp' '-v' '-O3' '-D' 'NDEBUG' '-O3' '-o' 'cmTC_3392a' '-v' '-shared-libgcc' '-mlittle-endian' '-mabi=lp64' '-pthread' '-dumpdir' 'cmTC_3392a-']
  ignore line: [COMPILER_PATH=/usr/lib/gcc/aarch64-linux-gnu/11/:/usr/lib/gcc/aarch64-linux-gnu/11/:/usr/lib/gcc/aarch64-linux-gnu/:/usr/lib/gcc/aarch64-linux-gnu/11/:/usr/lib/gcc/aarch64-linux-gnu/]
  ignore line: [LIBRARY_PATH=/home/andreast/modules/arm/apps/flow/202309a/rpp-amgcpr-ghost-last/lib/../lib/:/home/andreast/modules/arm/apps/zoltan/202309a/12.16/lib/../lib/:/home/andreast/modules/arm/apps/dune/202309a/mod-2.7.1/lib/../lib/:/cm/shared/ex3-modules/202309a/huaq/pkgs/suitesparse-32-5.12.0/lib/../lib/:/cm/shared/ex3-modules/202309a/huaq/pkgs/mpfr-4.0.2/lib/../lib/:/cm/shared/ex3-modules/202309a/huaq/pkgs/gmp-6.3.0/lib/../lib/:/cm/shared/ex3-modules/202309a/huaq/pkgs/parmetis-32-4.0.3/lib/../lib/:/cm/shared/ex3-modules/202309a/huaq/pkgs/metis-32-5.1.0/lib/../lib/:/cm/shared/ex3-modules/202309a/huaq/pkgs/openblas-0.3.21/lib/../lib/:/cm/shared/ex3-modules/202309a/huaq/pkgs/boost-1.73.0/lib/../lib/:/cm/shared/ex3-modules/202309a/huaq/pkgs/openmpi-4.1.4/lib/../lib/:/cm/shared/ex3-modules/202309a/huaq/pkgs/util-linux-2.34/lib/../lib/:/cm/shared/ex3-modules/202309a/huaq/pkgs/libfabric-1.17.0/lib/../lib/:/cm/shared/ex3-modules/202309a/huaq/pkgs/ucx-1.12.1/lib/../lib/:/cm/shared/ex3-modules/202309a/huaq/pkgs/rdma-core-44.0/lib/../lib/:/cm/shared/ex3-modules/202309a/huaq/pkgs/libnl-3.2.25/lib/../lib/:/cm/shared/ex3-modules/202309a/huaq/pkgs/numactl-2.0.13/lib/../lib/:/cm/shared/ex3-modules/202309a/huaq/pkgs/libevent-2.1.12-stable/lib/../lib/:/cm/shared/ex3-modules/202309a/huaq/pkgs/knem-1.1.4/lib/../lib/:/cm/shared/ex3-modules/202309a/huaq/pkgs/hwloc-2.7.1/lib/../lib/:/cm/shared/ex3-modules/202309a/huaq/pkgs/libxml2-2.9.12/lib/../lib/:/cm/shared/ex3-modules/202309a/huaq/pkgs/xz-5.2.7/lib/../lib/:/usr/lib/gcc/aarch64-linux-gnu/11/:/usr/lib/gcc/aarch64-linux-gnu/11/../../../aarch64-linux-gnu/:/usr/lib/gcc/aarch64-linux-gnu/11/../../../../lib/:/lib/aarch64-linux-gnu/:/lib/../lib/:/usr/lib/aarch64-linux-gnu/:/usr/lib/../lib/:/home/andreast/modules/arm/apps/flow/202309a/rpp-amgcpr-ghost-last/lib/:/home/andreast/modules/arm/apps/zoltan/202309a/12.16/lib/:/home/andreast/modules/arm/apps/dune/202309a/mod-2.7.1/lib/:/cm/shared/ex3-modules/202309a/huaq/pkgs/suitesparse-32-5.12.0/lib/:/cm/shared/ex3-modules/202309a/huaq/pkgs/mpfr-4.0.2/lib/:/cm/shared/ex3-modules/202309a/huaq/pkgs/gmp-6.3.0/lib/:/cm/shared/ex3-modules/202309a/huaq/pkgs/parmetis-32-4.0.3/lib/:/cm/shared/ex3-modules/202309a/huaq/pkgs/metis-32-5.1.0/lib/:/cm/shared/ex3-modules/202309a/huaq/pkgs/openblas-0.3.21/lib/:/cm/shared/ex3-modules/202309a/huaq/pkgs/boost-1.73.0/lib/:/cm/shared/ex3-modules/202309a/huaq/pkgs/openmpi-4.1.4/lib/:/cm/shared/ex3-modules/202309a/huaq/pkgs/util-linux-2.34/lib/:/cm/shared/ex3-modules/202309a/huaq/pkgs/libfabric-1.17.0/lib/:/cm/shared/ex3-modules/202309a/huaq/pkgs/ucx-1.12.1/lib/:/cm/shared/ex3-modules/202309a/huaq/pkgs/rdma-core-44.0/lib/:/cm/shared/ex3-modules/202309a/huaq/pkgs/libnl-3.2.25/lib/:/cm/shared/ex3-modules/202309a/huaq/pkgs/numactl-2.0.13/lib/:/cm/shared/ex3-modules/202309a/huaq/pkgs/libevent-2.1.12-stable/lib/:/cm/shared/ex3-modules/202309a/huaq/pkgs/knem-1.1.4/lib/:/cm/shared/ex3-modules/202309a/huaq/pkgs/hwloc-2.7.1/lib/:/cm/shared/ex3-modules/202309a/huaq/pkgs/libxml2-2.9.12/lib/:/cm/shared/ex3-modules/202309a/huaq/pkgs/xz-5.2.7/lib/:/cm/shared/apps/slurm/current/lib64/slurm/:/cm/shared/apps/slurm/current/lib64/:/usr/lib/gcc/aarch64-linux-gnu/11/../../../:/lib/:/usr/lib/]
  ignore line: [Reading specs from /usr/lib/gcc/aarch64-linux-gnu/11/libgomp.spec]
  ignore line: [COLLECT_GCC_OPTIONS='-fopenmp' '-v' '-O3' '-D' 'NDEBUG' '-O3' '-o' 'cmTC_3392a' '-v' '-shared-libgcc' '-mlittle-endian' '-mabi=lp64' '-pthread' '-dumpdir' 'cmTC_3392a.']
  link line: [ /usr/lib/gcc/aarch64-linux-gnu/11/collect2 -plugin /usr/lib/gcc/aarch64-linux-gnu/11/liblto_plugin.so -plugin-opt=/usr/lib/gcc/aarch64-linux-gnu/11/lto-wrapper -plugin-opt=-fresolution=/tmp/cctMrpSB.res -plugin-opt=-pass-through=-lgcc_s -plugin-opt=-pass-through=-lgcc -plugin-opt=-pass-through=-lm -plugin-opt=-pass-through=-lgcc_s -plugin-opt=-pass-through=-lgcc -plugin-opt=-pass-through=-lpthread -plugin-opt=-pass-through=-lc -plugin-opt=-pass-through=-lgcc_s -plugin-opt=-pass-through=-lgcc --build-id --eh-frame-hdr --hash-style=gnu --as-needed -dynamic-linker /lib/ld-linux-aarch64.so.1 -X -EL -maarch64linux --fix-cortex-a53-843419 -pie -z now -z relro -o cmTC_3392a /usr/lib/gcc/aarch64-linux-gnu/11/../../../aarch64-linux-gnu/Scrt1.o /usr/lib/gcc/aarch64-linux-gnu/11/../../../aarch64-linux-gnu/crti.o /usr/lib/gcc/aarch64-linux-gnu/11/crtbeginS.o -L/home/andreast/modules/arm/apps/flow/202309a/rpp-amgcpr-ghost-last/lib/../lib -L/home/andreast/modules/arm/apps/zoltan/202309a/12.16/lib/../lib -L/home/andreast/modules/arm/apps/dune/202309a/mod-2.7.1/lib/../lib -L/cm/shared/ex3-modules/202309a/huaq/pkgs/suitesparse-32-5.12.0/lib/../lib -L/cm/shared/ex3-modules/202309a/huaq/pkgs/mpfr-4.0.2/lib/../lib -L/cm/shared/ex3-modules/202309a/huaq/pkgs/gmp-6.3.0/lib/../lib -L/cm/shared/ex3-modules/202309a/huaq/pkgs/parmetis-32-4.0.3/lib/../lib -L/cm/shared/ex3-modules/202309a/huaq/pkgs/metis-32-5.1.0/lib/../lib -L/cm/shared/ex3-modules/202309a/huaq/pkgs/openblas-0.3.21/lib/../lib -L/cm/shared/ex3-modules/202309a/huaq/pkgs/boost-1.73.0/lib/../lib -L/cm/shared/ex3-modules/202309a/huaq/pkgs/openmpi-4.1.4/lib/../lib -L/cm/shared/ex3-modules/202309a/huaq/pkgs/util-linux-2.34/lib/../lib -L/cm/shared/ex3-modules/202309a/huaq/pkgs/libfabric-1.17.0/lib/../lib -L/cm/shared/ex3-modules/202309a/huaq/pkgs/ucx-1.12.1/lib/../lib -L/cm/shared/ex3-modules/202309a/huaq/pkgs/rdma-core-44.0/lib/../lib -L/cm/shared/ex3-modules/202309a/huaq/pkgs/libnl-3.2.25/lib/../lib -L/cm/shared/ex3-modules/202309a/huaq/pkgs/numactl-2.0.13/lib/../lib -L/cm/shared/ex3-modules/202309a/huaq/pkgs/libevent-2.1.12-stable/lib/../lib -L/cm/shared/ex3-modules/202309a/huaq/pkgs/knem-1.1.4/lib/../lib -L/cm/shared/ex3-modules/202309a/huaq/pkgs/hwloc-2.7.1/lib/../lib -L/cm/shared/ex3-modules/202309a/huaq/pkgs/libxml2-2.9.12/lib/../lib -L/cm/shared/ex3-modules/202309a/huaq/pkgs/xz-5.2.7/lib/../lib -L/usr/lib/gcc/aarch64-linux-gnu/11 -L/usr/lib/gcc/aarch64-linux-gnu/11/../../../aarch64-linux-gnu -L/usr/lib/gcc/aarch64-linux-gnu/11/../../../../lib -L/lib/aarch64-linux-gnu -L/lib/../lib -L/usr/lib/aarch64-linux-gnu -L/usr/lib/../lib -L/home/andreast/modules/arm/apps/flow/202309a/rpp-amgcpr-ghost-last/lib -L/home/andreast/modules/arm/apps/zoltan/202309a/12.16/lib -L/home/andreast/modules/arm/apps/dune/202309a/mod-2.7.1/lib -L/cm/shared/ex3-modules/202309a/huaq/pkgs/suitesparse-32-5.12.0/lib -L/cm/shared/ex3-modules/202309a/huaq/pkgs/mpfr-4.0.2/lib -L/cm/shared/ex3-modules/202309a/huaq/pkgs/gmp-6.3.0/lib -L/cm/shared/ex3-modules/202309a/huaq/pkgs/parmetis-32-4.0.3/lib -L/cm/shared/ex3-modules/202309a/huaq/pkgs/metis-32-5.1.0/lib -L/cm/shared/ex3-modules/202309a/huaq/pkgs/openblas-0.3.21/lib -L/cm/shared/ex3-modules/202309a/huaq/pkgs/boost-1.73.0/lib -L/cm/shared/ex3-modules/202309a/huaq/pkgs/openmpi-4.1.4/lib -L/cm/shared/ex3-modules/202309a/huaq/pkgs/util-linux-2.34/lib -L/cm/shared/ex3-modules/202309a/huaq/pkgs/libfabric-1.17.0/lib -L/cm/shared/ex3-modules/202309a/huaq/pkgs/ucx-1.12.1/lib -L/cm/shared/ex3-modules/202309a/huaq/pkgs/rdma-core-44.0/lib -L/cm/shared/ex3-modules/202309a/huaq/pkgs/libnl-3.2.25/lib -L/cm/shared/ex3-modules/202309a/huaq/pkgs/numactl-2.0.13/lib -L/cm/shared/ex3-modules/202309a/huaq/pkgs/libevent-2.1.12-stable/lib -L/cm/shared/ex3-modules/202309a/huaq/pkgs/knem-1.1.4/lib -L/cm/shared/ex3-modules/202309a/huaq/pkgs/hwloc-2.7.1/lib -L/cm/shared/ex3-modules/202309a/huaq/pkgs/libxml2-2.9.12/lib -L/cm/shared/ex3-modules/202309a/huaq/pkgs/xz-5.2.7/lib -L/cm/shared/apps/slurm/current/lib64/slurm -L/cm/shared/apps/slurm/current/lib64 -L/usr/lib/gcc/aarch64-linux-gnu/11/../../.. CMakeFiles/cmTC_3392a.dir/OpenMPTryFlag.f90.o -lgfortran -lm -lgomp -lgcc_s -lgcc -lm -lgcc_s -lgcc -lpthread -lc -lgcc_s -lgcc /usr/lib/gcc/aarch64-linux-gnu/11/crtendS.o /usr/lib/gcc/aarch64-linux-gnu/11/../../../aarch64-linux-gnu/crtn.o]
    arg [/usr/lib/gcc/aarch64-linux-gnu/11/collect2] ==> ignore
    arg [-plugin] ==> ignore
    arg [/usr/lib/gcc/aarch64-linux-gnu/11/liblto_plugin.so] ==> ignore
    arg [-plugin-opt=/usr/lib/gcc/aarch64-linux-gnu/11/lto-wrapper] ==> ignore
    arg [-plugin-opt=-fresolution=/tmp/cctMrpSB.res] ==> ignore
    arg [-plugin-opt=-pass-through=-lgcc_s] ==> ignore
    arg [-plugin-opt=-pass-through=-lgcc] ==> ignore
    arg [-plugin-opt=-pass-through=-lm] ==> ignore
    arg [-plugin-opt=-pass-through=-lgcc_s] ==> ignore
    arg [-plugin-opt=-pass-through=-lgcc] ==> ignore
    arg [-plugin-opt=-pass-through=-lpthread] ==> ignore
    arg [-plugin-opt=-pass-through=-lc] ==> ignore
    arg [-plugin-opt=-pass-through=-lgcc_s] ==> ignore
    arg [-plugin-opt=-pass-through=-lgcc] ==> ignore
    arg [--build-id] ==> ignore
    arg [--eh-frame-hdr] ==> ignore
    arg [--hash-style=gnu] ==> ignore
    arg [--as-needed] ==> ignore
    arg [-dynamic-linker] ==> ignore
    arg [/lib/ld-linux-aarch64.so.1] ==> ignore
    arg [-X] ==> ignore
    arg [-EL] ==> ignore
    arg [-maarch64linux] ==> ignore
    arg [--fix-cortex-a53-843419] ==> ignore
    arg [-pie] ==> ignore
    arg [-znow] ==> ignore
    arg [-zrelro] ==> ignore
    arg [-o] ==> ignore
    arg [cmTC_3392a] ==> ignore
    arg [-L/home/andreast/modules/arm/apps/flow/202309a/rpp-amgcpr-ghost-last/lib/../lib] ==> dir [/home/andreast/modules/arm/apps/flow/202309a/rpp-amgcpr-ghost-last/lib/../lib]
    arg [-L/home/andreast/modules/arm/apps/zoltan/202309a/12.16/lib/../lib] ==> dir [/home/andreast/modules/arm/apps/zoltan/202309a/12.16/lib/../lib]
    arg [-L/home/andreast/modules/arm/apps/dune/202309a/mod-2.7.1/lib/../lib] ==> dir [/home/andreast/modules/arm/apps/dune/202309a/mod-2.7.1/lib/../lib]
    arg [-L/cm/shared/ex3-modules/202309a/huaq/pkgs/suitesparse-32-5.12.0/lib/../lib] ==> dir [/cm/shared/ex3-modules/202309a/huaq/pkgs/suitesparse-32-5.12.0/lib/../lib]
    arg [-L/cm/shared/ex3-modules/202309a/huaq/pkgs/mpfr-4.0.2/lib/../lib] ==> dir [/cm/shared/ex3-modules/202309a/huaq/pkgs/mpfr-4.0.2/lib/../lib]
    arg [-L/cm/shared/ex3-modules/202309a/huaq/pkgs/gmp-6.3.0/lib/../lib] ==> dir [/cm/shared/ex3-modules/202309a/huaq/pkgs/gmp-6.3.0/lib/../lib]
    arg [-L/cm/shared/ex3-modules/202309a/huaq/pkgs/parmetis-32-4.0.3/lib/../lib] ==> dir [/cm/shared/ex3-modules/202309a/huaq/pkgs/parmetis-32-4.0.3/lib/../lib]
    arg [-L/cm/shared/ex3-modules/202309a/huaq/pkgs/metis-32-5.1.0/lib/../lib] ==> dir [/cm/shared/ex3-modules/202309a/huaq/pkgs/metis-32-5.1.0/lib/../lib]
    arg [-L/cm/shared/ex3-modules/202309a/huaq/pkgs/openblas-0.3.21/lib/../lib] ==> dir [/cm/shared/ex3-modules/202309a/huaq/pkgs/openblas-0.3.21/lib/../lib]
    arg [-L/cm/shared/ex3-modules/202309a/huaq/pkgs/boost-1.73.0/lib/../lib] ==> dir [/cm/shared/ex3-modules/202309a/huaq/pkgs/boost-1.73.0/lib/../lib]
    arg [-L/cm/shared/ex3-modules/202309a/huaq/pkgs/openmpi-4.1.4/lib/../lib] ==> dir [/cm/shared/ex3-modules/202309a/huaq/pkgs/openmpi-4.1.4/lib/../lib]
    arg [-L/cm/shared/ex3-modules/202309a/huaq/pkgs/util-linux-2.34/lib/../lib] ==> dir [/cm/shared/ex3-modules/202309a/huaq/pkgs/util-linux-2.34/lib/../lib]
    arg [-L/cm/shared/ex3-modules/202309a/huaq/pkgs/libfabric-1.17.0/lib/../lib] ==> dir [/cm/shared/ex3-modules/202309a/huaq/pkgs/libfabric-1.17.0/lib/../lib]
    arg [-L/cm/shared/ex3-modules/202309a/huaq/pkgs/ucx-1.12.1/lib/../lib] ==> dir [/cm/shared/ex3-modules/202309a/huaq/pkgs/ucx-1.12.1/lib/../lib]
    arg [-L/cm/shared/ex3-modules/202309a/huaq/pkgs/rdma-core-44.0/lib/../lib] ==> dir [/cm/shared/ex3-modules/202309a/huaq/pkgs/rdma-core-44.0/lib/../lib]
    arg [-L/cm/shared/ex3-modules/202309a/huaq/pkgs/libnl-3.2.25/lib/../lib] ==> dir [/cm/shared/ex3-modules/202309a/huaq/pkgs/libnl-3.2.25/lib/../lib]
    arg [-L/cm/shared/ex3-modules/202309a/huaq/pkgs/numactl-2.0.13/lib/../lib] ==> dir [/cm/shared/ex3-modules/202309a/huaq/pkgs/numactl-2.0.13/lib/../lib]
    arg [-L/cm/shared/ex3-modules/202309a/huaq/pkgs/libevent-2.1.12-stable/lib/../lib] ==> dir [/cm/shared/ex3-modules/202309a/huaq/pkgs/libevent-2.1.12-stable/lib/../lib]
    arg [-L/cm/shared/ex3-modules/202309a/huaq/pkgs/knem-1.1.4/lib/../lib] ==> dir [/cm/shared/ex3-modules/202309a/huaq/pkgs/knem-1.1.4/lib/../lib]
    arg [-L/cm/shared/ex3-modules/202309a/huaq/pkgs/hwloc-2.7.1/lib/../lib] ==> dir [/cm/shared/ex3-modules/202309a/huaq/pkgs/hwloc-2.7.1/lib/../lib]
    arg [-L/cm/shared/ex3-modules/202309a/huaq/pkgs/libxml2-2.9.12/lib/../lib] ==> dir [/cm/shared/ex3-modules/202309a/huaq/pkgs/libxml2-2.9.12/lib/../lib]
    arg [-L/cm/shared/ex3-modules/202309a/huaq/pkgs/xz-5.2.7/lib/../lib] ==> dir [/cm/shared/ex3-modules/202309a/huaq/pkgs/xz-5.2.7/lib/../lib]
    arg [-L/usr/lib/gcc/aarch64-linux-gnu/11] ==> dir [/usr/lib/gcc/aarch64-linux-gnu/11]
    arg [-L/usr/lib/gcc/aarch64-linux-gnu/11/../../../aarch64-linux-gnu] ==> dir [/usr/lib/gcc/aarch64-linux-gnu/11/../../../aarch64-linux-gnu]
    arg [-L/usr/lib/gcc/aarch64-linux-gnu/11/../../../../lib] ==> dir [/usr/lib/gcc/aarch64-linux-gnu/11/../../../../lib]
    arg [-L/lib/aarch64-linux-gnu] ==> dir [/lib/aarch64-linux-gnu]
    arg [-L/lib/../lib] ==> dir [/lib/../lib]
    arg [-L/usr/lib/aarch64-linux-gnu] ==> dir [/usr/lib/aarch64-linux-gnu]
    arg [-L/usr/lib/../lib] ==> dir [/usr/lib/../lib]
    arg [-L/home/andreast/modules/arm/apps/flow/202309a/rpp-amgcpr-ghost-last/lib] ==> dir [/home/andreast/modules/arm/apps/flow/202309a/rpp-amgcpr-ghost-last/lib]
    arg [-L/home/andreast/modules/arm/apps/zoltan/202309a/12.16/lib] ==> dir [/home/andreast/modules/arm/apps/zoltan/202309a/12.16/lib]
    arg [-L/home/andreast/modules/arm/apps/dune/202309a/mod-2.7.1/lib] ==> dir [/home/andreast/modules/arm/apps/dune/202309a/mod-2.7.1/lib]
    arg [-L/cm/shared/ex3-modules/202309a/huaq/pkgs/suitesparse-32-5.12.0/lib] ==> dir [/cm/shared/ex3-modules/202309a/huaq/pkgs/suitesparse-32-5.12.0/lib]
    arg [-L/cm/shared/ex3-modules/202309a/huaq/pkgs/mpfr-4.0.2/lib] ==> dir [/cm/shared/ex3-modules/202309a/huaq/pkgs/mpfr-4.0.2/lib]
    arg [-L/cm/shared/ex3-modules/202309a/huaq/pkgs/gmp-6.3.0/lib] ==> dir [/cm/shared/ex3-modules/202309a/huaq/pkgs/gmp-6.3.0/lib]
    arg [-L/cm/shared/ex3-modules/202309a/huaq/pkgs/parmetis-32-4.0.3/lib] ==> dir [/cm/shared/ex3-modules/202309a/huaq/pkgs/parmetis-32-4.0.3/lib]
    arg [-L/cm/shared/ex3-modules/202309a/huaq/pkgs/metis-32-5.1.0/lib] ==> dir [/cm/shared/ex3-modules/202309a/huaq/pkgs/metis-32-5.1.0/lib]
    arg [-L/cm/shared/ex3-modules/202309a/huaq/pkgs/openblas-0.3.21/lib] ==> dir [/cm/shared/ex3-modules/202309a/huaq/pkgs/openblas-0.3.21/lib]
    arg [-L/cm/shared/ex3-modules/202309a/huaq/pkgs/boost-1.73.0/lib] ==> dir [/cm/shared/ex3-modules/202309a/huaq/pkgs/boost-1.73.0/lib]
    arg [-L/cm/shared/ex3-modules/202309a/huaq/pkgs/openmpi-4.1.4/lib] ==> dir [/cm/shared/ex3-modules/202309a/huaq/pkgs/openmpi-4.1.4/lib]
    arg [-L/cm/shared/ex3-modules/202309a/huaq/pkgs/util-linux-2.34/lib] ==> dir [/cm/shared/ex3-modules/202309a/huaq/pkgs/util-linux-2.34/lib]
    arg [-L/cm/shared/ex3-modules/202309a/huaq/pkgs/libfabric-1.17.0/lib] ==> dir [/cm/shared/ex3-modules/202309a/huaq/pkgs/libfabric-1.17.0/lib]
    arg [-L/cm/shared/ex3-modules/202309a/huaq/pkgs/ucx-1.12.1/lib] ==> dir [/cm/shared/ex3-modules/202309a/huaq/pkgs/ucx-1.12.1/lib]
    arg [-L/cm/shared/ex3-modules/202309a/huaq/pkgs/rdma-core-44.0/lib] ==> dir [/cm/shared/ex3-modules/202309a/huaq/pkgs/rdma-core-44.0/lib]
    arg [-L/cm/shared/ex3-modules/202309a/huaq/pkgs/libnl-3.2.25/lib] ==> dir [/cm/shared/ex3-modules/202309a/huaq/pkgs/libnl-3.2.25/lib]
    arg [-L/cm/shared/ex3-modules/202309a/huaq/pkgs/numactl-2.0.13/lib] ==> dir [/cm/shared/ex3-modules/202309a/huaq/pkgs/numactl-2.0.13/lib]
    arg [-L/cm/shared/ex3-modules/202309a/huaq/pkgs/libevent-2.1.12-stable/lib] ==> dir [/cm/shared/ex3-modules/202309a/huaq/pkgs/libevent-2.1.12-stable/lib]
    arg [-L/cm/shared/ex3-modules/202309a/huaq/pkgs/knem-1.1.4/lib] ==> dir [/cm/shared/ex3-modules/202309a/huaq/pkgs/knem-1.1.4/lib]
    arg [-L/cm/shared/ex3-modules/202309a/huaq/pkgs/hwloc-2.7.1/lib] ==> dir [/cm/shared/ex3-modules/202309a/huaq/pkgs/hwloc-2.7.1/lib]
    arg [-L/cm/shared/ex3-modules/202309a/huaq/pkgs/libxml2-2.9.12/lib] ==> dir [/cm/shared/ex3-modules/202309a/huaq/pkgs/libxml2-2.9.12/lib]
    arg [-L/cm/shared/ex3-modules/202309a/huaq/pkgs/xz-5.2.7/lib] ==> dir [/cm/shared/ex3-modules/202309a/huaq/pkgs/xz-5.2.7/lib]
    arg [-L/cm/shared/apps/slurm/current/lib64/slurm] ==> dir [/cm/shared/apps/slurm/current/lib64/slurm]
    arg [-L/cm/shared/apps/slurm/current/lib64] ==> dir [/cm/shared/apps/slurm/current/lib64]
    arg [-L/usr/lib/gcc/aarch64-linux-gnu/11/../../..] ==> dir [/usr/lib/gcc/aarch64-linux-gnu/11/../../..]
    arg [CMakeFiles/cmTC_3392a.dir/OpenMPTryFlag.f90.o] ==> ignore
    arg [-lgfortran] ==> lib [gfortran]
    arg [-lm] ==> lib [m]
    arg [-lgomp] ==> lib [gomp]
    arg [-lgcc_s] ==> lib [gcc_s]
    arg [-lgcc] ==> lib [gcc]
    arg [-lm] ==> lib [m]
    arg [-lgcc_s] ==> lib [gcc_s]
    arg [-lgcc] ==> lib [gcc]
    arg [-lpthread] ==> lib [pthread]
    arg [-lc] ==> lib [c]
    arg [-lgcc_s] ==> lib [gcc_s]
    arg [-lgcc] ==> lib [gcc]
  collapse library dir [/home/andreast/modules/arm/apps/flow/202309a/rpp-amgcpr-ghost-last/lib/../lib] ==> [/home/andreast/modules/arm/apps/flow/202309a/rpp-amgcpr-ghost-last/lib]
  collapse library dir [/home/andreast/modules/arm/apps/zoltan/202309a/12.16/lib/../lib] ==> [/home/andreast/modules/arm/apps/zoltan/202309a/12.16/lib]
  collapse library dir [/home/andreast/modules/arm/apps/dune/202309a/mod-2.7.1/lib/../lib] ==> [/home/andreast/modules/arm/apps/dune/202309a/mod-2.7.1/lib]
  collapse library dir [/cm/shared/ex3-modules/202309a/huaq/pkgs/suitesparse-32-5.12.0/lib/../lib] ==> [/cm/shared/ex3-modules/202309a/huaq/pkgs/suitesparse-32-5.12.0/lib]
  collapse library dir [/cm/shared/ex3-modules/202309a/huaq/pkgs/mpfr-4.0.2/lib/../lib] ==> [/cm/shared/ex3-modules/202309a/huaq/pkgs/mpfr-4.0.2/lib]
  collapse library dir [/cm/shared/ex3-modules/202309a/huaq/pkgs/gmp-6.3.0/lib/../lib] ==> [/cm/shared/ex3-modules/202309a/huaq/pkgs/gmp-6.3.0/lib]
  collapse library dir [/cm/shared/ex3-modules/202309a/huaq/pkgs/parmetis-32-4.0.3/lib/../lib] ==> [/cm/shared/ex3-modules/202309a/huaq/pkgs/parmetis-32-4.0.3/lib]
  collapse library dir [/cm/shared/ex3-modules/202309a/huaq/pkgs/metis-32-5.1.0/lib/../lib] ==> [/cm/shared/ex3-modules/202309a/huaq/pkgs/metis-32-5.1.0/lib]
  collapse library dir [/cm/shared/ex3-modules/202309a/huaq/pkgs/openblas-0.3.21/lib/../lib] ==> [/cm/shared/ex3-modules/202309a/huaq/pkgs/openblas-0.3.21/lib]
  collapse library dir [/cm/shared/ex3-modules/202309a/huaq/pkgs/boost-1.73.0/lib/../lib] ==> [/cm/shared/ex3-modules/202309a/huaq/pkgs/boost-1.73.0/lib]
  collapse library dir [/cm/shared/ex3-modules/202309a/huaq/pkgs/openmpi-4.1.4/lib/../lib] ==> [/cm/shared/ex3-modules/202309a/huaq/pkgs/openmpi-4.1.4/lib]
  collapse library dir [/cm/shared/ex3-modules/202309a/huaq/pkgs/util-linux-2.34/lib/../lib] ==> [/cm/shared/ex3-modules/202309a/huaq/pkgs/util-linux-2.34/lib]
  collapse library dir [/cm/shared/ex3-modules/202309a/huaq/pkgs/libfabric-1.17.0/lib/../lib] ==> [/cm/shared/ex3-modules/202309a/huaq/pkgs/libfabric-1.17.0/lib]
  collapse library dir [/cm/shared/ex3-modules/202309a/huaq/pkgs/ucx-1.12.1/lib/../lib] ==> [/cm/shared/ex3-modules/202309a/huaq/pkgs/ucx-1.12.1/lib]
  collapse library dir [/cm/shared/ex3-modules/202309a/huaq/pkgs/rdma-core-44.0/lib/../lib] ==> [/cm/shared/ex3-modules/202309a/huaq/pkgs/rdma-core-44.0/lib]
  collapse library dir [/cm/shared/ex3-modules/202309a/huaq/pkgs/libnl-3.2.25/lib/../lib] ==> [/cm/shared/ex3-modules/202309a/huaq/pkgs/libnl-3.2.25/lib]
  collapse library dir [/cm/shared/ex3-modules/202309a/huaq/pkgs/numactl-2.0.13/lib/../lib] ==> [/cm/shared/ex3-modules/202309a/huaq/pkgs/numactl-2.0.13/lib]
  collapse library dir [/cm/shared/ex3-modules/202309a/huaq/pkgs/libevent-2.1.12-stable/lib/../lib] ==> [/cm/shared/ex3-modules/202309a/huaq/pkgs/libevent-2.1.12-stable/lib]
  collapse library dir [/cm/shared/ex3-modules/202309a/huaq/pkgs/knem-1.1.4/lib/../lib] ==> [/cm/shared/ex3-modules/202309a/huaq/pkgs/knem-1.1.4/lib]
  collapse library dir [/cm/shared/ex3-modules/202309a/huaq/pkgs/hwloc-2.7.1/lib/../lib] ==> [/cm/shared/ex3-modules/202309a/huaq/pkgs/hwloc-2.7.1/lib]
  collapse library dir [/cm/shared/ex3-modules/202309a/huaq/pkgs/libxml2-2.9.12/lib/../lib] ==> [/cm/shared/ex3-modules/202309a/huaq/pkgs/libxml2-2.9.12/lib]
  collapse library dir [/cm/shared/ex3-modules/202309a/huaq/pkgs/xz-5.2.7/lib/../lib] ==> [/cm/shared/ex3-modules/202309a/huaq/pkgs/xz-5.2.7/lib]
  collapse library dir [/usr/lib/gcc/aarch64-linux-gnu/11] ==> [/usr/lib/gcc/aarch64-linux-gnu/11]
  collapse library dir [/usr/lib/gcc/aarch64-linux-gnu/11/../../../aarch64-linux-gnu] ==> [/usr/lib/aarch64-linux-gnu]
  collapse library dir [/usr/lib/gcc/aarch64-linux-gnu/11/../../../../lib] ==> [/usr/lib]
  collapse library dir [/lib/aarch64-linux-gnu] ==> [/lib/aarch64-linux-gnu]
  collapse library dir [/lib/../lib] ==> [/lib]
  collapse library dir [/usr/lib/aarch64-linux-gnu] ==> [/usr/lib/aarch64-linux-gnu]
  collapse library dir [/usr/lib/../lib] ==> [/usr/lib]
  collapse library dir [/home/andreast/modules/arm/apps/flow/202309a/rpp-amgcpr-ghost-last/lib] ==> [/home/andreast/modules/arm/apps/flow/202309a/rpp-amgcpr-ghost-last/lib]
  collapse library dir [/home/andreast/modules/arm/apps/zoltan/202309a/12.16/lib] ==> [/home/andreast/modules/arm/apps/zoltan/202309a/12.16/lib]
  collapse library dir [/home/andreast/modules/arm/apps/dune/202309a/mod-2.7.1/lib] ==> [/home/andreast/modules/arm/apps/dune/202309a/mod-2.7.1/lib]
  collapse library dir [/cm/shared/ex3-modules/202309a/huaq/pkgs/suitesparse-32-5.12.0/lib] ==> [/cm/shared/ex3-modules/202309a/huaq/pkgs/suitesparse-32-5.12.0/lib]
  collapse library dir [/cm/shared/ex3-modules/202309a/huaq/pkgs/mpfr-4.0.2/lib] ==> [/cm/shared/ex3-modules/202309a/huaq/pkgs/mpfr-4.0.2/lib]
  collapse library dir [/cm/shared/ex3-modules/202309a/huaq/pkgs/gmp-6.3.0/lib] ==> [/cm/shared/ex3-modules/202309a/huaq/pkgs/gmp-6.3.0/lib]
  collapse library dir [/cm/shared/ex3-modules/202309a/huaq/pkgs/parmetis-32-4.0.3/lib] ==> [/cm/shared/ex3-modules/202309a/huaq/pkgs/parmetis-32-4.0.3/lib]
  collapse library dir [/cm/shared/ex3-modules/202309a/huaq/pkgs/metis-32-5.1.0/lib] ==> [/cm/shared/ex3-modules/202309a/huaq/pkgs/metis-32-5.1.0/lib]
  collapse library dir [/cm/shared/ex3-modules/202309a/huaq/pkgs/openblas-0.3.21/lib] ==> [/cm/shared/ex3-modules/202309a/huaq/pkgs/openblas-0.3.21/lib]
  collapse library dir [/cm/shared/ex3-modules/202309a/huaq/pkgs/boost-1.73.0/lib] ==> [/cm/shared/ex3-modules/202309a/huaq/pkgs/boost-1.73.0/lib]
  collapse library dir [/cm/shared/ex3-modules/202309a/huaq/pkgs/openmpi-4.1.4/lib] ==> [/cm/shared/ex3-modules/202309a/huaq/pkgs/openmpi-4.1.4/lib]
  collapse library dir [/cm/shared/ex3-modules/202309a/huaq/pkgs/util-linux-2.34/lib] ==> [/cm/shared/ex3-modules/202309a/huaq/pkgs/util-linux-2.34/lib]
  collapse library dir [/cm/shared/ex3-modules/202309a/huaq/pkgs/libfabric-1.17.0/lib] ==> [/cm/shared/ex3-modules/202309a/huaq/pkgs/libfabric-1.17.0/lib]
  collapse library dir [/cm/shared/ex3-modules/202309a/huaq/pkgs/ucx-1.12.1/lib] ==> [/cm/shared/ex3-modules/202309a/huaq/pkgs/ucx-1.12.1/lib]
  collapse library dir [/cm/shared/ex3-modules/202309a/huaq/pkgs/rdma-core-44.0/lib] ==> [/cm/shared/ex3-modules/202309a/huaq/pkgs/rdma-core-44.0/lib]
  collapse library dir [/cm/shared/ex3-modules/202309a/huaq/pkgs/libnl-3.2.25/lib] ==> [/cm/shared/ex3-modules/202309a/huaq/pkgs/libnl-3.2.25/lib]
  collapse library dir [/cm/shared/ex3-modules/202309a/huaq/pkgs/numactl-2.0.13/lib] ==> [/cm/shared/ex3-modules/202309a/huaq/pkgs/numactl-2.0.13/lib]
  collapse library dir [/cm/shared/ex3-modules/202309a/huaq/pkgs/libevent-2.1.12-stable/lib] ==> [/cm/shared/ex3-modules/202309a/huaq/pkgs/libevent-2.1.12-stable/lib]
  collapse library dir [/cm/shared/ex3-modules/202309a/huaq/pkgs/knem-1.1.4/lib] ==> [/cm/shared/ex3-modules/202309a/huaq/pkgs/knem-1.1.4/lib]
  collapse library dir [/cm/shared/ex3-modules/202309a/huaq/pkgs/hwloc-2.7.1/lib] ==> [/cm/shared/ex3-modules/202309a/huaq/pkgs/hwloc-2.7.1/lib]
  collapse library dir [/cm/shared/ex3-modules/202309a/huaq/pkgs/libxml2-2.9.12/lib] ==> [/cm/shared/ex3-modules/202309a/huaq/pkgs/libxml2-2.9.12/lib]
  collapse library dir [/cm/shared/ex3-modules/202309a/huaq/pkgs/xz-5.2.7/lib] ==> [/cm/shared/ex3-modules/202309a/huaq/pkgs/xz-5.2.7/lib]
  collapse library dir [/cm/shared/apps/slurm/current/lib64/slurm] ==> [/cm/shared/apps/slurm/current/lib64/slurm]
  collapse library dir [/cm/shared/apps/slurm/current/lib64] ==> [/cm/shared/apps/slurm/current/lib64]
  collapse library dir [/usr/lib/gcc/aarch64-linux-gnu/11/../../..] ==> [/usr/lib]
  implicit libs: [gfortran;m;gomp;gcc_s;gcc;m;gcc_s;gcc;pthread;c;gcc_s;gcc]
  implicit objs: []
  implicit dirs: [/home/andreast/modules/arm/apps/flow/202309a/rpp-amgcpr-ghost-last/lib;/home/andreast/modules/arm/apps/zoltan/202309a/12.16/lib;/home/andreast/modules/arm/apps/dune/202309a/mod-2.7.1/lib;/cm/shared/ex3-modules/202309a/huaq/pkgs/suitesparse-32-5.12.0/lib;/cm/shared/ex3-modules/202309a/huaq/pkgs/mpfr-4.0.2/lib;/cm/shared/ex3-modules/202309a/huaq/pkgs/gmp-6.3.0/lib;/cm/shared/ex3-modules/202309a/huaq/pkgs/parmetis-32-4.0.3/lib;/cm/shared/ex3-modules/202309a/huaq/pkgs/metis-32-5.1.0/lib;/cm/shared/ex3-modules/202309a/huaq/pkgs/openblas-0.3.21/lib;/cm/shared/ex3-modules/202309a/huaq/pkgs/boost-1.73.0/lib;/cm/shared/ex3-modules/202309a/huaq/pkgs/openmpi-4.1.4/lib;/cm/shared/ex3-modules/202309a/huaq/pkgs/util-linux-2.34/lib;/cm/shared/ex3-modules/202309a/huaq/pkgs/libfabric-1.17.0/lib;/cm/shared/ex3-modules/202309a/huaq/pkgs/ucx-1.12.1/lib;/cm/shared/ex3-modules/202309a/huaq/pkgs/rdma-core-44.0/lib;/cm/shared/ex3-modules/202309a/huaq/pkgs/libnl-3.2.25/lib;/cm/shared/ex3-modules/202309a/huaq/pkgs/numactl-2.0.13/lib;/cm/shared/ex3-modules/202309a/huaq/pkgs/libevent-2.1.12-stable/lib;/cm/shared/ex3-modules/202309a/huaq/pkgs/knem-1.1.4/lib;/cm/shared/ex3-modules/202309a/huaq/pkgs/hwloc-2.7.1/lib;/cm/shared/ex3-modules/202309a/huaq/pkgs/libxml2-2.9.12/lib;/cm/shared/ex3-modules/202309a/huaq/pkgs/xz-5.2.7/lib;/usr/lib/gcc/aarch64-linux-gnu/11;/usr/lib/aarch64-linux-gnu;/usr/lib;/lib/aarch64-linux-gnu;/lib;/cm/shared/apps/slurm/current/lib64/slurm;/cm/shared/apps/slurm/current/lib64]
  implicit fwks: []


Detecting Fortran OpenMP compiler ABI info compiled with the following output:
Change Dir: /home/erikhs/MatrixProblems/build_aarch64/CMakeFiles/CMakeTmp

Run Build Command(s):/usr/bin/gmake -f Makefile cmTC_96b91/fast && /usr/bin/gmake  -f CMakeFiles/cmTC_96b91.dir/build.make CMakeFiles/cmTC_96b91.dir/build
gmake[1]: Entering directory '/home/erikhs/MatrixProblems/build_aarch64/CMakeFiles/CMakeTmp'
Building Fortran object CMakeFiles/cmTC_96b91.dir/OpenMPTryFlag.f90.o
/usr/bin/gfortran   -fopenmp -v -O3 -DNDEBUG -O3 -fPIE -c /home/erikhs/MatrixProblems/build_aarch64/CMakeFiles/FindOpenMP/OpenMPTryFlag.f90 -o CMakeFiles/cmTC_96b91.dir/OpenMPTryFlag.f90.o
Using built-in specs.
COLLECT_GCC=/usr/bin/gfortran
Target: aarch64-linux-gnu
Configured with: ../src/configure -v --with-pkgversion='Ubuntu 11.4.0-1ubuntu1~22.04' --with-bugurl=file:///usr/share/doc/gcc-11/README.Bugs --enable-languages=c,ada,c++,go,d,fortran,objc,obj-c++,m2 --prefix=/usr --with-gcc-major-version-only --program-suffix=-11 --program-prefix=aarch64-linux-gnu- --enable-shared --enable-linker-build-id --libexecdir=/usr/lib --without-included-gettext --enable-threads=posix --libdir=/usr/lib --enable-nls --enable-bootstrap --enable-clocale=gnu --enable-libstdcxx-debug --enable-libstdcxx-time=yes --with-default-libstdcxx-abi=new --enable-gnu-unique-object --disable-libquadmath --disable-libquadmath-support --enable-plugin --enable-default-pie --with-system-zlib --enable-libphobos-checking=release --with-target-system-zlib=auto --enable-objc-gc=auto --enable-multiarch --enable-fix-cortex-a53-843419 --disable-werror --enable-checking=release --build=aarch64-linux-gnu --host=aarch64-linux-gnu --target=aarch64-linux-gnu --with-build-config=bootstrap-lto-lean --enable-link-serialization=2
Thread model: posix
Supported LTO compression algorithms: zlib zstd
gcc version 11.4.0 (Ubuntu 11.4.0-1ubuntu1~22.04) 
COLLECT_GCC_OPTIONS='-fopenmp' '-v' '-O3' '-D' 'NDEBUG' '-O3' '-fPIE' '-c' '-o' 'CMakeFiles/cmTC_96b91.dir/OpenMPTryFlag.f90.o' '-mlittle-endian' '-mabi=lp64' '-pthread' '-dumpdir' 'CMakeFiles/cmTC_96b91.dir/'
 /usr/lib/gcc/aarch64-linux-gnu/11/f951 /home/erikhs/MatrixProblems/build_aarch64/CMakeFiles/FindOpenMP/OpenMPTryFlag.f90 -quiet -dumpdir CMakeFiles/cmTC_96b91.dir/ -dumpbase OpenMPTryFlag.f90.f90 -dumpbase-ext .f90 -mlittle-endian -mabi=lp64 -O3 -O3 -version -fopenmp -fPIE -fintrinsic-modules-path /usr/lib/gcc/aarch64-linux-gnu/11/finclude -fpre-include=/usr/include/finclude/math-vector-fortran.h -o /tmp/ccf0UruZ.s
GNU Fortran (Ubuntu 11.4.0-1ubuntu1~22.04) version 11.4.0 (aarch64-linux-gnu)
	compiled by GNU C version 11.4.0, GMP version 6.2.1, MPFR version 4.1.0, MPC version 1.2.1, isl version isl-0.24-GMP

warning: GMP header version 6.2.1 differs from library version 6.3.0.
warning: MPFR header version 4.1.0 differs from library version 4.0.2.
GGC heuristics: --param ggc-min-expand=100 --param ggc-min-heapsize=131072
GNU Fortran2008 (Ubuntu 11.4.0-1ubuntu1~22.04) version 11.4.0 (aarch64-linux-gnu)
	compiled by GNU C version 11.4.0, GMP version 6.2.1, MPFR version 4.1.0, MPC version 1.2.1, isl version isl-0.24-GMP

warning: GMP header version 6.2.1 differs from library version 6.3.0.
warning: MPFR header version 4.1.0 differs from library version 4.0.2.
GGC heuristics: --param ggc-min-expand=100 --param ggc-min-heapsize=131072
COLLECT_GCC_OPTIONS='-fopenmp' '-v' '-O3' '-D' 'NDEBUG' '-O3' '-fPIE' '-c' '-o' 'CMakeFiles/cmTC_96b91.dir/OpenMPTryFlag.f90.o' '-mlittle-endian' '-mabi=lp64' '-pthread' '-dumpdir' 'CMakeFiles/cmTC_96b91.dir/'
 as -v -EL -mabi=lp64 -o CMakeFiles/cmTC_96b91.dir/OpenMPTryFlag.f90.o /tmp/ccf0UruZ.s
GNU assembler version 2.38 (aarch64-linux-gnu) using BFD version (GNU Binutils for Ubuntu) 2.38
COMPILER_PATH=/usr/lib/gcc/aarch64-linux-gnu/11/:/usr/lib/gcc/aarch64-linux-gnu/11/:/usr/lib/gcc/aarch64-linux-gnu/:/usr/lib/gcc/aarch64-linux-gnu/11/:/usr/lib/gcc/aarch64-linux-gnu/
LIBRARY_PATH=/home/andreast/modules/arm/apps/flow/202309a/rpp-amgcpr-ghost-last/lib/../lib/:/home/andreast/modules/arm/apps/zoltan/202309a/12.16/lib/../lib/:/home/andreast/modules/arm/apps/dune/202309a/mod-2.7.1/lib/../lib/:/cm/shared/ex3-modules/202309a/huaq/pkgs/suitesparse-32-5.12.0/lib/../lib/:/cm/shared/ex3-modules/202309a/huaq/pkgs/mpfr-4.0.2/lib/../lib/:/cm/shared/ex3-modules/202309a/huaq/pkgs/gmp-6.3.0/lib/../lib/:/cm/shared/ex3-modules/202309a/huaq/pkgs/parmetis-32-4.0.3/lib/../lib/:/cm/shared/ex3-modules/202309a/huaq/pkgs/metis-32-5.1.0/lib/../lib/:/cm/shared/ex3-modules/202309a/huaq/pkgs/openblas-0.3.21/lib/../lib/:/cm/shared/ex3-modules/202309a/huaq/pkgs/boost-1.73.0/lib/../lib/:/cm/shared/ex3-modules/202309a/huaq/pkgs/openmpi-4.1.4/lib/../lib/:/cm/shared/ex3-modules/202309a/huaq/pkgs/util-linux-2.34/lib/../lib/:/cm/shared/ex3-modules/202309a/huaq/pkgs/libfabric-1.17.0/lib/../lib/:/cm/shared/ex3-modules/202309a/huaq/pkgs/ucx-1.12.1/lib/../lib/:/cm/shared/ex3-modules/202309a/huaq/pkgs/rdma-core-44.0/lib/../lib/:/cm/shared/ex3-modules/202309a/huaq/pkgs/libnl-3.2.25/lib/../lib/:/cm/shared/ex3-modules/202309a/huaq/pkgs/numactl-2.0.13/lib/../lib/:/cm/shared/ex3-modules/202309a/huaq/pkgs/libevent-2.1.12-stable/lib/../lib/:/cm/shared/ex3-modules/202309a/huaq/pkgs/knem-1.1.4/lib/../lib/:/cm/shared/ex3-modules/202309a/huaq/pkgs/hwloc-2.7.1/lib/../lib/:/cm/shared/ex3-modules/202309a/huaq/pkgs/libxml2-2.9.12/lib/../lib/:/cm/shared/ex3-modules/202309a/huaq/pkgs/xz-5.2.7/lib/../lib/:/usr/lib/gcc/aarch64-linux-gnu/11/:/usr/lib/gcc/aarch64-linux-gnu/11/../../../aarch64-linux-gnu/:/usr/lib/gcc/aarch64-linux-gnu/11/../../../../lib/:/lib/aarch64-linux-gnu/:/lib/../lib/:/usr/lib/aarch64-linux-gnu/:/usr/lib/../lib/:/home/andreast/modules/arm/apps/flow/202309a/rpp-amgcpr-ghost-last/lib/:/home/andreast/modules/arm/apps/zoltan/202309a/12.16/lib/:/home/andreast/modules/arm/apps/dune/202309a/mod-2.7.1/lib/:/cm/shared/ex3-modules/202309a/huaq/pkgs/suitesparse-32-5.12.0/lib/:/cm/shared/ex3-modules/202309a/huaq/pkgs/mpfr-4.0.2/lib/:/cm/shared/ex3-modules/202309a/huaq/pkgs/gmp-6.3.0/lib/:/cm/shared/ex3-modules/202309a/huaq/pkgs/parmetis-32-4.0.3/lib/:/cm/shared/ex3-modules/202309a/huaq/pkgs/metis-32-5.1.0/lib/:/cm/shared/ex3-modules/202309a/huaq/pkgs/openblas-0.3.21/lib/:/cm/shared/ex3-modules/202309a/huaq/pkgs/boost-1.73.0/lib/:/cm/shared/ex3-modules/202309a/huaq/pkgs/openmpi-4.1.4/lib/:/cm/shared/ex3-modules/202309a/huaq/pkgs/util-linux-2.34/lib/:/cm/shared/ex3-modules/202309a/huaq/pkgs/libfabric-1.17.0/lib/:/cm/shared/ex3-modules/202309a/huaq/pkgs/ucx-1.12.1/lib/:/cm/shared/ex3-modules/202309a/huaq/pkgs/rdma-core-44.0/lib/:/cm/shared/ex3-modules/202309a/huaq/pkgs/libnl-3.2.25/lib/:/cm/shared/ex3-modules/202309a/huaq/pkgs/numactl-2.0.13/lib/:/cm/shared/ex3-modules/202309a/huaq/pkgs/libevent-2.1.12-stable/lib/:/cm/shared/ex3-modules/202309a/huaq/pkgs/knem-1.1.4/lib/:/cm/shared/ex3-modules/202309a/huaq/pkgs/hwloc-2.7.1/lib/:/cm/shared/ex3-modules/202309a/huaq/pkgs/libxml2-2.9.12/lib/:/cm/shared/ex3-modules/202309a/huaq/pkgs/xz-5.2.7/lib/:/cm/shared/apps/slurm/current/lib64/slurm/:/cm/shared/apps/slurm/current/lib64/:/usr/lib/gcc/aarch64-linux-gnu/11/../../../:/lib/:/usr/lib/
COLLECT_GCC_OPTIONS='-fopenmp' '-v' '-O3' '-D' 'NDEBUG' '-O3' '-fPIE' '-c' '-o' 'CMakeFiles/cmTC_96b91.dir/OpenMPTryFlag.f90.o' '-mlittle-endian' '-mabi=lp64' '-pthread' '-dumpdir' 'CMakeFiles/cmTC_96b91.dir/OpenMPTryFlag.f90.'
Linking Fortran executable cmTC_96b91
/cm/shared/ex3-modules/202309a/huaq/pkgs/cmake-3.22.3/bin/cmake -E cmake_link_script CMakeFiles/cmTC_96b91.dir/link.txt --verbose=1
/usr/bin/gfortran  -fopenmp -v -O3 -DNDEBUG -O3 CMakeFiles/cmTC_96b91.dir/OpenMPTryFlag.f90.o -o cmTC_96b91  -v 
Driving: /usr/bin/gfortran -fopenmp -v -O3 -DNDEBUG -O3 CMakeFiles/cmTC_96b91.dir/OpenMPTryFlag.f90.o -o cmTC_96b91 -v -l gfortran -l m -shared-libgcc
Using built-in specs.
COLLECT_GCC=/usr/bin/gfortran
COLLECT_LTO_WRAPPER=/usr/lib/gcc/aarch64-linux-gnu/11/lto-wrapper
Target: aarch64-linux-gnu
Configured with: ../src/configure -v --with-pkgversion='Ubuntu 11.4.0-1ubuntu1~22.04' --with-bugurl=file:///usr/share/doc/gcc-11/README.Bugs --enable-languages=c,ada,c++,go,d,fortran,objc,obj-c++,m2 --prefix=/usr --with-gcc-major-version-only --program-suffix=-11 --program-prefix=aarch64-linux-gnu- --enable-shared --enable-linker-build-id --libexecdir=/usr/lib --without-included-gettext --enable-threads=posix --libdir=/usr/lib --enable-nls --enable-bootstrap --enable-clocale=gnu --enable-libstdcxx-debug --enable-libstdcxx-time=yes --with-default-libstdcxx-abi=new --enable-gnu-unique-object --disable-libquadmath --disable-libquadmath-support --enable-plugin --enable-default-pie --with-system-zlib --enable-libphobos-checking=release --with-target-system-zlib=auto --enable-objc-gc=auto --enable-multiarch --enable-fix-cortex-a53-843419 --disable-werror --enable-checking=release --build=aarch64-linux-gnu --host=aarch64-linux-gnu --target=aarch64-linux-gnu --with-build-config=bootstrap-lto-lean --enable-link-serialization=2
Thread model: posix
Supported LTO compression algorithms: zlib zstd
gcc version 11.4.0 (Ubuntu 11.4.0-1ubuntu1~22.04) 
Reading specs from /usr/lib/gcc/aarch64-linux-gnu/11/libgfortran.spec
rename spec lib to liborig
COLLECT_GCC_OPTIONS='-fopenmp' '-v' '-O3' '-D' 'NDEBUG' '-O3' '-o' 'cmTC_96b91' '-v' '-shared-libgcc' '-mlittle-endian' '-mabi=lp64' '-pthread' '-dumpdir' 'cmTC_96b91-'
COMPILER_PATH=/usr/lib/gcc/aarch64-linux-gnu/11/:/usr/lib/gcc/aarch64-linux-gnu/11/:/usr/lib/gcc/aarch64-linux-gnu/:/usr/lib/gcc/aarch64-linux-gnu/11/:/usr/lib/gcc/aarch64-linux-gnu/
LIBRARY_PATH=/home/andreast/modules/arm/apps/flow/202309a/rpp-amgcpr-ghost-last/lib/../lib/:/home/andreast/modules/arm/apps/zoltan/202309a/12.16/lib/../lib/:/home/andreast/modules/arm/apps/dune/202309a/mod-2.7.1/lib/../lib/:/cm/shared/ex3-modules/202309a/huaq/pkgs/suitesparse-32-5.12.0/lib/../lib/:/cm/shared/ex3-modules/202309a/huaq/pkgs/mpfr-4.0.2/lib/../lib/:/cm/shared/ex3-modules/202309a/huaq/pkgs/gmp-6.3.0/lib/../lib/:/cm/shared/ex3-modules/202309a/huaq/pkgs/parmetis-32-4.0.3/lib/../lib/:/cm/shared/ex3-modules/202309a/huaq/pkgs/metis-32-5.1.0/lib/../lib/:/cm/shared/ex3-modules/202309a/huaq/pkgs/openblas-0.3.21/lib/../lib/:/cm/shared/ex3-modules/202309a/huaq/pkgs/boost-1.73.0/lib/../lib/:/cm/shared/ex3-modules/202309a/huaq/pkgs/openmpi-4.1.4/lib/../lib/:/cm/shared/ex3-modules/202309a/huaq/pkgs/util-linux-2.34/lib/../lib/:/cm/shared/ex3-modules/202309a/huaq/pkgs/libfabric-1.17.0/lib/../lib/:/cm/shared/ex3-modules/202309a/huaq/pkgs/ucx-1.12.1/lib/../lib/:/cm/shared/ex3-modules/202309a/huaq/pkgs/rdma-core-44.0/lib/../lib/:/cm/shared/ex3-modules/202309a/huaq/pkgs/libnl-3.2.25/lib/../lib/:/cm/shared/ex3-modules/202309a/huaq/pkgs/numactl-2.0.13/lib/../lib/:/cm/shared/ex3-modules/202309a/huaq/pkgs/libevent-2.1.12-stable/lib/../lib/:/cm/shared/ex3-modules/202309a/huaq/pkgs/knem-1.1.4/lib/../lib/:/cm/shared/ex3-modules/202309a/huaq/pkgs/hwloc-2.7.1/lib/../lib/:/cm/shared/ex3-modules/202309a/huaq/pkgs/libxml2-2.9.12/lib/../lib/:/cm/shared/ex3-modules/202309a/huaq/pkgs/xz-5.2.7/lib/../lib/:/usr/lib/gcc/aarch64-linux-gnu/11/:/usr/lib/gcc/aarch64-linux-gnu/11/../../../aarch64-linux-gnu/:/usr/lib/gcc/aarch64-linux-gnu/11/../../../../lib/:/lib/aarch64-linux-gnu/:/lib/../lib/:/usr/lib/aarch64-linux-gnu/:/usr/lib/../lib/:/home/andreast/modules/arm/apps/flow/202309a/rpp-amgcpr-ghost-last/lib/:/home/andreast/modules/arm/apps/zoltan/202309a/12.16/lib/:/home/andreast/modules/arm/apps/dune/202309a/mod-2.7.1/lib/:/cm/shared/ex3-modules/202309a/huaq/pkgs/suitesparse-32-5.12.0/lib/:/cm/shared/ex3-modules/202309a/huaq/pkgs/mpfr-4.0.2/lib/:/cm/shared/ex3-modules/202309a/huaq/pkgs/gmp-6.3.0/lib/:/cm/shared/ex3-modules/202309a/huaq/pkgs/parmetis-32-4.0.3/lib/:/cm/shared/ex3-modules/202309a/huaq/pkgs/metis-32-5.1.0/lib/:/cm/shared/ex3-modules/202309a/huaq/pkgs/openblas-0.3.21/lib/:/cm/shared/ex3-modules/202309a/huaq/pkgs/boost-1.73.0/lib/:/cm/shared/ex3-modules/202309a/huaq/pkgs/openmpi-4.1.4/lib/:/cm/shared/ex3-modules/202309a/huaq/pkgs/util-linux-2.34/lib/:/cm/shared/ex3-modules/202309a/huaq/pkgs/libfabric-1.17.0/lib/:/cm/shared/ex3-modules/202309a/huaq/pkgs/ucx-1.12.1/lib/:/cm/shared/ex3-modules/202309a/huaq/pkgs/rdma-core-44.0/lib/:/cm/shared/ex3-modules/202309a/huaq/pkgs/libnl-3.2.25/lib/:/cm/shared/ex3-modules/202309a/huaq/pkgs/numactl-2.0.13/lib/:/cm/shared/ex3-modules/202309a/huaq/pkgs/libevent-2.1.12-stable/lib/:/cm/shared/ex3-modules/202309a/huaq/pkgs/knem-1.1.4/lib/:/cm/shared/ex3-modules/202309a/huaq/pkgs/hwloc-2.7.1/lib/:/cm/shared/ex3-modules/202309a/huaq/pkgs/libxml2-2.9.12/lib/:/cm/shared/ex3-modules/202309a/huaq/pkgs/xz-5.2.7/lib/:/cm/shared/apps/slurm/current/lib64/slurm/:/cm/shared/apps/slurm/current/lib64/:/usr/lib/gcc/aarch64-linux-gnu/11/../../../:/lib/:/usr/lib/
Reading specs from /usr/lib/gcc/aarch64-linux-gnu/11/libgomp.spec
COLLECT_GCC_OPTIONS='-fopenmp' '-v' '-O3' '-D' 'NDEBUG' '-O3' '-o' 'cmTC_96b91' '-v' '-shared-libgcc' '-mlittle-endian' '-mabi=lp64' '-pthread' '-dumpdir' 'cmTC_96b91.'
 /usr/lib/gcc/aarch64-linux-gnu/11/collect2 -plugin /usr/lib/gcc/aarch64-linux-gnu/11/liblto_plugin.so -plugin-opt=/usr/lib/gcc/aarch64-linux-gnu/11/lto-wrapper -plugin-opt=-fresolution=/tmp/ccun35O4.res -plugin-opt=-pass-through=-lgcc_s -plugin-opt=-pass-through=-lgcc -plugin-opt=-pass-through=-lm -plugin-opt=-pass-through=-lgcc_s -plugin-opt=-pass-through=-lgcc -plugin-opt=-pass-through=-lpthread -plugin-opt=-pass-through=-lc -plugin-opt=-pass-through=-lgcc_s -plugin-opt=-pass-through=-lgcc --build-id --eh-frame-hdr --hash-style=gnu --as-needed -dynamic-linker /lib/ld-linux-aarch64.so.1 -X -EL -maarch64linux --fix-cortex-a53-843419 -pie -z now -z relro -o cmTC_96b91 /usr/lib/gcc/aarch64-linux-gnu/11/../../../aarch64-linux-gnu/Scrt1.o /usr/lib/gcc/aarch64-linux-gnu/11/../../../aarch64-linux-gnu/crti.o /usr/lib/gcc/aarch64-linux-gnu/11/crtbeginS.o -L/home/andreast/modules/arm/apps/flow/202309a/rpp-amgcpr-ghost-last/lib/../lib -L/home/andreast/modules/arm/apps/zoltan/202309a/12.16/lib/../lib -L/home/andreast/modules/arm/apps/dune/202309a/mod-2.7.1/lib/../lib -L/cm/shared/ex3-modules/202309a/huaq/pkgs/suitesparse-32-5.12.0/lib/../lib -L/cm/shared/ex3-modules/202309a/huaq/pkgs/mpfr-4.0.2/lib/../lib -L/cm/shared/ex3-modules/202309a/huaq/pkgs/gmp-6.3.0/lib/../lib -L/cm/shared/ex3-modules/202309a/huaq/pkgs/parmetis-32-4.0.3/lib/../lib -L/cm/shared/ex3-modules/202309a/huaq/pkgs/metis-32-5.1.0/lib/../lib -L/cm/shared/ex3-modules/202309a/huaq/pkgs/openblas-0.3.21/lib/../lib -L/cm/shared/ex3-modules/202309a/huaq/pkgs/boost-1.73.0/lib/../lib -L/cm/shared/ex3-modules/202309a/huaq/pkgs/openmpi-4.1.4/lib/../lib -L/cm/shared/ex3-modules/202309a/huaq/pkgs/util-linux-2.34/lib/../lib -L/cm/shared/ex3-modules/202309a/huaq/pkgs/libfabric-1.17.0/lib/../lib -L/cm/shared/ex3-modules/202309a/huaq/pkgs/ucx-1.12.1/lib/../lib -L/cm/shared/ex3-modules/202309a/huaq/pkgs/rdma-core-44.0/lib/../lib -L/cm/shared/ex3-modules/202309a/huaq/pkgs/libnl-3.2.25/lib/../lib -L/cm/shared/ex3-modules/202309a/huaq/pkgs/numactl-2.0.13/lib/../lib -L/cm/shared/ex3-modules/202309a/huaq/pkgs/libevent-2.1.12-stable/lib/../lib -L/cm/shared/ex3-modules/202309a/huaq/pkgs/knem-1.1.4/lib/../lib -L/cm/shared/ex3-modules/202309a/huaq/pkgs/hwloc-2.7.1/lib/../lib -L/cm/shared/ex3-modules/202309a/huaq/pkgs/libxml2-2.9.12/lib/../lib -L/cm/shared/ex3-modules/202309a/huaq/pkgs/xz-5.2.7/lib/../lib -L/usr/lib/gcc/aarch64-linux-gnu/11 -L/usr/lib/gcc/aarch64-linux-gnu/11/../../../aarch64-linux-gnu -L/usr/lib/gcc/aarch64-linux-gnu/11/../../../../lib -L/lib/aarch64-linux-gnu -L/lib/../lib -L/usr/lib/aarch64-linux-gnu -L/usr/lib/../lib -L/home/andreast/modules/arm/apps/flow/202309a/rpp-amgcpr-ghost-last/lib -L/home/andreast/modules/arm/apps/zoltan/202309a/12.16/lib -L/home/andreast/modules/arm/apps/dune/202309a/mod-2.7.1/lib -L/cm/shared/ex3-modules/202309a/huaq/pkgs/suitesparse-32-5.12.0/lib -L/cm/shared/ex3-modules/202309a/huaq/pkgs/mpfr-4.0.2/lib -L/cm/shared/ex3-modules/202309a/huaq/pkgs/gmp-6.3.0/lib -L/cm/shared/ex3-modules/202309a/huaq/pkgs/parmetis-32-4.0.3/lib -L/cm/shared/ex3-modules/202309a/huaq/pkgs/metis-32-5.1.0/lib -L/cm/shared/ex3-modules/202309a/huaq/pkgs/openblas-0.3.21/lib -L/cm/shared/ex3-modules/202309a/huaq/pkgs/boost-1.73.0/lib -L/cm/shared/ex3-modules/202309a/huaq/pkgs/openmpi-4.1.4/lib -L/cm/shared/ex3-modules/202309a/huaq/pkgs/util-linux-2.34/lib -L/cm/shared/ex3-modules/202309a/huaq/pkgs/libfabric-1.17.0/lib -L/cm/shared/ex3-modules/202309a/huaq/pkgs/ucx-1.12.1/lib -L/cm/shared/ex3-modules/202309a/huaq/pkgs/rdma-core-44.0/lib -L/cm/shared/ex3-modules/202309a/huaq/pkgs/libnl-3.2.25/lib -L/cm/shared/ex3-modules/202309a/huaq/pkgs/numactl-2.0.13/lib -L/cm/shared/ex3-modules/202309a/huaq/pkgs/libevent-2.1.12-stable/lib -L/cm/shared/ex3-modules/202309a/huaq/pkgs/knem-1.1.4/lib -L/cm/shared/ex3-modules/202309a/huaq/pkgs/hwloc-2.7.1/lib -L/cm/shared/ex3-modules/202309a/huaq/pkgs/libxml2-2.9.12/lib -L/cm/shared/ex3-modules/202309a/huaq/pkgs/xz-5.2.7/lib -L/cm/shared/apps/slurm/current/lib64/slurm -L/cm/shared/apps/slurm/current/lib64 -L/usr/lib/gcc/aarch64-linux-gnu/11/../../.. CMakeFiles/cmTC_96b91.dir/OpenMPTryFlag.f90.o -lgfortran -lm -lgomp -lgcc_s -lgcc -lm -lgcc_s -lgcc -lpthread -lc -lgcc_s -lgcc /usr/lib/gcc/aarch64-linux-gnu/11/crtendS.o /usr/lib/gcc/aarch64-linux-gnu/11/../../../aarch64-linux-gnu/crtn.o
COLLECT_GCC_OPTIONS='-fopenmp' '-v' '-O3' '-D' 'NDEBUG' '-O3' '-o' 'cmTC_96b91' '-v' '-shared-libgcc' '-mlittle-endian' '-mabi=lp64' '-pthread' '-dumpdir' 'cmTC_96b91.'
gmake[1]: Leaving directory '/home/erikhs/MatrixProblems/build_aarch64/CMakeFiles/CMakeTmp'



Parsed Fortran OpenMP implicit link information from above output:
  link line regex: [^( *|.*[/\])(ld|CMAKE_LINK_STARTFILE-NOTFOUND|([^/\]+-)?ld|collect2)[^/\]*( |$)]
  ignore line: [Change Dir: /home/erikhs/MatrixProblems/build_aarch64/CMakeFiles/CMakeTmp]
  ignore line: []
  ignore line: [Run Build Command(s):/usr/bin/gmake -f Makefile cmTC_96b91/fast && /usr/bin/gmake  -f CMakeFiles/cmTC_96b91.dir/build.make CMakeFiles/cmTC_96b91.dir/build]
  ignore line: [gmake[1]: Entering directory '/home/erikhs/MatrixProblems/build_aarch64/CMakeFiles/CMakeTmp']
  ignore line: [Building Fortran object CMakeFiles/cmTC_96b91.dir/OpenMPTryFlag.f90.o]
  ignore line: [/usr/bin/gfortran   -fopenmp -v -O3 -DNDEBUG -O3 -fPIE -c /home/erikhs/MatrixProblems/build_aarch64/CMakeFiles/FindOpenMP/OpenMPTryFlag.f90 -o CMakeFiles/cmTC_96b91.dir/OpenMPTryFlag.f90.o]
  ignore line: [Using built-in specs.]
  ignore line: [COLLECT_GCC=/usr/bin/gfortran]
  ignore line: [Target: aarch64-linux-gnu]
  ignore line: [Configured with: ../src/configure -v --with-pkgversion='Ubuntu 11.4.0-1ubuntu1~22.04' --with-bugurl=file:///usr/share/doc/gcc-11/README.Bugs --enable-languages=c ada c++ go d fortran objc obj-c++ m2 --prefix=/usr --with-gcc-major-version-only --program-suffix=-11 --program-prefix=aarch64-linux-gnu- --enable-shared --enable-linker-build-id --libexecdir=/usr/lib --without-included-gettext --enable-threads=posix --libdir=/usr/lib --enable-nls --enable-bootstrap --enable-clocale=gnu --enable-libstdcxx-debug --enable-libstdcxx-time=yes --with-default-libstdcxx-abi=new --enable-gnu-unique-object --disable-libquadmath --disable-libquadmath-support --enable-plugin --enable-default-pie --with-system-zlib --enable-libphobos-checking=release --with-target-system-zlib=auto --enable-objc-gc=auto --enable-multiarch --enable-fix-cortex-a53-843419 --disable-werror --enable-checking=release --build=aarch64-linux-gnu --host=aarch64-linux-gnu --target=aarch64-linux-gnu --with-build-config=bootstrap-lto-lean --enable-link-serialization=2]
  ignore line: [Thread model: posix]
  ignore line: [Supported LTO compression algorithms: zlib zstd]
  ignore line: [gcc version 11.4.0 (Ubuntu 11.4.0-1ubuntu1~22.04) ]
  ignore line: [COLLECT_GCC_OPTIONS='-fopenmp' '-v' '-O3' '-D' 'NDEBUG' '-O3' '-fPIE' '-c' '-o' 'CMakeFiles/cmTC_96b91.dir/OpenMPTryFlag.f90.o' '-mlittle-endian' '-mabi=lp64' '-pthread' '-dumpdir' 'CMakeFiles/cmTC_96b91.dir/']
  ignore line: [ /usr/lib/gcc/aarch64-linux-gnu/11/f951 /home/erikhs/MatrixProblems/build_aarch64/CMakeFiles/FindOpenMP/OpenMPTryFlag.f90 -quiet -dumpdir CMakeFiles/cmTC_96b91.dir/ -dumpbase OpenMPTryFlag.f90.f90 -dumpbase-ext .f90 -mlittle-endian -mabi=lp64 -O3 -O3 -version -fopenmp -fPIE -fintrinsic-modules-path /usr/lib/gcc/aarch64-linux-gnu/11/finclude -fpre-include=/usr/include/finclude/math-vector-fortran.h -o /tmp/ccf0UruZ.s]
  ignore line: [GNU Fortran (Ubuntu 11.4.0-1ubuntu1~22.04) version 11.4.0 (aarch64-linux-gnu)]
  ignore line: [	compiled by GNU C version 11.4.0  GMP version 6.2.1  MPFR version 4.1.0  MPC version 1.2.1  isl version isl-0.24-GMP]
  ignore line: []
  ignore line: [warning: GMP header version 6.2.1 differs from library version 6.3.0.]
  ignore line: [warning: MPFR header version 4.1.0 differs from library version 4.0.2.]
  ignore line: [GGC heuristics: --param ggc-min-expand=100 --param ggc-min-heapsize=131072]
  ignore line: [GNU Fortran2008 (Ubuntu 11.4.0-1ubuntu1~22.04) version 11.4.0 (aarch64-linux-gnu)]
  ignore line: [	compiled by GNU C version 11.4.0  GMP version 6.2.1  MPFR version 4.1.0  MPC version 1.2.1  isl version isl-0.24-GMP]
  ignore line: []
  ignore line: [warning: GMP header version 6.2.1 differs from library version 6.3.0.]
  ignore line: [warning: MPFR header version 4.1.0 differs from library version 4.0.2.]
  ignore line: [GGC heuristics: --param ggc-min-expand=100 --param ggc-min-heapsize=131072]
  ignore line: [COLLECT_GCC_OPTIONS='-fopenmp' '-v' '-O3' '-D' 'NDEBUG' '-O3' '-fPIE' '-c' '-o' 'CMakeFiles/cmTC_96b91.dir/OpenMPTryFlag.f90.o' '-mlittle-endian' '-mabi=lp64' '-pthread' '-dumpdir' 'CMakeFiles/cmTC_96b91.dir/']
  ignore line: [ as -v -EL -mabi=lp64 -o CMakeFiles/cmTC_96b91.dir/OpenMPTryFlag.f90.o /tmp/ccf0UruZ.s]
  ignore line: [GNU assembler version 2.38 (aarch64-linux-gnu) using BFD version (GNU Binutils for Ubuntu) 2.38]
  ignore line: [COMPILER_PATH=/usr/lib/gcc/aarch64-linux-gnu/11/:/usr/lib/gcc/aarch64-linux-gnu/11/:/usr/lib/gcc/aarch64-linux-gnu/:/usr/lib/gcc/aarch64-linux-gnu/11/:/usr/lib/gcc/aarch64-linux-gnu/]
  ignore line: [LIBRARY_PATH=/home/andreast/modules/arm/apps/flow/202309a/rpp-amgcpr-ghost-last/lib/../lib/:/home/andreast/modules/arm/apps/zoltan/202309a/12.16/lib/../lib/:/home/andreast/modules/arm/apps/dune/202309a/mod-2.7.1/lib/../lib/:/cm/shared/ex3-modules/202309a/huaq/pkgs/suitesparse-32-5.12.0/lib/../lib/:/cm/shared/ex3-modules/202309a/huaq/pkgs/mpfr-4.0.2/lib/../lib/:/cm/shared/ex3-modules/202309a/huaq/pkgs/gmp-6.3.0/lib/../lib/:/cm/shared/ex3-modules/202309a/huaq/pkgs/parmetis-32-4.0.3/lib/../lib/:/cm/shared/ex3-modules/202309a/huaq/pkgs/metis-32-5.1.0/lib/../lib/:/cm/shared/ex3-modules/202309a/huaq/pkgs/openblas-0.3.21/lib/../lib/:/cm/shared/ex3-modules/202309a/huaq/pkgs/boost-1.73.0/lib/../lib/:/cm/shared/ex3-modules/202309a/huaq/pkgs/openmpi-4.1.4/lib/../lib/:/cm/shared/ex3-modules/202309a/huaq/pkgs/util-linux-2.34/lib/../lib/:/cm/shared/ex3-modules/202309a/huaq/pkgs/libfabric-1.17.0/lib/../lib/:/cm/shared/ex3-modules/202309a/huaq/pkgs/ucx-1.12.1/lib/../lib/:/cm/shared/ex3-modules/202309a/huaq/pkgs/rdma-core-44.0/lib/../lib/:/cm/shared/ex3-modules/202309a/huaq/pkgs/libnl-3.2.25/lib/../lib/:/cm/shared/ex3-modules/202309a/huaq/pkgs/numactl-2.0.13/lib/../lib/:/cm/shared/ex3-modules/202309a/huaq/pkgs/libevent-2.1.12-stable/lib/../lib/:/cm/shared/ex3-modules/202309a/huaq/pkgs/knem-1.1.4/lib/../lib/:/cm/shared/ex3-modules/202309a/huaq/pkgs/hwloc-2.7.1/lib/../lib/:/cm/shared/ex3-modules/202309a/huaq/pkgs/libxml2-2.9.12/lib/../lib/:/cm/shared/ex3-modules/202309a/huaq/pkgs/xz-5.2.7/lib/../lib/:/usr/lib/gcc/aarch64-linux-gnu/11/:/usr/lib/gcc/aarch64-linux-gnu/11/../../../aarch64-linux-gnu/:/usr/lib/gcc/aarch64-linux-gnu/11/../../../../lib/:/lib/aarch64-linux-gnu/:/lib/../lib/:/usr/lib/aarch64-linux-gnu/:/usr/lib/../lib/:/home/andreast/modules/arm/apps/flow/202309a/rpp-amgcpr-ghost-last/lib/:/home/andreast/modules/arm/apps/zoltan/202309a/12.16/lib/:/home/andreast/modules/arm/apps/dune/202309a/mod-2.7.1/lib/:/cm/shared/ex3-modules/202309a/huaq/pkgs/suitesparse-32-5.12.0/lib/:/cm/shared/ex3-modules/202309a/huaq/pkgs/mpfr-4.0.2/lib/:/cm/shared/ex3-modules/202309a/huaq/pkgs/gmp-6.3.0/lib/:/cm/shared/ex3-modules/202309a/huaq/pkgs/parmetis-32-4.0.3/lib/:/cm/shared/ex3-modules/202309a/huaq/pkgs/metis-32-5.1.0/lib/:/cm/shared/ex3-modules/202309a/huaq/pkgs/openblas-0.3.21/lib/:/cm/shared/ex3-modules/202309a/huaq/pkgs/boost-1.73.0/lib/:/cm/shared/ex3-modules/202309a/huaq/pkgs/openmpi-4.1.4/lib/:/cm/shared/ex3-modules/202309a/huaq/pkgs/util-linux-2.34/lib/:/cm/shared/ex3-modules/202309a/huaq/pkgs/libfabric-1.17.0/lib/:/cm/shared/ex3-modules/202309a/huaq/pkgs/ucx-1.12.1/lib/:/cm/shared/ex3-modules/202309a/huaq/pkgs/rdma-core-44.0/lib/:/cm/shared/ex3-modules/202309a/huaq/pkgs/libnl-3.2.25/lib/:/cm/shared/ex3-modules/202309a/huaq/pkgs/numactl-2.0.13/lib/:/cm/shared/ex3-modules/202309a/huaq/pkgs/libevent-2.1.12-stable/lib/:/cm/shared/ex3-modules/202309a/huaq/pkgs/knem-1.1.4/lib/:/cm/shared/ex3-modules/202309a/huaq/pkgs/hwloc-2.7.1/lib/:/cm/shared/ex3-modules/202309a/huaq/pkgs/libxml2-2.9.12/lib/:/cm/shared/ex3-modules/202309a/huaq/pkgs/xz-5.2.7/lib/:/cm/shared/apps/slurm/current/lib64/slurm/:/cm/shared/apps/slurm/current/lib64/:/usr/lib/gcc/aarch64-linux-gnu/11/../../../:/lib/:/usr/lib/]
  ignore line: [COLLECT_GCC_OPTIONS='-fopenmp' '-v' '-O3' '-D' 'NDEBUG' '-O3' '-fPIE' '-c' '-o' 'CMakeFiles/cmTC_96b91.dir/OpenMPTryFlag.f90.o' '-mlittle-endian' '-mabi=lp64' '-pthread' '-dumpdir' 'CMakeFiles/cmTC_96b91.dir/OpenMPTryFlag.f90.']
  ignore line: [Linking Fortran executable cmTC_96b91]
  ignore line: [/cm/shared/ex3-modules/202309a/huaq/pkgs/cmake-3.22.3/bin/cmake -E cmake_link_script CMakeFiles/cmTC_96b91.dir/link.txt --verbose=1]
  ignore line: [/usr/bin/gfortran  -fopenmp -v -O3 -DNDEBUG -O3 CMakeFiles/cmTC_96b91.dir/OpenMPTryFlag.f90.o -o cmTC_96b91  -v ]
  ignore line: [Driving: /usr/bin/gfortran -fopenmp -v -O3 -DNDEBUG -O3 CMakeFiles/cmTC_96b91.dir/OpenMPTryFlag.f90.o -o cmTC_96b91 -v -l gfortran -l m -shared-libgcc]
  ignore line: [Using built-in specs.]
  ignore line: [COLLECT_GCC=/usr/bin/gfortran]
  ignore line: [COLLECT_LTO_WRAPPER=/usr/lib/gcc/aarch64-linux-gnu/11/lto-wrapper]
  ignore line: [Target: aarch64-linux-gnu]
  ignore line: [Configured with: ../src/configure -v --with-pkgversion='Ubuntu 11.4.0-1ubuntu1~22.04' --with-bugurl=file:///usr/share/doc/gcc-11/README.Bugs --enable-languages=c ada c++ go d fortran objc obj-c++ m2 --prefix=/usr --with-gcc-major-version-only --program-suffix=-11 --program-prefix=aarch64-linux-gnu- --enable-shared --enable-linker-build-id --libexecdir=/usr/lib --without-included-gettext --enable-threads=posix --libdir=/usr/lib --enable-nls --enable-bootstrap --enable-clocale=gnu --enable-libstdcxx-debug --enable-libstdcxx-time=yes --with-default-libstdcxx-abi=new --enable-gnu-unique-object --disable-libquadmath --disable-libquadmath-support --enable-plugin --enable-default-pie --with-system-zlib --enable-libphobos-checking=release --with-target-system-zlib=auto --enable-objc-gc=auto --enable-multiarch --enable-fix-cortex-a53-843419 --disable-werror --enable-checking=release --build=aarch64-linux-gnu --host=aarch64-linux-gnu --target=aarch64-linux-gnu --with-build-config=bootstrap-lto-lean --enable-link-serialization=2]
  ignore line: [Thread model: posix]
  ignore line: [Supported LTO compression algorithms: zlib zstd]
  ignore line: [gcc version 11.4.0 (Ubuntu 11.4.0-1ubuntu1~22.04) ]
  ignore line: [Reading specs from /usr/lib/gcc/aarch64-linux-gnu/11/libgfortran.spec]
  ignore line: [rename spec lib to liborig]
  ignore line: [COLLECT_GCC_OPTIONS='-fopenmp' '-v' '-O3' '-D' 'NDEBUG' '-O3' '-o' 'cmTC_96b91' '-v' '-shared-libgcc' '-mlittle-endian' '-mabi=lp64' '-pthread' '-dumpdir' 'cmTC_96b91-']
  ignore line: [COMPILER_PATH=/usr/lib/gcc/aarch64-linux-gnu/11/:/usr/lib/gcc/aarch64-linux-gnu/11/:/usr/lib/gcc/aarch64-linux-gnu/:/usr/lib/gcc/aarch64-linux-gnu/11/:/usr/lib/gcc/aarch64-linux-gnu/]
  ignore line: [LIBRARY_PATH=/home/andreast/modules/arm/apps/flow/202309a/rpp-amgcpr-ghost-last/lib/../lib/:/home/andreast/modules/arm/apps/zoltan/202309a/12.16/lib/../lib/:/home/andreast/modules/arm/apps/dune/202309a/mod-2.7.1/lib/../lib/:/cm/shared/ex3-modules/202309a/huaq/pkgs/suitesparse-32-5.12.0/lib/../lib/:/cm/shared/ex3-modules/202309a/huaq/pkgs/mpfr-4.0.2/lib/../lib/:/cm/shared/ex3-modules/202309a/huaq/pkgs/gmp-6.3.0/lib/../lib/:/cm/shared/ex3-modules/202309a/huaq/pkgs/parmetis-32-4.0.3/lib/../lib/:/cm/shared/ex3-modules/202309a/huaq/pkgs/metis-32-5.1.0/lib/../lib/:/cm/shared/ex3-modules/202309a/huaq/pkgs/openblas-0.3.21/lib/../lib/:/cm/shared/ex3-modules/202309a/huaq/pkgs/boost-1.73.0/lib/../lib/:/cm/shared/ex3-modules/202309a/huaq/pkgs/openmpi-4.1.4/lib/../lib/:/cm/shared/ex3-modules/202309a/huaq/pkgs/util-linux-2.34/lib/../lib/:/cm/shared/ex3-modules/202309a/huaq/pkgs/libfabric-1.17.0/lib/../lib/:/cm/shared/ex3-modules/202309a/huaq/pkgs/ucx-1.12.1/lib/../lib/:/cm/shared/ex3-modules/202309a/huaq/pkgs/rdma-core-44.0/lib/../lib/:/cm/shared/ex3-modules/202309a/huaq/pkgs/libnl-3.2.25/lib/../lib/:/cm/shared/ex3-modules/202309a/huaq/pkgs/numactl-2.0.13/lib/../lib/:/cm/shared/ex3-modules/202309a/huaq/pkgs/libevent-2.1.12-stable/lib/../lib/:/cm/shared/ex3-modules/202309a/huaq/pkgs/knem-1.1.4/lib/../lib/:/cm/shared/ex3-modules/202309a/huaq/pkgs/hwloc-2.7.1/lib/../lib/:/cm/shared/ex3-modules/202309a/huaq/pkgs/libxml2-2.9.12/lib/../lib/:/cm/shared/ex3-modules/202309a/huaq/pkgs/xz-5.2.7/lib/../lib/:/usr/lib/gcc/aarch64-linux-gnu/11/:/usr/lib/gcc/aarch64-linux-gnu/11/../../../aarch64-linux-gnu/:/usr/lib/gcc/aarch64-linux-gnu/11/../../../../lib/:/lib/aarch64-linux-gnu/:/lib/../lib/:/usr/lib/aarch64-linux-gnu/:/usr/lib/../lib/:/home/andreast/modules/arm/apps/flow/202309a/rpp-amgcpr-ghost-last/lib/:/home/andreast/modules/arm/apps/zoltan/202309a/12.16/lib/:/home/andreast/modules/arm/apps/dune/202309a/mod-2.7.1/lib/:/cm/shared/ex3-modules/202309a/huaq/pkgs/suitesparse-32-5.12.0/lib/:/cm/shared/ex3-modules/202309a/huaq/pkgs/mpfr-4.0.2/lib/:/cm/shared/ex3-modules/202309a/huaq/pkgs/gmp-6.3.0/lib/:/cm/shared/ex3-modules/202309a/huaq/pkgs/parmetis-32-4.0.3/lib/:/cm/shared/ex3-modules/202309a/huaq/pkgs/metis-32-5.1.0/lib/:/cm/shared/ex3-modules/202309a/huaq/pkgs/openblas-0.3.21/lib/:/cm/shared/ex3-modules/202309a/huaq/pkgs/boost-1.73.0/lib/:/cm/shared/ex3-modules/202309a/huaq/pkgs/openmpi-4.1.4/lib/:/cm/shared/ex3-modules/202309a/huaq/pkgs/util-linux-2.34/lib/:/cm/shared/ex3-modules/202309a/huaq/pkgs/libfabric-1.17.0/lib/:/cm/shared/ex3-modules/202309a/huaq/pkgs/ucx-1.12.1/lib/:/cm/shared/ex3-modules/202309a/huaq/pkgs/rdma-core-44.0/lib/:/cm/shared/ex3-modules/202309a/huaq/pkgs/libnl-3.2.25/lib/:/cm/shared/ex3-modules/202309a/huaq/pkgs/numactl-2.0.13/lib/:/cm/shared/ex3-modules/202309a/huaq/pkgs/libevent-2.1.12-stable/lib/:/cm/shared/ex3-modules/202309a/huaq/pkgs/knem-1.1.4/lib/:/cm/shared/ex3-modules/202309a/huaq/pkgs/hwloc-2.7.1/lib/:/cm/shared/ex3-modules/202309a/huaq/pkgs/libxml2-2.9.12/lib/:/cm/shared/ex3-modules/202309a/huaq/pkgs/xz-5.2.7/lib/:/cm/shared/apps/slurm/current/lib64/slurm/:/cm/shared/apps/slurm/current/lib64/:/usr/lib/gcc/aarch64-linux-gnu/11/../../../:/lib/:/usr/lib/]
  ignore line: [Reading specs from /usr/lib/gcc/aarch64-linux-gnu/11/libgomp.spec]
  ignore line: [COLLECT_GCC_OPTIONS='-fopenmp' '-v' '-O3' '-D' 'NDEBUG' '-O3' '-o' 'cmTC_96b91' '-v' '-shared-libgcc' '-mlittle-endian' '-mabi=lp64' '-pthread' '-dumpdir' 'cmTC_96b91.']
  link line: [ /usr/lib/gcc/aarch64-linux-gnu/11/collect2 -plugin /usr/lib/gcc/aarch64-linux-gnu/11/liblto_plugin.so -plugin-opt=/usr/lib/gcc/aarch64-linux-gnu/11/lto-wrapper -plugin-opt=-fresolution=/tmp/ccun35O4.res -plugin-opt=-pass-through=-lgcc_s -plugin-opt=-pass-through=-lgcc -plugin-opt=-pass-through=-lm -plugin-opt=-pass-through=-lgcc_s -plugin-opt=-pass-through=-lgcc -plugin-opt=-pass-through=-lpthread -plugin-opt=-pass-through=-lc -plugin-opt=-pass-through=-lgcc_s -plugin-opt=-pass-through=-lgcc --build-id --eh-frame-hdr --hash-style=gnu --as-needed -dynamic-linker /lib/ld-linux-aarch64.so.1 -X -EL -maarch64linux --fix-cortex-a53-843419 -pie -z now -z relro -o cmTC_96b91 /usr/lib/gcc/aarch64-linux-gnu/11/../../../aarch64-linux-gnu/Scrt1.o /usr/lib/gcc/aarch64-linux-gnu/11/../../../aarch64-linux-gnu/crti.o /usr/lib/gcc/aarch64-linux-gnu/11/crtbeginS.o -L/home/andreast/modules/arm/apps/flow/202309a/rpp-amgcpr-ghost-last/lib/../lib -L/home/andreast/modules/arm/apps/zoltan/202309a/12.16/lib/../lib -L/home/andreast/modules/arm/apps/dune/202309a/mod-2.7.1/lib/../lib -L/cm/shared/ex3-modules/202309a/huaq/pkgs/suitesparse-32-5.12.0/lib/../lib -L/cm/shared/ex3-modules/202309a/huaq/pkgs/mpfr-4.0.2/lib/../lib -L/cm/shared/ex3-modules/202309a/huaq/pkgs/gmp-6.3.0/lib/../lib -L/cm/shared/ex3-modules/202309a/huaq/pkgs/parmetis-32-4.0.3/lib/../lib -L/cm/shared/ex3-modules/202309a/huaq/pkgs/metis-32-5.1.0/lib/../lib -L/cm/shared/ex3-modules/202309a/huaq/pkgs/openblas-0.3.21/lib/../lib -L/cm/shared/ex3-modules/202309a/huaq/pkgs/boost-1.73.0/lib/../lib -L/cm/shared/ex3-modules/202309a/huaq/pkgs/openmpi-4.1.4/lib/../lib -L/cm/shared/ex3-modules/202309a/huaq/pkgs/util-linux-2.34/lib/../lib -L/cm/shared/ex3-modules/202309a/huaq/pkgs/libfabric-1.17.0/lib/../lib -L/cm/shared/ex3-modules/202309a/huaq/pkgs/ucx-1.12.1/lib/../lib -L/cm/shared/ex3-modules/202309a/huaq/pkgs/rdma-core-44.0/lib/../lib -L/cm/shared/ex3-modules/202309a/huaq/pkgs/libnl-3.2.25/lib/../lib -L/cm/shared/ex3-modules/202309a/huaq/pkgs/numactl-2.0.13/lib/../lib -L/cm/shared/ex3-modules/202309a/huaq/pkgs/libevent-2.1.12-stable/lib/../lib -L/cm/shared/ex3-modules/202309a/huaq/pkgs/knem-1.1.4/lib/../lib -L/cm/shared/ex3-modules/202309a/huaq/pkgs/hwloc-2.7.1/lib/../lib -L/cm/shared/ex3-modules/202309a/huaq/pkgs/libxml2-2.9.12/lib/../lib -L/cm/shared/ex3-modules/202309a/huaq/pkgs/xz-5.2.7/lib/../lib -L/usr/lib/gcc/aarch64-linux-gnu/11 -L/usr/lib/gcc/aarch64-linux-gnu/11/../../../aarch64-linux-gnu -L/usr/lib/gcc/aarch64-linux-gnu/11/../../../../lib -L/lib/aarch64-linux-gnu -L/lib/../lib -L/usr/lib/aarch64-linux-gnu -L/usr/lib/../lib -L/home/andreast/modules/arm/apps/flow/202309a/rpp-amgcpr-ghost-last/lib -L/home/andreast/modules/arm/apps/zoltan/202309a/12.16/lib -L/home/andreast/modules/arm/apps/dune/202309a/mod-2.7.1/lib -L/cm/shared/ex3-modules/202309a/huaq/pkgs/suitesparse-32-5.12.0/lib -L/cm/shared/ex3-modules/202309a/huaq/pkgs/mpfr-4.0.2/lib -L/cm/shared/ex3-modules/202309a/huaq/pkgs/gmp-6.3.0/lib -L/cm/shared/ex3-modules/202309a/huaq/pkgs/parmetis-32-4.0.3/lib -L/cm/shared/ex3-modules/202309a/huaq/pkgs/metis-32-5.1.0/lib -L/cm/shared/ex3-modules/202309a/huaq/pkgs/openblas-0.3.21/lib -L/cm/shared/ex3-modules/202309a/huaq/pkgs/boost-1.73.0/lib -L/cm/shared/ex3-modules/202309a/huaq/pkgs/openmpi-4.1.4/lib -L/cm/shared/ex3-modules/202309a/huaq/pkgs/util-linux-2.34/lib -L/cm/shared/ex3-modules/202309a/huaq/pkgs/libfabric-1.17.0/lib -L/cm/shared/ex3-modules/202309a/huaq/pkgs/ucx-1.12.1/lib -L/cm/shared/ex3-modules/202309a/huaq/pkgs/rdma-core-44.0/lib -L/cm/shared/ex3-modules/202309a/huaq/pkgs/libnl-3.2.25/lib -L/cm/shared/ex3-modules/202309a/huaq/pkgs/numactl-2.0.13/lib -L/cm/shared/ex3-modules/202309a/huaq/pkgs/libevent-2.1.12-stable/lib -L/cm/shared/ex3-modules/202309a/huaq/pkgs/knem-1.1.4/lib -L/cm/shared/ex3-modules/202309a/huaq/pkgs/hwloc-2.7.1/lib -L/cm/shared/ex3-modules/202309a/huaq/pkgs/libxml2-2.9.12/lib -L/cm/shared/ex3-modules/202309a/huaq/pkgs/xz-5.2.7/lib -L/cm/shared/apps/slurm/current/lib64/slurm -L/cm/shared/apps/slurm/current/lib64 -L/usr/lib/gcc/aarch64-linux-gnu/11/../../.. CMakeFiles/cmTC_96b91.dir/OpenMPTryFlag.f90.o -lgfortran -lm -lgomp -lgcc_s -lgcc -lm -lgcc_s -lgcc -lpthread -lc -lgcc_s -lgcc /usr/lib/gcc/aarch64-linux-gnu/11/crtendS.o /usr/lib/gcc/aarch64-linux-gnu/11/../../../aarch64-linux-gnu/crtn.o]
    arg [/usr/lib/gcc/aarch64-linux-gnu/11/collect2] ==> ignore
    arg [-plugin] ==> ignore
    arg [/usr/lib/gcc/aarch64-linux-gnu/11/liblto_plugin.so] ==> ignore
    arg [-plugin-opt=/usr/lib/gcc/aarch64-linux-gnu/11/lto-wrapper] ==> ignore
    arg [-plugin-opt=-fresolution=/tmp/ccun35O4.res] ==> ignore
    arg [-plugin-opt=-pass-through=-lgcc_s] ==> ignore
    arg [-plugin-opt=-pass-through=-lgcc] ==> ignore
    arg [-plugin-opt=-pass-through=-lm] ==> ignore
    arg [-plugin-opt=-pass-through=-lgcc_s] ==> ignore
    arg [-plugin-opt=-pass-through=-lgcc] ==> ignore
    arg [-plugin-opt=-pass-through=-lpthread] ==> ignore
    arg [-plugin-opt=-pass-through=-lc] ==> ignore
    arg [-plugin-opt=-pass-through=-lgcc_s] ==> ignore
    arg [-plugin-opt=-pass-through=-lgcc] ==> ignore
    arg [--build-id] ==> ignore
    arg [--eh-frame-hdr] ==> ignore
    arg [--hash-style=gnu] ==> ignore
    arg [--as-needed] ==> ignore
    arg [-dynamic-linker] ==> ignore
    arg [/lib/ld-linux-aarch64.so.1] ==> ignore
    arg [-X] ==> ignore
    arg [-EL] ==> ignore
    arg [-maarch64linux] ==> ignore
    arg [--fix-cortex-a53-843419] ==> ignore
    arg [-pie] ==> ignore
    arg [-znow] ==> ignore
    arg [-zrelro] ==> ignore
    arg [-o] ==> ignore
    arg [cmTC_96b91] ==> ignore
    arg [-L/home/andreast/modules/arm/apps/flow/202309a/rpp-amgcpr-ghost-last/lib/../lib] ==> dir [/home/andreast/modules/arm/apps/flow/202309a/rpp-amgcpr-ghost-last/lib/../lib]
    arg [-L/home/andreast/modules/arm/apps/zoltan/202309a/12.16/lib/../lib] ==> dir [/home/andreast/modules/arm/apps/zoltan/202309a/12.16/lib/../lib]
    arg [-L/home/andreast/modules/arm/apps/dune/202309a/mod-2.7.1/lib/../lib] ==> dir [/home/andreast/modules/arm/apps/dune/202309a/mod-2.7.1/lib/../lib]
    arg [-L/cm/shared/ex3-modules/202309a/huaq/pkgs/suitesparse-32-5.12.0/lib/../lib] ==> dir [/cm/shared/ex3-modules/202309a/huaq/pkgs/suitesparse-32-5.12.0/lib/../lib]
    arg [-L/cm/shared/ex3-modules/202309a/huaq/pkgs/mpfr-4.0.2/lib/../lib] ==> dir [/cm/shared/ex3-modules/202309a/huaq/pkgs/mpfr-4.0.2/lib/../lib]
    arg [-L/cm/shared/ex3-modules/202309a/huaq/pkgs/gmp-6.3.0/lib/../lib] ==> dir [/cm/shared/ex3-modules/202309a/huaq/pkgs/gmp-6.3.0/lib/../lib]
    arg [-L/cm/shared/ex3-modules/202309a/huaq/pkgs/parmetis-32-4.0.3/lib/../lib] ==> dir [/cm/shared/ex3-modules/202309a/huaq/pkgs/parmetis-32-4.0.3/lib/../lib]
    arg [-L/cm/shared/ex3-modules/202309a/huaq/pkgs/metis-32-5.1.0/lib/../lib] ==> dir [/cm/shared/ex3-modules/202309a/huaq/pkgs/metis-32-5.1.0/lib/../lib]
    arg [-L/cm/shared/ex3-modules/202309a/huaq/pkgs/openblas-0.3.21/lib/../lib] ==> dir [/cm/shared/ex3-modules/202309a/huaq/pkgs/openblas-0.3.21/lib/../lib]
    arg [-L/cm/shared/ex3-modules/202309a/huaq/pkgs/boost-1.73.0/lib/../lib] ==> dir [/cm/shared/ex3-modules/202309a/huaq/pkgs/boost-1.73.0/lib/../lib]
    arg [-L/cm/shared/ex3-modules/202309a/huaq/pkgs/openmpi-4.1.4/lib/../lib] ==> dir [/cm/shared/ex3-modules/202309a/huaq/pkgs/openmpi-4.1.4/lib/../lib]
    arg [-L/cm/shared/ex3-modules/202309a/huaq/pkgs/util-linux-2.34/lib/../lib] ==> dir [/cm/shared/ex3-modules/202309a/huaq/pkgs/util-linux-2.34/lib/../lib]
    arg [-L/cm/shared/ex3-modules/202309a/huaq/pkgs/libfabric-1.17.0/lib/../lib] ==> dir [/cm/shared/ex3-modules/202309a/huaq/pkgs/libfabric-1.17.0/lib/../lib]
    arg [-L/cm/shared/ex3-modules/202309a/huaq/pkgs/ucx-1.12.1/lib/../lib] ==> dir [/cm/shared/ex3-modules/202309a/huaq/pkgs/ucx-1.12.1/lib/../lib]
    arg [-L/cm/shared/ex3-modules/202309a/huaq/pkgs/rdma-core-44.0/lib/../lib] ==> dir [/cm/shared/ex3-modules/202309a/huaq/pkgs/rdma-core-44.0/lib/../lib]
    arg [-L/cm/shared/ex3-modules/202309a/huaq/pkgs/libnl-3.2.25/lib/../lib] ==> dir [/cm/shared/ex3-modules/202309a/huaq/pkgs/libnl-3.2.25/lib/../lib]
    arg [-L/cm/shared/ex3-modules/202309a/huaq/pkgs/numactl-2.0.13/lib/../lib] ==> dir [/cm/shared/ex3-modules/202309a/huaq/pkgs/numactl-2.0.13/lib/../lib]
    arg [-L/cm/shared/ex3-modules/202309a/huaq/pkgs/libevent-2.1.12-stable/lib/../lib] ==> dir [/cm/shared/ex3-modules/202309a/huaq/pkgs/libevent-2.1.12-stable/lib/../lib]
    arg [-L/cm/shared/ex3-modules/202309a/huaq/pkgs/knem-1.1.4/lib/../lib] ==> dir [/cm/shared/ex3-modules/202309a/huaq/pkgs/knem-1.1.4/lib/../lib]
    arg [-L/cm/shared/ex3-modules/202309a/huaq/pkgs/hwloc-2.7.1/lib/../lib] ==> dir [/cm/shared/ex3-modules/202309a/huaq/pkgs/hwloc-2.7.1/lib/../lib]
    arg [-L/cm/shared/ex3-modules/202309a/huaq/pkgs/libxml2-2.9.12/lib/../lib] ==> dir [/cm/shared/ex3-modules/202309a/huaq/pkgs/libxml2-2.9.12/lib/../lib]
    arg [-L/cm/shared/ex3-modules/202309a/huaq/pkgs/xz-5.2.7/lib/../lib] ==> dir [/cm/shared/ex3-modules/202309a/huaq/pkgs/xz-5.2.7/lib/../lib]
    arg [-L/usr/lib/gcc/aarch64-linux-gnu/11] ==> dir [/usr/lib/gcc/aarch64-linux-gnu/11]
    arg [-L/usr/lib/gcc/aarch64-linux-gnu/11/../../../aarch64-linux-gnu] ==> dir [/usr/lib/gcc/aarch64-linux-gnu/11/../../../aarch64-linux-gnu]
    arg [-L/usr/lib/gcc/aarch64-linux-gnu/11/../../../../lib] ==> dir [/usr/lib/gcc/aarch64-linux-gnu/11/../../../../lib]
    arg [-L/lib/aarch64-linux-gnu] ==> dir [/lib/aarch64-linux-gnu]
    arg [-L/lib/../lib] ==> dir [/lib/../lib]
    arg [-L/usr/lib/aarch64-linux-gnu] ==> dir [/usr/lib/aarch64-linux-gnu]
    arg [-L/usr/lib/../lib] ==> dir [/usr/lib/../lib]
    arg [-L/home/andreast/modules/arm/apps/flow/202309a/rpp-amgcpr-ghost-last/lib] ==> dir [/home/andreast/modules/arm/apps/flow/202309a/rpp-amgcpr-ghost-last/lib]
    arg [-L/home/andreast/modules/arm/apps/zoltan/202309a/12.16/lib] ==> dir [/home/andreast/modules/arm/apps/zoltan/202309a/12.16/lib]
    arg [-L/home/andreast/modules/arm/apps/dune/202309a/mod-2.7.1/lib] ==> dir [/home/andreast/modules/arm/apps/dune/202309a/mod-2.7.1/lib]
    arg [-L/cm/shared/ex3-modules/202309a/huaq/pkgs/suitesparse-32-5.12.0/lib] ==> dir [/cm/shared/ex3-modules/202309a/huaq/pkgs/suitesparse-32-5.12.0/lib]
    arg [-L/cm/shared/ex3-modules/202309a/huaq/pkgs/mpfr-4.0.2/lib] ==> dir [/cm/shared/ex3-modules/202309a/huaq/pkgs/mpfr-4.0.2/lib]
    arg [-L/cm/shared/ex3-modules/202309a/huaq/pkgs/gmp-6.3.0/lib] ==> dir [/cm/shared/ex3-modules/202309a/huaq/pkgs/gmp-6.3.0/lib]
    arg [-L/cm/shared/ex3-modules/202309a/huaq/pkgs/parmetis-32-4.0.3/lib] ==> dir [/cm/shared/ex3-modules/202309a/huaq/pkgs/parmetis-32-4.0.3/lib]
    arg [-L/cm/shared/ex3-modules/202309a/huaq/pkgs/metis-32-5.1.0/lib] ==> dir [/cm/shared/ex3-modules/202309a/huaq/pkgs/metis-32-5.1.0/lib]
    arg [-L/cm/shared/ex3-modules/202309a/huaq/pkgs/openblas-0.3.21/lib] ==> dir [/cm/shared/ex3-modules/202309a/huaq/pkgs/openblas-0.3.21/lib]
    arg [-L/cm/shared/ex3-modules/202309a/huaq/pkgs/boost-1.73.0/lib] ==> dir [/cm/shared/ex3-modules/202309a/huaq/pkgs/boost-1.73.0/lib]
    arg [-L/cm/shared/ex3-modules/202309a/huaq/pkgs/openmpi-4.1.4/lib] ==> dir [/cm/shared/ex3-modules/202309a/huaq/pkgs/openmpi-4.1.4/lib]
    arg [-L/cm/shared/ex3-modules/202309a/huaq/pkgs/util-linux-2.34/lib] ==> dir [/cm/shared/ex3-modules/202309a/huaq/pkgs/util-linux-2.34/lib]
    arg [-L/cm/shared/ex3-modules/202309a/huaq/pkgs/libfabric-1.17.0/lib] ==> dir [/cm/shared/ex3-modules/202309a/huaq/pkgs/libfabric-1.17.0/lib]
    arg [-L/cm/shared/ex3-modules/202309a/huaq/pkgs/ucx-1.12.1/lib] ==> dir [/cm/shared/ex3-modules/202309a/huaq/pkgs/ucx-1.12.1/lib]
    arg [-L/cm/shared/ex3-modules/202309a/huaq/pkgs/rdma-core-44.0/lib] ==> dir [/cm/shared/ex3-modules/202309a/huaq/pkgs/rdma-core-44.0/lib]
    arg [-L/cm/shared/ex3-modules/202309a/huaq/pkgs/libnl-3.2.25/lib] ==> dir [/cm/shared/ex3-modules/202309a/huaq/pkgs/libnl-3.2.25/lib]
    arg [-L/cm/shared/ex3-modules/202309a/huaq/pkgs/numactl-2.0.13/lib] ==> dir [/cm/shared/ex3-modules/202309a/huaq/pkgs/numactl-2.0.13/lib]
    arg [-L/cm/shared/ex3-modules/202309a/huaq/pkgs/libevent-2.1.12-stable/lib] ==> dir [/cm/shared/ex3-modules/202309a/huaq/pkgs/libevent-2.1.12-stable/lib]
    arg [-L/cm/shared/ex3-modules/202309a/huaq/pkgs/knem-1.1.4/lib] ==> dir [/cm/shared/ex3-modules/202309a/huaq/pkgs/knem-1.1.4/lib]
    arg [-L/cm/shared/ex3-modules/202309a/huaq/pkgs/hwloc-2.7.1/lib] ==> dir [/cm/shared/ex3-modules/202309a/huaq/pkgs/hwloc-2.7.1/lib]
    arg [-L/cm/shared/ex3-modules/202309a/huaq/pkgs/libxml2-2.9.12/lib] ==> dir [/cm/shared/ex3-modules/202309a/huaq/pkgs/libxml2-2.9.12/lib]
    arg [-L/cm/shared/ex3-modules/202309a/huaq/pkgs/xz-5.2.7/lib] ==> dir [/cm/shared/ex3-modules/202309a/huaq/pkgs/xz-5.2.7/lib]
    arg [-L/cm/shared/apps/slurm/current/lib64/slurm] ==> dir [/cm/shared/apps/slurm/current/lib64/slurm]
    arg [-L/cm/shared/apps/slurm/current/lib64] ==> dir [/cm/shared/apps/slurm/current/lib64]
    arg [-L/usr/lib/gcc/aarch64-linux-gnu/11/../../..] ==> dir [/usr/lib/gcc/aarch64-linux-gnu/11/../../..]
    arg [CMakeFiles/cmTC_96b91.dir/OpenMPTryFlag.f90.o] ==> ignore
    arg [-lgfortran] ==> lib [gfortran]
    arg [-lm] ==> lib [m]
    arg [-lgomp] ==> lib [gomp]
    arg [-lgcc_s] ==> lib [gcc_s]
    arg [-lgcc] ==> lib [gcc]
    arg [-lm] ==> lib [m]
    arg [-lgcc_s] ==> lib [gcc_s]
    arg [-lgcc] ==> lib [gcc]
    arg [-lpthread] ==> lib [pthread]
    arg [-lc] ==> lib [c]
    arg [-lgcc_s] ==> lib [gcc_s]
    arg [-lgcc] ==> lib [gcc]
  collapse library dir [/home/andreast/modules/arm/apps/flow/202309a/rpp-amgcpr-ghost-last/lib/../lib] ==> [/home/andreast/modules/arm/apps/flow/202309a/rpp-amgcpr-ghost-last/lib]
  collapse library dir [/home/andreast/modules/arm/apps/zoltan/202309a/12.16/lib/../lib] ==> [/home/andreast/modules/arm/apps/zoltan/202309a/12.16/lib]
  collapse library dir [/home/andreast/modules/arm/apps/dune/202309a/mod-2.7.1/lib/../lib] ==> [/home/andreast/modules/arm/apps/dune/202309a/mod-2.7.1/lib]
  collapse library dir [/cm/shared/ex3-modules/202309a/huaq/pkgs/suitesparse-32-5.12.0/lib/../lib] ==> [/cm/shared/ex3-modules/202309a/huaq/pkgs/suitesparse-32-5.12.0/lib]
  collapse library dir [/cm/shared/ex3-modules/202309a/huaq/pkgs/mpfr-4.0.2/lib/../lib] ==> [/cm/shared/ex3-modules/202309a/huaq/pkgs/mpfr-4.0.2/lib]
  collapse library dir [/cm/shared/ex3-modules/202309a/huaq/pkgs/gmp-6.3.0/lib/../lib] ==> [/cm/shared/ex3-modules/202309a/huaq/pkgs/gmp-6.3.0/lib]
  collapse library dir [/cm/shared/ex3-modules/202309a/huaq/pkgs/parmetis-32-4.0.3/lib/../lib] ==> [/cm/shared/ex3-modules/202309a/huaq/pkgs/parmetis-32-4.0.3/lib]
  collapse library dir [/cm/shared/ex3-modules/202309a/huaq/pkgs/metis-32-5.1.0/lib/../lib] ==> [/cm/shared/ex3-modules/202309a/huaq/pkgs/metis-32-5.1.0/lib]
  collapse library dir [/cm/shared/ex3-modules/202309a/huaq/pkgs/openblas-0.3.21/lib/../lib] ==> [/cm/shared/ex3-modules/202309a/huaq/pkgs/openblas-0.3.21/lib]
  collapse library dir [/cm/shared/ex3-modules/202309a/huaq/pkgs/boost-1.73.0/lib/../lib] ==> [/cm/shared/ex3-modules/202309a/huaq/pkgs/boost-1.73.0/lib]
  collapse library dir [/cm/shared/ex3-modules/202309a/huaq/pkgs/openmpi-4.1.4/lib/../lib] ==> [/cm/shared/ex3-modules/202309a/huaq/pkgs/openmpi-4.1.4/lib]
  collapse library dir [/cm/shared/ex3-modules/202309a/huaq/pkgs/util-linux-2.34/lib/../lib] ==> [/cm/shared/ex3-modules/202309a/huaq/pkgs/util-linux-2.34/lib]
  collapse library dir [/cm/shared/ex3-modules/202309a/huaq/pkgs/libfabric-1.17.0/lib/../lib] ==> [/cm/shared/ex3-modules/202309a/huaq/pkgs/libfabric-1.17.0/lib]
  collapse library dir [/cm/shared/ex3-modules/202309a/huaq/pkgs/ucx-1.12.1/lib/../lib] ==> [/cm/shared/ex3-modules/202309a/huaq/pkgs/ucx-1.12.1/lib]
  collapse library dir [/cm/shared/ex3-modules/202309a/huaq/pkgs/rdma-core-44.0/lib/../lib] ==> [/cm/shared/ex3-modules/202309a/huaq/pkgs/rdma-core-44.0/lib]
  collapse library dir [/cm/shared/ex3-modules/202309a/huaq/pkgs/libnl-3.2.25/lib/../lib] ==> [/cm/shared/ex3-modules/202309a/huaq/pkgs/libnl-3.2.25/lib]
  collapse library dir [/cm/shared/ex3-modules/202309a/huaq/pkgs/numactl-2.0.13/lib/../lib] ==> [/cm/shared/ex3-modules/202309a/huaq/pkgs/numactl-2.0.13/lib]
  collapse library dir [/cm/shared/ex3-modules/202309a/huaq/pkgs/libevent-2.1.12-stable/lib/../lib] ==> [/cm/shared/ex3-modules/202309a/huaq/pkgs/libevent-2.1.12-stable/lib]
  collapse library dir [/cm/shared/ex3-modules/202309a/huaq/pkgs/knem-1.1.4/lib/../lib] ==> [/cm/shared/ex3-modules/202309a/huaq/pkgs/knem-1.1.4/lib]
  collapse library dir [/cm/shared/ex3-modules/202309a/huaq/pkgs/hwloc-2.7.1/lib/../lib] ==> [/cm/shared/ex3-modules/202309a/huaq/pkgs/hwloc-2.7.1/lib]
  collapse library dir [/cm/shared/ex3-modules/202309a/huaq/pkgs/libxml2-2.9.12/lib/../lib] ==> [/cm/shared/ex3-modules/202309a/huaq/pkgs/libxml2-2.9.12/lib]
  collapse library dir [/cm/shared/ex3-modules/202309a/huaq/pkgs/xz-5.2.7/lib/../lib] ==> [/cm/shared/ex3-modules/202309a/huaq/pkgs/xz-5.2.7/lib]
  collapse library dir [/usr/lib/gcc/aarch64-linux-gnu/11] ==> [/usr/lib/gcc/aarch64-linux-gnu/11]
  collapse library dir [/usr/lib/gcc/aarch64-linux-gnu/11/../../../aarch64-linux-gnu] ==> [/usr/lib/aarch64-linux-gnu]
  collapse library dir [/usr/lib/gcc/aarch64-linux-gnu/11/../../../../lib] ==> [/usr/lib]
  collapse library dir [/lib/aarch64-linux-gnu] ==> [/lib/aarch64-linux-gnu]
  collapse library dir [/lib/../lib] ==> [/lib]
  collapse library dir [/usr/lib/aarch64-linux-gnu] ==> [/usr/lib/aarch64-linux-gnu]
  collapse library dir [/usr/lib/../lib] ==> [/usr/lib]
  collapse library dir [/home/andreast/modules/arm/apps/flow/202309a/rpp-amgcpr-ghost-last/lib] ==> [/home/andreast/modules/arm/apps/flow/202309a/rpp-amgcpr-ghost-last/lib]
  collapse library dir [/home/andreast/modules/arm/apps/zoltan/202309a/12.16/lib] ==> [/home/andreast/modules/arm/apps/zoltan/202309a/12.16/lib]
  collapse library dir [/home/andreast/modules/arm/apps/dune/202309a/mod-2.7.1/lib] ==> [/home/andreast/modules/arm/apps/dune/202309a/mod-2.7.1/lib]
  collapse library dir [/cm/shared/ex3-modules/202309a/huaq/pkgs/suitesparse-32-5.12.0/lib] ==> [/cm/shared/ex3-modules/202309a/huaq/pkgs/suitesparse-32-5.12.0/lib]
  collapse library dir [/cm/shared/ex3-modules/202309a/huaq/pkgs/mpfr-4.0.2/lib] ==> [/cm/shared/ex3-modules/202309a/huaq/pkgs/mpfr-4.0.2/lib]
  collapse library dir [/cm/shared/ex3-modules/202309a/huaq/pkgs/gmp-6.3.0/lib] ==> [/cm/shared/ex3-modules/202309a/huaq/pkgs/gmp-6.3.0/lib]
  collapse library dir [/cm/shared/ex3-modules/202309a/huaq/pkgs/parmetis-32-4.0.3/lib] ==> [/cm/shared/ex3-modules/202309a/huaq/pkgs/parmetis-32-4.0.3/lib]
  collapse library dir [/cm/shared/ex3-modules/202309a/huaq/pkgs/metis-32-5.1.0/lib] ==> [/cm/shared/ex3-modules/202309a/huaq/pkgs/metis-32-5.1.0/lib]
  collapse library dir [/cm/shared/ex3-modules/202309a/huaq/pkgs/openblas-0.3.21/lib] ==> [/cm/shared/ex3-modules/202309a/huaq/pkgs/openblas-0.3.21/lib]
  collapse library dir [/cm/shared/ex3-modules/202309a/huaq/pkgs/boost-1.73.0/lib] ==> [/cm/shared/ex3-modules/202309a/huaq/pkgs/boost-1.73.0/lib]
  collapse library dir [/cm/shared/ex3-modules/202309a/huaq/pkgs/openmpi-4.1.4/lib] ==> [/cm/shared/ex3-modules/202309a/huaq/pkgs/openmpi-4.1.4/lib]
  collapse library dir [/cm/shared/ex3-modules/202309a/huaq/pkgs/util-linux-2.34/lib] ==> [/cm/shared/ex3-modules/202309a/huaq/pkgs/util-linux-2.34/lib]
  collapse library dir [/cm/shared/ex3-modules/202309a/huaq/pkgs/libfabric-1.17.0/lib] ==> [/cm/shared/ex3-modules/202309a/huaq/pkgs/libfabric-1.17.0/lib]
  collapse library dir [/cm/shared/ex3-modules/202309a/huaq/pkgs/ucx-1.12.1/lib] ==> [/cm/shared/ex3-modules/202309a/huaq/pkgs/ucx-1.12.1/lib]
  collapse library dir [/cm/shared/ex3-modules/202309a/huaq/pkgs/rdma-core-44.0/lib] ==> [/cm/shared/ex3-modules/202309a/huaq/pkgs/rdma-core-44.0/lib]
  collapse library dir [/cm/shared/ex3-modules/202309a/huaq/pkgs/libnl-3.2.25/lib] ==> [/cm/shared/ex3-modules/202309a/huaq/pkgs/libnl-3.2.25/lib]
  collapse library dir [/cm/shared/ex3-modules/202309a/huaq/pkgs/numactl-2.0.13/lib] ==> [/cm/shared/ex3-modules/202309a/huaq/pkgs/numactl-2.0.13/lib]
  collapse library dir [/cm/shared/ex3-modules/202309a/huaq/pkgs/libevent-2.1.12-stable/lib] ==> [/cm/shared/ex3-modules/202309a/huaq/pkgs/libevent-2.1.12-stable/lib]
  collapse library dir [/cm/shared/ex3-modules/202309a/huaq/pkgs/knem-1.1.4/lib] ==> [/cm/shared/ex3-modules/202309a/huaq/pkgs/knem-1.1.4/lib]
  collapse library dir [/cm/shared/ex3-modules/202309a/huaq/pkgs/hwloc-2.7.1/lib] ==> [/cm/shared/ex3-modules/202309a/huaq/pkgs/hwloc-2.7.1/lib]
  collapse library dir [/cm/shared/ex3-modules/202309a/huaq/pkgs/libxml2-2.9.12/lib] ==> [/cm/shared/ex3-modules/202309a/huaq/pkgs/libxml2-2.9.12/lib]
  collapse library dir [/cm/shared/ex3-modules/202309a/huaq/pkgs/xz-5.2.7/lib] ==> [/cm/shared/ex3-modules/202309a/huaq/pkgs/xz-5.2.7/lib]
  collapse library dir [/cm/shared/apps/slurm/current/lib64/slurm] ==> [/cm/shared/apps/slurm/current/lib64/slurm]
  collapse library dir [/cm/shared/apps/slurm/current/lib64] ==> [/cm/shared/apps/slurm/current/lib64]
  collapse library dir [/usr/lib/gcc/aarch64-linux-gnu/11/../../..] ==> [/usr/lib]
  implicit libs: [gfortran;m;gomp;gcc_s;gcc;m;gcc_s;gcc;pthread;c;gcc_s;gcc]
  implicit objs: []
  implicit dirs: [/home/andreast/modules/arm/apps/flow/202309a/rpp-amgcpr-ghost-last/lib;/home/andreast/modules/arm/apps/zoltan/202309a/12.16/lib;/home/andreast/modules/arm/apps/dune/202309a/mod-2.7.1/lib;/cm/shared/ex3-modules/202309a/huaq/pkgs/suitesparse-32-5.12.0/lib;/cm/shared/ex3-modules/202309a/huaq/pkgs/mpfr-4.0.2/lib;/cm/shared/ex3-modules/202309a/huaq/pkgs/gmp-6.3.0/lib;/cm/shared/ex3-modules/202309a/huaq/pkgs/parmetis-32-4.0.3/lib;/cm/shared/ex3-modules/202309a/huaq/pkgs/metis-32-5.1.0/lib;/cm/shared/ex3-modules/202309a/huaq/pkgs/openblas-0.3.21/lib;/cm/shared/ex3-modules/202309a/huaq/pkgs/boost-1.73.0/lib;/cm/shared/ex3-modules/202309a/huaq/pkgs/openmpi-4.1.4/lib;/cm/shared/ex3-modules/202309a/huaq/pkgs/util-linux-2.34/lib;/cm/shared/ex3-modules/202309a/huaq/pkgs/libfabric-1.17.0/lib;/cm/shared/ex3-modules/202309a/huaq/pkgs/ucx-1.12.1/lib;/cm/shared/ex3-modules/202309a/huaq/pkgs/rdma-core-44.0/lib;/cm/shared/ex3-modules/202309a/huaq/pkgs/libnl-3.2.25/lib;/cm/shared/ex3-modules/202309a/huaq/pkgs/numactl-2.0.13/lib;/cm/shared/ex3-modules/202309a/huaq/pkgs/libevent-2.1.12-stable/lib;/cm/shared/ex3-modules/202309a/huaq/pkgs/knem-1.1.4/lib;/cm/shared/ex3-modules/202309a/huaq/pkgs/hwloc-2.7.1/lib;/cm/shared/ex3-modules/202309a/huaq/pkgs/libxml2-2.9.12/lib;/cm/shared/ex3-modules/202309a/huaq/pkgs/xz-5.2.7/lib;/usr/lib/gcc/aarch64-linux-gnu/11;/usr/lib/aarch64-linux-gnu;/usr/lib;/lib/aarch64-linux-gnu;/lib;/cm/shared/apps/slurm/current/lib64/slurm;/cm/shared/apps/slurm/current/lib64]
  implicit fwks: []


Determining location of SuiteSparse succeeded:
Include directory: /cm/shared/ex3-modules/202309a/huaq/pkgs/suitesparse-32-5.12.0/include
Library directory: /cm/shared/ex3-modules/202309a/huaq/pkgs/suitesparse-32-5.12.0/lib/libldl.so;/cm/shared/ex3-modules/202309a/huaq/pkgs/suitesparse-32-5.12.0/lib/libspqr.so;/cm/shared/ex3-modules/202309a/huaq/pkgs/suitesparse-32-5.12.0/lib/libcholmod.so;/cm/shared/ex3-modules/202309a/huaq/pkgs/suitesparse-32-5.12.0/lib/libamd.so;/cm/shared/ex3-modules/202309a/huaq/pkgs/suitesparse-32-5.12.0/lib/libcamd.so;/cm/shared/ex3-modules/202309a/huaq/pkgs/suitesparse-32-5.12.0/lib/libcolamd.so;/cm/shared/ex3-modules/202309a/huaq/pkgs/suitesparse-32-5.12.0/lib/libccolamd.so;/cm/shared/ex3-modules/202309a/huaq/pkgs/suitesparse-32-5.12.0/lib/libumfpack.so;/cm/shared/ex3-modules/202309a/huaq/pkgs/suitesparse-32-5.12.0/lib/libsuitesparseconfig.so

Performing C++ SOURCE FILE Test HAVE_EXTENDED_NUMERIC_LITERALS succeeded with the following output:
Change Dir: /home/erikhs/MatrixProblems/build_aarch64/CMakeFiles/CMakeTmp

Run Build Command(s):/usr/bin/gmake -f Makefile cmTC_b742e/fast && /usr/bin/gmake  -f CMakeFiles/cmTC_b742e.dir/build.make CMakeFiles/cmTC_b742e.dir/build
gmake[1]: Entering directory '/home/erikhs/MatrixProblems/build_aarch64/CMakeFiles/CMakeTmp'
Building CXX object CMakeFiles/cmTC_b742e.dir/src.cxx.o
/usr/bin/c++ -DHAVE_EXTENDED_NUMERIC_LITERALS  -std=c++17 -O2 -funroll-loops  -O3 -DNDEBUG -fPIE   -Werror -fext-numeric-literals -o CMakeFiles/cmTC_b742e.dir/src.cxx.o -c /home/erikhs/MatrixProblems/build_aarch64/CMakeFiles/CMakeTmp/src.cxx
Linking CXX executable cmTC_b742e
/cm/shared/ex3-modules/202309a/huaq/pkgs/cmake-3.22.3/bin/cmake -E cmake_link_script CMakeFiles/cmTC_b742e.dir/link.txt --verbose=1
/usr/bin/c++ -std=c++17 -O2 -funroll-loops  -O3 -DNDEBUG -rdynamic CMakeFiles/cmTC_b742e.dir/src.cxx.o -o cmTC_b742e 
gmake[1]: Leaving directory '/home/erikhs/MatrixProblems/build_aarch64/CMakeFiles/CMakeTmp'


Source file was:
int main() { return 0; }
