The system is: Linux - 5.15.0-107-generic - x86_64
Compiling the CXX compiler identification source file "CMakeCXXCompilerId.cpp" succeeded.
Compiler: /usr/bin/c++ 
Build flags: -O2;-mavx;-funroll-loops
Id flags:  

The output was:
0


Compilation of the CXX compiler identification source "CMakeCXXCompilerId.cpp" produced "a.out"

The CXX compiler identification is GNU, found in "/home/erikhs/MatrixProblems/build_x86_64/CMakeFiles/3.17.2/CompilerIdCXX/a.out"

Determining if the CXX compiler works passed with the following output:
Change Dir: /home/erikhs/MatrixProblems/build_x86_64/CMakeFiles/CMakeTmp

Run Build Command(s):/usr/bin/gmake cmTC_40efa/fast && /usr/bin/gmake  -f CMakeFiles/cmTC_40efa.dir/build.make CMakeFiles/cmTC_40efa.dir/build
gmake[1]: Entering directory '/home/erikhs/MatrixProblems/build_x86_64/CMakeFiles/CMakeTmp'
Building CXX object CMakeFiles/cmTC_40efa.dir/testCXXCompiler.cxx.o
/usr/bin/c++    -O2 -mavx -funroll-loops    -o CMakeFiles/cmTC_40efa.dir/testCXXCompiler.cxx.o -c /home/erikhs/MatrixProblems/build_x86_64/CMakeFiles/CMakeTmp/testCXXCompiler.cxx
Linking CXX executable cmTC_40efa
/cm/shared/ex3-modules/0.6.1/pkgs/cmake-3.17.2/bin/cmake -E cmake_link_script CMakeFiles/cmTC_40efa.dir/link.txt --verbose=1
/usr/bin/c++  -O2 -mavx -funroll-loops     -rdynamic CMakeFiles/cmTC_40efa.dir/testCXXCompiler.cxx.o  -o cmTC_40efa 
gmake[1]: Leaving directory '/home/erikhs/MatrixProblems/build_x86_64/CMakeFiles/CMakeTmp'



Detecting CXX compiler ABI info compiled with the following output:
Change Dir: /home/erikhs/MatrixProblems/build_x86_64/CMakeFiles/CMakeTmp

Run Build Command(s):/usr/bin/gmake cmTC_e2cb0/fast && /usr/bin/gmake  -f CMakeFiles/cmTC_e2cb0.dir/build.make CMakeFiles/cmTC_e2cb0.dir/build
gmake[1]: Entering directory '/home/erikhs/MatrixProblems/build_x86_64/CMakeFiles/CMakeTmp'
Building CXX object CMakeFiles/cmTC_e2cb0.dir/CMakeCXXCompilerABI.cpp.o
/usr/bin/c++    -O2 -mavx -funroll-loops    -v -o CMakeFiles/cmTC_e2cb0.dir/CMakeCXXCompilerABI.cpp.o -c /cm/shared/ex3-modules/0.6.1/pkgs/cmake-3.17.2/share/cmake-3.17/Modules/CMakeCXXCompilerABI.cpp
Using built-in specs.
COLLECT_GCC=/usr/bin/c++
OFFLOAD_TARGET_NAMES=nvptx-none:amdgcn-amdhsa
OFFLOAD_TARGET_DEFAULT=1
Target: x86_64-linux-gnu
Configured with: ../src/configure -v --with-pkgversion='Ubuntu 11.4.0-1ubuntu1~22.04' --with-bugurl=file:///usr/share/doc/gcc-11/README.Bugs --enable-languages=c,ada,c++,go,brig,d,fortran,objc,obj-c++,m2 --prefix=/usr --with-gcc-major-version-only --program-suffix=-11 --program-prefix=x86_64-linux-gnu- --enable-shared --enable-linker-build-id --libexecdir=/usr/lib --without-included-gettext --enable-threads=posix --libdir=/usr/lib --enable-nls --enable-bootstrap --enable-clocale=gnu --enable-libstdcxx-debug --enable-libstdcxx-time=yes --with-default-libstdcxx-abi=new --enable-gnu-unique-object --disable-vtable-verify --enable-plugin --enable-default-pie --with-system-zlib --enable-libphobos-checking=release --with-target-system-zlib=auto --enable-objc-gc=auto --enable-multiarch --disable-werror --enable-cet --with-arch-32=i686 --with-abi=m64 --with-multilib-list=m32,m64,mx32 --enable-multilib --with-tune=generic --enable-offload-targets=nvptx-none=/build/gcc-11-XeT9lY/gcc-11-11.4.0/debian/tmp-nvptx/usr,amdgcn-amdhsa=/build/gcc-11-XeT9lY/gcc-11-11.4.0/debian/tmp-gcn/usr --without-cuda-driver --enable-checking=release --build=x86_64-linux-gnu --host=x86_64-linux-gnu --target=x86_64-linux-gnu --with-build-config=bootstrap-lto-lean --enable-link-serialization=2
Thread model: posix
Supported LTO compression algorithms: zlib zstd
gcc version 11.4.0 (Ubuntu 11.4.0-1ubuntu1~22.04) 
COLLECT_GCC_OPTIONS='-O2' '-mavx' '-funroll-loops' '-v' '-o' 'CMakeFiles/cmTC_e2cb0.dir/CMakeCXXCompilerABI.cpp.o' '-c' '-shared-libgcc' '-mtune=generic' '-march=x86-64' '-dumpdir' 'CMakeFiles/cmTC_e2cb0.dir/'
 /usr/lib/gcc/x86_64-linux-gnu/11/cc1plus -quiet -v -imultiarch x86_64-linux-gnu -D_GNU_SOURCE /cm/shared/ex3-modules/0.6.1/pkgs/cmake-3.17.2/share/cmake-3.17/Modules/CMakeCXXCompilerABI.cpp -quiet -dumpdir CMakeFiles/cmTC_e2cb0.dir/ -dumpbase CMakeCXXCompilerABI.cpp.cpp -dumpbase-ext .cpp -mavx -mtune=generic -march=x86-64 -O2 -version -funroll-loops -fasynchronous-unwind-tables -fstack-protector-strong -Wformat -Wformat-security -fstack-clash-protection -fcf-protection -o /tmp/ccwbEgCd.s
GNU C++17 (Ubuntu 11.4.0-1ubuntu1~22.04) version 11.4.0 (x86_64-linux-gnu)
	compiled by GNU C version 11.4.0, GMP version 6.2.1, MPFR version 4.1.0, MPC version 1.2.1, isl version isl-0.24-GMP

warning: GMP header version 6.2.1 differs from library version 6.1.2.
warning: MPFR header version 4.1.0 differs from library version 4.0.2.
GGC heuristics: --param ggc-min-expand=100 --param ggc-min-heapsize=131072
ignoring nonexistent directory "/opt/nvidia/cudaq/include"
ignoring nonexistent directory "/opt/nvidia/cudaq/include"
ignoring duplicate directory "/usr/include/x86_64-linux-gnu/c++/11"
ignoring nonexistent directory "/usr/local/include/x86_64-linux-gnu"
ignoring nonexistent directory "/usr/lib/gcc/x86_64-linux-gnu/11/include-fixed"
ignoring nonexistent directory "/usr/lib/gcc/x86_64-linux-gnu/11/../../../../x86_64-linux-gnu/include"
#include "..." search starts here:
#include <...> search starts here:
 /cm/shared/apps/slurm/current/include
 /home/andreast/modules/flow/202309a/rpp-dune-amgcpr-branch/include
 /home/andreast/modules/zoltan/202309a/12.16/include
 /home/andreast/modules/dune/202309a/mod-2.7.1/include
 /cm/shared/ex3-modules/202309a/milanq/pkgs/suitesparse-32-5.12.0/include
 /cm/shared/ex3-modules/202309a/milanq/pkgs/mpfr-4.0.2/include
 /cm/shared/ex3-modules/202309a/milanq/pkgs/gmp-6.1.2/include
 /cm/shared/ex3-modules/202309a/milanq/pkgs/parmetis-32-4.0.3/include
 /cm/shared/ex3-modules/202309a/milanq/pkgs/metis-32-5.1.0/include
 /cm/shared/ex3-modules/202309a/milanq/pkgs/boost-1.73.0/include
 /cm/shared/ex3-modules/202309a/milanq/pkgs/xz-5.2.7/include
 /cm/shared/ex3-modules/202309a/milanq/pkgs/openblas-0.3.21/include
 /cm/shared/ex3-modules/202309a/milanq/pkgs/openmpi-4.1.4/include
 /cm/shared/ex3-modules/202309a/milanq/pkgs/util-linux-2.34/include
 /cm/shared/ex3-modules/202309a/milanq/pkgs/libfabric-1.17.0/include
 /cm/shared/ex3-modules/202309a/milanq/pkgs/ucx-1.12.1/include
 /cm/shared/ex3-modules/202309a/milanq/pkgs/rdma-core-44.0/include
 /cm/shared/ex3-modules/202309a/milanq/pkgs/libnl-3.2.25/include/libnl3
 /cm/shared/ex3-modules/202309a/milanq/pkgs/numactl-2.0.13/include
 /cm/shared/ex3-modules/202309a/milanq/pkgs/libevent-2.1.12-stable/include
 /cm/shared/ex3-modules/202309a/milanq/pkgs/knem-1.1.4/include
 /cm/shared/ex3-modules/202309a/milanq/pkgs/hwloc-2.7.1/include
 /cm/shared/ex3-modules/0.6.1/pkgs/fftw-3.3.8/include
 /cm/shared/ex3-modules/0.6.1/pkgs/lapack-3.9.0/include
 /cm/shared/ex3-modules/0.6.1/pkgs/openblas-0.3.12/include
 /cm/shared/ex3-modules/0.6.1/pkgs/gcc-8.4.0/include/c++/
 /cm/shared/ex3-modules/0.6.1/pkgs/freetype-2.10.1/include
 /cm/shared/ex3-modules/0.6.1/pkgs/libpng-1.6.37/include
 /cm/shared/ex3-modules/0.6.1/pkgs/python-3.7.4/include/python3.7m
 /cm/shared/ex3-modules/0.6.1/pkgs/sqlite-3.31.1/include
 /cm/shared/ex3-modules/0.6.1/pkgs/libffi-3.2.1/include
 /cm/shared/ex3-modules/0.6.1/pkgs/readline-8.0/include
 /cm/shared/ex3-modules/0.6.1/pkgs/ncurses-6.1/include
 /cm/shared/ex3-modules/0.6.1/pkgs/xz-5.2.5/include
 /cm/shared/ex3-modules/0.6.1/pkgs/bzip2-1.0.8/include
 /cm/shared/ex3-modules/0.6.1/pkgs/openssl-1.1.1c/include
 /usr/include/c++/11
 /usr/include/x86_64-linux-gnu/c++/11
 /usr/include/c++/11/backward
 /usr/lib/gcc/x86_64-linux-gnu/11/include
 /usr/local/include
 /usr/include/x86_64-linux-gnu
 /usr/include
End of search list.
GNU C++17 (Ubuntu 11.4.0-1ubuntu1~22.04) version 11.4.0 (x86_64-linux-gnu)
	compiled by GNU C version 11.4.0, GMP version 6.2.1, MPFR version 4.1.0, MPC version 1.2.1, isl version isl-0.24-GMP

warning: GMP header version 6.2.1 differs from library version 6.1.2.
warning: MPFR header version 4.1.0 differs from library version 4.0.2.
GGC heuristics: --param ggc-min-expand=100 --param ggc-min-heapsize=131072
Compiler executable checksum: d591828bb4d392ae8b7b160e5bb0b95f
COLLECT_GCC_OPTIONS='-O2' '-mavx' '-funroll-loops' '-v' '-o' 'CMakeFiles/cmTC_e2cb0.dir/CMakeCXXCompilerABI.cpp.o' '-c' '-shared-libgcc' '-mtune=generic' '-march=x86-64' '-dumpdir' 'CMakeFiles/cmTC_e2cb0.dir/'
 as -v --64 -o CMakeFiles/cmTC_e2cb0.dir/CMakeCXXCompilerABI.cpp.o /tmp/ccwbEgCd.s
GNU assembler version 2.38 (x86_64-linux-gnu) using BFD version (GNU Binutils for Ubuntu) 2.38
COMPILER_PATH=/usr/lib/gcc/x86_64-linux-gnu/11/:/usr/lib/gcc/x86_64-linux-gnu/11/:/usr/lib/gcc/x86_64-linux-gnu/:/usr/lib/gcc/x86_64-linux-gnu/11/:/usr/lib/gcc/x86_64-linux-gnu/
LIBRARY_PATH=/home/andreast/modules/flow/202309a/rpp-dune-amgcpr-branch/lib/../lib/:/home/andreast/modules/zoltan/202309a/12.16/lib/../lib/:/home/andreast/modules/dune/202309a/mod-2.7.1/lib/../lib/:/cm/shared/ex3-modules/202309a/milanq/pkgs/suitesparse-32-5.12.0/lib/../lib/:/cm/shared/ex3-modules/202309a/milanq/pkgs/mpfr-4.0.2/lib/../lib/:/cm/shared/ex3-modules/202309a/milanq/pkgs/gmp-6.1.2/lib/../lib/:/cm/shared/ex3-modules/202309a/milanq/pkgs/parmetis-32-4.0.3/lib/../lib/:/cm/shared/ex3-modules/202309a/milanq/pkgs/metis-32-5.1.0/lib/../lib/:/cm/shared/ex3-modules/202309a/milanq/pkgs/boost-1.73.0/lib/../lib/:/cm/shared/ex3-modules/202309a/milanq/pkgs/xz-5.2.7/lib/../lib/:/cm/shared/ex3-modules/202309a/milanq/pkgs/openblas-0.3.21/lib/../lib/:/cm/shared/ex3-modules/202309a/milanq/pkgs/openmpi-4.1.4/lib/../lib/:/cm/shared/ex3-modules/202309a/milanq/pkgs/util-linux-2.34/lib/../lib/:/cm/shared/ex3-modules/202309a/milanq/pkgs/libfabric-1.17.0/lib/../lib/:/cm/shared/ex3-modules/202309a/milanq/pkgs/ucx-1.12.1/lib/../lib/:/cm/shared/ex3-modules/202309a/milanq/pkgs/rdma-core-44.0/lib/../lib/:/cm/shared/ex3-modules/202309a/milanq/pkgs/libnl-3.2.25/lib/../lib/:/cm/shared/ex3-modules/202309a/milanq/pkgs/numactl-2.0.13/lib/../lib/:/cm/shared/ex3-modules/202309a/milanq/pkgs/libevent-2.1.12-stable/lib/../lib/:/cm/shared/ex3-modules/202309a/milanq/pkgs/knem-1.1.4/lib/../lib/:/cm/shared/ex3-modules/202309a/milanq/pkgs/hwloc-2.7.1/lib/../lib/:/cm/shared/ex3-modules/0.6.1/pkgs/fftw-3.3.8/lib/../lib/:/cm/shared/ex3-modules/0.6.1/pkgs/lapack-3.9.0/lib/../lib/:/cm/shared/ex3-modules/0.6.1/pkgs/openblas-0.3.12/lib/../lib/:/cm/shared/ex3-modules/0.6.1/pkgs/gcc-8.4.0/lib64/../lib/:/cm/shared/ex3-modules/0.6.1/pkgs/freetype-2.10.1/lib/../lib/:/cm/shared/ex3-modules/0.6.1/pkgs/libpng-1.6.37/lib/../lib/:/cm/shared/ex3-modules/0.6.1/pkgs/python-3.7.4/lib/../lib/:/cm/shared/ex3-modules/0.6.1/pkgs/sqlite-3.31.1/lib/../lib/:/cm/shared/ex3-modules/0.6.1/pkgs/libffi-3.2.1/lib/../lib/:/cm/shared/ex3-modules/0.6.1/pkgs/readline-8.0/lib/../lib/:/cm/shared/ex3-modules/0.6.1/pkgs/ncurses-6.1/lib/../lib/:/cm/shared/ex3-modules/0.6.1/pkgs/xz-5.2.5/lib/../lib/:/cm/shared/ex3-modules/0.6.1/pkgs/bzip2-1.0.8/lib/../lib/:/cm/shared/ex3-modules/0.6.1/pkgs/openssl-1.1.1c/lib/../lib/:/cm/shared/apps/slurm/current/lib64/../lib/:/usr/lib/gcc/x86_64-linux-gnu/11/:/usr/lib/gcc/x86_64-linux-gnu/11/../../../x86_64-linux-gnu/:/usr/lib/gcc/x86_64-linux-gnu/11/../../../../lib/:/lib/x86_64-linux-gnu/:/lib/../lib/:/usr/lib/x86_64-linux-gnu/:/usr/lib/../lib/:/home/andreast/modules/flow/202309a/rpp-dune-amgcpr-branch/lib/:/home/andreast/modules/zoltan/202309a/12.16/lib/:/home/andreast/modules/dune/202309a/mod-2.7.1/lib/:/cm/shared/ex3-modules/202309a/milanq/pkgs/suitesparse-32-5.12.0/lib/:/cm/shared/ex3-modules/202309a/milanq/pkgs/mpfr-4.0.2/lib/:/cm/shared/ex3-modules/202309a/milanq/pkgs/gmp-6.1.2/lib/:/cm/shared/ex3-modules/202309a/milanq/pkgs/parmetis-32-4.0.3/lib/:/cm/shared/ex3-modules/202309a/milanq/pkgs/metis-32-5.1.0/lib/:/cm/shared/ex3-modules/202309a/milanq/pkgs/boost-1.73.0/lib/:/cm/shared/ex3-modules/202309a/milanq/pkgs/xz-5.2.7/lib/:/cm/shared/ex3-modules/202309a/milanq/pkgs/openblas-0.3.21/lib/:/cm/shared/ex3-modules/202309a/milanq/pkgs/openmpi-4.1.4/lib/:/cm/shared/ex3-modules/202309a/milanq/pkgs/util-linux-2.34/lib/:/cm/shared/ex3-modules/202309a/milanq/pkgs/libfabric-1.17.0/lib/:/cm/shared/ex3-modules/202309a/milanq/pkgs/ucx-1.12.1/lib/:/cm/shared/ex3-modules/202309a/milanq/pkgs/rdma-core-44.0/lib/:/cm/shared/ex3-modules/202309a/milanq/pkgs/libnl-3.2.25/lib/:/cm/shared/ex3-modules/202309a/milanq/pkgs/numactl-2.0.13/lib/:/cm/shared/ex3-modules/202309a/milanq/pkgs/libevent-2.1.12-stable/lib/:/cm/shared/ex3-modules/202309a/milanq/pkgs/knem-1.1.4/lib/:/cm/shared/ex3-modules/202309a/milanq/pkgs/hwloc-2.7.1/lib/:/cm/shared/ex3-modules/0.6.1/pkgs/fftw-3.3.8/lib/:/cm/shared/ex3-modules/0.6.1/pkgs/lapack-3.9.0/lib/:/cm/shared/ex3-modules/0.6.1/pkgs/openblas-0.3.12/lib/:/cm/shared/ex3-modules/0.6.1/pkgs/gcc-8.4.0/lib64/:/cm/shared/ex3-modules/0.6.1/pkgs/freetype-2.10.1/lib/:/cm/shared/ex3-modules/0.6.1/pkgs/libpng-1.6.37/lib/:/cm/shared/ex3-modules/0.6.1/pkgs/python-3.7.4/lib/:/cm/shared/ex3-modules/0.6.1/pkgs/sqlite-3.31.1/lib/:/cm/shared/ex3-modules/0.6.1/pkgs/libffi-3.2.1/lib/:/cm/shared/ex3-modules/0.6.1/pkgs/readline-8.0/lib/:/cm/shared/ex3-modules/0.6.1/pkgs/ncurses-6.1/lib/:/cm/shared/ex3-modules/0.6.1/pkgs/xz-5.2.5/lib/:/cm/shared/ex3-modules/0.6.1/pkgs/bzip2-1.0.8/lib/:/cm/shared/ex3-modules/0.6.1/pkgs/openssl-1.1.1c/lib/:/cm/shared/apps/slurm/current/lib64/slurm/:/cm/shared/apps/slurm/current/lib64/:/usr/lib/gcc/x86_64-linux-gnu/11/../../../:/lib/:/usr/lib/
COLLECT_GCC_OPTIONS='-O2' '-mavx' '-funroll-loops' '-v' '-o' 'CMakeFiles/cmTC_e2cb0.dir/CMakeCXXCompilerABI.cpp.o' '-c' '-shared-libgcc' '-mtune=generic' '-march=x86-64' '-dumpdir' 'CMakeFiles/cmTC_e2cb0.dir/CMakeCXXCompilerABI.cpp.'
Linking CXX executable cmTC_e2cb0
/cm/shared/ex3-modules/0.6.1/pkgs/cmake-3.17.2/bin/cmake -E cmake_link_script CMakeFiles/cmTC_e2cb0.dir/link.txt --verbose=1
/usr/bin/c++  -O2 -mavx -funroll-loops    -v -rdynamic CMakeFiles/cmTC_e2cb0.dir/CMakeCXXCompilerABI.cpp.o  -o cmTC_e2cb0 
Using built-in specs.
COLLECT_GCC=/usr/bin/c++
COLLECT_LTO_WRAPPER=/usr/lib/gcc/x86_64-linux-gnu/11/lto-wrapper
OFFLOAD_TARGET_NAMES=nvptx-none:amdgcn-amdhsa
OFFLOAD_TARGET_DEFAULT=1
Target: x86_64-linux-gnu
Configured with: ../src/configure -v --with-pkgversion='Ubuntu 11.4.0-1ubuntu1~22.04' --with-bugurl=file:///usr/share/doc/gcc-11/README.Bugs --enable-languages=c,ada,c++,go,brig,d,fortran,objc,obj-c++,m2 --prefix=/usr --with-gcc-major-version-only --program-suffix=-11 --program-prefix=x86_64-linux-gnu- --enable-shared --enable-linker-build-id --libexecdir=/usr/lib --without-included-gettext --enable-threads=posix --libdir=/usr/lib --enable-nls --enable-bootstrap --enable-clocale=gnu --enable-libstdcxx-debug --enable-libstdcxx-time=yes --with-default-libstdcxx-abi=new --enable-gnu-unique-object --disable-vtable-verify --enable-plugin --enable-default-pie --with-system-zlib --enable-libphobos-checking=release --with-target-system-zlib=auto --enable-objc-gc=auto --enable-multiarch --disable-werror --enable-cet --with-arch-32=i686 --with-abi=m64 --with-multilib-list=m32,m64,mx32 --enable-multilib --with-tune=generic --enable-offload-targets=nvptx-none=/build/gcc-11-XeT9lY/gcc-11-11.4.0/debian/tmp-nvptx/usr,amdgcn-amdhsa=/build/gcc-11-XeT9lY/gcc-11-11.4.0/debian/tmp-gcn/usr --without-cuda-driver --enable-checking=release --build=x86_64-linux-gnu --host=x86_64-linux-gnu --target=x86_64-linux-gnu --with-build-config=bootstrap-lto-lean --enable-link-serialization=2
Thread model: posix
Supported LTO compression algorithms: zlib zstd
gcc version 11.4.0 (Ubuntu 11.4.0-1ubuntu1~22.04) 
COMPILER_PATH=/usr/lib/gcc/x86_64-linux-gnu/11/:/usr/lib/gcc/x86_64-linux-gnu/11/:/usr/lib/gcc/x86_64-linux-gnu/:/usr/lib/gcc/x86_64-linux-gnu/11/:/usr/lib/gcc/x86_64-linux-gnu/
LIBRARY_PATH=/home/andreast/modules/flow/202309a/rpp-dune-amgcpr-branch/lib/../lib/:/home/andreast/modules/zoltan/202309a/12.16/lib/../lib/:/home/andreast/modules/dune/202309a/mod-2.7.1/lib/../lib/:/cm/shared/ex3-modules/202309a/milanq/pkgs/suitesparse-32-5.12.0/lib/../lib/:/cm/shared/ex3-modules/202309a/milanq/pkgs/mpfr-4.0.2/lib/../lib/:/cm/shared/ex3-modules/202309a/milanq/pkgs/gmp-6.1.2/lib/../lib/:/cm/shared/ex3-modules/202309a/milanq/pkgs/parmetis-32-4.0.3/lib/../lib/:/cm/shared/ex3-modules/202309a/milanq/pkgs/metis-32-5.1.0/lib/../lib/:/cm/shared/ex3-modules/202309a/milanq/pkgs/boost-1.73.0/lib/../lib/:/cm/shared/ex3-modules/202309a/milanq/pkgs/xz-5.2.7/lib/../lib/:/cm/shared/ex3-modules/202309a/milanq/pkgs/openblas-0.3.21/lib/../lib/:/cm/shared/ex3-modules/202309a/milanq/pkgs/openmpi-4.1.4/lib/../lib/:/cm/shared/ex3-modules/202309a/milanq/pkgs/util-linux-2.34/lib/../lib/:/cm/shared/ex3-modules/202309a/milanq/pkgs/libfabric-1.17.0/lib/../lib/:/cm/shared/ex3-modules/202309a/milanq/pkgs/ucx-1.12.1/lib/../lib/:/cm/shared/ex3-modules/202309a/milanq/pkgs/rdma-core-44.0/lib/../lib/:/cm/shared/ex3-modules/202309a/milanq/pkgs/libnl-3.2.25/lib/../lib/:/cm/shared/ex3-modules/202309a/milanq/pkgs/numactl-2.0.13/lib/../lib/:/cm/shared/ex3-modules/202309a/milanq/pkgs/libevent-2.1.12-stable/lib/../lib/:/cm/shared/ex3-modules/202309a/milanq/pkgs/knem-1.1.4/lib/../lib/:/cm/shared/ex3-modules/202309a/milanq/pkgs/hwloc-2.7.1/lib/../lib/:/cm/shared/ex3-modules/0.6.1/pkgs/fftw-3.3.8/lib/../lib/:/cm/shared/ex3-modules/0.6.1/pkgs/lapack-3.9.0/lib/../lib/:/cm/shared/ex3-modules/0.6.1/pkgs/openblas-0.3.12/lib/../lib/:/cm/shared/ex3-modules/0.6.1/pkgs/gcc-8.4.0/lib64/../lib/:/cm/shared/ex3-modules/0.6.1/pkgs/freetype-2.10.1/lib/../lib/:/cm/shared/ex3-modules/0.6.1/pkgs/libpng-1.6.37/lib/../lib/:/cm/shared/ex3-modules/0.6.1/pkgs/python-3.7.4/lib/../lib/:/cm/shared/ex3-modules/0.6.1/pkgs/sqlite-3.31.1/lib/../lib/:/cm/shared/ex3-modules/0.6.1/pkgs/libffi-3.2.1/lib/../lib/:/cm/shared/ex3-modules/0.6.1/pkgs/readline-8.0/lib/../lib/:/cm/shared/ex3-modules/0.6.1/pkgs/ncurses-6.1/lib/../lib/:/cm/shared/ex3-modules/0.6.1/pkgs/xz-5.2.5/lib/../lib/:/cm/shared/ex3-modules/0.6.1/pkgs/bzip2-1.0.8/lib/../lib/:/cm/shared/ex3-modules/0.6.1/pkgs/openssl-1.1.1c/lib/../lib/:/cm/shared/apps/slurm/current/lib64/../lib/:/usr/lib/gcc/x86_64-linux-gnu/11/:/usr/lib/gcc/x86_64-linux-gnu/11/../../../x86_64-linux-gnu/:/usr/lib/gcc/x86_64-linux-gnu/11/../../../../lib/:/lib/x86_64-linux-gnu/:/lib/../lib/:/usr/lib/x86_64-linux-gnu/:/usr/lib/../lib/:/home/andreast/modules/flow/202309a/rpp-dune-amgcpr-branch/lib/:/home/andreast/modules/zoltan/202309a/12.16/lib/:/home/andreast/modules/dune/202309a/mod-2.7.1/lib/:/cm/shared/ex3-modules/202309a/milanq/pkgs/suitesparse-32-5.12.0/lib/:/cm/shared/ex3-modules/202309a/milanq/pkgs/mpfr-4.0.2/lib/:/cm/shared/ex3-modules/202309a/milanq/pkgs/gmp-6.1.2/lib/:/cm/shared/ex3-modules/202309a/milanq/pkgs/parmetis-32-4.0.3/lib/:/cm/shared/ex3-modules/202309a/milanq/pkgs/metis-32-5.1.0/lib/:/cm/shared/ex3-modules/202309a/milanq/pkgs/boost-1.73.0/lib/:/cm/shared/ex3-modules/202309a/milanq/pkgs/xz-5.2.7/lib/:/cm/shared/ex3-modules/202309a/milanq/pkgs/openblas-0.3.21/lib/:/cm/shared/ex3-modules/202309a/milanq/pkgs/openmpi-4.1.4/lib/:/cm/shared/ex3-modules/202309a/milanq/pkgs/util-linux-2.34/lib/:/cm/shared/ex3-modules/202309a/milanq/pkgs/libfabric-1.17.0/lib/:/cm/shared/ex3-modules/202309a/milanq/pkgs/ucx-1.12.1/lib/:/cm/shared/ex3-modules/202309a/milanq/pkgs/rdma-core-44.0/lib/:/cm/shared/ex3-modules/202309a/milanq/pkgs/libnl-3.2.25/lib/:/cm/shared/ex3-modules/202309a/milanq/pkgs/numactl-2.0.13/lib/:/cm/shared/ex3-modules/202309a/milanq/pkgs/libevent-2.1.12-stable/lib/:/cm/shared/ex3-modules/202309a/milanq/pkgs/knem-1.1.4/lib/:/cm/shared/ex3-modules/202309a/milanq/pkgs/hwloc-2.7.1/lib/:/cm/shared/ex3-modules/0.6.1/pkgs/fftw-3.3.8/lib/:/cm/shared/ex3-modules/0.6.1/pkgs/lapack-3.9.0/lib/:/cm/shared/ex3-modules/0.6.1/pkgs/openblas-0.3.12/lib/:/cm/shared/ex3-modules/0.6.1/pkgs/gcc-8.4.0/lib64/:/cm/shared/ex3-modules/0.6.1/pkgs/freetype-2.10.1/lib/:/cm/shared/ex3-modules/0.6.1/pkgs/libpng-1.6.37/lib/:/cm/shared/ex3-modules/0.6.1/pkgs/python-3.7.4/lib/:/cm/shared/ex3-modules/0.6.1/pkgs/sqlite-3.31.1/lib/:/cm/shared/ex3-modules/0.6.1/pkgs/libffi-3.2.1/lib/:/cm/shared/ex3-modules/0.6.1/pkgs/readline-8.0/lib/:/cm/shared/ex3-modules/0.6.1/pkgs/ncurses-6.1/lib/:/cm/shared/ex3-modules/0.6.1/pkgs/xz-5.2.5/lib/:/cm/shared/ex3-modules/0.6.1/pkgs/bzip2-1.0.8/lib/:/cm/shared/ex3-modules/0.6.1/pkgs/openssl-1.1.1c/lib/:/cm/shared/apps/slurm/current/lib64/slurm/:/cm/shared/apps/slurm/current/lib64/:/usr/lib/gcc/x86_64-linux-gnu/11/../../../:/lib/:/usr/lib/
COLLECT_GCC_OPTIONS='-O2' '-mavx' '-funroll-loops' '-v' '-rdynamic' '-o' 'cmTC_e2cb0' '-shared-libgcc' '-mtune=generic' '-march=x86-64' '-dumpdir' 'cmTC_e2cb0.'
 /usr/lib/gcc/x86_64-linux-gnu/11/collect2 -plugin /usr/lib/gcc/x86_64-linux-gnu/11/liblto_plugin.so -plugin-opt=/usr/lib/gcc/x86_64-linux-gnu/11/lto-wrapper -plugin-opt=-fresolution=/tmp/ccYP5FDj.res -plugin-opt=-pass-through=-lgcc_s -plugin-opt=-pass-through=-lgcc -plugin-opt=-pass-through=-lc -plugin-opt=-pass-through=-lgcc_s -plugin-opt=-pass-through=-lgcc --build-id --eh-frame-hdr -m elf_x86_64 --hash-style=gnu --as-needed -export-dynamic -dynamic-linker /lib64/ld-linux-x86-64.so.2 -pie -z now -z relro -o cmTC_e2cb0 /usr/lib/gcc/x86_64-linux-gnu/11/../../../x86_64-linux-gnu/Scrt1.o /usr/lib/gcc/x86_64-linux-gnu/11/../../../x86_64-linux-gnu/crti.o /usr/lib/gcc/x86_64-linux-gnu/11/crtbeginS.o -L/home/andreast/modules/flow/202309a/rpp-dune-amgcpr-branch/lib/../lib -L/home/andreast/modules/zoltan/202309a/12.16/lib/../lib -L/home/andreast/modules/dune/202309a/mod-2.7.1/lib/../lib -L/cm/shared/ex3-modules/202309a/milanq/pkgs/suitesparse-32-5.12.0/lib/../lib -L/cm/shared/ex3-modules/202309a/milanq/pkgs/mpfr-4.0.2/lib/../lib -L/cm/shared/ex3-modules/202309a/milanq/pkgs/gmp-6.1.2/lib/../lib -L/cm/shared/ex3-modules/202309a/milanq/pkgs/parmetis-32-4.0.3/lib/../lib -L/cm/shared/ex3-modules/202309a/milanq/pkgs/metis-32-5.1.0/lib/../lib -L/cm/shared/ex3-modules/202309a/milanq/pkgs/boost-1.73.0/lib/../lib -L/cm/shared/ex3-modules/202309a/milanq/pkgs/xz-5.2.7/lib/../lib -L/cm/shared/ex3-modules/202309a/milanq/pkgs/openblas-0.3.21/lib/../lib -L/cm/shared/ex3-modules/202309a/milanq/pkgs/openmpi-4.1.4/lib/../lib -L/cm/shared/ex3-modules/202309a/milanq/pkgs/util-linux-2.34/lib/../lib -L/cm/shared/ex3-modules/202309a/milanq/pkgs/libfabric-1.17.0/lib/../lib -L/cm/shared/ex3-modules/202309a/milanq/pkgs/ucx-1.12.1/lib/../lib -L/cm/shared/ex3-modules/202309a/milanq/pkgs/rdma-core-44.0/lib/../lib -L/cm/shared/ex3-modules/202309a/milanq/pkgs/libnl-3.2.25/lib/../lib -L/cm/shared/ex3-modules/202309a/milanq/pkgs/numactl-2.0.13/lib/../lib -L/cm/shared/ex3-modules/202309a/milanq/pkgs/libevent-2.1.12-stable/lib/../lib -L/cm/shared/ex3-modules/202309a/milanq/pkgs/knem-1.1.4/lib/../lib -L/cm/shared/ex3-modules/202309a/milanq/pkgs/hwloc-2.7.1/lib/../lib -L/cm/shared/ex3-modules/0.6.1/pkgs/fftw-3.3.8/lib/../lib -L/cm/shared/ex3-modules/0.6.1/pkgs/lapack-3.9.0/lib/../lib -L/cm/shared/ex3-modules/0.6.1/pkgs/openblas-0.3.12/lib/../lib -L/cm/shared/ex3-modules/0.6.1/pkgs/gcc-8.4.0/lib64/../lib -L/cm/shared/ex3-modules/0.6.1/pkgs/freetype-2.10.1/lib/../lib -L/cm/shared/ex3-modules/0.6.1/pkgs/libpng-1.6.37/lib/../lib -L/cm/shared/ex3-modules/0.6.1/pkgs/python-3.7.4/lib/../lib -L/cm/shared/ex3-modules/0.6.1/pkgs/sqlite-3.31.1/lib/../lib -L/cm/shared/ex3-modules/0.6.1/pkgs/libffi-3.2.1/lib/../lib -L/cm/shared/ex3-modules/0.6.1/pkgs/readline-8.0/lib/../lib -L/cm/shared/ex3-modules/0.6.1/pkgs/ncurses-6.1/lib/../lib -L/cm/shared/ex3-modules/0.6.1/pkgs/xz-5.2.5/lib/../lib -L/cm/shared/ex3-modules/0.6.1/pkgs/bzip2-1.0.8/lib/../lib -L/cm/shared/ex3-modules/0.6.1/pkgs/openssl-1.1.1c/lib/../lib -L/cm/shared/apps/slurm/current/lib64/../lib -L/usr/lib/gcc/x86_64-linux-gnu/11 -L/usr/lib/gcc/x86_64-linux-gnu/11/../../../x86_64-linux-gnu -L/usr/lib/gcc/x86_64-linux-gnu/11/../../../../lib -L/lib/x86_64-linux-gnu -L/lib/../lib -L/usr/lib/x86_64-linux-gnu -L/usr/lib/../lib -L/home/andreast/modules/flow/202309a/rpp-dune-amgcpr-branch/lib -L/home/andreast/modules/zoltan/202309a/12.16/lib -L/home/andreast/modules/dune/202309a/mod-2.7.1/lib -L/cm/shared/ex3-modules/202309a/milanq/pkgs/suitesparse-32-5.12.0/lib -L/cm/shared/ex3-modules/202309a/milanq/pkgs/mpfr-4.0.2/lib -L/cm/shared/ex3-modules/202309a/milanq/pkgs/gmp-6.1.2/lib -L/cm/shared/ex3-modules/202309a/milanq/pkgs/parmetis-32-4.0.3/lib -L/cm/shared/ex3-modules/202309a/milanq/pkgs/metis-32-5.1.0/lib -L/cm/shared/ex3-modules/202309a/milanq/pkgs/boost-1.73.0/lib -L/cm/shared/ex3-modules/202309a/milanq/pkgs/xz-5.2.7/lib -L/cm/shared/ex3-modules/202309a/milanq/pkgs/openblas-0.3.21/lib -L/cm/shared/ex3-modules/202309a/milanq/pkgs/openmpi-4.1.4/lib -L/cm/shared/ex3-modules/202309a/milanq/pkgs/util-linux-2.34/lib -L/cm/shared/ex3-modules/202309a/milanq/pkgs/libfabric-1.17.0/lib -L/cm/shared/ex3-modules/202309a/milanq/pkgs/ucx-1.12.1/lib -L/cm/shared/ex3-modules/202309a/milanq/pkgs/rdma-core-44.0/lib -L/cm/shared/ex3-modules/202309a/milanq/pkgs/libnl-3.2.25/lib -L/cm/shared/ex3-modules/202309a/milanq/pkgs/numactl-2.0.13/lib -L/cm/shared/ex3-modules/202309a/milanq/pkgs/libevent-2.1.12-stable/lib -L/cm/shared/ex3-modules/202309a/milanq/pkgs/knem-1.1.4/lib -L/cm/shared/ex3-modules/202309a/milanq/pkgs/hwloc-2.7.1/lib -L/cm/shared/ex3-modules/0.6.1/pkgs/fftw-3.3.8/lib -L/cm/shared/ex3-modules/0.6.1/pkgs/lapack-3.9.0/lib -L/cm/shared/ex3-modules/0.6.1/pkgs/openblas-0.3.12/lib -L/cm/shared/ex3-modules/0.6.1/pkgs/gcc-8.4.0/lib64 -L/cm/shared/ex3-modules/0.6.1/pkgs/freetype-2.10.1/lib -L/cm/shared/ex3-modules/0.6.1/pkgs/libpng-1.6.37/lib -L/cm/shared/ex3-modules/0.6.1/pkgs/python-3.7.4/lib -L/cm/shared/ex3-modules/0.6.1/pkgs/sqlite-3.31.1/lib -L/cm/shared/ex3-modules/0.6.1/pkgs/libffi-3.2.1/lib -L/cm/shared/ex3-modules/0.6.1/pkgs/readline-8.0/lib -L/cm/shared/ex3-modules/0.6.1/pkgs/ncurses-6.1/lib -L/cm/shared/ex3-modules/0.6.1/pkgs/xz-5.2.5/lib -L/cm/shared/ex3-modules/0.6.1/pkgs/bzip2-1.0.8/lib -L/cm/shared/ex3-modules/0.6.1/pkgs/openssl-1.1.1c/lib -L/cm/shared/apps/slurm/current/lib64/slurm -L/cm/shared/apps/slurm/current/lib64 -L/usr/lib/gcc/x86_64-linux-gnu/11/../../.. CMakeFiles/cmTC_e2cb0.dir/CMakeCXXCompilerABI.cpp.o -lstdc++ -lm -lgcc_s -lgcc -lc -lgcc_s -lgcc /usr/lib/gcc/x86_64-linux-gnu/11/crtendS.o /usr/lib/gcc/x86_64-linux-gnu/11/../../../x86_64-linux-gnu/crtn.o
COLLECT_GCC_OPTIONS='-O2' '-mavx' '-funroll-loops' '-v' '-rdynamic' '-o' 'cmTC_e2cb0' '-shared-libgcc' '-mtune=generic' '-march=x86-64' '-dumpdir' 'cmTC_e2cb0.'
gmake[1]: Leaving directory '/home/erikhs/MatrixProblems/build_x86_64/CMakeFiles/CMakeTmp'



Parsed CXX implicit include dir info from above output: rv=done
  found start of include info
  found start of implicit include info
    add: [/cm/shared/apps/slurm/current/include]
    add: [/home/andreast/modules/flow/202309a/rpp-dune-amgcpr-branch/include]
    add: [/home/andreast/modules/zoltan/202309a/12.16/include]
    add: [/home/andreast/modules/dune/202309a/mod-2.7.1/include]
    add: [/cm/shared/ex3-modules/202309a/milanq/pkgs/suitesparse-32-5.12.0/include]
    add: [/cm/shared/ex3-modules/202309a/milanq/pkgs/mpfr-4.0.2/include]
    add: [/cm/shared/ex3-modules/202309a/milanq/pkgs/gmp-6.1.2/include]
    add: [/cm/shared/ex3-modules/202309a/milanq/pkgs/parmetis-32-4.0.3/include]
    add: [/cm/shared/ex3-modules/202309a/milanq/pkgs/metis-32-5.1.0/include]
    add: [/cm/shared/ex3-modules/202309a/milanq/pkgs/boost-1.73.0/include]
    add: [/cm/shared/ex3-modules/202309a/milanq/pkgs/xz-5.2.7/include]
    add: [/cm/shared/ex3-modules/202309a/milanq/pkgs/openblas-0.3.21/include]
    add: [/cm/shared/ex3-modules/202309a/milanq/pkgs/openmpi-4.1.4/include]
    add: [/cm/shared/ex3-modules/202309a/milanq/pkgs/util-linux-2.34/include]
    add: [/cm/shared/ex3-modules/202309a/milanq/pkgs/libfabric-1.17.0/include]
    add: [/cm/shared/ex3-modules/202309a/milanq/pkgs/ucx-1.12.1/include]
    add: [/cm/shared/ex3-modules/202309a/milanq/pkgs/rdma-core-44.0/include]
    add: [/cm/shared/ex3-modules/202309a/milanq/pkgs/libnl-3.2.25/include/libnl3]
    add: [/cm/shared/ex3-modules/202309a/milanq/pkgs/numactl-2.0.13/include]
    add: [/cm/shared/ex3-modules/202309a/milanq/pkgs/libevent-2.1.12-stable/include]
    add: [/cm/shared/ex3-modules/202309a/milanq/pkgs/knem-1.1.4/include]
    add: [/cm/shared/ex3-modules/202309a/milanq/pkgs/hwloc-2.7.1/include]
    add: [/cm/shared/ex3-modules/0.6.1/pkgs/fftw-3.3.8/include]
    add: [/cm/shared/ex3-modules/0.6.1/pkgs/lapack-3.9.0/include]
    add: [/cm/shared/ex3-modules/0.6.1/pkgs/openblas-0.3.12/include]
    add: [/cm/shared/ex3-modules/0.6.1/pkgs/gcc-8.4.0/include/c++/]
    add: [/cm/shared/ex3-modules/0.6.1/pkgs/freetype-2.10.1/include]
    add: [/cm/shared/ex3-modules/0.6.1/pkgs/libpng-1.6.37/include]
    add: [/cm/shared/ex3-modules/0.6.1/pkgs/python-3.7.4/include/python3.7m]
    add: [/cm/shared/ex3-modules/0.6.1/pkgs/sqlite-3.31.1/include]
    add: [/cm/shared/ex3-modules/0.6.1/pkgs/libffi-3.2.1/include]
    add: [/cm/shared/ex3-modules/0.6.1/pkgs/readline-8.0/include]
    add: [/cm/shared/ex3-modules/0.6.1/pkgs/ncurses-6.1/include]
    add: [/cm/shared/ex3-modules/0.6.1/pkgs/xz-5.2.5/include]
    add: [/cm/shared/ex3-modules/0.6.1/pkgs/bzip2-1.0.8/include]
    add: [/cm/shared/ex3-modules/0.6.1/pkgs/openssl-1.1.1c/include]
    add: [/usr/include/c++/11]
    add: [/usr/include/x86_64-linux-gnu/c++/11]
    add: [/usr/include/c++/11/backward]
    add: [/usr/lib/gcc/x86_64-linux-gnu/11/include]
    add: [/usr/local/include]
    add: [/usr/include/x86_64-linux-gnu]
    add: [/usr/include]
  end of search list found
  collapse include dir [/cm/shared/apps/slurm/current/include] ==> [/cm/shared/apps/slurm/current/include]
  collapse include dir [/home/andreast/modules/flow/202309a/rpp-dune-amgcpr-branch/include] ==> [/home/andreast/modules/flow/202309a/rpp-dune-amgcpr-branch/include]
  collapse include dir [/home/andreast/modules/zoltan/202309a/12.16/include] ==> [/home/andreast/modules/zoltan/202309a/12.16/include]
  collapse include dir [/home/andreast/modules/dune/202309a/mod-2.7.1/include] ==> [/home/andreast/modules/dune/202309a/mod-2.7.1/include]
  collapse include dir [/cm/shared/ex3-modules/202309a/milanq/pkgs/suitesparse-32-5.12.0/include] ==> [/cm/shared/ex3-modules/202309a/milanq/pkgs/suitesparse-32-5.12.0/include]
  collapse include dir [/cm/shared/ex3-modules/202309a/milanq/pkgs/mpfr-4.0.2/include] ==> [/cm/shared/ex3-modules/202309a/milanq/pkgs/mpfr-4.0.2/include]
  collapse include dir [/cm/shared/ex3-modules/202309a/milanq/pkgs/gmp-6.1.2/include] ==> [/cm/shared/ex3-modules/202309a/milanq/pkgs/gmp-6.1.2/include]
  collapse include dir [/cm/shared/ex3-modules/202309a/milanq/pkgs/parmetis-32-4.0.3/include] ==> [/cm/shared/ex3-modules/202309a/milanq/pkgs/parmetis-32-4.0.3/include]
  collapse include dir [/cm/shared/ex3-modules/202309a/milanq/pkgs/metis-32-5.1.0/include] ==> [/cm/shared/ex3-modules/202309a/milanq/pkgs/metis-32-5.1.0/include]
  collapse include dir [/cm/shared/ex3-modules/202309a/milanq/pkgs/boost-1.73.0/include] ==> [/cm/shared/ex3-modules/202309a/milanq/pkgs/boost-1.73.0/include]
  collapse include dir [/cm/shared/ex3-modules/202309a/milanq/pkgs/xz-5.2.7/include] ==> [/cm/shared/ex3-modules/202309a/milanq/pkgs/xz-5.2.7/include]
  collapse include dir [/cm/shared/ex3-modules/202309a/milanq/pkgs/openblas-0.3.21/include] ==> [/cm/shared/ex3-modules/202309a/milanq/pkgs/openblas-0.3.21/include]
  collapse include dir [/cm/shared/ex3-modules/202309a/milanq/pkgs/openmpi-4.1.4/include] ==> [/cm/shared/ex3-modules/202309a/milanq/pkgs/openmpi-4.1.4/include]
  collapse include dir [/cm/shared/ex3-modules/202309a/milanq/pkgs/util-linux-2.34/include] ==> [/cm/shared/ex3-modules/202309a/milanq/pkgs/util-linux-2.34/include]
  collapse include dir [/cm/shared/ex3-modules/202309a/milanq/pkgs/libfabric-1.17.0/include] ==> [/cm/shared/ex3-modules/202309a/milanq/pkgs/libfabric-1.17.0/include]
  collapse include dir [/cm/shared/ex3-modules/202309a/milanq/pkgs/ucx-1.12.1/include] ==> [/cm/shared/ex3-modules/202309a/milanq/pkgs/ucx-1.12.1/include]
  collapse include dir [/cm/shared/ex3-modules/202309a/milanq/pkgs/rdma-core-44.0/include] ==> [/cm/shared/ex3-modules/202309a/milanq/pkgs/rdma-core-44.0/include]
  collapse include dir [/cm/shared/ex3-modules/202309a/milanq/pkgs/libnl-3.2.25/include/libnl3] ==> [/cm/shared/ex3-modules/202309a/milanq/pkgs/libnl-3.2.25/include/libnl3]
  collapse include dir [/cm/shared/ex3-modules/202309a/milanq/pkgs/numactl-2.0.13/include] ==> [/cm/shared/ex3-modules/202309a/milanq/pkgs/numactl-2.0.13/include]
  collapse include dir [/cm/shared/ex3-modules/202309a/milanq/pkgs/libevent-2.1.12-stable/include] ==> [/cm/shared/ex3-modules/202309a/milanq/pkgs/libevent-2.1.12-stable/include]
  collapse include dir [/cm/shared/ex3-modules/202309a/milanq/pkgs/knem-1.1.4/include] ==> [/cm/shared/ex3-modules/202309a/milanq/pkgs/knem-1.1.4/include]
  collapse include dir [/cm/shared/ex3-modules/202309a/milanq/pkgs/hwloc-2.7.1/include] ==> [/cm/shared/ex3-modules/202309a/milanq/pkgs/hwloc-2.7.1/include]
  collapse include dir [/cm/shared/ex3-modules/0.6.1/pkgs/fftw-3.3.8/include] ==> [/cm/shared/ex3-modules/0.6.1/pkgs/fftw-3.3.8/include]
  collapse include dir [/cm/shared/ex3-modules/0.6.1/pkgs/lapack-3.9.0/include] ==> [/cm/shared/ex3-modules/0.6.1/pkgs/lapack-3.9.0/include]
  collapse include dir [/cm/shared/ex3-modules/0.6.1/pkgs/openblas-0.3.12/include] ==> [/cm/shared/ex3-modules/0.6.1/pkgs/openblas-0.3.12/include]
  collapse include dir [/cm/shared/ex3-modules/0.6.1/pkgs/gcc-8.4.0/include/c++/] ==> [/cm/shared/ex3-modules/0.6.1/pkgs/gcc-8.4.0/include/c++]
  collapse include dir [/cm/shared/ex3-modules/0.6.1/pkgs/freetype-2.10.1/include] ==> [/cm/shared/ex3-modules/0.6.1/pkgs/freetype-2.10.1/include]
  collapse include dir [/cm/shared/ex3-modules/0.6.1/pkgs/libpng-1.6.37/include] ==> [/cm/shared/ex3-modules/0.6.1/pkgs/libpng-1.6.37/include]
  collapse include dir [/cm/shared/ex3-modules/0.6.1/pkgs/python-3.7.4/include/python3.7m] ==> [/cm/shared/ex3-modules/0.6.1/pkgs/python-3.7.4/include/python3.7m]
  collapse include dir [/cm/shared/ex3-modules/0.6.1/pkgs/sqlite-3.31.1/include] ==> [/cm/shared/ex3-modules/0.6.1/pkgs/sqlite-3.31.1/include]
  collapse include dir [/cm/shared/ex3-modules/0.6.1/pkgs/libffi-3.2.1/include] ==> [/cm/shared/ex3-modules/0.6.1/pkgs/libffi-3.2.1/include]
  collapse include dir [/cm/shared/ex3-modules/0.6.1/pkgs/readline-8.0/include] ==> [/cm/shared/ex3-modules/0.6.1/pkgs/readline-8.0/include]
  collapse include dir [/cm/shared/ex3-modules/0.6.1/pkgs/ncurses-6.1/include] ==> [/cm/shared/ex3-modules/0.6.1/pkgs/ncurses-6.1/include]
  collapse include dir [/cm/shared/ex3-modules/0.6.1/pkgs/xz-5.2.5/include] ==> [/cm/shared/ex3-modules/0.6.1/pkgs/xz-5.2.5/include]
  collapse include dir [/cm/shared/ex3-modules/0.6.1/pkgs/bzip2-1.0.8/include] ==> [/cm/shared/ex3-modules/0.6.1/pkgs/bzip2-1.0.8/include]
  collapse include dir [/cm/shared/ex3-modules/0.6.1/pkgs/openssl-1.1.1c/include] ==> [/cm/shared/ex3-modules/0.6.1/pkgs/openssl-1.1.1c/include]
  collapse include dir [/usr/include/c++/11] ==> [/usr/include/c++/11]
  collapse include dir [/usr/include/x86_64-linux-gnu/c++/11] ==> [/usr/include/x86_64-linux-gnu/c++/11]
  collapse include dir [/usr/include/c++/11/backward] ==> [/usr/include/c++/11/backward]
  collapse include dir [/usr/lib/gcc/x86_64-linux-gnu/11/include] ==> [/usr/lib/gcc/x86_64-linux-gnu/11/include]
  collapse include dir [/usr/local/include] ==> [/usr/local/include]
  collapse include dir [/usr/include/x86_64-linux-gnu] ==> [/usr/include/x86_64-linux-gnu]
  collapse include dir [/usr/include] ==> [/usr/include]
  implicit include dirs: [/cm/shared/apps/slurm/current/include;/home/andreast/modules/flow/202309a/rpp-dune-amgcpr-branch/include;/home/andreast/modules/zoltan/202309a/12.16/include;/home/andreast/modules/dune/202309a/mod-2.7.1/include;/cm/shared/ex3-modules/202309a/milanq/pkgs/suitesparse-32-5.12.0/include;/cm/shared/ex3-modules/202309a/milanq/pkgs/mpfr-4.0.2/include;/cm/shared/ex3-modules/202309a/milanq/pkgs/gmp-6.1.2/include;/cm/shared/ex3-modules/202309a/milanq/pkgs/parmetis-32-4.0.3/include;/cm/shared/ex3-modules/202309a/milanq/pkgs/metis-32-5.1.0/include;/cm/shared/ex3-modules/202309a/milanq/pkgs/boost-1.73.0/include;/cm/shared/ex3-modules/202309a/milanq/pkgs/xz-5.2.7/include;/cm/shared/ex3-modules/202309a/milanq/pkgs/openblas-0.3.21/include;/cm/shared/ex3-modules/202309a/milanq/pkgs/openmpi-4.1.4/include;/cm/shared/ex3-modules/202309a/milanq/pkgs/util-linux-2.34/include;/cm/shared/ex3-modules/202309a/milanq/pkgs/libfabric-1.17.0/include;/cm/shared/ex3-modules/202309a/milanq/pkgs/ucx-1.12.1/include;/cm/shared/ex3-modules/202309a/milanq/pkgs/rdma-core-44.0/include;/cm/shared/ex3-modules/202309a/milanq/pkgs/libnl-3.2.25/include/libnl3;/cm/shared/ex3-modules/202309a/milanq/pkgs/numactl-2.0.13/include;/cm/shared/ex3-modules/202309a/milanq/pkgs/libevent-2.1.12-stable/include;/cm/shared/ex3-modules/202309a/milanq/pkgs/knem-1.1.4/include;/cm/shared/ex3-modules/202309a/milanq/pkgs/hwloc-2.7.1/include;/cm/shared/ex3-modules/0.6.1/pkgs/fftw-3.3.8/include;/cm/shared/ex3-modules/0.6.1/pkgs/lapack-3.9.0/include;/cm/shared/ex3-modules/0.6.1/pkgs/openblas-0.3.12/include;/cm/shared/ex3-modules/0.6.1/pkgs/gcc-8.4.0/include/c++;/cm/shared/ex3-modules/0.6.1/pkgs/freetype-2.10.1/include;/cm/shared/ex3-modules/0.6.1/pkgs/libpng-1.6.37/include;/cm/shared/ex3-modules/0.6.1/pkgs/python-3.7.4/include/python3.7m;/cm/shared/ex3-modules/0.6.1/pkgs/sqlite-3.31.1/include;/cm/shared/ex3-modules/0.6.1/pkgs/libffi-3.2.1/include;/cm/shared/ex3-modules/0.6.1/pkgs/readline-8.0/include;/cm/shared/ex3-modules/0.6.1/pkgs/ncurses-6.1/include;/cm/shared/ex3-modules/0.6.1/pkgs/xz-5.2.5/include;/cm/shared/ex3-modules/0.6.1/pkgs/bzip2-1.0.8/include;/cm/shared/ex3-modules/0.6.1/pkgs/openssl-1.1.1c/include;/usr/include/c++/11;/usr/include/x86_64-linux-gnu/c++/11;/usr/include/c++/11/backward;/usr/lib/gcc/x86_64-linux-gnu/11/include;/usr/local/include;/usr/include/x86_64-linux-gnu;/usr/include]


Parsed CXX implicit link information from above output:
  link line regex: [^( *|.*[/\])(ld|CMAKE_LINK_STARTFILE-NOTFOUND|([^/\]+-)?ld|collect2)[^/\]*( |$)]
  ignore line: [Change Dir: /home/erikhs/MatrixProblems/build_x86_64/CMakeFiles/CMakeTmp]
  ignore line: []
  ignore line: [Run Build Command(s):/usr/bin/gmake cmTC_e2cb0/fast && /usr/bin/gmake  -f CMakeFiles/cmTC_e2cb0.dir/build.make CMakeFiles/cmTC_e2cb0.dir/build]
  ignore line: [gmake[1]: Entering directory '/home/erikhs/MatrixProblems/build_x86_64/CMakeFiles/CMakeTmp']
  ignore line: [Building CXX object CMakeFiles/cmTC_e2cb0.dir/CMakeCXXCompilerABI.cpp.o]
  ignore line: [/usr/bin/c++    -O2 -mavx -funroll-loops    -v -o CMakeFiles/cmTC_e2cb0.dir/CMakeCXXCompilerABI.cpp.o -c /cm/shared/ex3-modules/0.6.1/pkgs/cmake-3.17.2/share/cmake-3.17/Modules/CMakeCXXCompilerABI.cpp]
  ignore line: [Using built-in specs.]
  ignore line: [COLLECT_GCC=/usr/bin/c++]
  ignore line: [OFFLOAD_TARGET_NAMES=nvptx-none:amdgcn-amdhsa]
  ignore line: [OFFLOAD_TARGET_DEFAULT=1]
  ignore line: [Target: x86_64-linux-gnu]
  ignore line: [Configured with: ../src/configure -v --with-pkgversion='Ubuntu 11.4.0-1ubuntu1~22.04' --with-bugurl=file:///usr/share/doc/gcc-11/README.Bugs --enable-languages=c ada c++ go brig d fortran objc obj-c++ m2 --prefix=/usr --with-gcc-major-version-only --program-suffix=-11 --program-prefix=x86_64-linux-gnu- --enable-shared --enable-linker-build-id --libexecdir=/usr/lib --without-included-gettext --enable-threads=posix --libdir=/usr/lib --enable-nls --enable-bootstrap --enable-clocale=gnu --enable-libstdcxx-debug --enable-libstdcxx-time=yes --with-default-libstdcxx-abi=new --enable-gnu-unique-object --disable-vtable-verify --enable-plugin --enable-default-pie --with-system-zlib --enable-libphobos-checking=release --with-target-system-zlib=auto --enable-objc-gc=auto --enable-multiarch --disable-werror --enable-cet --with-arch-32=i686 --with-abi=m64 --with-multilib-list=m32 m64 mx32 --enable-multilib --with-tune=generic --enable-offload-targets=nvptx-none=/build/gcc-11-XeT9lY/gcc-11-11.4.0/debian/tmp-nvptx/usr amdgcn-amdhsa=/build/gcc-11-XeT9lY/gcc-11-11.4.0/debian/tmp-gcn/usr --without-cuda-driver --enable-checking=release --build=x86_64-linux-gnu --host=x86_64-linux-gnu --target=x86_64-linux-gnu --with-build-config=bootstrap-lto-lean --enable-link-serialization=2]
  ignore line: [Thread model: posix]
  ignore line: [Supported LTO compression algorithms: zlib zstd]
  ignore line: [gcc version 11.4.0 (Ubuntu 11.4.0-1ubuntu1~22.04) ]
  ignore line: [COLLECT_GCC_OPTIONS='-O2' '-mavx' '-funroll-loops' '-v' '-o' 'CMakeFiles/cmTC_e2cb0.dir/CMakeCXXCompilerABI.cpp.o' '-c' '-shared-libgcc' '-mtune=generic' '-march=x86-64' '-dumpdir' 'CMakeFiles/cmTC_e2cb0.dir/']
  ignore line: [ /usr/lib/gcc/x86_64-linux-gnu/11/cc1plus -quiet -v -imultiarch x86_64-linux-gnu -D_GNU_SOURCE /cm/shared/ex3-modules/0.6.1/pkgs/cmake-3.17.2/share/cmake-3.17/Modules/CMakeCXXCompilerABI.cpp -quiet -dumpdir CMakeFiles/cmTC_e2cb0.dir/ -dumpbase CMakeCXXCompilerABI.cpp.cpp -dumpbase-ext .cpp -mavx -mtune=generic -march=x86-64 -O2 -version -funroll-loops -fasynchronous-unwind-tables -fstack-protector-strong -Wformat -Wformat-security -fstack-clash-protection -fcf-protection -o /tmp/ccwbEgCd.s]
  ignore line: [GNU C++17 (Ubuntu 11.4.0-1ubuntu1~22.04) version 11.4.0 (x86_64-linux-gnu)]
  ignore line: [	compiled by GNU C version 11.4.0  GMP version 6.2.1  MPFR version 4.1.0  MPC version 1.2.1  isl version isl-0.24-GMP]
  ignore line: []
  ignore line: [warning: GMP header version 6.2.1 differs from library version 6.1.2.]
  ignore line: [warning: MPFR header version 4.1.0 differs from library version 4.0.2.]
  ignore line: [GGC heuristics: --param ggc-min-expand=100 --param ggc-min-heapsize=131072]
  ignore line: [ignoring nonexistent directory "/opt/nvidia/cudaq/include"]
  ignore line: [ignoring nonexistent directory "/opt/nvidia/cudaq/include"]
  ignore line: [ignoring duplicate directory "/usr/include/x86_64-linux-gnu/c++/11"]
  ignore line: [ignoring nonexistent directory "/usr/local/include/x86_64-linux-gnu"]
  ignore line: [ignoring nonexistent directory "/usr/lib/gcc/x86_64-linux-gnu/11/include-fixed"]
  ignore line: [ignoring nonexistent directory "/usr/lib/gcc/x86_64-linux-gnu/11/../../../../x86_64-linux-gnu/include"]
  ignore line: [#include "..." search starts here:]
  ignore line: [#include <...> search starts here:]
  ignore line: [ /cm/shared/apps/slurm/current/include]
  ignore line: [ /home/andreast/modules/flow/202309a/rpp-dune-amgcpr-branch/include]
  ignore line: [ /home/andreast/modules/zoltan/202309a/12.16/include]
  ignore line: [ /home/andreast/modules/dune/202309a/mod-2.7.1/include]
  ignore line: [ /cm/shared/ex3-modules/202309a/milanq/pkgs/suitesparse-32-5.12.0/include]
  ignore line: [ /cm/shared/ex3-modules/202309a/milanq/pkgs/mpfr-4.0.2/include]
  ignore line: [ /cm/shared/ex3-modules/202309a/milanq/pkgs/gmp-6.1.2/include]
  ignore line: [ /cm/shared/ex3-modules/202309a/milanq/pkgs/parmetis-32-4.0.3/include]
  ignore line: [ /cm/shared/ex3-modules/202309a/milanq/pkgs/metis-32-5.1.0/include]
  ignore line: [ /cm/shared/ex3-modules/202309a/milanq/pkgs/boost-1.73.0/include]
  ignore line: [ /cm/shared/ex3-modules/202309a/milanq/pkgs/xz-5.2.7/include]
  ignore line: [ /cm/shared/ex3-modules/202309a/milanq/pkgs/openblas-0.3.21/include]
  ignore line: [ /cm/shared/ex3-modules/202309a/milanq/pkgs/openmpi-4.1.4/include]
  ignore line: [ /cm/shared/ex3-modules/202309a/milanq/pkgs/util-linux-2.34/include]
  ignore line: [ /cm/shared/ex3-modules/202309a/milanq/pkgs/libfabric-1.17.0/include]
  ignore line: [ /cm/shared/ex3-modules/202309a/milanq/pkgs/ucx-1.12.1/include]
  ignore line: [ /cm/shared/ex3-modules/202309a/milanq/pkgs/rdma-core-44.0/include]
  ignore line: [ /cm/shared/ex3-modules/202309a/milanq/pkgs/libnl-3.2.25/include/libnl3]
  ignore line: [ /cm/shared/ex3-modules/202309a/milanq/pkgs/numactl-2.0.13/include]
  ignore line: [ /cm/shared/ex3-modules/202309a/milanq/pkgs/libevent-2.1.12-stable/include]
  ignore line: [ /cm/shared/ex3-modules/202309a/milanq/pkgs/knem-1.1.4/include]
  ignore line: [ /cm/shared/ex3-modules/202309a/milanq/pkgs/hwloc-2.7.1/include]
  ignore line: [ /cm/shared/ex3-modules/0.6.1/pkgs/fftw-3.3.8/include]
  ignore line: [ /cm/shared/ex3-modules/0.6.1/pkgs/lapack-3.9.0/include]
  ignore line: [ /cm/shared/ex3-modules/0.6.1/pkgs/openblas-0.3.12/include]
  ignore line: [ /cm/shared/ex3-modules/0.6.1/pkgs/gcc-8.4.0/include/c++/]
  ignore line: [ /cm/shared/ex3-modules/0.6.1/pkgs/freetype-2.10.1/include]
  ignore line: [ /cm/shared/ex3-modules/0.6.1/pkgs/libpng-1.6.37/include]
  ignore line: [ /cm/shared/ex3-modules/0.6.1/pkgs/python-3.7.4/include/python3.7m]
  ignore line: [ /cm/shared/ex3-modules/0.6.1/pkgs/sqlite-3.31.1/include]
  ignore line: [ /cm/shared/ex3-modules/0.6.1/pkgs/libffi-3.2.1/include]
  ignore line: [ /cm/shared/ex3-modules/0.6.1/pkgs/readline-8.0/include]
  ignore line: [ /cm/shared/ex3-modules/0.6.1/pkgs/ncurses-6.1/include]
  ignore line: [ /cm/shared/ex3-modules/0.6.1/pkgs/xz-5.2.5/include]
  ignore line: [ /cm/shared/ex3-modules/0.6.1/pkgs/bzip2-1.0.8/include]
  ignore line: [ /cm/shared/ex3-modules/0.6.1/pkgs/openssl-1.1.1c/include]
  ignore line: [ /usr/include/c++/11]
  ignore line: [ /usr/include/x86_64-linux-gnu/c++/11]
  ignore line: [ /usr/include/c++/11/backward]
  ignore line: [ /usr/lib/gcc/x86_64-linux-gnu/11/include]
  ignore line: [ /usr/local/include]
  ignore line: [ /usr/include/x86_64-linux-gnu]
  ignore line: [ /usr/include]
  ignore line: [End of search list.]
  ignore line: [GNU C++17 (Ubuntu 11.4.0-1ubuntu1~22.04) version 11.4.0 (x86_64-linux-gnu)]
  ignore line: [	compiled by GNU C version 11.4.0  GMP version 6.2.1  MPFR version 4.1.0  MPC version 1.2.1  isl version isl-0.24-GMP]
  ignore line: []
  ignore line: [warning: GMP header version 6.2.1 differs from library version 6.1.2.]
  ignore line: [warning: MPFR header version 4.1.0 differs from library version 4.0.2.]
  ignore line: [GGC heuristics: --param ggc-min-expand=100 --param ggc-min-heapsize=131072]
  ignore line: [Compiler executable checksum: d591828bb4d392ae8b7b160e5bb0b95f]
  ignore line: [COLLECT_GCC_OPTIONS='-O2' '-mavx' '-funroll-loops' '-v' '-o' 'CMakeFiles/cmTC_e2cb0.dir/CMakeCXXCompilerABI.cpp.o' '-c' '-shared-libgcc' '-mtune=generic' '-march=x86-64' '-dumpdir' 'CMakeFiles/cmTC_e2cb0.dir/']
  ignore line: [ as -v --64 -o CMakeFiles/cmTC_e2cb0.dir/CMakeCXXCompilerABI.cpp.o /tmp/ccwbEgCd.s]
  ignore line: [GNU assembler version 2.38 (x86_64-linux-gnu) using BFD version (GNU Binutils for Ubuntu) 2.38]
  ignore line: [COMPILER_PATH=/usr/lib/gcc/x86_64-linux-gnu/11/:/usr/lib/gcc/x86_64-linux-gnu/11/:/usr/lib/gcc/x86_64-linux-gnu/:/usr/lib/gcc/x86_64-linux-gnu/11/:/usr/lib/gcc/x86_64-linux-gnu/]
  ignore line: [LIBRARY_PATH=/home/andreast/modules/flow/202309a/rpp-dune-amgcpr-branch/lib/../lib/:/home/andreast/modules/zoltan/202309a/12.16/lib/../lib/:/home/andreast/modules/dune/202309a/mod-2.7.1/lib/../lib/:/cm/shared/ex3-modules/202309a/milanq/pkgs/suitesparse-32-5.12.0/lib/../lib/:/cm/shared/ex3-modules/202309a/milanq/pkgs/mpfr-4.0.2/lib/../lib/:/cm/shared/ex3-modules/202309a/milanq/pkgs/gmp-6.1.2/lib/../lib/:/cm/shared/ex3-modules/202309a/milanq/pkgs/parmetis-32-4.0.3/lib/../lib/:/cm/shared/ex3-modules/202309a/milanq/pkgs/metis-32-5.1.0/lib/../lib/:/cm/shared/ex3-modules/202309a/milanq/pkgs/boost-1.73.0/lib/../lib/:/cm/shared/ex3-modules/202309a/milanq/pkgs/xz-5.2.7/lib/../lib/:/cm/shared/ex3-modules/202309a/milanq/pkgs/openblas-0.3.21/lib/../lib/:/cm/shared/ex3-modules/202309a/milanq/pkgs/openmpi-4.1.4/lib/../lib/:/cm/shared/ex3-modules/202309a/milanq/pkgs/util-linux-2.34/lib/../lib/:/cm/shared/ex3-modules/202309a/milanq/pkgs/libfabric-1.17.0/lib/../lib/:/cm/shared/ex3-modules/202309a/milanq/pkgs/ucx-1.12.1/lib/../lib/:/cm/shared/ex3-modules/202309a/milanq/pkgs/rdma-core-44.0/lib/../lib/:/cm/shared/ex3-modules/202309a/milanq/pkgs/libnl-3.2.25/lib/../lib/:/cm/shared/ex3-modules/202309a/milanq/pkgs/numactl-2.0.13/lib/../lib/:/cm/shared/ex3-modules/202309a/milanq/pkgs/libevent-2.1.12-stable/lib/../lib/:/cm/shared/ex3-modules/202309a/milanq/pkgs/knem-1.1.4/lib/../lib/:/cm/shared/ex3-modules/202309a/milanq/pkgs/hwloc-2.7.1/lib/../lib/:/cm/shared/ex3-modules/0.6.1/pkgs/fftw-3.3.8/lib/../lib/:/cm/shared/ex3-modules/0.6.1/pkgs/lapack-3.9.0/lib/../lib/:/cm/shared/ex3-modules/0.6.1/pkgs/openblas-0.3.12/lib/../lib/:/cm/shared/ex3-modules/0.6.1/pkgs/gcc-8.4.0/lib64/../lib/:/cm/shared/ex3-modules/0.6.1/pkgs/freetype-2.10.1/lib/../lib/:/cm/shared/ex3-modules/0.6.1/pkgs/libpng-1.6.37/lib/../lib/:/cm/shared/ex3-modules/0.6.1/pkgs/python-3.7.4/lib/../lib/:/cm/shared/ex3-modules/0.6.1/pkgs/sqlite-3.31.1/lib/../lib/:/cm/shared/ex3-modules/0.6.1/pkgs/libffi-3.2.1/lib/../lib/:/cm/shared/ex3-modules/0.6.1/pkgs/readline-8.0/lib/../lib/:/cm/shared/ex3-modules/0.6.1/pkgs/ncurses-6.1/lib/../lib/:/cm/shared/ex3-modules/0.6.1/pkgs/xz-5.2.5/lib/../lib/:/cm/shared/ex3-modules/0.6.1/pkgs/bzip2-1.0.8/lib/../lib/:/cm/shared/ex3-modules/0.6.1/pkgs/openssl-1.1.1c/lib/../lib/:/cm/shared/apps/slurm/current/lib64/../lib/:/usr/lib/gcc/x86_64-linux-gnu/11/:/usr/lib/gcc/x86_64-linux-gnu/11/../../../x86_64-linux-gnu/:/usr/lib/gcc/x86_64-linux-gnu/11/../../../../lib/:/lib/x86_64-linux-gnu/:/lib/../lib/:/usr/lib/x86_64-linux-gnu/:/usr/lib/../lib/:/home/andreast/modules/flow/202309a/rpp-dune-amgcpr-branch/lib/:/home/andreast/modules/zoltan/202309a/12.16/lib/:/home/andreast/modules/dune/202309a/mod-2.7.1/lib/:/cm/shared/ex3-modules/202309a/milanq/pkgs/suitesparse-32-5.12.0/lib/:/cm/shared/ex3-modules/202309a/milanq/pkgs/mpfr-4.0.2/lib/:/cm/shared/ex3-modules/202309a/milanq/pkgs/gmp-6.1.2/lib/:/cm/shared/ex3-modules/202309a/milanq/pkgs/parmetis-32-4.0.3/lib/:/cm/shared/ex3-modules/202309a/milanq/pkgs/metis-32-5.1.0/lib/:/cm/shared/ex3-modules/202309a/milanq/pkgs/boost-1.73.0/lib/:/cm/shared/ex3-modules/202309a/milanq/pkgs/xz-5.2.7/lib/:/cm/shared/ex3-modules/202309a/milanq/pkgs/openblas-0.3.21/lib/:/cm/shared/ex3-modules/202309a/milanq/pkgs/openmpi-4.1.4/lib/:/cm/shared/ex3-modules/202309a/milanq/pkgs/util-linux-2.34/lib/:/cm/shared/ex3-modules/202309a/milanq/pkgs/libfabric-1.17.0/lib/:/cm/shared/ex3-modules/202309a/milanq/pkgs/ucx-1.12.1/lib/:/cm/shared/ex3-modules/202309a/milanq/pkgs/rdma-core-44.0/lib/:/cm/shared/ex3-modules/202309a/milanq/pkgs/libnl-3.2.25/lib/:/cm/shared/ex3-modules/202309a/milanq/pkgs/numactl-2.0.13/lib/:/cm/shared/ex3-modules/202309a/milanq/pkgs/libevent-2.1.12-stable/lib/:/cm/shared/ex3-modules/202309a/milanq/pkgs/knem-1.1.4/lib/:/cm/shared/ex3-modules/202309a/milanq/pkgs/hwloc-2.7.1/lib/:/cm/shared/ex3-modules/0.6.1/pkgs/fftw-3.3.8/lib/:/cm/shared/ex3-modules/0.6.1/pkgs/lapack-3.9.0/lib/:/cm/shared/ex3-modules/0.6.1/pkgs/openblas-0.3.12/lib/:/cm/shared/ex3-modules/0.6.1/pkgs/gcc-8.4.0/lib64/:/cm/shared/ex3-modules/0.6.1/pkgs/freetype-2.10.1/lib/:/cm/shared/ex3-modules/0.6.1/pkgs/libpng-1.6.37/lib/:/cm/shared/ex3-modules/0.6.1/pkgs/python-3.7.4/lib/:/cm/shared/ex3-modules/0.6.1/pkgs/sqlite-3.31.1/lib/:/cm/shared/ex3-modules/0.6.1/pkgs/libffi-3.2.1/lib/:/cm/shared/ex3-modules/0.6.1/pkgs/readline-8.0/lib/:/cm/shared/ex3-modules/0.6.1/pkgs/ncurses-6.1/lib/:/cm/shared/ex3-modules/0.6.1/pkgs/xz-5.2.5/lib/:/cm/shared/ex3-modules/0.6.1/pkgs/bzip2-1.0.8/lib/:/cm/shared/ex3-modules/0.6.1/pkgs/openssl-1.1.1c/lib/:/cm/shared/apps/slurm/current/lib64/slurm/:/cm/shared/apps/slurm/current/lib64/:/usr/lib/gcc/x86_64-linux-gnu/11/../../../:/lib/:/usr/lib/]
  ignore line: [COLLECT_GCC_OPTIONS='-O2' '-mavx' '-funroll-loops' '-v' '-o' 'CMakeFiles/cmTC_e2cb0.dir/CMakeCXXCompilerABI.cpp.o' '-c' '-shared-libgcc' '-mtune=generic' '-march=x86-64' '-dumpdir' 'CMakeFiles/cmTC_e2cb0.dir/CMakeCXXCompilerABI.cpp.']
  ignore line: [Linking CXX executable cmTC_e2cb0]
  ignore line: [/cm/shared/ex3-modules/0.6.1/pkgs/cmake-3.17.2/bin/cmake -E cmake_link_script CMakeFiles/cmTC_e2cb0.dir/link.txt --verbose=1]
  ignore line: [/usr/bin/c++  -O2 -mavx -funroll-loops    -v -rdynamic CMakeFiles/cmTC_e2cb0.dir/CMakeCXXCompilerABI.cpp.o  -o cmTC_e2cb0 ]
  ignore line: [Using built-in specs.]
  ignore line: [COLLECT_GCC=/usr/bin/c++]
  ignore line: [COLLECT_LTO_WRAPPER=/usr/lib/gcc/x86_64-linux-gnu/11/lto-wrapper]
  ignore line: [OFFLOAD_TARGET_NAMES=nvptx-none:amdgcn-amdhsa]
  ignore line: [OFFLOAD_TARGET_DEFAULT=1]
  ignore line: [Target: x86_64-linux-gnu]
  ignore line: [Configured with: ../src/configure -v --with-pkgversion='Ubuntu 11.4.0-1ubuntu1~22.04' --with-bugurl=file:///usr/share/doc/gcc-11/README.Bugs --enable-languages=c ada c++ go brig d fortran objc obj-c++ m2 --prefix=/usr --with-gcc-major-version-only --program-suffix=-11 --program-prefix=x86_64-linux-gnu- --enable-shared --enable-linker-build-id --libexecdir=/usr/lib --without-included-gettext --enable-threads=posix --libdir=/usr/lib --enable-nls --enable-bootstrap --enable-clocale=gnu --enable-libstdcxx-debug --enable-libstdcxx-time=yes --with-default-libstdcxx-abi=new --enable-gnu-unique-object --disable-vtable-verify --enable-plugin --enable-default-pie --with-system-zlib --enable-libphobos-checking=release --with-target-system-zlib=auto --enable-objc-gc=auto --enable-multiarch --disable-werror --enable-cet --with-arch-32=i686 --with-abi=m64 --with-multilib-list=m32 m64 mx32 --enable-multilib --with-tune=generic --enable-offload-targets=nvptx-none=/build/gcc-11-XeT9lY/gcc-11-11.4.0/debian/tmp-nvptx/usr amdgcn-amdhsa=/build/gcc-11-XeT9lY/gcc-11-11.4.0/debian/tmp-gcn/usr --without-cuda-driver --enable-checking=release --build=x86_64-linux-gnu --host=x86_64-linux-gnu --target=x86_64-linux-gnu --with-build-config=bootstrap-lto-lean --enable-link-serialization=2]
  ignore line: [Thread model: posix]
  ignore line: [Supported LTO compression algorithms: zlib zstd]
  ignore line: [gcc version 11.4.0 (Ubuntu 11.4.0-1ubuntu1~22.04) ]
  ignore line: [COMPILER_PATH=/usr/lib/gcc/x86_64-linux-gnu/11/:/usr/lib/gcc/x86_64-linux-gnu/11/:/usr/lib/gcc/x86_64-linux-gnu/:/usr/lib/gcc/x86_64-linux-gnu/11/:/usr/lib/gcc/x86_64-linux-gnu/]
  ignore line: [LIBRARY_PATH=/home/andreast/modules/flow/202309a/rpp-dune-amgcpr-branch/lib/../lib/:/home/andreast/modules/zoltan/202309a/12.16/lib/../lib/:/home/andreast/modules/dune/202309a/mod-2.7.1/lib/../lib/:/cm/shared/ex3-modules/202309a/milanq/pkgs/suitesparse-32-5.12.0/lib/../lib/:/cm/shared/ex3-modules/202309a/milanq/pkgs/mpfr-4.0.2/lib/../lib/:/cm/shared/ex3-modules/202309a/milanq/pkgs/gmp-6.1.2/lib/../lib/:/cm/shared/ex3-modules/202309a/milanq/pkgs/parmetis-32-4.0.3/lib/../lib/:/cm/shared/ex3-modules/202309a/milanq/pkgs/metis-32-5.1.0/lib/../lib/:/cm/shared/ex3-modules/202309a/milanq/pkgs/boost-1.73.0/lib/../lib/:/cm/shared/ex3-modules/202309a/milanq/pkgs/xz-5.2.7/lib/../lib/:/cm/shared/ex3-modules/202309a/milanq/pkgs/openblas-0.3.21/lib/../lib/:/cm/shared/ex3-modules/202309a/milanq/pkgs/openmpi-4.1.4/lib/../lib/:/cm/shared/ex3-modules/202309a/milanq/pkgs/util-linux-2.34/lib/../lib/:/cm/shared/ex3-modules/202309a/milanq/pkgs/libfabric-1.17.0/lib/../lib/:/cm/shared/ex3-modules/202309a/milanq/pkgs/ucx-1.12.1/lib/../lib/:/cm/shared/ex3-modules/202309a/milanq/pkgs/rdma-core-44.0/lib/../lib/:/cm/shared/ex3-modules/202309a/milanq/pkgs/libnl-3.2.25/lib/../lib/:/cm/shared/ex3-modules/202309a/milanq/pkgs/numactl-2.0.13/lib/../lib/:/cm/shared/ex3-modules/202309a/milanq/pkgs/libevent-2.1.12-stable/lib/../lib/:/cm/shared/ex3-modules/202309a/milanq/pkgs/knem-1.1.4/lib/../lib/:/cm/shared/ex3-modules/202309a/milanq/pkgs/hwloc-2.7.1/lib/../lib/:/cm/shared/ex3-modules/0.6.1/pkgs/fftw-3.3.8/lib/../lib/:/cm/shared/ex3-modules/0.6.1/pkgs/lapack-3.9.0/lib/../lib/:/cm/shared/ex3-modules/0.6.1/pkgs/openblas-0.3.12/lib/../lib/:/cm/shared/ex3-modules/0.6.1/pkgs/gcc-8.4.0/lib64/../lib/:/cm/shared/ex3-modules/0.6.1/pkgs/freetype-2.10.1/lib/../lib/:/cm/shared/ex3-modules/0.6.1/pkgs/libpng-1.6.37/lib/../lib/:/cm/shared/ex3-modules/0.6.1/pkgs/python-3.7.4/lib/../lib/:/cm/shared/ex3-modules/0.6.1/pkgs/sqlite-3.31.1/lib/../lib/:/cm/shared/ex3-modules/0.6.1/pkgs/libffi-3.2.1/lib/../lib/:/cm/shared/ex3-modules/0.6.1/pkgs/readline-8.0/lib/../lib/:/cm/shared/ex3-modules/0.6.1/pkgs/ncurses-6.1/lib/../lib/:/cm/shared/ex3-modules/0.6.1/pkgs/xz-5.2.5/lib/../lib/:/cm/shared/ex3-modules/0.6.1/pkgs/bzip2-1.0.8/lib/../lib/:/cm/shared/ex3-modules/0.6.1/pkgs/openssl-1.1.1c/lib/../lib/:/cm/shared/apps/slurm/current/lib64/../lib/:/usr/lib/gcc/x86_64-linux-gnu/11/:/usr/lib/gcc/x86_64-linux-gnu/11/../../../x86_64-linux-gnu/:/usr/lib/gcc/x86_64-linux-gnu/11/../../../../lib/:/lib/x86_64-linux-gnu/:/lib/../lib/:/usr/lib/x86_64-linux-gnu/:/usr/lib/../lib/:/home/andreast/modules/flow/202309a/rpp-dune-amgcpr-branch/lib/:/home/andreast/modules/zoltan/202309a/12.16/lib/:/home/andreast/modules/dune/202309a/mod-2.7.1/lib/:/cm/shared/ex3-modules/202309a/milanq/pkgs/suitesparse-32-5.12.0/lib/:/cm/shared/ex3-modules/202309a/milanq/pkgs/mpfr-4.0.2/lib/:/cm/shared/ex3-modules/202309a/milanq/pkgs/gmp-6.1.2/lib/:/cm/shared/ex3-modules/202309a/milanq/pkgs/parmetis-32-4.0.3/lib/:/cm/shared/ex3-modules/202309a/milanq/pkgs/metis-32-5.1.0/lib/:/cm/shared/ex3-modules/202309a/milanq/pkgs/boost-1.73.0/lib/:/cm/shared/ex3-modules/202309a/milanq/pkgs/xz-5.2.7/lib/:/cm/shared/ex3-modules/202309a/milanq/pkgs/openblas-0.3.21/lib/:/cm/shared/ex3-modules/202309a/milanq/pkgs/openmpi-4.1.4/lib/:/cm/shared/ex3-modules/202309a/milanq/pkgs/util-linux-2.34/lib/:/cm/shared/ex3-modules/202309a/milanq/pkgs/libfabric-1.17.0/lib/:/cm/shared/ex3-modules/202309a/milanq/pkgs/ucx-1.12.1/lib/:/cm/shared/ex3-modules/202309a/milanq/pkgs/rdma-core-44.0/lib/:/cm/shared/ex3-modules/202309a/milanq/pkgs/libnl-3.2.25/lib/:/cm/shared/ex3-modules/202309a/milanq/pkgs/numactl-2.0.13/lib/:/cm/shared/ex3-modules/202309a/milanq/pkgs/libevent-2.1.12-stable/lib/:/cm/shared/ex3-modules/202309a/milanq/pkgs/knem-1.1.4/lib/:/cm/shared/ex3-modules/202309a/milanq/pkgs/hwloc-2.7.1/lib/:/cm/shared/ex3-modules/0.6.1/pkgs/fftw-3.3.8/lib/:/cm/shared/ex3-modules/0.6.1/pkgs/lapack-3.9.0/lib/:/cm/shared/ex3-modules/0.6.1/pkgs/openblas-0.3.12/lib/:/cm/shared/ex3-modules/0.6.1/pkgs/gcc-8.4.0/lib64/:/cm/shared/ex3-modules/0.6.1/pkgs/freetype-2.10.1/lib/:/cm/shared/ex3-modules/0.6.1/pkgs/libpng-1.6.37/lib/:/cm/shared/ex3-modules/0.6.1/pkgs/python-3.7.4/lib/:/cm/shared/ex3-modules/0.6.1/pkgs/sqlite-3.31.1/lib/:/cm/shared/ex3-modules/0.6.1/pkgs/libffi-3.2.1/lib/:/cm/shared/ex3-modules/0.6.1/pkgs/readline-8.0/lib/:/cm/shared/ex3-modules/0.6.1/pkgs/ncurses-6.1/lib/:/cm/shared/ex3-modules/0.6.1/pkgs/xz-5.2.5/lib/:/cm/shared/ex3-modules/0.6.1/pkgs/bzip2-1.0.8/lib/:/cm/shared/ex3-modules/0.6.1/pkgs/openssl-1.1.1c/lib/:/cm/shared/apps/slurm/current/lib64/slurm/:/cm/shared/apps/slurm/current/lib64/:/usr/lib/gcc/x86_64-linux-gnu/11/../../../:/lib/:/usr/lib/]
  ignore line: [COLLECT_GCC_OPTIONS='-O2' '-mavx' '-funroll-loops' '-v' '-rdynamic' '-o' 'cmTC_e2cb0' '-shared-libgcc' '-mtune=generic' '-march=x86-64' '-dumpdir' 'cmTC_e2cb0.']
  link line: [ /usr/lib/gcc/x86_64-linux-gnu/11/collect2 -plugin /usr/lib/gcc/x86_64-linux-gnu/11/liblto_plugin.so -plugin-opt=/usr/lib/gcc/x86_64-linux-gnu/11/lto-wrapper -plugin-opt=-fresolution=/tmp/ccYP5FDj.res -plugin-opt=-pass-through=-lgcc_s -plugin-opt=-pass-through=-lgcc -plugin-opt=-pass-through=-lc -plugin-opt=-pass-through=-lgcc_s -plugin-opt=-pass-through=-lgcc --build-id --eh-frame-hdr -m elf_x86_64 --hash-style=gnu --as-needed -export-dynamic -dynamic-linker /lib64/ld-linux-x86-64.so.2 -pie -z now -z relro -o cmTC_e2cb0 /usr/lib/gcc/x86_64-linux-gnu/11/../../../x86_64-linux-gnu/Scrt1.o /usr/lib/gcc/x86_64-linux-gnu/11/../../../x86_64-linux-gnu/crti.o /usr/lib/gcc/x86_64-linux-gnu/11/crtbeginS.o -L/home/andreast/modules/flow/202309a/rpp-dune-amgcpr-branch/lib/../lib -L/home/andreast/modules/zoltan/202309a/12.16/lib/../lib -L/home/andreast/modules/dune/202309a/mod-2.7.1/lib/../lib -L/cm/shared/ex3-modules/202309a/milanq/pkgs/suitesparse-32-5.12.0/lib/../lib -L/cm/shared/ex3-modules/202309a/milanq/pkgs/mpfr-4.0.2/lib/../lib -L/cm/shared/ex3-modules/202309a/milanq/pkgs/gmp-6.1.2/lib/../lib -L/cm/shared/ex3-modules/202309a/milanq/pkgs/parmetis-32-4.0.3/lib/../lib -L/cm/shared/ex3-modules/202309a/milanq/pkgs/metis-32-5.1.0/lib/../lib -L/cm/shared/ex3-modules/202309a/milanq/pkgs/boost-1.73.0/lib/../lib -L/cm/shared/ex3-modules/202309a/milanq/pkgs/xz-5.2.7/lib/../lib -L/cm/shared/ex3-modules/202309a/milanq/pkgs/openblas-0.3.21/lib/../lib -L/cm/shared/ex3-modules/202309a/milanq/pkgs/openmpi-4.1.4/lib/../lib -L/cm/shared/ex3-modules/202309a/milanq/pkgs/util-linux-2.34/lib/../lib -L/cm/shared/ex3-modules/202309a/milanq/pkgs/libfabric-1.17.0/lib/../lib -L/cm/shared/ex3-modules/202309a/milanq/pkgs/ucx-1.12.1/lib/../lib -L/cm/shared/ex3-modules/202309a/milanq/pkgs/rdma-core-44.0/lib/../lib -L/cm/shared/ex3-modules/202309a/milanq/pkgs/libnl-3.2.25/lib/../lib -L/cm/shared/ex3-modules/202309a/milanq/pkgs/numactl-2.0.13/lib/../lib -L/cm/shared/ex3-modules/202309a/milanq/pkgs/libevent-2.1.12-stable/lib/../lib -L/cm/shared/ex3-modules/202309a/milanq/pkgs/knem-1.1.4/lib/../lib -L/cm/shared/ex3-modules/202309a/milanq/pkgs/hwloc-2.7.1/lib/../lib -L/cm/shared/ex3-modules/0.6.1/pkgs/fftw-3.3.8/lib/../lib -L/cm/shared/ex3-modules/0.6.1/pkgs/lapack-3.9.0/lib/../lib -L/cm/shared/ex3-modules/0.6.1/pkgs/openblas-0.3.12/lib/../lib -L/cm/shared/ex3-modules/0.6.1/pkgs/gcc-8.4.0/lib64/../lib -L/cm/shared/ex3-modules/0.6.1/pkgs/freetype-2.10.1/lib/../lib -L/cm/shared/ex3-modules/0.6.1/pkgs/libpng-1.6.37/lib/../lib -L/cm/shared/ex3-modules/0.6.1/pkgs/python-3.7.4/lib/../lib -L/cm/shared/ex3-modules/0.6.1/pkgs/sqlite-3.31.1/lib/../lib -L/cm/shared/ex3-modules/0.6.1/pkgs/libffi-3.2.1/lib/../lib -L/cm/shared/ex3-modules/0.6.1/pkgs/readline-8.0/lib/../lib -L/cm/shared/ex3-modules/0.6.1/pkgs/ncurses-6.1/lib/../lib -L/cm/shared/ex3-modules/0.6.1/pkgs/xz-5.2.5/lib/../lib -L/cm/shared/ex3-modules/0.6.1/pkgs/bzip2-1.0.8/lib/../lib -L/cm/shared/ex3-modules/0.6.1/pkgs/openssl-1.1.1c/lib/../lib -L/cm/shared/apps/slurm/current/lib64/../lib -L/usr/lib/gcc/x86_64-linux-gnu/11 -L/usr/lib/gcc/x86_64-linux-gnu/11/../../../x86_64-linux-gnu -L/usr/lib/gcc/x86_64-linux-gnu/11/../../../../lib -L/lib/x86_64-linux-gnu -L/lib/../lib -L/usr/lib/x86_64-linux-gnu -L/usr/lib/../lib -L/home/andreast/modules/flow/202309a/rpp-dune-amgcpr-branch/lib -L/home/andreast/modules/zoltan/202309a/12.16/lib -L/home/andreast/modules/dune/202309a/mod-2.7.1/lib -L/cm/shared/ex3-modules/202309a/milanq/pkgs/suitesparse-32-5.12.0/lib -L/cm/shared/ex3-modules/202309a/milanq/pkgs/mpfr-4.0.2/lib -L/cm/shared/ex3-modules/202309a/milanq/pkgs/gmp-6.1.2/lib -L/cm/shared/ex3-modules/202309a/milanq/pkgs/parmetis-32-4.0.3/lib -L/cm/shared/ex3-modules/202309a/milanq/pkgs/metis-32-5.1.0/lib -L/cm/shared/ex3-modules/202309a/milanq/pkgs/boost-1.73.0/lib -L/cm/shared/ex3-modules/202309a/milanq/pkgs/xz-5.2.7/lib -L/cm/shared/ex3-modules/202309a/milanq/pkgs/openblas-0.3.21/lib -L/cm/shared/ex3-modules/202309a/milanq/pkgs/openmpi-4.1.4/lib -L/cm/shared/ex3-modules/202309a/milanq/pkgs/util-linux-2.34/lib -L/cm/shared/ex3-modules/202309a/milanq/pkgs/libfabric-1.17.0/lib -L/cm/shared/ex3-modules/202309a/milanq/pkgs/ucx-1.12.1/lib -L/cm/shared/ex3-modules/202309a/milanq/pkgs/rdma-core-44.0/lib -L/cm/shared/ex3-modules/202309a/milanq/pkgs/libnl-3.2.25/lib -L/cm/shared/ex3-modules/202309a/milanq/pkgs/numactl-2.0.13/lib -L/cm/shared/ex3-modules/202309a/milanq/pkgs/libevent-2.1.12-stable/lib -L/cm/shared/ex3-modules/202309a/milanq/pkgs/knem-1.1.4/lib -L/cm/shared/ex3-modules/202309a/milanq/pkgs/hwloc-2.7.1/lib -L/cm/shared/ex3-modules/0.6.1/pkgs/fftw-3.3.8/lib -L/cm/shared/ex3-modules/0.6.1/pkgs/lapack-3.9.0/lib -L/cm/shared/ex3-modules/0.6.1/pkgs/openblas-0.3.12/lib -L/cm/shared/ex3-modules/0.6.1/pkgs/gcc-8.4.0/lib64 -L/cm/shared/ex3-modules/0.6.1/pkgs/freetype-2.10.1/lib -L/cm/shared/ex3-modules/0.6.1/pkgs/libpng-1.6.37/lib -L/cm/shared/ex3-modules/0.6.1/pkgs/python-3.7.4/lib -L/cm/shared/ex3-modules/0.6.1/pkgs/sqlite-3.31.1/lib -L/cm/shared/ex3-modules/0.6.1/pkgs/libffi-3.2.1/lib -L/cm/shared/ex3-modules/0.6.1/pkgs/readline-8.0/lib -L/cm/shared/ex3-modules/0.6.1/pkgs/ncurses-6.1/lib -L/cm/shared/ex3-modules/0.6.1/pkgs/xz-5.2.5/lib -L/cm/shared/ex3-modules/0.6.1/pkgs/bzip2-1.0.8/lib -L/cm/shared/ex3-modules/0.6.1/pkgs/openssl-1.1.1c/lib -L/cm/shared/apps/slurm/current/lib64/slurm -L/cm/shared/apps/slurm/current/lib64 -L/usr/lib/gcc/x86_64-linux-gnu/11/../../.. CMakeFiles/cmTC_e2cb0.dir/CMakeCXXCompilerABI.cpp.o -lstdc++ -lm -lgcc_s -lgcc -lc -lgcc_s -lgcc /usr/lib/gcc/x86_64-linux-gnu/11/crtendS.o /usr/lib/gcc/x86_64-linux-gnu/11/../../../x86_64-linux-gnu/crtn.o]
    arg [/usr/lib/gcc/x86_64-linux-gnu/11/collect2] ==> ignore
    arg [-plugin] ==> ignore
    arg [/usr/lib/gcc/x86_64-linux-gnu/11/liblto_plugin.so] ==> ignore
    arg [-plugin-opt=/usr/lib/gcc/x86_64-linux-gnu/11/lto-wrapper] ==> ignore
    arg [-plugin-opt=-fresolution=/tmp/ccYP5FDj.res] ==> ignore
    arg [-plugin-opt=-pass-through=-lgcc_s] ==> ignore
    arg [-plugin-opt=-pass-through=-lgcc] ==> ignore
    arg [-plugin-opt=-pass-through=-lc] ==> ignore
    arg [-plugin-opt=-pass-through=-lgcc_s] ==> ignore
    arg [-plugin-opt=-pass-through=-lgcc] ==> ignore
    arg [--build-id] ==> ignore
    arg [--eh-frame-hdr] ==> ignore
    arg [-m] ==> ignore
    arg [elf_x86_64] ==> ignore
    arg [--hash-style=gnu] ==> ignore
    arg [--as-needed] ==> ignore
    arg [-export-dynamic] ==> ignore
    arg [-dynamic-linker] ==> ignore
    arg [/lib64/ld-linux-x86-64.so.2] ==> ignore
    arg [-pie] ==> ignore
    arg [-znow] ==> ignore
    arg [-zrelro] ==> ignore
    arg [-o] ==> ignore
    arg [cmTC_e2cb0] ==> ignore
    arg [/usr/lib/gcc/x86_64-linux-gnu/11/../../../x86_64-linux-gnu/Scrt1.o] ==> ignore
    arg [/usr/lib/gcc/x86_64-linux-gnu/11/../../../x86_64-linux-gnu/crti.o] ==> ignore
    arg [/usr/lib/gcc/x86_64-linux-gnu/11/crtbeginS.o] ==> ignore
    arg [-L/home/andreast/modules/flow/202309a/rpp-dune-amgcpr-branch/lib/../lib] ==> dir [/home/andreast/modules/flow/202309a/rpp-dune-amgcpr-branch/lib/../lib]
    arg [-L/home/andreast/modules/zoltan/202309a/12.16/lib/../lib] ==> dir [/home/andreast/modules/zoltan/202309a/12.16/lib/../lib]
    arg [-L/home/andreast/modules/dune/202309a/mod-2.7.1/lib/../lib] ==> dir [/home/andreast/modules/dune/202309a/mod-2.7.1/lib/../lib]
    arg [-L/cm/shared/ex3-modules/202309a/milanq/pkgs/suitesparse-32-5.12.0/lib/../lib] ==> dir [/cm/shared/ex3-modules/202309a/milanq/pkgs/suitesparse-32-5.12.0/lib/../lib]
    arg [-L/cm/shared/ex3-modules/202309a/milanq/pkgs/mpfr-4.0.2/lib/../lib] ==> dir [/cm/shared/ex3-modules/202309a/milanq/pkgs/mpfr-4.0.2/lib/../lib]
    arg [-L/cm/shared/ex3-modules/202309a/milanq/pkgs/gmp-6.1.2/lib/../lib] ==> dir [/cm/shared/ex3-modules/202309a/milanq/pkgs/gmp-6.1.2/lib/../lib]
    arg [-L/cm/shared/ex3-modules/202309a/milanq/pkgs/parmetis-32-4.0.3/lib/../lib] ==> dir [/cm/shared/ex3-modules/202309a/milanq/pkgs/parmetis-32-4.0.3/lib/../lib]
    arg [-L/cm/shared/ex3-modules/202309a/milanq/pkgs/metis-32-5.1.0/lib/../lib] ==> dir [/cm/shared/ex3-modules/202309a/milanq/pkgs/metis-32-5.1.0/lib/../lib]
    arg [-L/cm/shared/ex3-modules/202309a/milanq/pkgs/boost-1.73.0/lib/../lib] ==> dir [/cm/shared/ex3-modules/202309a/milanq/pkgs/boost-1.73.0/lib/../lib]
    arg [-L/cm/shared/ex3-modules/202309a/milanq/pkgs/xz-5.2.7/lib/../lib] ==> dir [/cm/shared/ex3-modules/202309a/milanq/pkgs/xz-5.2.7/lib/../lib]
    arg [-L/cm/shared/ex3-modules/202309a/milanq/pkgs/openblas-0.3.21/lib/../lib] ==> dir [/cm/shared/ex3-modules/202309a/milanq/pkgs/openblas-0.3.21/lib/../lib]
    arg [-L/cm/shared/ex3-modules/202309a/milanq/pkgs/openmpi-4.1.4/lib/../lib] ==> dir [/cm/shared/ex3-modules/202309a/milanq/pkgs/openmpi-4.1.4/lib/../lib]
    arg [-L/cm/shared/ex3-modules/202309a/milanq/pkgs/util-linux-2.34/lib/../lib] ==> dir [/cm/shared/ex3-modules/202309a/milanq/pkgs/util-linux-2.34/lib/../lib]
    arg [-L/cm/shared/ex3-modules/202309a/milanq/pkgs/libfabric-1.17.0/lib/../lib] ==> dir [/cm/shared/ex3-modules/202309a/milanq/pkgs/libfabric-1.17.0/lib/../lib]
    arg [-L/cm/shared/ex3-modules/202309a/milanq/pkgs/ucx-1.12.1/lib/../lib] ==> dir [/cm/shared/ex3-modules/202309a/milanq/pkgs/ucx-1.12.1/lib/../lib]
    arg [-L/cm/shared/ex3-modules/202309a/milanq/pkgs/rdma-core-44.0/lib/../lib] ==> dir [/cm/shared/ex3-modules/202309a/milanq/pkgs/rdma-core-44.0/lib/../lib]
    arg [-L/cm/shared/ex3-modules/202309a/milanq/pkgs/libnl-3.2.25/lib/../lib] ==> dir [/cm/shared/ex3-modules/202309a/milanq/pkgs/libnl-3.2.25/lib/../lib]
    arg [-L/cm/shared/ex3-modules/202309a/milanq/pkgs/numactl-2.0.13/lib/../lib] ==> dir [/cm/shared/ex3-modules/202309a/milanq/pkgs/numactl-2.0.13/lib/../lib]
    arg [-L/cm/shared/ex3-modules/202309a/milanq/pkgs/libevent-2.1.12-stable/lib/../lib] ==> dir [/cm/shared/ex3-modules/202309a/milanq/pkgs/libevent-2.1.12-stable/lib/../lib]
    arg [-L/cm/shared/ex3-modules/202309a/milanq/pkgs/knem-1.1.4/lib/../lib] ==> dir [/cm/shared/ex3-modules/202309a/milanq/pkgs/knem-1.1.4/lib/../lib]
    arg [-L/cm/shared/ex3-modules/202309a/milanq/pkgs/hwloc-2.7.1/lib/../lib] ==> dir [/cm/shared/ex3-modules/202309a/milanq/pkgs/hwloc-2.7.1/lib/../lib]
    arg [-L/cm/shared/ex3-modules/0.6.1/pkgs/fftw-3.3.8/lib/../lib] ==> dir [/cm/shared/ex3-modules/0.6.1/pkgs/fftw-3.3.8/lib/../lib]
    arg [-L/cm/shared/ex3-modules/0.6.1/pkgs/lapack-3.9.0/lib/../lib] ==> dir [/cm/shared/ex3-modules/0.6.1/pkgs/lapack-3.9.0/lib/../lib]
    arg [-L/cm/shared/ex3-modules/0.6.1/pkgs/openblas-0.3.12/lib/../lib] ==> dir [/cm/shared/ex3-modules/0.6.1/pkgs/openblas-0.3.12/lib/../lib]
    arg [-L/cm/shared/ex3-modules/0.6.1/pkgs/gcc-8.4.0/lib64/../lib] ==> dir [/cm/shared/ex3-modules/0.6.1/pkgs/gcc-8.4.0/lib64/../lib]
    arg [-L/cm/shared/ex3-modules/0.6.1/pkgs/freetype-2.10.1/lib/../lib] ==> dir [/cm/shared/ex3-modules/0.6.1/pkgs/freetype-2.10.1/lib/../lib]
    arg [-L/cm/shared/ex3-modules/0.6.1/pkgs/libpng-1.6.37/lib/../lib] ==> dir [/cm/shared/ex3-modules/0.6.1/pkgs/libpng-1.6.37/lib/../lib]
    arg [-L/cm/shared/ex3-modules/0.6.1/pkgs/python-3.7.4/lib/../lib] ==> dir [/cm/shared/ex3-modules/0.6.1/pkgs/python-3.7.4/lib/../lib]
    arg [-L/cm/shared/ex3-modules/0.6.1/pkgs/sqlite-3.31.1/lib/../lib] ==> dir [/cm/shared/ex3-modules/0.6.1/pkgs/sqlite-3.31.1/lib/../lib]
    arg [-L/cm/shared/ex3-modules/0.6.1/pkgs/libffi-3.2.1/lib/../lib] ==> dir [/cm/shared/ex3-modules/0.6.1/pkgs/libffi-3.2.1/lib/../lib]
    arg [-L/cm/shared/ex3-modules/0.6.1/pkgs/readline-8.0/lib/../lib] ==> dir [/cm/shared/ex3-modules/0.6.1/pkgs/readline-8.0/lib/../lib]
    arg [-L/cm/shared/ex3-modules/0.6.1/pkgs/ncurses-6.1/lib/../lib] ==> dir [/cm/shared/ex3-modules/0.6.1/pkgs/ncurses-6.1/lib/../lib]
    arg [-L/cm/shared/ex3-modules/0.6.1/pkgs/xz-5.2.5/lib/../lib] ==> dir [/cm/shared/ex3-modules/0.6.1/pkgs/xz-5.2.5/lib/../lib]
    arg [-L/cm/shared/ex3-modules/0.6.1/pkgs/bzip2-1.0.8/lib/../lib] ==> dir [/cm/shared/ex3-modules/0.6.1/pkgs/bzip2-1.0.8/lib/../lib]
    arg [-L/cm/shared/ex3-modules/0.6.1/pkgs/openssl-1.1.1c/lib/../lib] ==> dir [/cm/shared/ex3-modules/0.6.1/pkgs/openssl-1.1.1c/lib/../lib]
    arg [-L/cm/shared/apps/slurm/current/lib64/../lib] ==> dir [/cm/shared/apps/slurm/current/lib64/../lib]
    arg [-L/usr/lib/gcc/x86_64-linux-gnu/11] ==> dir [/usr/lib/gcc/x86_64-linux-gnu/11]
    arg [-L/usr/lib/gcc/x86_64-linux-gnu/11/../../../x86_64-linux-gnu] ==> dir [/usr/lib/gcc/x86_64-linux-gnu/11/../../../x86_64-linux-gnu]
    arg [-L/usr/lib/gcc/x86_64-linux-gnu/11/../../../../lib] ==> dir [/usr/lib/gcc/x86_64-linux-gnu/11/../../../../lib]
    arg [-L/lib/x86_64-linux-gnu] ==> dir [/lib/x86_64-linux-gnu]
    arg [-L/lib/../lib] ==> dir [/lib/../lib]
    arg [-L/usr/lib/x86_64-linux-gnu] ==> dir [/usr/lib/x86_64-linux-gnu]
    arg [-L/usr/lib/../lib] ==> dir [/usr/lib/../lib]
    arg [-L/home/andreast/modules/flow/202309a/rpp-dune-amgcpr-branch/lib] ==> dir [/home/andreast/modules/flow/202309a/rpp-dune-amgcpr-branch/lib]
    arg [-L/home/andreast/modules/zoltan/202309a/12.16/lib] ==> dir [/home/andreast/modules/zoltan/202309a/12.16/lib]
    arg [-L/home/andreast/modules/dune/202309a/mod-2.7.1/lib] ==> dir [/home/andreast/modules/dune/202309a/mod-2.7.1/lib]
    arg [-L/cm/shared/ex3-modules/202309a/milanq/pkgs/suitesparse-32-5.12.0/lib] ==> dir [/cm/shared/ex3-modules/202309a/milanq/pkgs/suitesparse-32-5.12.0/lib]
    arg [-L/cm/shared/ex3-modules/202309a/milanq/pkgs/mpfr-4.0.2/lib] ==> dir [/cm/shared/ex3-modules/202309a/milanq/pkgs/mpfr-4.0.2/lib]
    arg [-L/cm/shared/ex3-modules/202309a/milanq/pkgs/gmp-6.1.2/lib] ==> dir [/cm/shared/ex3-modules/202309a/milanq/pkgs/gmp-6.1.2/lib]
    arg [-L/cm/shared/ex3-modules/202309a/milanq/pkgs/parmetis-32-4.0.3/lib] ==> dir [/cm/shared/ex3-modules/202309a/milanq/pkgs/parmetis-32-4.0.3/lib]
    arg [-L/cm/shared/ex3-modules/202309a/milanq/pkgs/metis-32-5.1.0/lib] ==> dir [/cm/shared/ex3-modules/202309a/milanq/pkgs/metis-32-5.1.0/lib]
    arg [-L/cm/shared/ex3-modules/202309a/milanq/pkgs/boost-1.73.0/lib] ==> dir [/cm/shared/ex3-modules/202309a/milanq/pkgs/boost-1.73.0/lib]
    arg [-L/cm/shared/ex3-modules/202309a/milanq/pkgs/xz-5.2.7/lib] ==> dir [/cm/shared/ex3-modules/202309a/milanq/pkgs/xz-5.2.7/lib]
    arg [-L/cm/shared/ex3-modules/202309a/milanq/pkgs/openblas-0.3.21/lib] ==> dir [/cm/shared/ex3-modules/202309a/milanq/pkgs/openblas-0.3.21/lib]
    arg [-L/cm/shared/ex3-modules/202309a/milanq/pkgs/openmpi-4.1.4/lib] ==> dir [/cm/shared/ex3-modules/202309a/milanq/pkgs/openmpi-4.1.4/lib]
    arg [-L/cm/shared/ex3-modules/202309a/milanq/pkgs/util-linux-2.34/lib] ==> dir [/cm/shared/ex3-modules/202309a/milanq/pkgs/util-linux-2.34/lib]
    arg [-L/cm/shared/ex3-modules/202309a/milanq/pkgs/libfabric-1.17.0/lib] ==> dir [/cm/shared/ex3-modules/202309a/milanq/pkgs/libfabric-1.17.0/lib]
    arg [-L/cm/shared/ex3-modules/202309a/milanq/pkgs/ucx-1.12.1/lib] ==> dir [/cm/shared/ex3-modules/202309a/milanq/pkgs/ucx-1.12.1/lib]
    arg [-L/cm/shared/ex3-modules/202309a/milanq/pkgs/rdma-core-44.0/lib] ==> dir [/cm/shared/ex3-modules/202309a/milanq/pkgs/rdma-core-44.0/lib]
    arg [-L/cm/shared/ex3-modules/202309a/milanq/pkgs/libnl-3.2.25/lib] ==> dir [/cm/shared/ex3-modules/202309a/milanq/pkgs/libnl-3.2.25/lib]
    arg [-L/cm/shared/ex3-modules/202309a/milanq/pkgs/numactl-2.0.13/lib] ==> dir [/cm/shared/ex3-modules/202309a/milanq/pkgs/numactl-2.0.13/lib]
    arg [-L/cm/shared/ex3-modules/202309a/milanq/pkgs/libevent-2.1.12-stable/lib] ==> dir [/cm/shared/ex3-modules/202309a/milanq/pkgs/libevent-2.1.12-stable/lib]
    arg [-L/cm/shared/ex3-modules/202309a/milanq/pkgs/knem-1.1.4/lib] ==> dir [/cm/shared/ex3-modules/202309a/milanq/pkgs/knem-1.1.4/lib]
    arg [-L/cm/shared/ex3-modules/202309a/milanq/pkgs/hwloc-2.7.1/lib] ==> dir [/cm/shared/ex3-modules/202309a/milanq/pkgs/hwloc-2.7.1/lib]
    arg [-L/cm/shared/ex3-modules/0.6.1/pkgs/fftw-3.3.8/lib] ==> dir [/cm/shared/ex3-modules/0.6.1/pkgs/fftw-3.3.8/lib]
    arg [-L/cm/shared/ex3-modules/0.6.1/pkgs/lapack-3.9.0/lib] ==> dir [/cm/shared/ex3-modules/0.6.1/pkgs/lapack-3.9.0/lib]
    arg [-L/cm/shared/ex3-modules/0.6.1/pkgs/openblas-0.3.12/lib] ==> dir [/cm/shared/ex3-modules/0.6.1/pkgs/openblas-0.3.12/lib]
    arg [-L/cm/shared/ex3-modules/0.6.1/pkgs/gcc-8.4.0/lib64] ==> dir [/cm/shared/ex3-modules/0.6.1/pkgs/gcc-8.4.0/lib64]
    arg [-L/cm/shared/ex3-modules/0.6.1/pkgs/freetype-2.10.1/lib] ==> dir [/cm/shared/ex3-modules/0.6.1/pkgs/freetype-2.10.1/lib]
    arg [-L/cm/shared/ex3-modules/0.6.1/pkgs/libpng-1.6.37/lib] ==> dir [/cm/shared/ex3-modules/0.6.1/pkgs/libpng-1.6.37/lib]
    arg [-L/cm/shared/ex3-modules/0.6.1/pkgs/python-3.7.4/lib] ==> dir [/cm/shared/ex3-modules/0.6.1/pkgs/python-3.7.4/lib]
    arg [-L/cm/shared/ex3-modules/0.6.1/pkgs/sqlite-3.31.1/lib] ==> dir [/cm/shared/ex3-modules/0.6.1/pkgs/sqlite-3.31.1/lib]
    arg [-L/cm/shared/ex3-modules/0.6.1/pkgs/libffi-3.2.1/lib] ==> dir [/cm/shared/ex3-modules/0.6.1/pkgs/libffi-3.2.1/lib]
    arg [-L/cm/shared/ex3-modules/0.6.1/pkgs/readline-8.0/lib] ==> dir [/cm/shared/ex3-modules/0.6.1/pkgs/readline-8.0/lib]
    arg [-L/cm/shared/ex3-modules/0.6.1/pkgs/ncurses-6.1/lib] ==> dir [/cm/shared/ex3-modules/0.6.1/pkgs/ncurses-6.1/lib]
    arg [-L/cm/shared/ex3-modules/0.6.1/pkgs/xz-5.2.5/lib] ==> dir [/cm/shared/ex3-modules/0.6.1/pkgs/xz-5.2.5/lib]
    arg [-L/cm/shared/ex3-modules/0.6.1/pkgs/bzip2-1.0.8/lib] ==> dir [/cm/shared/ex3-modules/0.6.1/pkgs/bzip2-1.0.8/lib]
    arg [-L/cm/shared/ex3-modules/0.6.1/pkgs/openssl-1.1.1c/lib] ==> dir [/cm/shared/ex3-modules/0.6.1/pkgs/openssl-1.1.1c/lib]
    arg [-L/cm/shared/apps/slurm/current/lib64/slurm] ==> dir [/cm/shared/apps/slurm/current/lib64/slurm]
    arg [-L/cm/shared/apps/slurm/current/lib64] ==> dir [/cm/shared/apps/slurm/current/lib64]
    arg [-L/usr/lib/gcc/x86_64-linux-gnu/11/../../..] ==> dir [/usr/lib/gcc/x86_64-linux-gnu/11/../../..]
    arg [CMakeFiles/cmTC_e2cb0.dir/CMakeCXXCompilerABI.cpp.o] ==> ignore
    arg [-lstdc++] ==> lib [stdc++]
    arg [-lm] ==> lib [m]
    arg [-lgcc_s] ==> lib [gcc_s]
    arg [-lgcc] ==> lib [gcc]
    arg [-lc] ==> lib [c]
    arg [-lgcc_s] ==> lib [gcc_s]
    arg [-lgcc] ==> lib [gcc]
    arg [/usr/lib/gcc/x86_64-linux-gnu/11/crtendS.o] ==> ignore
    arg [/usr/lib/gcc/x86_64-linux-gnu/11/../../../x86_64-linux-gnu/crtn.o] ==> ignore
  collapse library dir [/home/andreast/modules/flow/202309a/rpp-dune-amgcpr-branch/lib/../lib] ==> [/home/andreast/modules/flow/202309a/rpp-dune-amgcpr-branch/lib]
  collapse library dir [/home/andreast/modules/zoltan/202309a/12.16/lib/../lib] ==> [/home/andreast/modules/zoltan/202309a/12.16/lib]
  collapse library dir [/home/andreast/modules/dune/202309a/mod-2.7.1/lib/../lib] ==> [/home/andreast/modules/dune/202309a/mod-2.7.1/lib]
  collapse library dir [/cm/shared/ex3-modules/202309a/milanq/pkgs/suitesparse-32-5.12.0/lib/../lib] ==> [/cm/shared/ex3-modules/202309a/milanq/pkgs/suitesparse-32-5.12.0/lib]
  collapse library dir [/cm/shared/ex3-modules/202309a/milanq/pkgs/mpfr-4.0.2/lib/../lib] ==> [/cm/shared/ex3-modules/202309a/milanq/pkgs/mpfr-4.0.2/lib]
  collapse library dir [/cm/shared/ex3-modules/202309a/milanq/pkgs/gmp-6.1.2/lib/../lib] ==> [/cm/shared/ex3-modules/202309a/milanq/pkgs/gmp-6.1.2/lib]
  collapse library dir [/cm/shared/ex3-modules/202309a/milanq/pkgs/parmetis-32-4.0.3/lib/../lib] ==> [/cm/shared/ex3-modules/202309a/milanq/pkgs/parmetis-32-4.0.3/lib]
  collapse library dir [/cm/shared/ex3-modules/202309a/milanq/pkgs/metis-32-5.1.0/lib/../lib] ==> [/cm/shared/ex3-modules/202309a/milanq/pkgs/metis-32-5.1.0/lib]
  collapse library dir [/cm/shared/ex3-modules/202309a/milanq/pkgs/boost-1.73.0/lib/../lib] ==> [/cm/shared/ex3-modules/202309a/milanq/pkgs/boost-1.73.0/lib]
  collapse library dir [/cm/shared/ex3-modules/202309a/milanq/pkgs/xz-5.2.7/lib/../lib] ==> [/cm/shared/ex3-modules/202309a/milanq/pkgs/xz-5.2.7/lib]
  collapse library dir [/cm/shared/ex3-modules/202309a/milanq/pkgs/openblas-0.3.21/lib/../lib] ==> [/cm/shared/ex3-modules/202309a/milanq/pkgs/openblas-0.3.21/lib]
  collapse library dir [/cm/shared/ex3-modules/202309a/milanq/pkgs/openmpi-4.1.4/lib/../lib] ==> [/cm/shared/ex3-modules/202309a/milanq/pkgs/openmpi-4.1.4/lib]
  collapse library dir [/cm/shared/ex3-modules/202309a/milanq/pkgs/util-linux-2.34/lib/../lib] ==> [/cm/shared/ex3-modules/202309a/milanq/pkgs/util-linux-2.34/lib]
  collapse library dir [/cm/shared/ex3-modules/202309a/milanq/pkgs/libfabric-1.17.0/lib/../lib] ==> [/cm/shared/ex3-modules/202309a/milanq/pkgs/libfabric-1.17.0/lib]
  collapse library dir [/cm/shared/ex3-modules/202309a/milanq/pkgs/ucx-1.12.1/lib/../lib] ==> [/cm/shared/ex3-modules/202309a/milanq/pkgs/ucx-1.12.1/lib]
  collapse library dir [/cm/shared/ex3-modules/202309a/milanq/pkgs/rdma-core-44.0/lib/../lib] ==> [/cm/shared/ex3-modules/202309a/milanq/pkgs/rdma-core-44.0/lib]
  collapse library dir [/cm/shared/ex3-modules/202309a/milanq/pkgs/libnl-3.2.25/lib/../lib] ==> [/cm/shared/ex3-modules/202309a/milanq/pkgs/libnl-3.2.25/lib]
  collapse library dir [/cm/shared/ex3-modules/202309a/milanq/pkgs/numactl-2.0.13/lib/../lib] ==> [/cm/shared/ex3-modules/202309a/milanq/pkgs/numactl-2.0.13/lib]
  collapse library dir [/cm/shared/ex3-modules/202309a/milanq/pkgs/libevent-2.1.12-stable/lib/../lib] ==> [/cm/shared/ex3-modules/202309a/milanq/pkgs/libevent-2.1.12-stable/lib]
  collapse library dir [/cm/shared/ex3-modules/202309a/milanq/pkgs/knem-1.1.4/lib/../lib] ==> [/cm/shared/ex3-modules/202309a/milanq/pkgs/knem-1.1.4/lib]
  collapse library dir [/cm/shared/ex3-modules/202309a/milanq/pkgs/hwloc-2.7.1/lib/../lib] ==> [/cm/shared/ex3-modules/202309a/milanq/pkgs/hwloc-2.7.1/lib]
  collapse library dir [/cm/shared/ex3-modules/0.6.1/pkgs/fftw-3.3.8/lib/../lib] ==> [/cm/shared/ex3-modules/0.6.1/pkgs/fftw-3.3.8/lib]
  collapse library dir [/cm/shared/ex3-modules/0.6.1/pkgs/lapack-3.9.0/lib/../lib] ==> [/cm/shared/ex3-modules/0.6.1/pkgs/lapack-3.9.0/lib]
  collapse library dir [/cm/shared/ex3-modules/0.6.1/pkgs/openblas-0.3.12/lib/../lib] ==> [/cm/shared/ex3-modules/0.6.1/pkgs/openblas-0.3.12/lib]
  collapse library dir [/cm/shared/ex3-modules/0.6.1/pkgs/gcc-8.4.0/lib64/../lib] ==> [/cm/shared/ex3-modules/0.6.1/pkgs/gcc-8.4.0/lib]
  collapse library dir [/cm/shared/ex3-modules/0.6.1/pkgs/freetype-2.10.1/lib/../lib] ==> [/cm/shared/ex3-modules/0.6.1/pkgs/freetype-2.10.1/lib]
  collapse library dir [/cm/shared/ex3-modules/0.6.1/pkgs/libpng-1.6.37/lib/../lib] ==> [/cm/shared/ex3-modules/0.6.1/pkgs/libpng-1.6.37/lib]
  collapse library dir [/cm/shared/ex3-modules/0.6.1/pkgs/python-3.7.4/lib/../lib] ==> [/cm/shared/ex3-modules/0.6.1/pkgs/python-3.7.4/lib]
  collapse library dir [/cm/shared/ex3-modules/0.6.1/pkgs/sqlite-3.31.1/lib/../lib] ==> [/cm/shared/ex3-modules/0.6.1/pkgs/sqlite-3.31.1/lib]
  collapse library dir [/cm/shared/ex3-modules/0.6.1/pkgs/libffi-3.2.1/lib/../lib] ==> [/cm/shared/ex3-modules/0.6.1/pkgs/libffi-3.2.1/lib]
  collapse library dir [/cm/shared/ex3-modules/0.6.1/pkgs/readline-8.0/lib/../lib] ==> [/cm/shared/ex3-modules/0.6.1/pkgs/readline-8.0/lib]
  collapse library dir [/cm/shared/ex3-modules/0.6.1/pkgs/ncurses-6.1/lib/../lib] ==> [/cm/shared/ex3-modules/0.6.1/pkgs/ncurses-6.1/lib]
  collapse library dir [/cm/shared/ex3-modules/0.6.1/pkgs/xz-5.2.5/lib/../lib] ==> [/cm/shared/ex3-modules/0.6.1/pkgs/xz-5.2.5/lib]
  collapse library dir [/cm/shared/ex3-modules/0.6.1/pkgs/bzip2-1.0.8/lib/../lib] ==> [/cm/shared/ex3-modules/0.6.1/pkgs/bzip2-1.0.8/lib]
  collapse library dir [/cm/shared/ex3-modules/0.6.1/pkgs/openssl-1.1.1c/lib/../lib] ==> [/cm/shared/ex3-modules/0.6.1/pkgs/openssl-1.1.1c/lib]
  collapse library dir [/cm/shared/apps/slurm/current/lib64/../lib] ==> [/cm/shared/apps/slurm/current/lib]
  collapse library dir [/usr/lib/gcc/x86_64-linux-gnu/11] ==> [/usr/lib/gcc/x86_64-linux-gnu/11]
  collapse library dir [/usr/lib/gcc/x86_64-linux-gnu/11/../../../x86_64-linux-gnu] ==> [/usr/lib/x86_64-linux-gnu]
  collapse library dir [/usr/lib/gcc/x86_64-linux-gnu/11/../../../../lib] ==> [/usr/lib]
  collapse library dir [/lib/x86_64-linux-gnu] ==> [/lib/x86_64-linux-gnu]
  collapse library dir [/lib/../lib] ==> [/lib]
  collapse library dir [/usr/lib/x86_64-linux-gnu] ==> [/usr/lib/x86_64-linux-gnu]
  collapse library dir [/usr/lib/../lib] ==> [/usr/lib]
  collapse library dir [/home/andreast/modules/flow/202309a/rpp-dune-amgcpr-branch/lib] ==> [/home/andreast/modules/flow/202309a/rpp-dune-amgcpr-branch/lib]
  collapse library dir [/home/andreast/modules/zoltan/202309a/12.16/lib] ==> [/home/andreast/modules/zoltan/202309a/12.16/lib]
  collapse library dir [/home/andreast/modules/dune/202309a/mod-2.7.1/lib] ==> [/home/andreast/modules/dune/202309a/mod-2.7.1/lib]
  collapse library dir [/cm/shared/ex3-modules/202309a/milanq/pkgs/suitesparse-32-5.12.0/lib] ==> [/cm/shared/ex3-modules/202309a/milanq/pkgs/suitesparse-32-5.12.0/lib]
  collapse library dir [/cm/shared/ex3-modules/202309a/milanq/pkgs/mpfr-4.0.2/lib] ==> [/cm/shared/ex3-modules/202309a/milanq/pkgs/mpfr-4.0.2/lib]
  collapse library dir [/cm/shared/ex3-modules/202309a/milanq/pkgs/gmp-6.1.2/lib] ==> [/cm/shared/ex3-modules/202309a/milanq/pkgs/gmp-6.1.2/lib]
  collapse library dir [/cm/shared/ex3-modules/202309a/milanq/pkgs/parmetis-32-4.0.3/lib] ==> [/cm/shared/ex3-modules/202309a/milanq/pkgs/parmetis-32-4.0.3/lib]
  collapse library dir [/cm/shared/ex3-modules/202309a/milanq/pkgs/metis-32-5.1.0/lib] ==> [/cm/shared/ex3-modules/202309a/milanq/pkgs/metis-32-5.1.0/lib]
  collapse library dir [/cm/shared/ex3-modules/202309a/milanq/pkgs/boost-1.73.0/lib] ==> [/cm/shared/ex3-modules/202309a/milanq/pkgs/boost-1.73.0/lib]
  collapse library dir [/cm/shared/ex3-modules/202309a/milanq/pkgs/xz-5.2.7/lib] ==> [/cm/shared/ex3-modules/202309a/milanq/pkgs/xz-5.2.7/lib]
  collapse library dir [/cm/shared/ex3-modules/202309a/milanq/pkgs/openblas-0.3.21/lib] ==> [/cm/shared/ex3-modules/202309a/milanq/pkgs/openblas-0.3.21/lib]
  collapse library dir [/cm/shared/ex3-modules/202309a/milanq/pkgs/openmpi-4.1.4/lib] ==> [/cm/shared/ex3-modules/202309a/milanq/pkgs/openmpi-4.1.4/lib]
  collapse library dir [/cm/shared/ex3-modules/202309a/milanq/pkgs/util-linux-2.34/lib] ==> [/cm/shared/ex3-modules/202309a/milanq/pkgs/util-linux-2.34/lib]
  collapse library dir [/cm/shared/ex3-modules/202309a/milanq/pkgs/libfabric-1.17.0/lib] ==> [/cm/shared/ex3-modules/202309a/milanq/pkgs/libfabric-1.17.0/lib]
  collapse library dir [/cm/shared/ex3-modules/202309a/milanq/pkgs/ucx-1.12.1/lib] ==> [/cm/shared/ex3-modules/202309a/milanq/pkgs/ucx-1.12.1/lib]
  collapse library dir [/cm/shared/ex3-modules/202309a/milanq/pkgs/rdma-core-44.0/lib] ==> [/cm/shared/ex3-modules/202309a/milanq/pkgs/rdma-core-44.0/lib]
  collapse library dir [/cm/shared/ex3-modules/202309a/milanq/pkgs/libnl-3.2.25/lib] ==> [/cm/shared/ex3-modules/202309a/milanq/pkgs/libnl-3.2.25/lib]
  collapse library dir [/cm/shared/ex3-modules/202309a/milanq/pkgs/numactl-2.0.13/lib] ==> [/cm/shared/ex3-modules/202309a/milanq/pkgs/numactl-2.0.13/lib]
  collapse library dir [/cm/shared/ex3-modules/202309a/milanq/pkgs/libevent-2.1.12-stable/lib] ==> [/cm/shared/ex3-modules/202309a/milanq/pkgs/libevent-2.1.12-stable/lib]
  collapse library dir [/cm/shared/ex3-modules/202309a/milanq/pkgs/knem-1.1.4/lib] ==> [/cm/shared/ex3-modules/202309a/milanq/pkgs/knem-1.1.4/lib]
  collapse library dir [/cm/shared/ex3-modules/202309a/milanq/pkgs/hwloc-2.7.1/lib] ==> [/cm/shared/ex3-modules/202309a/milanq/pkgs/hwloc-2.7.1/lib]
  collapse library dir [/cm/shared/ex3-modules/0.6.1/pkgs/fftw-3.3.8/lib] ==> [/cm/shared/ex3-modules/0.6.1/pkgs/fftw-3.3.8/lib]
  collapse library dir [/cm/shared/ex3-modules/0.6.1/pkgs/lapack-3.9.0/lib] ==> [/cm/shared/ex3-modules/0.6.1/pkgs/lapack-3.9.0/lib]
  collapse library dir [/cm/shared/ex3-modules/0.6.1/pkgs/openblas-0.3.12/lib] ==> [/cm/shared/ex3-modules/0.6.1/pkgs/openblas-0.3.12/lib]
  collapse library dir [/cm/shared/ex3-modules/0.6.1/pkgs/gcc-8.4.0/lib64] ==> [/cm/shared/ex3-modules/0.6.1/pkgs/gcc-8.4.0/lib64]
  collapse library dir [/cm/shared/ex3-modules/0.6.1/pkgs/freetype-2.10.1/lib] ==> [/cm/shared/ex3-modules/0.6.1/pkgs/freetype-2.10.1/lib]
  collapse library dir [/cm/shared/ex3-modules/0.6.1/pkgs/libpng-1.6.37/lib] ==> [/cm/shared/ex3-modules/0.6.1/pkgs/libpng-1.6.37/lib]
  collapse library dir [/cm/shared/ex3-modules/0.6.1/pkgs/python-3.7.4/lib] ==> [/cm/shared/ex3-modules/0.6.1/pkgs/python-3.7.4/lib]
  collapse library dir [/cm/shared/ex3-modules/0.6.1/pkgs/sqlite-3.31.1/lib] ==> [/cm/shared/ex3-modules/0.6.1/pkgs/sqlite-3.31.1/lib]
  collapse library dir [/cm/shared/ex3-modules/0.6.1/pkgs/libffi-3.2.1/lib] ==> [/cm/shared/ex3-modules/0.6.1/pkgs/libffi-3.2.1/lib]
  collapse library dir [/cm/shared/ex3-modules/0.6.1/pkgs/readline-8.0/lib] ==> [/cm/shared/ex3-modules/0.6.1/pkgs/readline-8.0/lib]
  collapse library dir [/cm/shared/ex3-modules/0.6.1/pkgs/ncurses-6.1/lib] ==> [/cm/shared/ex3-modules/0.6.1/pkgs/ncurses-6.1/lib]
  collapse library dir [/cm/shared/ex3-modules/0.6.1/pkgs/xz-5.2.5/lib] ==> [/cm/shared/ex3-modules/0.6.1/pkgs/xz-5.2.5/lib]
  collapse library dir [/cm/shared/ex3-modules/0.6.1/pkgs/bzip2-1.0.8/lib] ==> [/cm/shared/ex3-modules/0.6.1/pkgs/bzip2-1.0.8/lib]
  collapse library dir [/cm/shared/ex3-modules/0.6.1/pkgs/openssl-1.1.1c/lib] ==> [/cm/shared/ex3-modules/0.6.1/pkgs/openssl-1.1.1c/lib]
  collapse library dir [/cm/shared/apps/slurm/current/lib64/slurm] ==> [/cm/shared/apps/slurm/current/lib64/slurm]
  collapse library dir [/cm/shared/apps/slurm/current/lib64] ==> [/cm/shared/apps/slurm/current/lib64]
  collapse library dir [/usr/lib/gcc/x86_64-linux-gnu/11/../../..] ==> [/usr/lib]
  implicit libs: [stdc++;m;gcc_s;gcc;c;gcc_s;gcc]
  implicit dirs: [/home/andreast/modules/flow/202309a/rpp-dune-amgcpr-branch/lib;/home/andreast/modules/zoltan/202309a/12.16/lib;/home/andreast/modules/dune/202309a/mod-2.7.1/lib;/cm/shared/ex3-modules/202309a/milanq/pkgs/suitesparse-32-5.12.0/lib;/cm/shared/ex3-modules/202309a/milanq/pkgs/mpfr-4.0.2/lib;/cm/shared/ex3-modules/202309a/milanq/pkgs/gmp-6.1.2/lib;/cm/shared/ex3-modules/202309a/milanq/pkgs/parmetis-32-4.0.3/lib;/cm/shared/ex3-modules/202309a/milanq/pkgs/metis-32-5.1.0/lib;/cm/shared/ex3-modules/202309a/milanq/pkgs/boost-1.73.0/lib;/cm/shared/ex3-modules/202309a/milanq/pkgs/xz-5.2.7/lib;/cm/shared/ex3-modules/202309a/milanq/pkgs/openblas-0.3.21/lib;/cm/shared/ex3-modules/202309a/milanq/pkgs/openmpi-4.1.4/lib;/cm/shared/ex3-modules/202309a/milanq/pkgs/util-linux-2.34/lib;/cm/shared/ex3-modules/202309a/milanq/pkgs/libfabric-1.17.0/lib;/cm/shared/ex3-modules/202309a/milanq/pkgs/ucx-1.12.1/lib;/cm/shared/ex3-modules/202309a/milanq/pkgs/rdma-core-44.0/lib;/cm/shared/ex3-modules/202309a/milanq/pkgs/libnl-3.2.25/lib;/cm/shared/ex3-modules/202309a/milanq/pkgs/numactl-2.0.13/lib;/cm/shared/ex3-modules/202309a/milanq/pkgs/libevent-2.1.12-stable/lib;/cm/shared/ex3-modules/202309a/milanq/pkgs/knem-1.1.4/lib;/cm/shared/ex3-modules/202309a/milanq/pkgs/hwloc-2.7.1/lib;/cm/shared/ex3-modules/0.6.1/pkgs/fftw-3.3.8/lib;/cm/shared/ex3-modules/0.6.1/pkgs/lapack-3.9.0/lib;/cm/shared/ex3-modules/0.6.1/pkgs/openblas-0.3.12/lib;/cm/shared/ex3-modules/0.6.1/pkgs/gcc-8.4.0/lib;/cm/shared/ex3-modules/0.6.1/pkgs/freetype-2.10.1/lib;/cm/shared/ex3-modules/0.6.1/pkgs/libpng-1.6.37/lib;/cm/shared/ex3-modules/0.6.1/pkgs/python-3.7.4/lib;/cm/shared/ex3-modules/0.6.1/pkgs/sqlite-3.31.1/lib;/cm/shared/ex3-modules/0.6.1/pkgs/libffi-3.2.1/lib;/cm/shared/ex3-modules/0.6.1/pkgs/readline-8.0/lib;/cm/shared/ex3-modules/0.6.1/pkgs/ncurses-6.1/lib;/cm/shared/ex3-modules/0.6.1/pkgs/xz-5.2.5/lib;/cm/shared/ex3-modules/0.6.1/pkgs/bzip2-1.0.8/lib;/cm/shared/ex3-modules/0.6.1/pkgs/openssl-1.1.1c/lib;/cm/shared/apps/slurm/current/lib;/usr/lib/gcc/x86_64-linux-gnu/11;/usr/lib/x86_64-linux-gnu;/usr/lib;/lib/x86_64-linux-gnu;/lib;/cm/shared/ex3-modules/0.6.1/pkgs/gcc-8.4.0/lib64;/cm/shared/apps/slurm/current/lib64/slurm;/cm/shared/apps/slurm/current/lib64]
  implicit fwks: []


Compiling the C compiler identification source file "CMakeCCompilerId.c" succeeded.
Compiler: /usr/bin/cc 
Build flags: 
Id flags:  

The output was:
0


Compilation of the C compiler identification source "CMakeCCompilerId.c" produced "a.out"

The C compiler identification is GNU, found in "/home/erikhs/MatrixProblems/build_x86_64/CMakeFiles/3.17.2/CompilerIdC/a.out"

Determining if the C compiler works passed with the following output:
Change Dir: /home/erikhs/MatrixProblems/build_x86_64/CMakeFiles/CMakeTmp

Run Build Command(s):/usr/bin/gmake cmTC_41c57/fast && /usr/bin/gmake  -f CMakeFiles/cmTC_41c57.dir/build.make CMakeFiles/cmTC_41c57.dir/build
gmake[1]: Entering directory '/home/erikhs/MatrixProblems/build_x86_64/CMakeFiles/CMakeTmp'
Building C object CMakeFiles/cmTC_41c57.dir/testCCompiler.c.o
/usr/bin/cc    -o CMakeFiles/cmTC_41c57.dir/testCCompiler.c.o   -c /home/erikhs/MatrixProblems/build_x86_64/CMakeFiles/CMakeTmp/testCCompiler.c
Linking C executable cmTC_41c57
/cm/shared/ex3-modules/0.6.1/pkgs/cmake-3.17.2/bin/cmake -E cmake_link_script CMakeFiles/cmTC_41c57.dir/link.txt --verbose=1
/usr/bin/cc      -rdynamic CMakeFiles/cmTC_41c57.dir/testCCompiler.c.o  -o cmTC_41c57 
gmake[1]: Leaving directory '/home/erikhs/MatrixProblems/build_x86_64/CMakeFiles/CMakeTmp'



Detecting C compiler ABI info compiled with the following output:
Change Dir: /home/erikhs/MatrixProblems/build_x86_64/CMakeFiles/CMakeTmp

Run Build Command(s):/usr/bin/gmake cmTC_65a3f/fast && /usr/bin/gmake  -f CMakeFiles/cmTC_65a3f.dir/build.make CMakeFiles/cmTC_65a3f.dir/build
gmake[1]: Entering directory '/home/erikhs/MatrixProblems/build_x86_64/CMakeFiles/CMakeTmp'
Building C object CMakeFiles/cmTC_65a3f.dir/CMakeCCompilerABI.c.o
/usr/bin/cc   -v -o CMakeFiles/cmTC_65a3f.dir/CMakeCCompilerABI.c.o   -c /cm/shared/ex3-modules/0.6.1/pkgs/cmake-3.17.2/share/cmake-3.17/Modules/CMakeCCompilerABI.c
Using built-in specs.
COLLECT_GCC=/usr/bin/cc
OFFLOAD_TARGET_NAMES=nvptx-none:amdgcn-amdhsa
OFFLOAD_TARGET_DEFAULT=1
Target: x86_64-linux-gnu
Configured with: ../src/configure -v --with-pkgversion='Ubuntu 11.4.0-1ubuntu1~22.04' --with-bugurl=file:///usr/share/doc/gcc-11/README.Bugs --enable-languages=c,ada,c++,go,brig,d,fortran,objc,obj-c++,m2 --prefix=/usr --with-gcc-major-version-only --program-suffix=-11 --program-prefix=x86_64-linux-gnu- --enable-shared --enable-linker-build-id --libexecdir=/usr/lib --without-included-gettext --enable-threads=posix --libdir=/usr/lib --enable-nls --enable-bootstrap --enable-clocale=gnu --enable-libstdcxx-debug --enable-libstdcxx-time=yes --with-default-libstdcxx-abi=new --enable-gnu-unique-object --disable-vtable-verify --enable-plugin --enable-default-pie --with-system-zlib --enable-libphobos-checking=release --with-target-system-zlib=auto --enable-objc-gc=auto --enable-multiarch --disable-werror --enable-cet --with-arch-32=i686 --with-abi=m64 --with-multilib-list=m32,m64,mx32 --enable-multilib --with-tune=generic --enable-offload-targets=nvptx-none=/build/gcc-11-XeT9lY/gcc-11-11.4.0/debian/tmp-nvptx/usr,amdgcn-amdhsa=/build/gcc-11-XeT9lY/gcc-11-11.4.0/debian/tmp-gcn/usr --without-cuda-driver --enable-checking=release --build=x86_64-linux-gnu --host=x86_64-linux-gnu --target=x86_64-linux-gnu --with-build-config=bootstrap-lto-lean --enable-link-serialization=2
Thread model: posix
Supported LTO compression algorithms: zlib zstd
gcc version 11.4.0 (Ubuntu 11.4.0-1ubuntu1~22.04) 
COLLECT_GCC_OPTIONS='-v' '-o' 'CMakeFiles/cmTC_65a3f.dir/CMakeCCompilerABI.c.o' '-c' '-mtune=generic' '-march=x86-64' '-dumpdir' 'CMakeFiles/cmTC_65a3f.dir/'
 /usr/lib/gcc/x86_64-linux-gnu/11/cc1 -quiet -v -imultiarch x86_64-linux-gnu /cm/shared/ex3-modules/0.6.1/pkgs/cmake-3.17.2/share/cmake-3.17/Modules/CMakeCCompilerABI.c -quiet -dumpdir CMakeFiles/cmTC_65a3f.dir/ -dumpbase CMakeCCompilerABI.c.c -dumpbase-ext .c -mtune=generic -march=x86-64 -version -fasynchronous-unwind-tables -fstack-protector-strong -Wformat -Wformat-security -fstack-clash-protection -fcf-protection -o /tmp/ccGvGahl.s
GNU C17 (Ubuntu 11.4.0-1ubuntu1~22.04) version 11.4.0 (x86_64-linux-gnu)
	compiled by GNU C version 11.4.0, GMP version 6.2.1, MPFR version 4.1.0, MPC version 1.2.1, isl version isl-0.24-GMP

warning: GMP header version 6.2.1 differs from library version 6.1.2.
warning: MPFR header version 4.1.0 differs from library version 4.0.2.
GGC heuristics: --param ggc-min-expand=100 --param ggc-min-heapsize=131072
ignoring nonexistent directory "/usr/local/include/x86_64-linux-gnu"
ignoring nonexistent directory "/usr/lib/gcc/x86_64-linux-gnu/11/include-fixed"
ignoring nonexistent directory "/usr/lib/gcc/x86_64-linux-gnu/11/../../../../x86_64-linux-gnu/include"
#include "..." search starts here:
#include <...> search starts here:
 /cm/shared/apps/slurm/current/include
 /home/andreast/modules/flow/202309a/rpp-dune-amgcpr-branch/include
 /home/andreast/modules/zoltan/202309a/12.16/include
 /home/andreast/modules/dune/202309a/mod-2.7.1/include
 /cm/shared/ex3-modules/202309a/milanq/pkgs/suitesparse-32-5.12.0/include
 /cm/shared/ex3-modules/202309a/milanq/pkgs/mpfr-4.0.2/include
 /cm/shared/ex3-modules/202309a/milanq/pkgs/gmp-6.1.2/include
 /cm/shared/ex3-modules/202309a/milanq/pkgs/parmetis-32-4.0.3/include
 /cm/shared/ex3-modules/202309a/milanq/pkgs/metis-32-5.1.0/include
 /cm/shared/ex3-modules/202309a/milanq/pkgs/boost-1.73.0/include
 /cm/shared/ex3-modules/202309a/milanq/pkgs/xz-5.2.7/include
 /cm/shared/ex3-modules/202309a/milanq/pkgs/openblas-0.3.21/include
 /cm/shared/ex3-modules/202309a/milanq/pkgs/openmpi-4.1.4/include
 /cm/shared/ex3-modules/202309a/milanq/pkgs/util-linux-2.34/include
 /cm/shared/ex3-modules/202309a/milanq/pkgs/libfabric-1.17.0/include
 /cm/shared/ex3-modules/202309a/milanq/pkgs/ucx-1.12.1/include
 /cm/shared/ex3-modules/202309a/milanq/pkgs/rdma-core-44.0/include
 /cm/shared/ex3-modules/202309a/milanq/pkgs/libnl-3.2.25/include/libnl3
 /cm/shared/ex3-modules/202309a/milanq/pkgs/numactl-2.0.13/include
 /cm/shared/ex3-modules/202309a/milanq/pkgs/libevent-2.1.12-stable/include
 /cm/shared/ex3-modules/202309a/milanq/pkgs/knem-1.1.4/include
 /cm/shared/ex3-modules/202309a/milanq/pkgs/hwloc-2.7.1/include
 /cm/shared/ex3-modules/0.6.1/pkgs/fftw-3.3.8/include
 /cm/shared/ex3-modules/0.6.1/pkgs/lapack-3.9.0/include
 /cm/shared/ex3-modules/0.6.1/pkgs/openblas-0.3.12/include
 /cm/shared/ex3-modules/0.6.1/pkgs/freetype-2.10.1/include
 /cm/shared/ex3-modules/0.6.1/pkgs/libpng-1.6.37/include
 /cm/shared/ex3-modules/0.6.1/pkgs/python-3.7.4/include/python3.7m
 /cm/shared/ex3-modules/0.6.1/pkgs/sqlite-3.31.1/include
 /cm/shared/ex3-modules/0.6.1/pkgs/libffi-3.2.1/include
 /cm/shared/ex3-modules/0.6.1/pkgs/readline-8.0/include
 /cm/shared/ex3-modules/0.6.1/pkgs/ncurses-6.1/include
 /cm/shared/ex3-modules/0.6.1/pkgs/xz-5.2.5/include
 /cm/shared/ex3-modules/0.6.1/pkgs/bzip2-1.0.8/include
 /cm/shared/ex3-modules/0.6.1/pkgs/openssl-1.1.1c/include
 /usr/lib/gcc/x86_64-linux-gnu/11/include
 /usr/local/include
 /usr/include/x86_64-linux-gnu
 /usr/include
End of search list.
GNU C17 (Ubuntu 11.4.0-1ubuntu1~22.04) version 11.4.0 (x86_64-linux-gnu)
	compiled by GNU C version 11.4.0, GMP version 6.2.1, MPFR version 4.1.0, MPC version 1.2.1, isl version isl-0.24-GMP

warning: GMP header version 6.2.1 differs from library version 6.1.2.
warning: MPFR header version 4.1.0 differs from library version 4.0.2.
GGC heuristics: --param ggc-min-expand=100 --param ggc-min-heapsize=131072
Compiler executable checksum: 50eaa2331df977b8016186198deb2d18
COLLECT_GCC_OPTIONS='-v' '-o' 'CMakeFiles/cmTC_65a3f.dir/CMakeCCompilerABI.c.o' '-c' '-mtune=generic' '-march=x86-64' '-dumpdir' 'CMakeFiles/cmTC_65a3f.dir/'
 as -v --64 -o CMakeFiles/cmTC_65a3f.dir/CMakeCCompilerABI.c.o /tmp/ccGvGahl.s
GNU assembler version 2.38 (x86_64-linux-gnu) using BFD version (GNU Binutils for Ubuntu) 2.38
COMPILER_PATH=/usr/lib/gcc/x86_64-linux-gnu/11/:/usr/lib/gcc/x86_64-linux-gnu/11/:/usr/lib/gcc/x86_64-linux-gnu/:/usr/lib/gcc/x86_64-linux-gnu/11/:/usr/lib/gcc/x86_64-linux-gnu/
LIBRARY_PATH=/home/andreast/modules/flow/202309a/rpp-dune-amgcpr-branch/lib/../lib/:/home/andreast/modules/zoltan/202309a/12.16/lib/../lib/:/home/andreast/modules/dune/202309a/mod-2.7.1/lib/../lib/:/cm/shared/ex3-modules/202309a/milanq/pkgs/suitesparse-32-5.12.0/lib/../lib/:/cm/shared/ex3-modules/202309a/milanq/pkgs/mpfr-4.0.2/lib/../lib/:/cm/shared/ex3-modules/202309a/milanq/pkgs/gmp-6.1.2/lib/../lib/:/cm/shared/ex3-modules/202309a/milanq/pkgs/parmetis-32-4.0.3/lib/../lib/:/cm/shared/ex3-modules/202309a/milanq/pkgs/metis-32-5.1.0/lib/../lib/:/cm/shared/ex3-modules/202309a/milanq/pkgs/boost-1.73.0/lib/../lib/:/cm/shared/ex3-modules/202309a/milanq/pkgs/xz-5.2.7/lib/../lib/:/cm/shared/ex3-modules/202309a/milanq/pkgs/openblas-0.3.21/lib/../lib/:/cm/shared/ex3-modules/202309a/milanq/pkgs/openmpi-4.1.4/lib/../lib/:/cm/shared/ex3-modules/202309a/milanq/pkgs/util-linux-2.34/lib/../lib/:/cm/shared/ex3-modules/202309a/milanq/pkgs/libfabric-1.17.0/lib/../lib/:/cm/shared/ex3-modules/202309a/milanq/pkgs/ucx-1.12.1/lib/../lib/:/cm/shared/ex3-modules/202309a/milanq/pkgs/rdma-core-44.0/lib/../lib/:/cm/shared/ex3-modules/202309a/milanq/pkgs/libnl-3.2.25/lib/../lib/:/cm/shared/ex3-modules/202309a/milanq/pkgs/numactl-2.0.13/lib/../lib/:/cm/shared/ex3-modules/202309a/milanq/pkgs/libevent-2.1.12-stable/lib/../lib/:/cm/shared/ex3-modules/202309a/milanq/pkgs/knem-1.1.4/lib/../lib/:/cm/shared/ex3-modules/202309a/milanq/pkgs/hwloc-2.7.1/lib/../lib/:/cm/shared/ex3-modules/0.6.1/pkgs/fftw-3.3.8/lib/../lib/:/cm/shared/ex3-modules/0.6.1/pkgs/lapack-3.9.0/lib/../lib/:/cm/shared/ex3-modules/0.6.1/pkgs/openblas-0.3.12/lib/../lib/:/cm/shared/ex3-modules/0.6.1/pkgs/gcc-8.4.0/lib64/../lib/:/cm/shared/ex3-modules/0.6.1/pkgs/freetype-2.10.1/lib/../lib/:/cm/shared/ex3-modules/0.6.1/pkgs/libpng-1.6.37/lib/../lib/:/cm/shared/ex3-modules/0.6.1/pkgs/python-3.7.4/lib/../lib/:/cm/shared/ex3-modules/0.6.1/pkgs/sqlite-3.31.1/lib/../lib/:/cm/shared/ex3-modules/0.6.1/pkgs/libffi-3.2.1/lib/../lib/:/cm/shared/ex3-modules/0.6.1/pkgs/readline-8.0/lib/../lib/:/cm/shared/ex3-modules/0.6.1/pkgs/ncurses-6.1/lib/../lib/:/cm/shared/ex3-modules/0.6.1/pkgs/xz-5.2.5/lib/../lib/:/cm/shared/ex3-modules/0.6.1/pkgs/bzip2-1.0.8/lib/../lib/:/cm/shared/ex3-modules/0.6.1/pkgs/openssl-1.1.1c/lib/../lib/:/cm/shared/apps/slurm/current/lib64/../lib/:/usr/lib/gcc/x86_64-linux-gnu/11/:/usr/lib/gcc/x86_64-linux-gnu/11/../../../x86_64-linux-gnu/:/usr/lib/gcc/x86_64-linux-gnu/11/../../../../lib/:/lib/x86_64-linux-gnu/:/lib/../lib/:/usr/lib/x86_64-linux-gnu/:/usr/lib/../lib/:/home/andreast/modules/flow/202309a/rpp-dune-amgcpr-branch/lib/:/home/andreast/modules/zoltan/202309a/12.16/lib/:/home/andreast/modules/dune/202309a/mod-2.7.1/lib/:/cm/shared/ex3-modules/202309a/milanq/pkgs/suitesparse-32-5.12.0/lib/:/cm/shared/ex3-modules/202309a/milanq/pkgs/mpfr-4.0.2/lib/:/cm/shared/ex3-modules/202309a/milanq/pkgs/gmp-6.1.2/lib/:/cm/shared/ex3-modules/202309a/milanq/pkgs/parmetis-32-4.0.3/lib/:/cm/shared/ex3-modules/202309a/milanq/pkgs/metis-32-5.1.0/lib/:/cm/shared/ex3-modules/202309a/milanq/pkgs/boost-1.73.0/lib/:/cm/shared/ex3-modules/202309a/milanq/pkgs/xz-5.2.7/lib/:/cm/shared/ex3-modules/202309a/milanq/pkgs/openblas-0.3.21/lib/:/cm/shared/ex3-modules/202309a/milanq/pkgs/openmpi-4.1.4/lib/:/cm/shared/ex3-modules/202309a/milanq/pkgs/util-linux-2.34/lib/:/cm/shared/ex3-modules/202309a/milanq/pkgs/libfabric-1.17.0/lib/:/cm/shared/ex3-modules/202309a/milanq/pkgs/ucx-1.12.1/lib/:/cm/shared/ex3-modules/202309a/milanq/pkgs/rdma-core-44.0/lib/:/cm/shared/ex3-modules/202309a/milanq/pkgs/libnl-3.2.25/lib/:/cm/shared/ex3-modules/202309a/milanq/pkgs/numactl-2.0.13/lib/:/cm/shared/ex3-modules/202309a/milanq/pkgs/libevent-2.1.12-stable/lib/:/cm/shared/ex3-modules/202309a/milanq/pkgs/knem-1.1.4/lib/:/cm/shared/ex3-modules/202309a/milanq/pkgs/hwloc-2.7.1/lib/:/cm/shared/ex3-modules/0.6.1/pkgs/fftw-3.3.8/lib/:/cm/shared/ex3-modules/0.6.1/pkgs/lapack-3.9.0/lib/:/cm/shared/ex3-modules/0.6.1/pkgs/openblas-0.3.12/lib/:/cm/shared/ex3-modules/0.6.1/pkgs/gcc-8.4.0/lib64/:/cm/shared/ex3-modules/0.6.1/pkgs/freetype-2.10.1/lib/:/cm/shared/ex3-modules/0.6.1/pkgs/libpng-1.6.37/lib/:/cm/shared/ex3-modules/0.6.1/pkgs/python-3.7.4/lib/:/cm/shared/ex3-modules/0.6.1/pkgs/sqlite-3.31.1/lib/:/cm/shared/ex3-modules/0.6.1/pkgs/libffi-3.2.1/lib/:/cm/shared/ex3-modules/0.6.1/pkgs/readline-8.0/lib/:/cm/shared/ex3-modules/0.6.1/pkgs/ncurses-6.1/lib/:/cm/shared/ex3-modules/0.6.1/pkgs/xz-5.2.5/lib/:/cm/shared/ex3-modules/0.6.1/pkgs/bzip2-1.0.8/lib/:/cm/shared/ex3-modules/0.6.1/pkgs/openssl-1.1.1c/lib/:/cm/shared/apps/slurm/current/lib64/slurm/:/cm/shared/apps/slurm/current/lib64/:/usr/lib/gcc/x86_64-linux-gnu/11/../../../:/lib/:/usr/lib/
COLLECT_GCC_OPTIONS='-v' '-o' 'CMakeFiles/cmTC_65a3f.dir/CMakeCCompilerABI.c.o' '-c' '-mtune=generic' '-march=x86-64' '-dumpdir' 'CMakeFiles/cmTC_65a3f.dir/CMakeCCompilerABI.c.'
Linking C executable cmTC_65a3f
/cm/shared/ex3-modules/0.6.1/pkgs/cmake-3.17.2/bin/cmake -E cmake_link_script CMakeFiles/cmTC_65a3f.dir/link.txt --verbose=1
/usr/bin/cc     -v -rdynamic CMakeFiles/cmTC_65a3f.dir/CMakeCCompilerABI.c.o  -o cmTC_65a3f 
Using built-in specs.
COLLECT_GCC=/usr/bin/cc
COLLECT_LTO_WRAPPER=/usr/lib/gcc/x86_64-linux-gnu/11/lto-wrapper
OFFLOAD_TARGET_NAMES=nvptx-none:amdgcn-amdhsa
OFFLOAD_TARGET_DEFAULT=1
Target: x86_64-linux-gnu
Configured with: ../src/configure -v --with-pkgversion='Ubuntu 11.4.0-1ubuntu1~22.04' --with-bugurl=file:///usr/share/doc/gcc-11/README.Bugs --enable-languages=c,ada,c++,go,brig,d,fortran,objc,obj-c++,m2 --prefix=/usr --with-gcc-major-version-only --program-suffix=-11 --program-prefix=x86_64-linux-gnu- --enable-shared --enable-linker-build-id --libexecdir=/usr/lib --without-included-gettext --enable-threads=posix --libdir=/usr/lib --enable-nls --enable-bootstrap --enable-clocale=gnu --enable-libstdcxx-debug --enable-libstdcxx-time=yes --with-default-libstdcxx-abi=new --enable-gnu-unique-object --disable-vtable-verify --enable-plugin --enable-default-pie --with-system-zlib --enable-libphobos-checking=release --with-target-system-zlib=auto --enable-objc-gc=auto --enable-multiarch --disable-werror --enable-cet --with-arch-32=i686 --with-abi=m64 --with-multilib-list=m32,m64,mx32 --enable-multilib --with-tune=generic --enable-offload-targets=nvptx-none=/build/gcc-11-XeT9lY/gcc-11-11.4.0/debian/tmp-nvptx/usr,amdgcn-amdhsa=/build/gcc-11-XeT9lY/gcc-11-11.4.0/debian/tmp-gcn/usr --without-cuda-driver --enable-checking=release --build=x86_64-linux-gnu --host=x86_64-linux-gnu --target=x86_64-linux-gnu --with-build-config=bootstrap-lto-lean --enable-link-serialization=2
Thread model: posix
Supported LTO compression algorithms: zlib zstd
gcc version 11.4.0 (Ubuntu 11.4.0-1ubuntu1~22.04) 
COMPILER_PATH=/usr/lib/gcc/x86_64-linux-gnu/11/:/usr/lib/gcc/x86_64-linux-gnu/11/:/usr/lib/gcc/x86_64-linux-gnu/:/usr/lib/gcc/x86_64-linux-gnu/11/:/usr/lib/gcc/x86_64-linux-gnu/
LIBRARY_PATH=/home/andreast/modules/flow/202309a/rpp-dune-amgcpr-branch/lib/../lib/:/home/andreast/modules/zoltan/202309a/12.16/lib/../lib/:/home/andreast/modules/dune/202309a/mod-2.7.1/lib/../lib/:/cm/shared/ex3-modules/202309a/milanq/pkgs/suitesparse-32-5.12.0/lib/../lib/:/cm/shared/ex3-modules/202309a/milanq/pkgs/mpfr-4.0.2/lib/../lib/:/cm/shared/ex3-modules/202309a/milanq/pkgs/gmp-6.1.2/lib/../lib/:/cm/shared/ex3-modules/202309a/milanq/pkgs/parmetis-32-4.0.3/lib/../lib/:/cm/shared/ex3-modules/202309a/milanq/pkgs/metis-32-5.1.0/lib/../lib/:/cm/shared/ex3-modules/202309a/milanq/pkgs/boost-1.73.0/lib/../lib/:/cm/shared/ex3-modules/202309a/milanq/pkgs/xz-5.2.7/lib/../lib/:/cm/shared/ex3-modules/202309a/milanq/pkgs/openblas-0.3.21/lib/../lib/:/cm/shared/ex3-modules/202309a/milanq/pkgs/openmpi-4.1.4/lib/../lib/:/cm/shared/ex3-modules/202309a/milanq/pkgs/util-linux-2.34/lib/../lib/:/cm/shared/ex3-modules/202309a/milanq/pkgs/libfabric-1.17.0/lib/../lib/:/cm/shared/ex3-modules/202309a/milanq/pkgs/ucx-1.12.1/lib/../lib/:/cm/shared/ex3-modules/202309a/milanq/pkgs/rdma-core-44.0/lib/../lib/:/cm/shared/ex3-modules/202309a/milanq/pkgs/libnl-3.2.25/lib/../lib/:/cm/shared/ex3-modules/202309a/milanq/pkgs/numactl-2.0.13/lib/../lib/:/cm/shared/ex3-modules/202309a/milanq/pkgs/libevent-2.1.12-stable/lib/../lib/:/cm/shared/ex3-modules/202309a/milanq/pkgs/knem-1.1.4/lib/../lib/:/cm/shared/ex3-modules/202309a/milanq/pkgs/hwloc-2.7.1/lib/../lib/:/cm/shared/ex3-modules/0.6.1/pkgs/fftw-3.3.8/lib/../lib/:/cm/shared/ex3-modules/0.6.1/pkgs/lapack-3.9.0/lib/../lib/:/cm/shared/ex3-modules/0.6.1/pkgs/openblas-0.3.12/lib/../lib/:/cm/shared/ex3-modules/0.6.1/pkgs/gcc-8.4.0/lib64/../lib/:/cm/shared/ex3-modules/0.6.1/pkgs/freetype-2.10.1/lib/../lib/:/cm/shared/ex3-modules/0.6.1/pkgs/libpng-1.6.37/lib/../lib/:/cm/shared/ex3-modules/0.6.1/pkgs/python-3.7.4/lib/../lib/:/cm/shared/ex3-modules/0.6.1/pkgs/sqlite-3.31.1/lib/../lib/:/cm/shared/ex3-modules/0.6.1/pkgs/libffi-3.2.1/lib/../lib/:/cm/shared/ex3-modules/0.6.1/pkgs/readline-8.0/lib/../lib/:/cm/shared/ex3-modules/0.6.1/pkgs/ncurses-6.1/lib/../lib/:/cm/shared/ex3-modules/0.6.1/pkgs/xz-5.2.5/lib/../lib/:/cm/shared/ex3-modules/0.6.1/pkgs/bzip2-1.0.8/lib/../lib/:/cm/shared/ex3-modules/0.6.1/pkgs/openssl-1.1.1c/lib/../lib/:/cm/shared/apps/slurm/current/lib64/../lib/:/usr/lib/gcc/x86_64-linux-gnu/11/:/usr/lib/gcc/x86_64-linux-gnu/11/../../../x86_64-linux-gnu/:/usr/lib/gcc/x86_64-linux-gnu/11/../../../../lib/:/lib/x86_64-linux-gnu/:/lib/../lib/:/usr/lib/x86_64-linux-gnu/:/usr/lib/../lib/:/home/andreast/modules/flow/202309a/rpp-dune-amgcpr-branch/lib/:/home/andreast/modules/zoltan/202309a/12.16/lib/:/home/andreast/modules/dune/202309a/mod-2.7.1/lib/:/cm/shared/ex3-modules/202309a/milanq/pkgs/suitesparse-32-5.12.0/lib/:/cm/shared/ex3-modules/202309a/milanq/pkgs/mpfr-4.0.2/lib/:/cm/shared/ex3-modules/202309a/milanq/pkgs/gmp-6.1.2/lib/:/cm/shared/ex3-modules/202309a/milanq/pkgs/parmetis-32-4.0.3/lib/:/cm/shared/ex3-modules/202309a/milanq/pkgs/metis-32-5.1.0/lib/:/cm/shared/ex3-modules/202309a/milanq/pkgs/boost-1.73.0/lib/:/cm/shared/ex3-modules/202309a/milanq/pkgs/xz-5.2.7/lib/:/cm/shared/ex3-modules/202309a/milanq/pkgs/openblas-0.3.21/lib/:/cm/shared/ex3-modules/202309a/milanq/pkgs/openmpi-4.1.4/lib/:/cm/shared/ex3-modules/202309a/milanq/pkgs/util-linux-2.34/lib/:/cm/shared/ex3-modules/202309a/milanq/pkgs/libfabric-1.17.0/lib/:/cm/shared/ex3-modules/202309a/milanq/pkgs/ucx-1.12.1/lib/:/cm/shared/ex3-modules/202309a/milanq/pkgs/rdma-core-44.0/lib/:/cm/shared/ex3-modules/202309a/milanq/pkgs/libnl-3.2.25/lib/:/cm/shared/ex3-modules/202309a/milanq/pkgs/numactl-2.0.13/lib/:/cm/shared/ex3-modules/202309a/milanq/pkgs/libevent-2.1.12-stable/lib/:/cm/shared/ex3-modules/202309a/milanq/pkgs/knem-1.1.4/lib/:/cm/shared/ex3-modules/202309a/milanq/pkgs/hwloc-2.7.1/lib/:/cm/shared/ex3-modules/0.6.1/pkgs/fftw-3.3.8/lib/:/cm/shared/ex3-modules/0.6.1/pkgs/lapack-3.9.0/lib/:/cm/shared/ex3-modules/0.6.1/pkgs/openblas-0.3.12/lib/:/cm/shared/ex3-modules/0.6.1/pkgs/gcc-8.4.0/lib64/:/cm/shared/ex3-modules/0.6.1/pkgs/freetype-2.10.1/lib/:/cm/shared/ex3-modules/0.6.1/pkgs/libpng-1.6.37/lib/:/cm/shared/ex3-modules/0.6.1/pkgs/python-3.7.4/lib/:/cm/shared/ex3-modules/0.6.1/pkgs/sqlite-3.31.1/lib/:/cm/shared/ex3-modules/0.6.1/pkgs/libffi-3.2.1/lib/:/cm/shared/ex3-modules/0.6.1/pkgs/readline-8.0/lib/:/cm/shared/ex3-modules/0.6.1/pkgs/ncurses-6.1/lib/:/cm/shared/ex3-modules/0.6.1/pkgs/xz-5.2.5/lib/:/cm/shared/ex3-modules/0.6.1/pkgs/bzip2-1.0.8/lib/:/cm/shared/ex3-modules/0.6.1/pkgs/openssl-1.1.1c/lib/:/cm/shared/apps/slurm/current/lib64/slurm/:/cm/shared/apps/slurm/current/lib64/:/usr/lib/gcc/x86_64-linux-gnu/11/../../../:/lib/:/usr/lib/
COLLECT_GCC_OPTIONS='-v' '-rdynamic' '-o' 'cmTC_65a3f' '-mtune=generic' '-march=x86-64' '-dumpdir' 'cmTC_65a3f.'
 /usr/lib/gcc/x86_64-linux-gnu/11/collect2 -plugin /usr/lib/gcc/x86_64-linux-gnu/11/liblto_plugin.so -plugin-opt=/usr/lib/gcc/x86_64-linux-gnu/11/lto-wrapper -plugin-opt=-fresolution=/tmp/ccmDmFna.res -plugin-opt=-pass-through=-lgcc -plugin-opt=-pass-through=-lgcc_s -plugin-opt=-pass-through=-lc -plugin-opt=-pass-through=-lgcc -plugin-opt=-pass-through=-lgcc_s --build-id --eh-frame-hdr -m elf_x86_64 --hash-style=gnu --as-needed -export-dynamic -dynamic-linker /lib64/ld-linux-x86-64.so.2 -pie -z now -z relro -o cmTC_65a3f /usr/lib/gcc/x86_64-linux-gnu/11/../../../x86_64-linux-gnu/Scrt1.o /usr/lib/gcc/x86_64-linux-gnu/11/../../../x86_64-linux-gnu/crti.o /usr/lib/gcc/x86_64-linux-gnu/11/crtbeginS.o -L/home/andreast/modules/flow/202309a/rpp-dune-amgcpr-branch/lib/../lib -L/home/andreast/modules/zoltan/202309a/12.16/lib/../lib -L/home/andreast/modules/dune/202309a/mod-2.7.1/lib/../lib -L/cm/shared/ex3-modules/202309a/milanq/pkgs/suitesparse-32-5.12.0/lib/../lib -L/cm/shared/ex3-modules/202309a/milanq/pkgs/mpfr-4.0.2/lib/../lib -L/cm/shared/ex3-modules/202309a/milanq/pkgs/gmp-6.1.2/lib/../lib -L/cm/shared/ex3-modules/202309a/milanq/pkgs/parmetis-32-4.0.3/lib/../lib -L/cm/shared/ex3-modules/202309a/milanq/pkgs/metis-32-5.1.0/lib/../lib -L/cm/shared/ex3-modules/202309a/milanq/pkgs/boost-1.73.0/lib/../lib -L/cm/shared/ex3-modules/202309a/milanq/pkgs/xz-5.2.7/lib/../lib -L/cm/shared/ex3-modules/202309a/milanq/pkgs/openblas-0.3.21/lib/../lib -L/cm/shared/ex3-modules/202309a/milanq/pkgs/openmpi-4.1.4/lib/../lib -L/cm/shared/ex3-modules/202309a/milanq/pkgs/util-linux-2.34/lib/../lib -L/cm/shared/ex3-modules/202309a/milanq/pkgs/libfabric-1.17.0/lib/../lib -L/cm/shared/ex3-modules/202309a/milanq/pkgs/ucx-1.12.1/lib/../lib -L/cm/shared/ex3-modules/202309a/milanq/pkgs/rdma-core-44.0/lib/../lib -L/cm/shared/ex3-modules/202309a/milanq/pkgs/libnl-3.2.25/lib/../lib -L/cm/shared/ex3-modules/202309a/milanq/pkgs/numactl-2.0.13/lib/../lib -L/cm/shared/ex3-modules/202309a/milanq/pkgs/libevent-2.1.12-stable/lib/../lib -L/cm/shared/ex3-modules/202309a/milanq/pkgs/knem-1.1.4/lib/../lib -L/cm/shared/ex3-modules/202309a/milanq/pkgs/hwloc-2.7.1/lib/../lib -L/cm/shared/ex3-modules/0.6.1/pkgs/fftw-3.3.8/lib/../lib -L/cm/shared/ex3-modules/0.6.1/pkgs/lapack-3.9.0/lib/../lib -L/cm/shared/ex3-modules/0.6.1/pkgs/openblas-0.3.12/lib/../lib -L/cm/shared/ex3-modules/0.6.1/pkgs/gcc-8.4.0/lib64/../lib -L/cm/shared/ex3-modules/0.6.1/pkgs/freetype-2.10.1/lib/../lib -L/cm/shared/ex3-modules/0.6.1/pkgs/libpng-1.6.37/lib/../lib -L/cm/shared/ex3-modules/0.6.1/pkgs/python-3.7.4/lib/../lib -L/cm/shared/ex3-modules/0.6.1/pkgs/sqlite-3.31.1/lib/../lib -L/cm/shared/ex3-modules/0.6.1/pkgs/libffi-3.2.1/lib/../lib -L/cm/shared/ex3-modules/0.6.1/pkgs/readline-8.0/lib/../lib -L/cm/shared/ex3-modules/0.6.1/pkgs/ncurses-6.1/lib/../lib -L/cm/shared/ex3-modules/0.6.1/pkgs/xz-5.2.5/lib/../lib -L/cm/shared/ex3-modules/0.6.1/pkgs/bzip2-1.0.8/lib/../lib -L/cm/shared/ex3-modules/0.6.1/pkgs/openssl-1.1.1c/lib/../lib -L/cm/shared/apps/slurm/current/lib64/../lib -L/usr/lib/gcc/x86_64-linux-gnu/11 -L/usr/lib/gcc/x86_64-linux-gnu/11/../../../x86_64-linux-gnu -L/usr/lib/gcc/x86_64-linux-gnu/11/../../../../lib -L/lib/x86_64-linux-gnu -L/lib/../lib -L/usr/lib/x86_64-linux-gnu -L/usr/lib/../lib -L/home/andreast/modules/flow/202309a/rpp-dune-amgcpr-branch/lib -L/home/andreast/modules/zoltan/202309a/12.16/lib -L/home/andreast/modules/dune/202309a/mod-2.7.1/lib -L/cm/shared/ex3-modules/202309a/milanq/pkgs/suitesparse-32-5.12.0/lib -L/cm/shared/ex3-modules/202309a/milanq/pkgs/mpfr-4.0.2/lib -L/cm/shared/ex3-modules/202309a/milanq/pkgs/gmp-6.1.2/lib -L/cm/shared/ex3-modules/202309a/milanq/pkgs/parmetis-32-4.0.3/lib -L/cm/shared/ex3-modules/202309a/milanq/pkgs/metis-32-5.1.0/lib -L/cm/shared/ex3-modules/202309a/milanq/pkgs/boost-1.73.0/lib -L/cm/shared/ex3-modules/202309a/milanq/pkgs/xz-5.2.7/lib -L/cm/shared/ex3-modules/202309a/milanq/pkgs/openblas-0.3.21/lib -L/cm/shared/ex3-modules/202309a/milanq/pkgs/openmpi-4.1.4/lib -L/cm/shared/ex3-modules/202309a/milanq/pkgs/util-linux-2.34/lib -L/cm/shared/ex3-modules/202309a/milanq/pkgs/libfabric-1.17.0/lib -L/cm/shared/ex3-modules/202309a/milanq/pkgs/ucx-1.12.1/lib -L/cm/shared/ex3-modules/202309a/milanq/pkgs/rdma-core-44.0/lib -L/cm/shared/ex3-modules/202309a/milanq/pkgs/libnl-3.2.25/lib -L/cm/shared/ex3-modules/202309a/milanq/pkgs/numactl-2.0.13/lib -L/cm/shared/ex3-modules/202309a/milanq/pkgs/libevent-2.1.12-stable/lib -L/cm/shared/ex3-modules/202309a/milanq/pkgs/knem-1.1.4/lib -L/cm/shared/ex3-modules/202309a/milanq/pkgs/hwloc-2.7.1/lib -L/cm/shared/ex3-modules/0.6.1/pkgs/fftw-3.3.8/lib -L/cm/shared/ex3-modules/0.6.1/pkgs/lapack-3.9.0/lib -L/cm/shared/ex3-modules/0.6.1/pkgs/openblas-0.3.12/lib -L/cm/shared/ex3-modules/0.6.1/pkgs/gcc-8.4.0/lib64 -L/cm/shared/ex3-modules/0.6.1/pkgs/freetype-2.10.1/lib -L/cm/shared/ex3-modules/0.6.1/pkgs/libpng-1.6.37/lib -L/cm/shared/ex3-modules/0.6.1/pkgs/python-3.7.4/lib -L/cm/shared/ex3-modules/0.6.1/pkgs/sqlite-3.31.1/lib -L/cm/shared/ex3-modules/0.6.1/pkgs/libffi-3.2.1/lib -L/cm/shared/ex3-modules/0.6.1/pkgs/readline-8.0/lib -L/cm/shared/ex3-modules/0.6.1/pkgs/ncurses-6.1/lib -L/cm/shared/ex3-modules/0.6.1/pkgs/xz-5.2.5/lib -L/cm/shared/ex3-modules/0.6.1/pkgs/bzip2-1.0.8/lib -L/cm/shared/ex3-modules/0.6.1/pkgs/openssl-1.1.1c/lib -L/cm/shared/apps/slurm/current/lib64/slurm -L/cm/shared/apps/slurm/current/lib64 -L/usr/lib/gcc/x86_64-linux-gnu/11/../../.. CMakeFiles/cmTC_65a3f.dir/CMakeCCompilerABI.c.o -lgcc --push-state --as-needed -lgcc_s --pop-state -lc -lgcc --push-state --as-needed -lgcc_s --pop-state /usr/lib/gcc/x86_64-linux-gnu/11/crtendS.o /usr/lib/gcc/x86_64-linux-gnu/11/../../../x86_64-linux-gnu/crtn.o
COLLECT_GCC_OPTIONS='-v' '-rdynamic' '-o' 'cmTC_65a3f' '-mtune=generic' '-march=x86-64' '-dumpdir' 'cmTC_65a3f.'
gmake[1]: Leaving directory '/home/erikhs/MatrixProblems/build_x86_64/CMakeFiles/CMakeTmp'



Parsed C implicit include dir info from above output: rv=done
  found start of include info
  found start of implicit include info
    add: [/cm/shared/apps/slurm/current/include]
    add: [/home/andreast/modules/flow/202309a/rpp-dune-amgcpr-branch/include]
    add: [/home/andreast/modules/zoltan/202309a/12.16/include]
    add: [/home/andreast/modules/dune/202309a/mod-2.7.1/include]
    add: [/cm/shared/ex3-modules/202309a/milanq/pkgs/suitesparse-32-5.12.0/include]
    add: [/cm/shared/ex3-modules/202309a/milanq/pkgs/mpfr-4.0.2/include]
    add: [/cm/shared/ex3-modules/202309a/milanq/pkgs/gmp-6.1.2/include]
    add: [/cm/shared/ex3-modules/202309a/milanq/pkgs/parmetis-32-4.0.3/include]
    add: [/cm/shared/ex3-modules/202309a/milanq/pkgs/metis-32-5.1.0/include]
    add: [/cm/shared/ex3-modules/202309a/milanq/pkgs/boost-1.73.0/include]
    add: [/cm/shared/ex3-modules/202309a/milanq/pkgs/xz-5.2.7/include]
    add: [/cm/shared/ex3-modules/202309a/milanq/pkgs/openblas-0.3.21/include]
    add: [/cm/shared/ex3-modules/202309a/milanq/pkgs/openmpi-4.1.4/include]
    add: [/cm/shared/ex3-modules/202309a/milanq/pkgs/util-linux-2.34/include]
    add: [/cm/shared/ex3-modules/202309a/milanq/pkgs/libfabric-1.17.0/include]
    add: [/cm/shared/ex3-modules/202309a/milanq/pkgs/ucx-1.12.1/include]
    add: [/cm/shared/ex3-modules/202309a/milanq/pkgs/rdma-core-44.0/include]
    add: [/cm/shared/ex3-modules/202309a/milanq/pkgs/libnl-3.2.25/include/libnl3]
    add: [/cm/shared/ex3-modules/202309a/milanq/pkgs/numactl-2.0.13/include]
    add: [/cm/shared/ex3-modules/202309a/milanq/pkgs/libevent-2.1.12-stable/include]
    add: [/cm/shared/ex3-modules/202309a/milanq/pkgs/knem-1.1.4/include]
    add: [/cm/shared/ex3-modules/202309a/milanq/pkgs/hwloc-2.7.1/include]
    add: [/cm/shared/ex3-modules/0.6.1/pkgs/fftw-3.3.8/include]
    add: [/cm/shared/ex3-modules/0.6.1/pkgs/lapack-3.9.0/include]
    add: [/cm/shared/ex3-modules/0.6.1/pkgs/openblas-0.3.12/include]
    add: [/cm/shared/ex3-modules/0.6.1/pkgs/freetype-2.10.1/include]
    add: [/cm/shared/ex3-modules/0.6.1/pkgs/libpng-1.6.37/include]
    add: [/cm/shared/ex3-modules/0.6.1/pkgs/python-3.7.4/include/python3.7m]
    add: [/cm/shared/ex3-modules/0.6.1/pkgs/sqlite-3.31.1/include]
    add: [/cm/shared/ex3-modules/0.6.1/pkgs/libffi-3.2.1/include]
    add: [/cm/shared/ex3-modules/0.6.1/pkgs/readline-8.0/include]
    add: [/cm/shared/ex3-modules/0.6.1/pkgs/ncurses-6.1/include]
    add: [/cm/shared/ex3-modules/0.6.1/pkgs/xz-5.2.5/include]
    add: [/cm/shared/ex3-modules/0.6.1/pkgs/bzip2-1.0.8/include]
    add: [/cm/shared/ex3-modules/0.6.1/pkgs/openssl-1.1.1c/include]
    add: [/usr/lib/gcc/x86_64-linux-gnu/11/include]
    add: [/usr/local/include]
    add: [/usr/include/x86_64-linux-gnu]
    add: [/usr/include]
  end of search list found
  collapse include dir [/cm/shared/apps/slurm/current/include] ==> [/cm/shared/apps/slurm/current/include]
  collapse include dir [/home/andreast/modules/flow/202309a/rpp-dune-amgcpr-branch/include] ==> [/home/andreast/modules/flow/202309a/rpp-dune-amgcpr-branch/include]
  collapse include dir [/home/andreast/modules/zoltan/202309a/12.16/include] ==> [/home/andreast/modules/zoltan/202309a/12.16/include]
  collapse include dir [/home/andreast/modules/dune/202309a/mod-2.7.1/include] ==> [/home/andreast/modules/dune/202309a/mod-2.7.1/include]
  collapse include dir [/cm/shared/ex3-modules/202309a/milanq/pkgs/suitesparse-32-5.12.0/include] ==> [/cm/shared/ex3-modules/202309a/milanq/pkgs/suitesparse-32-5.12.0/include]
  collapse include dir [/cm/shared/ex3-modules/202309a/milanq/pkgs/mpfr-4.0.2/include] ==> [/cm/shared/ex3-modules/202309a/milanq/pkgs/mpfr-4.0.2/include]
  collapse include dir [/cm/shared/ex3-modules/202309a/milanq/pkgs/gmp-6.1.2/include] ==> [/cm/shared/ex3-modules/202309a/milanq/pkgs/gmp-6.1.2/include]
  collapse include dir [/cm/shared/ex3-modules/202309a/milanq/pkgs/parmetis-32-4.0.3/include] ==> [/cm/shared/ex3-modules/202309a/milanq/pkgs/parmetis-32-4.0.3/include]
  collapse include dir [/cm/shared/ex3-modules/202309a/milanq/pkgs/metis-32-5.1.0/include] ==> [/cm/shared/ex3-modules/202309a/milanq/pkgs/metis-32-5.1.0/include]
  collapse include dir [/cm/shared/ex3-modules/202309a/milanq/pkgs/boost-1.73.0/include] ==> [/cm/shared/ex3-modules/202309a/milanq/pkgs/boost-1.73.0/include]
  collapse include dir [/cm/shared/ex3-modules/202309a/milanq/pkgs/xz-5.2.7/include] ==> [/cm/shared/ex3-modules/202309a/milanq/pkgs/xz-5.2.7/include]
  collapse include dir [/cm/shared/ex3-modules/202309a/milanq/pkgs/openblas-0.3.21/include] ==> [/cm/shared/ex3-modules/202309a/milanq/pkgs/openblas-0.3.21/include]
  collapse include dir [/cm/shared/ex3-modules/202309a/milanq/pkgs/openmpi-4.1.4/include] ==> [/cm/shared/ex3-modules/202309a/milanq/pkgs/openmpi-4.1.4/include]
  collapse include dir [/cm/shared/ex3-modules/202309a/milanq/pkgs/util-linux-2.34/include] ==> [/cm/shared/ex3-modules/202309a/milanq/pkgs/util-linux-2.34/include]
  collapse include dir [/cm/shared/ex3-modules/202309a/milanq/pkgs/libfabric-1.17.0/include] ==> [/cm/shared/ex3-modules/202309a/milanq/pkgs/libfabric-1.17.0/include]
  collapse include dir [/cm/shared/ex3-modules/202309a/milanq/pkgs/ucx-1.12.1/include] ==> [/cm/shared/ex3-modules/202309a/milanq/pkgs/ucx-1.12.1/include]
  collapse include dir [/cm/shared/ex3-modules/202309a/milanq/pkgs/rdma-core-44.0/include] ==> [/cm/shared/ex3-modules/202309a/milanq/pkgs/rdma-core-44.0/include]
  collapse include dir [/cm/shared/ex3-modules/202309a/milanq/pkgs/libnl-3.2.25/include/libnl3] ==> [/cm/shared/ex3-modules/202309a/milanq/pkgs/libnl-3.2.25/include/libnl3]
  collapse include dir [/cm/shared/ex3-modules/202309a/milanq/pkgs/numactl-2.0.13/include] ==> [/cm/shared/ex3-modules/202309a/milanq/pkgs/numactl-2.0.13/include]
  collapse include dir [/cm/shared/ex3-modules/202309a/milanq/pkgs/libevent-2.1.12-stable/include] ==> [/cm/shared/ex3-modules/202309a/milanq/pkgs/libevent-2.1.12-stable/include]
  collapse include dir [/cm/shared/ex3-modules/202309a/milanq/pkgs/knem-1.1.4/include] ==> [/cm/shared/ex3-modules/202309a/milanq/pkgs/knem-1.1.4/include]
  collapse include dir [/cm/shared/ex3-modules/202309a/milanq/pkgs/hwloc-2.7.1/include] ==> [/cm/shared/ex3-modules/202309a/milanq/pkgs/hwloc-2.7.1/include]
  collapse include dir [/cm/shared/ex3-modules/0.6.1/pkgs/fftw-3.3.8/include] ==> [/cm/shared/ex3-modules/0.6.1/pkgs/fftw-3.3.8/include]
  collapse include dir [/cm/shared/ex3-modules/0.6.1/pkgs/lapack-3.9.0/include] ==> [/cm/shared/ex3-modules/0.6.1/pkgs/lapack-3.9.0/include]
  collapse include dir [/cm/shared/ex3-modules/0.6.1/pkgs/openblas-0.3.12/include] ==> [/cm/shared/ex3-modules/0.6.1/pkgs/openblas-0.3.12/include]
  collapse include dir [/cm/shared/ex3-modules/0.6.1/pkgs/freetype-2.10.1/include] ==> [/cm/shared/ex3-modules/0.6.1/pkgs/freetype-2.10.1/include]
  collapse include dir [/cm/shared/ex3-modules/0.6.1/pkgs/libpng-1.6.37/include] ==> [/cm/shared/ex3-modules/0.6.1/pkgs/libpng-1.6.37/include]
  collapse include dir [/cm/shared/ex3-modules/0.6.1/pkgs/python-3.7.4/include/python3.7m] ==> [/cm/shared/ex3-modules/0.6.1/pkgs/python-3.7.4/include/python3.7m]
  collapse include dir [/cm/shared/ex3-modules/0.6.1/pkgs/sqlite-3.31.1/include] ==> [/cm/shared/ex3-modules/0.6.1/pkgs/sqlite-3.31.1/include]
  collapse include dir [/cm/shared/ex3-modules/0.6.1/pkgs/libffi-3.2.1/include] ==> [/cm/shared/ex3-modules/0.6.1/pkgs/libffi-3.2.1/include]
  collapse include dir [/cm/shared/ex3-modules/0.6.1/pkgs/readline-8.0/include] ==> [/cm/shared/ex3-modules/0.6.1/pkgs/readline-8.0/include]
  collapse include dir [/cm/shared/ex3-modules/0.6.1/pkgs/ncurses-6.1/include] ==> [/cm/shared/ex3-modules/0.6.1/pkgs/ncurses-6.1/include]
  collapse include dir [/cm/shared/ex3-modules/0.6.1/pkgs/xz-5.2.5/include] ==> [/cm/shared/ex3-modules/0.6.1/pkgs/xz-5.2.5/include]
  collapse include dir [/cm/shared/ex3-modules/0.6.1/pkgs/bzip2-1.0.8/include] ==> [/cm/shared/ex3-modules/0.6.1/pkgs/bzip2-1.0.8/include]
  collapse include dir [/cm/shared/ex3-modules/0.6.1/pkgs/openssl-1.1.1c/include] ==> [/cm/shared/ex3-modules/0.6.1/pkgs/openssl-1.1.1c/include]
  collapse include dir [/usr/lib/gcc/x86_64-linux-gnu/11/include] ==> [/usr/lib/gcc/x86_64-linux-gnu/11/include]
  collapse include dir [/usr/local/include] ==> [/usr/local/include]
  collapse include dir [/usr/include/x86_64-linux-gnu] ==> [/usr/include/x86_64-linux-gnu]
  collapse include dir [/usr/include] ==> [/usr/include]
  implicit include dirs: [/cm/shared/apps/slurm/current/include;/home/andreast/modules/flow/202309a/rpp-dune-amgcpr-branch/include;/home/andreast/modules/zoltan/202309a/12.16/include;/home/andreast/modules/dune/202309a/mod-2.7.1/include;/cm/shared/ex3-modules/202309a/milanq/pkgs/suitesparse-32-5.12.0/include;/cm/shared/ex3-modules/202309a/milanq/pkgs/mpfr-4.0.2/include;/cm/shared/ex3-modules/202309a/milanq/pkgs/gmp-6.1.2/include;/cm/shared/ex3-modules/202309a/milanq/pkgs/parmetis-32-4.0.3/include;/cm/shared/ex3-modules/202309a/milanq/pkgs/metis-32-5.1.0/include;/cm/shared/ex3-modules/202309a/milanq/pkgs/boost-1.73.0/include;/cm/shared/ex3-modules/202309a/milanq/pkgs/xz-5.2.7/include;/cm/shared/ex3-modules/202309a/milanq/pkgs/openblas-0.3.21/include;/cm/shared/ex3-modules/202309a/milanq/pkgs/openmpi-4.1.4/include;/cm/shared/ex3-modules/202309a/milanq/pkgs/util-linux-2.34/include;/cm/shared/ex3-modules/202309a/milanq/pkgs/libfabric-1.17.0/include;/cm/shared/ex3-modules/202309a/milanq/pkgs/ucx-1.12.1/include;/cm/shared/ex3-modules/202309a/milanq/pkgs/rdma-core-44.0/include;/cm/shared/ex3-modules/202309a/milanq/pkgs/libnl-3.2.25/include/libnl3;/cm/shared/ex3-modules/202309a/milanq/pkgs/numactl-2.0.13/include;/cm/shared/ex3-modules/202309a/milanq/pkgs/libevent-2.1.12-stable/include;/cm/shared/ex3-modules/202309a/milanq/pkgs/knem-1.1.4/include;/cm/shared/ex3-modules/202309a/milanq/pkgs/hwloc-2.7.1/include;/cm/shared/ex3-modules/0.6.1/pkgs/fftw-3.3.8/include;/cm/shared/ex3-modules/0.6.1/pkgs/lapack-3.9.0/include;/cm/shared/ex3-modules/0.6.1/pkgs/openblas-0.3.12/include;/cm/shared/ex3-modules/0.6.1/pkgs/freetype-2.10.1/include;/cm/shared/ex3-modules/0.6.1/pkgs/libpng-1.6.37/include;/cm/shared/ex3-modules/0.6.1/pkgs/python-3.7.4/include/python3.7m;/cm/shared/ex3-modules/0.6.1/pkgs/sqlite-3.31.1/include;/cm/shared/ex3-modules/0.6.1/pkgs/libffi-3.2.1/include;/cm/shared/ex3-modules/0.6.1/pkgs/readline-8.0/include;/cm/shared/ex3-modules/0.6.1/pkgs/ncurses-6.1/include;/cm/shared/ex3-modules/0.6.1/pkgs/xz-5.2.5/include;/cm/shared/ex3-modules/0.6.1/pkgs/bzip2-1.0.8/include;/cm/shared/ex3-modules/0.6.1/pkgs/openssl-1.1.1c/include;/usr/lib/gcc/x86_64-linux-gnu/11/include;/usr/local/include;/usr/include/x86_64-linux-gnu;/usr/include]


Parsed C implicit link information from above output:
  link line regex: [^( *|.*[/\])(ld|CMAKE_LINK_STARTFILE-NOTFOUND|([^/\]+-)?ld|collect2)[^/\]*( |$)]
  ignore line: [Change Dir: /home/erikhs/MatrixProblems/build_x86_64/CMakeFiles/CMakeTmp]
  ignore line: []
  ignore line: [Run Build Command(s):/usr/bin/gmake cmTC_65a3f/fast && /usr/bin/gmake  -f CMakeFiles/cmTC_65a3f.dir/build.make CMakeFiles/cmTC_65a3f.dir/build]
  ignore line: [gmake[1]: Entering directory '/home/erikhs/MatrixProblems/build_x86_64/CMakeFiles/CMakeTmp']
  ignore line: [Building C object CMakeFiles/cmTC_65a3f.dir/CMakeCCompilerABI.c.o]
  ignore line: [/usr/bin/cc   -v -o CMakeFiles/cmTC_65a3f.dir/CMakeCCompilerABI.c.o   -c /cm/shared/ex3-modules/0.6.1/pkgs/cmake-3.17.2/share/cmake-3.17/Modules/CMakeCCompilerABI.c]
  ignore line: [Using built-in specs.]
  ignore line: [COLLECT_GCC=/usr/bin/cc]
  ignore line: [OFFLOAD_TARGET_NAMES=nvptx-none:amdgcn-amdhsa]
  ignore line: [OFFLOAD_TARGET_DEFAULT=1]
  ignore line: [Target: x86_64-linux-gnu]
  ignore line: [Configured with: ../src/configure -v --with-pkgversion='Ubuntu 11.4.0-1ubuntu1~22.04' --with-bugurl=file:///usr/share/doc/gcc-11/README.Bugs --enable-languages=c ada c++ go brig d fortran objc obj-c++ m2 --prefix=/usr --with-gcc-major-version-only --program-suffix=-11 --program-prefix=x86_64-linux-gnu- --enable-shared --enable-linker-build-id --libexecdir=/usr/lib --without-included-gettext --enable-threads=posix --libdir=/usr/lib --enable-nls --enable-bootstrap --enable-clocale=gnu --enable-libstdcxx-debug --enable-libstdcxx-time=yes --with-default-libstdcxx-abi=new --enable-gnu-unique-object --disable-vtable-verify --enable-plugin --enable-default-pie --with-system-zlib --enable-libphobos-checking=release --with-target-system-zlib=auto --enable-objc-gc=auto --enable-multiarch --disable-werror --enable-cet --with-arch-32=i686 --with-abi=m64 --with-multilib-list=m32 m64 mx32 --enable-multilib --with-tune=generic --enable-offload-targets=nvptx-none=/build/gcc-11-XeT9lY/gcc-11-11.4.0/debian/tmp-nvptx/usr amdgcn-amdhsa=/build/gcc-11-XeT9lY/gcc-11-11.4.0/debian/tmp-gcn/usr --without-cuda-driver --enable-checking=release --build=x86_64-linux-gnu --host=x86_64-linux-gnu --target=x86_64-linux-gnu --with-build-config=bootstrap-lto-lean --enable-link-serialization=2]
  ignore line: [Thread model: posix]
  ignore line: [Supported LTO compression algorithms: zlib zstd]
  ignore line: [gcc version 11.4.0 (Ubuntu 11.4.0-1ubuntu1~22.04) ]
  ignore line: [COLLECT_GCC_OPTIONS='-v' '-o' 'CMakeFiles/cmTC_65a3f.dir/CMakeCCompilerABI.c.o' '-c' '-mtune=generic' '-march=x86-64' '-dumpdir' 'CMakeFiles/cmTC_65a3f.dir/']
  ignore line: [ /usr/lib/gcc/x86_64-linux-gnu/11/cc1 -quiet -v -imultiarch x86_64-linux-gnu /cm/shared/ex3-modules/0.6.1/pkgs/cmake-3.17.2/share/cmake-3.17/Modules/CMakeCCompilerABI.c -quiet -dumpdir CMakeFiles/cmTC_65a3f.dir/ -dumpbase CMakeCCompilerABI.c.c -dumpbase-ext .c -mtune=generic -march=x86-64 -version -fasynchronous-unwind-tables -fstack-protector-strong -Wformat -Wformat-security -fstack-clash-protection -fcf-protection -o /tmp/ccGvGahl.s]
  ignore line: [GNU C17 (Ubuntu 11.4.0-1ubuntu1~22.04) version 11.4.0 (x86_64-linux-gnu)]
  ignore line: [	compiled by GNU C version 11.4.0  GMP version 6.2.1  MPFR version 4.1.0  MPC version 1.2.1  isl version isl-0.24-GMP]
  ignore line: []
  ignore line: [warning: GMP header version 6.2.1 differs from library version 6.1.2.]
  ignore line: [warning: MPFR header version 4.1.0 differs from library version 4.0.2.]
  ignore line: [GGC heuristics: --param ggc-min-expand=100 --param ggc-min-heapsize=131072]
  ignore line: [ignoring nonexistent directory "/usr/local/include/x86_64-linux-gnu"]
  ignore line: [ignoring nonexistent directory "/usr/lib/gcc/x86_64-linux-gnu/11/include-fixed"]
  ignore line: [ignoring nonexistent directory "/usr/lib/gcc/x86_64-linux-gnu/11/../../../../x86_64-linux-gnu/include"]
  ignore line: [#include "..." search starts here:]
  ignore line: [#include <...> search starts here:]
  ignore line: [ /cm/shared/apps/slurm/current/include]
  ignore line: [ /home/andreast/modules/flow/202309a/rpp-dune-amgcpr-branch/include]
  ignore line: [ /home/andreast/modules/zoltan/202309a/12.16/include]
  ignore line: [ /home/andreast/modules/dune/202309a/mod-2.7.1/include]
  ignore line: [ /cm/shared/ex3-modules/202309a/milanq/pkgs/suitesparse-32-5.12.0/include]
  ignore line: [ /cm/shared/ex3-modules/202309a/milanq/pkgs/mpfr-4.0.2/include]
  ignore line: [ /cm/shared/ex3-modules/202309a/milanq/pkgs/gmp-6.1.2/include]
  ignore line: [ /cm/shared/ex3-modules/202309a/milanq/pkgs/parmetis-32-4.0.3/include]
  ignore line: [ /cm/shared/ex3-modules/202309a/milanq/pkgs/metis-32-5.1.0/include]
  ignore line: [ /cm/shared/ex3-modules/202309a/milanq/pkgs/boost-1.73.0/include]
  ignore line: [ /cm/shared/ex3-modules/202309a/milanq/pkgs/xz-5.2.7/include]
  ignore line: [ /cm/shared/ex3-modules/202309a/milanq/pkgs/openblas-0.3.21/include]
  ignore line: [ /cm/shared/ex3-modules/202309a/milanq/pkgs/openmpi-4.1.4/include]
  ignore line: [ /cm/shared/ex3-modules/202309a/milanq/pkgs/util-linux-2.34/include]
  ignore line: [ /cm/shared/ex3-modules/202309a/milanq/pkgs/libfabric-1.17.0/include]
  ignore line: [ /cm/shared/ex3-modules/202309a/milanq/pkgs/ucx-1.12.1/include]
  ignore line: [ /cm/shared/ex3-modules/202309a/milanq/pkgs/rdma-core-44.0/include]
  ignore line: [ /cm/shared/ex3-modules/202309a/milanq/pkgs/libnl-3.2.25/include/libnl3]
  ignore line: [ /cm/shared/ex3-modules/202309a/milanq/pkgs/numactl-2.0.13/include]
  ignore line: [ /cm/shared/ex3-modules/202309a/milanq/pkgs/libevent-2.1.12-stable/include]
  ignore line: [ /cm/shared/ex3-modules/202309a/milanq/pkgs/knem-1.1.4/include]
  ignore line: [ /cm/shared/ex3-modules/202309a/milanq/pkgs/hwloc-2.7.1/include]
  ignore line: [ /cm/shared/ex3-modules/0.6.1/pkgs/fftw-3.3.8/include]
  ignore line: [ /cm/shared/ex3-modules/0.6.1/pkgs/lapack-3.9.0/include]
  ignore line: [ /cm/shared/ex3-modules/0.6.1/pkgs/openblas-0.3.12/include]
  ignore line: [ /cm/shared/ex3-modules/0.6.1/pkgs/freetype-2.10.1/include]
  ignore line: [ /cm/shared/ex3-modules/0.6.1/pkgs/libpng-1.6.37/include]
  ignore line: [ /cm/shared/ex3-modules/0.6.1/pkgs/python-3.7.4/include/python3.7m]
  ignore line: [ /cm/shared/ex3-modules/0.6.1/pkgs/sqlite-3.31.1/include]
  ignore line: [ /cm/shared/ex3-modules/0.6.1/pkgs/libffi-3.2.1/include]
  ignore line: [ /cm/shared/ex3-modules/0.6.1/pkgs/readline-8.0/include]
  ignore line: [ /cm/shared/ex3-modules/0.6.1/pkgs/ncurses-6.1/include]
  ignore line: [ /cm/shared/ex3-modules/0.6.1/pkgs/xz-5.2.5/include]
  ignore line: [ /cm/shared/ex3-modules/0.6.1/pkgs/bzip2-1.0.8/include]
  ignore line: [ /cm/shared/ex3-modules/0.6.1/pkgs/openssl-1.1.1c/include]
  ignore line: [ /usr/lib/gcc/x86_64-linux-gnu/11/include]
  ignore line: [ /usr/local/include]
  ignore line: [ /usr/include/x86_64-linux-gnu]
  ignore line: [ /usr/include]
  ignore line: [End of search list.]
  ignore line: [GNU C17 (Ubuntu 11.4.0-1ubuntu1~22.04) version 11.4.0 (x86_64-linux-gnu)]
  ignore line: [	compiled by GNU C version 11.4.0  GMP version 6.2.1  MPFR version 4.1.0  MPC version 1.2.1  isl version isl-0.24-GMP]
  ignore line: []
  ignore line: [warning: GMP header version 6.2.1 differs from library version 6.1.2.]
  ignore line: [warning: MPFR header version 4.1.0 differs from library version 4.0.2.]
  ignore line: [GGC heuristics: --param ggc-min-expand=100 --param ggc-min-heapsize=131072]
  ignore line: [Compiler executable checksum: 50eaa2331df977b8016186198deb2d18]
  ignore line: [COLLECT_GCC_OPTIONS='-v' '-o' 'CMakeFiles/cmTC_65a3f.dir/CMakeCCompilerABI.c.o' '-c' '-mtune=generic' '-march=x86-64' '-dumpdir' 'CMakeFiles/cmTC_65a3f.dir/']
  ignore line: [ as -v --64 -o CMakeFiles/cmTC_65a3f.dir/CMakeCCompilerABI.c.o /tmp/ccGvGahl.s]
  ignore line: [GNU assembler version 2.38 (x86_64-linux-gnu) using BFD version (GNU Binutils for Ubuntu) 2.38]
  ignore line: [COMPILER_PATH=/usr/lib/gcc/x86_64-linux-gnu/11/:/usr/lib/gcc/x86_64-linux-gnu/11/:/usr/lib/gcc/x86_64-linux-gnu/:/usr/lib/gcc/x86_64-linux-gnu/11/:/usr/lib/gcc/x86_64-linux-gnu/]
  ignore line: [LIBRARY_PATH=/home/andreast/modules/flow/202309a/rpp-dune-amgcpr-branch/lib/../lib/:/home/andreast/modules/zoltan/202309a/12.16/lib/../lib/:/home/andreast/modules/dune/202309a/mod-2.7.1/lib/../lib/:/cm/shared/ex3-modules/202309a/milanq/pkgs/suitesparse-32-5.12.0/lib/../lib/:/cm/shared/ex3-modules/202309a/milanq/pkgs/mpfr-4.0.2/lib/../lib/:/cm/shared/ex3-modules/202309a/milanq/pkgs/gmp-6.1.2/lib/../lib/:/cm/shared/ex3-modules/202309a/milanq/pkgs/parmetis-32-4.0.3/lib/../lib/:/cm/shared/ex3-modules/202309a/milanq/pkgs/metis-32-5.1.0/lib/../lib/:/cm/shared/ex3-modules/202309a/milanq/pkgs/boost-1.73.0/lib/../lib/:/cm/shared/ex3-modules/202309a/milanq/pkgs/xz-5.2.7/lib/../lib/:/cm/shared/ex3-modules/202309a/milanq/pkgs/openblas-0.3.21/lib/../lib/:/cm/shared/ex3-modules/202309a/milanq/pkgs/openmpi-4.1.4/lib/../lib/:/cm/shared/ex3-modules/202309a/milanq/pkgs/util-linux-2.34/lib/../lib/:/cm/shared/ex3-modules/202309a/milanq/pkgs/libfabric-1.17.0/lib/../lib/:/cm/shared/ex3-modules/202309a/milanq/pkgs/ucx-1.12.1/lib/../lib/:/cm/shared/ex3-modules/202309a/milanq/pkgs/rdma-core-44.0/lib/../lib/:/cm/shared/ex3-modules/202309a/milanq/pkgs/libnl-3.2.25/lib/../lib/:/cm/shared/ex3-modules/202309a/milanq/pkgs/numactl-2.0.13/lib/../lib/:/cm/shared/ex3-modules/202309a/milanq/pkgs/libevent-2.1.12-stable/lib/../lib/:/cm/shared/ex3-modules/202309a/milanq/pkgs/knem-1.1.4/lib/../lib/:/cm/shared/ex3-modules/202309a/milanq/pkgs/hwloc-2.7.1/lib/../lib/:/cm/shared/ex3-modules/0.6.1/pkgs/fftw-3.3.8/lib/../lib/:/cm/shared/ex3-modules/0.6.1/pkgs/lapack-3.9.0/lib/../lib/:/cm/shared/ex3-modules/0.6.1/pkgs/openblas-0.3.12/lib/../lib/:/cm/shared/ex3-modules/0.6.1/pkgs/gcc-8.4.0/lib64/../lib/:/cm/shared/ex3-modules/0.6.1/pkgs/freetype-2.10.1/lib/../lib/:/cm/shared/ex3-modules/0.6.1/pkgs/libpng-1.6.37/lib/../lib/:/cm/shared/ex3-modules/0.6.1/pkgs/python-3.7.4/lib/../lib/:/cm/shared/ex3-modules/0.6.1/pkgs/sqlite-3.31.1/lib/../lib/:/cm/shared/ex3-modules/0.6.1/pkgs/libffi-3.2.1/lib/../lib/:/cm/shared/ex3-modules/0.6.1/pkgs/readline-8.0/lib/../lib/:/cm/shared/ex3-modules/0.6.1/pkgs/ncurses-6.1/lib/../lib/:/cm/shared/ex3-modules/0.6.1/pkgs/xz-5.2.5/lib/../lib/:/cm/shared/ex3-modules/0.6.1/pkgs/bzip2-1.0.8/lib/../lib/:/cm/shared/ex3-modules/0.6.1/pkgs/openssl-1.1.1c/lib/../lib/:/cm/shared/apps/slurm/current/lib64/../lib/:/usr/lib/gcc/x86_64-linux-gnu/11/:/usr/lib/gcc/x86_64-linux-gnu/11/../../../x86_64-linux-gnu/:/usr/lib/gcc/x86_64-linux-gnu/11/../../../../lib/:/lib/x86_64-linux-gnu/:/lib/../lib/:/usr/lib/x86_64-linux-gnu/:/usr/lib/../lib/:/home/andreast/modules/flow/202309a/rpp-dune-amgcpr-branch/lib/:/home/andreast/modules/zoltan/202309a/12.16/lib/:/home/andreast/modules/dune/202309a/mod-2.7.1/lib/:/cm/shared/ex3-modules/202309a/milanq/pkgs/suitesparse-32-5.12.0/lib/:/cm/shared/ex3-modules/202309a/milanq/pkgs/mpfr-4.0.2/lib/:/cm/shared/ex3-modules/202309a/milanq/pkgs/gmp-6.1.2/lib/:/cm/shared/ex3-modules/202309a/milanq/pkgs/parmetis-32-4.0.3/lib/:/cm/shared/ex3-modules/202309a/milanq/pkgs/metis-32-5.1.0/lib/:/cm/shared/ex3-modules/202309a/milanq/pkgs/boost-1.73.0/lib/:/cm/shared/ex3-modules/202309a/milanq/pkgs/xz-5.2.7/lib/:/cm/shared/ex3-modules/202309a/milanq/pkgs/openblas-0.3.21/lib/:/cm/shared/ex3-modules/202309a/milanq/pkgs/openmpi-4.1.4/lib/:/cm/shared/ex3-modules/202309a/milanq/pkgs/util-linux-2.34/lib/:/cm/shared/ex3-modules/202309a/milanq/pkgs/libfabric-1.17.0/lib/:/cm/shared/ex3-modules/202309a/milanq/pkgs/ucx-1.12.1/lib/:/cm/shared/ex3-modules/202309a/milanq/pkgs/rdma-core-44.0/lib/:/cm/shared/ex3-modules/202309a/milanq/pkgs/libnl-3.2.25/lib/:/cm/shared/ex3-modules/202309a/milanq/pkgs/numactl-2.0.13/lib/:/cm/shared/ex3-modules/202309a/milanq/pkgs/libevent-2.1.12-stable/lib/:/cm/shared/ex3-modules/202309a/milanq/pkgs/knem-1.1.4/lib/:/cm/shared/ex3-modules/202309a/milanq/pkgs/hwloc-2.7.1/lib/:/cm/shared/ex3-modules/0.6.1/pkgs/fftw-3.3.8/lib/:/cm/shared/ex3-modules/0.6.1/pkgs/lapack-3.9.0/lib/:/cm/shared/ex3-modules/0.6.1/pkgs/openblas-0.3.12/lib/:/cm/shared/ex3-modules/0.6.1/pkgs/gcc-8.4.0/lib64/:/cm/shared/ex3-modules/0.6.1/pkgs/freetype-2.10.1/lib/:/cm/shared/ex3-modules/0.6.1/pkgs/libpng-1.6.37/lib/:/cm/shared/ex3-modules/0.6.1/pkgs/python-3.7.4/lib/:/cm/shared/ex3-modules/0.6.1/pkgs/sqlite-3.31.1/lib/:/cm/shared/ex3-modules/0.6.1/pkgs/libffi-3.2.1/lib/:/cm/shared/ex3-modules/0.6.1/pkgs/readline-8.0/lib/:/cm/shared/ex3-modules/0.6.1/pkgs/ncurses-6.1/lib/:/cm/shared/ex3-modules/0.6.1/pkgs/xz-5.2.5/lib/:/cm/shared/ex3-modules/0.6.1/pkgs/bzip2-1.0.8/lib/:/cm/shared/ex3-modules/0.6.1/pkgs/openssl-1.1.1c/lib/:/cm/shared/apps/slurm/current/lib64/slurm/:/cm/shared/apps/slurm/current/lib64/:/usr/lib/gcc/x86_64-linux-gnu/11/../../../:/lib/:/usr/lib/]
  ignore line: [COLLECT_GCC_OPTIONS='-v' '-o' 'CMakeFiles/cmTC_65a3f.dir/CMakeCCompilerABI.c.o' '-c' '-mtune=generic' '-march=x86-64' '-dumpdir' 'CMakeFiles/cmTC_65a3f.dir/CMakeCCompilerABI.c.']
  ignore line: [Linking C executable cmTC_65a3f]
  ignore line: [/cm/shared/ex3-modules/0.6.1/pkgs/cmake-3.17.2/bin/cmake -E cmake_link_script CMakeFiles/cmTC_65a3f.dir/link.txt --verbose=1]
  ignore line: [/usr/bin/cc     -v -rdynamic CMakeFiles/cmTC_65a3f.dir/CMakeCCompilerABI.c.o  -o cmTC_65a3f ]
  ignore line: [Using built-in specs.]
  ignore line: [COLLECT_GCC=/usr/bin/cc]
  ignore line: [COLLECT_LTO_WRAPPER=/usr/lib/gcc/x86_64-linux-gnu/11/lto-wrapper]
  ignore line: [OFFLOAD_TARGET_NAMES=nvptx-none:amdgcn-amdhsa]
  ignore line: [OFFLOAD_TARGET_DEFAULT=1]
  ignore line: [Target: x86_64-linux-gnu]
  ignore line: [Configured with: ../src/configure -v --with-pkgversion='Ubuntu 11.4.0-1ubuntu1~22.04' --with-bugurl=file:///usr/share/doc/gcc-11/README.Bugs --enable-languages=c ada c++ go brig d fortran objc obj-c++ m2 --prefix=/usr --with-gcc-major-version-only --program-suffix=-11 --program-prefix=x86_64-linux-gnu- --enable-shared --enable-linker-build-id --libexecdir=/usr/lib --without-included-gettext --enable-threads=posix --libdir=/usr/lib --enable-nls --enable-bootstrap --enable-clocale=gnu --enable-libstdcxx-debug --enable-libstdcxx-time=yes --with-default-libstdcxx-abi=new --enable-gnu-unique-object --disable-vtable-verify --enable-plugin --enable-default-pie --with-system-zlib --enable-libphobos-checking=release --with-target-system-zlib=auto --enable-objc-gc=auto --enable-multiarch --disable-werror --enable-cet --with-arch-32=i686 --with-abi=m64 --with-multilib-list=m32 m64 mx32 --enable-multilib --with-tune=generic --enable-offload-targets=nvptx-none=/build/gcc-11-XeT9lY/gcc-11-11.4.0/debian/tmp-nvptx/usr amdgcn-amdhsa=/build/gcc-11-XeT9lY/gcc-11-11.4.0/debian/tmp-gcn/usr --without-cuda-driver --enable-checking=release --build=x86_64-linux-gnu --host=x86_64-linux-gnu --target=x86_64-linux-gnu --with-build-config=bootstrap-lto-lean --enable-link-serialization=2]
  ignore line: [Thread model: posix]
  ignore line: [Supported LTO compression algorithms: zlib zstd]
  ignore line: [gcc version 11.4.0 (Ubuntu 11.4.0-1ubuntu1~22.04) ]
  ignore line: [COMPILER_PATH=/usr/lib/gcc/x86_64-linux-gnu/11/:/usr/lib/gcc/x86_64-linux-gnu/11/:/usr/lib/gcc/x86_64-linux-gnu/:/usr/lib/gcc/x86_64-linux-gnu/11/:/usr/lib/gcc/x86_64-linux-gnu/]
  ignore line: [LIBRARY_PATH=/home/andreast/modules/flow/202309a/rpp-dune-amgcpr-branch/lib/../lib/:/home/andreast/modules/zoltan/202309a/12.16/lib/../lib/:/home/andreast/modules/dune/202309a/mod-2.7.1/lib/../lib/:/cm/shared/ex3-modules/202309a/milanq/pkgs/suitesparse-32-5.12.0/lib/../lib/:/cm/shared/ex3-modules/202309a/milanq/pkgs/mpfr-4.0.2/lib/../lib/:/cm/shared/ex3-modules/202309a/milanq/pkgs/gmp-6.1.2/lib/../lib/:/cm/shared/ex3-modules/202309a/milanq/pkgs/parmetis-32-4.0.3/lib/../lib/:/cm/shared/ex3-modules/202309a/milanq/pkgs/metis-32-5.1.0/lib/../lib/:/cm/shared/ex3-modules/202309a/milanq/pkgs/boost-1.73.0/lib/../lib/:/cm/shared/ex3-modules/202309a/milanq/pkgs/xz-5.2.7/lib/../lib/:/cm/shared/ex3-modules/202309a/milanq/pkgs/openblas-0.3.21/lib/../lib/:/cm/shared/ex3-modules/202309a/milanq/pkgs/openmpi-4.1.4/lib/../lib/:/cm/shared/ex3-modules/202309a/milanq/pkgs/util-linux-2.34/lib/../lib/:/cm/shared/ex3-modules/202309a/milanq/pkgs/libfabric-1.17.0/lib/../lib/:/cm/shared/ex3-modules/202309a/milanq/pkgs/ucx-1.12.1/lib/../lib/:/cm/shared/ex3-modules/202309a/milanq/pkgs/rdma-core-44.0/lib/../lib/:/cm/shared/ex3-modules/202309a/milanq/pkgs/libnl-3.2.25/lib/../lib/:/cm/shared/ex3-modules/202309a/milanq/pkgs/numactl-2.0.13/lib/../lib/:/cm/shared/ex3-modules/202309a/milanq/pkgs/libevent-2.1.12-stable/lib/../lib/:/cm/shared/ex3-modules/202309a/milanq/pkgs/knem-1.1.4/lib/../lib/:/cm/shared/ex3-modules/202309a/milanq/pkgs/hwloc-2.7.1/lib/../lib/:/cm/shared/ex3-modules/0.6.1/pkgs/fftw-3.3.8/lib/../lib/:/cm/shared/ex3-modules/0.6.1/pkgs/lapack-3.9.0/lib/../lib/:/cm/shared/ex3-modules/0.6.1/pkgs/openblas-0.3.12/lib/../lib/:/cm/shared/ex3-modules/0.6.1/pkgs/gcc-8.4.0/lib64/../lib/:/cm/shared/ex3-modules/0.6.1/pkgs/freetype-2.10.1/lib/../lib/:/cm/shared/ex3-modules/0.6.1/pkgs/libpng-1.6.37/lib/../lib/:/cm/shared/ex3-modules/0.6.1/pkgs/python-3.7.4/lib/../lib/:/cm/shared/ex3-modules/0.6.1/pkgs/sqlite-3.31.1/lib/../lib/:/cm/shared/ex3-modules/0.6.1/pkgs/libffi-3.2.1/lib/../lib/:/cm/shared/ex3-modules/0.6.1/pkgs/readline-8.0/lib/../lib/:/cm/shared/ex3-modules/0.6.1/pkgs/ncurses-6.1/lib/../lib/:/cm/shared/ex3-modules/0.6.1/pkgs/xz-5.2.5/lib/../lib/:/cm/shared/ex3-modules/0.6.1/pkgs/bzip2-1.0.8/lib/../lib/:/cm/shared/ex3-modules/0.6.1/pkgs/openssl-1.1.1c/lib/../lib/:/cm/shared/apps/slurm/current/lib64/../lib/:/usr/lib/gcc/x86_64-linux-gnu/11/:/usr/lib/gcc/x86_64-linux-gnu/11/../../../x86_64-linux-gnu/:/usr/lib/gcc/x86_64-linux-gnu/11/../../../../lib/:/lib/x86_64-linux-gnu/:/lib/../lib/:/usr/lib/x86_64-linux-gnu/:/usr/lib/../lib/:/home/andreast/modules/flow/202309a/rpp-dune-amgcpr-branch/lib/:/home/andreast/modules/zoltan/202309a/12.16/lib/:/home/andreast/modules/dune/202309a/mod-2.7.1/lib/:/cm/shared/ex3-modules/202309a/milanq/pkgs/suitesparse-32-5.12.0/lib/:/cm/shared/ex3-modules/202309a/milanq/pkgs/mpfr-4.0.2/lib/:/cm/shared/ex3-modules/202309a/milanq/pkgs/gmp-6.1.2/lib/:/cm/shared/ex3-modules/202309a/milanq/pkgs/parmetis-32-4.0.3/lib/:/cm/shared/ex3-modules/202309a/milanq/pkgs/metis-32-5.1.0/lib/:/cm/shared/ex3-modules/202309a/milanq/pkgs/boost-1.73.0/lib/:/cm/shared/ex3-modules/202309a/milanq/pkgs/xz-5.2.7/lib/:/cm/shared/ex3-modules/202309a/milanq/pkgs/openblas-0.3.21/lib/:/cm/shared/ex3-modules/202309a/milanq/pkgs/openmpi-4.1.4/lib/:/cm/shared/ex3-modules/202309a/milanq/pkgs/util-linux-2.34/lib/:/cm/shared/ex3-modules/202309a/milanq/pkgs/libfabric-1.17.0/lib/:/cm/shared/ex3-modules/202309a/milanq/pkgs/ucx-1.12.1/lib/:/cm/shared/ex3-modules/202309a/milanq/pkgs/rdma-core-44.0/lib/:/cm/shared/ex3-modules/202309a/milanq/pkgs/libnl-3.2.25/lib/:/cm/shared/ex3-modules/202309a/milanq/pkgs/numactl-2.0.13/lib/:/cm/shared/ex3-modules/202309a/milanq/pkgs/libevent-2.1.12-stable/lib/:/cm/shared/ex3-modules/202309a/milanq/pkgs/knem-1.1.4/lib/:/cm/shared/ex3-modules/202309a/milanq/pkgs/hwloc-2.7.1/lib/:/cm/shared/ex3-modules/0.6.1/pkgs/fftw-3.3.8/lib/:/cm/shared/ex3-modules/0.6.1/pkgs/lapack-3.9.0/lib/:/cm/shared/ex3-modules/0.6.1/pkgs/openblas-0.3.12/lib/:/cm/shared/ex3-modules/0.6.1/pkgs/gcc-8.4.0/lib64/:/cm/shared/ex3-modules/0.6.1/pkgs/freetype-2.10.1/lib/:/cm/shared/ex3-modules/0.6.1/pkgs/libpng-1.6.37/lib/:/cm/shared/ex3-modules/0.6.1/pkgs/python-3.7.4/lib/:/cm/shared/ex3-modules/0.6.1/pkgs/sqlite-3.31.1/lib/:/cm/shared/ex3-modules/0.6.1/pkgs/libffi-3.2.1/lib/:/cm/shared/ex3-modules/0.6.1/pkgs/readline-8.0/lib/:/cm/shared/ex3-modules/0.6.1/pkgs/ncurses-6.1/lib/:/cm/shared/ex3-modules/0.6.1/pkgs/xz-5.2.5/lib/:/cm/shared/ex3-modules/0.6.1/pkgs/bzip2-1.0.8/lib/:/cm/shared/ex3-modules/0.6.1/pkgs/openssl-1.1.1c/lib/:/cm/shared/apps/slurm/current/lib64/slurm/:/cm/shared/apps/slurm/current/lib64/:/usr/lib/gcc/x86_64-linux-gnu/11/../../../:/lib/:/usr/lib/]
  ignore line: [COLLECT_GCC_OPTIONS='-v' '-rdynamic' '-o' 'cmTC_65a3f' '-mtune=generic' '-march=x86-64' '-dumpdir' 'cmTC_65a3f.']
  link line: [ /usr/lib/gcc/x86_64-linux-gnu/11/collect2 -plugin /usr/lib/gcc/x86_64-linux-gnu/11/liblto_plugin.so -plugin-opt=/usr/lib/gcc/x86_64-linux-gnu/11/lto-wrapper -plugin-opt=-fresolution=/tmp/ccmDmFna.res -plugin-opt=-pass-through=-lgcc -plugin-opt=-pass-through=-lgcc_s -plugin-opt=-pass-through=-lc -plugin-opt=-pass-through=-lgcc -plugin-opt=-pass-through=-lgcc_s --build-id --eh-frame-hdr -m elf_x86_64 --hash-style=gnu --as-needed -export-dynamic -dynamic-linker /lib64/ld-linux-x86-64.so.2 -pie -z now -z relro -o cmTC_65a3f /usr/lib/gcc/x86_64-linux-gnu/11/../../../x86_64-linux-gnu/Scrt1.o /usr/lib/gcc/x86_64-linux-gnu/11/../../../x86_64-linux-gnu/crti.o /usr/lib/gcc/x86_64-linux-gnu/11/crtbeginS.o -L/home/andreast/modules/flow/202309a/rpp-dune-amgcpr-branch/lib/../lib -L/home/andreast/modules/zoltan/202309a/12.16/lib/../lib -L/home/andreast/modules/dune/202309a/mod-2.7.1/lib/../lib -L/cm/shared/ex3-modules/202309a/milanq/pkgs/suitesparse-32-5.12.0/lib/../lib -L/cm/shared/ex3-modules/202309a/milanq/pkgs/mpfr-4.0.2/lib/../lib -L/cm/shared/ex3-modules/202309a/milanq/pkgs/gmp-6.1.2/lib/../lib -L/cm/shared/ex3-modules/202309a/milanq/pkgs/parmetis-32-4.0.3/lib/../lib -L/cm/shared/ex3-modules/202309a/milanq/pkgs/metis-32-5.1.0/lib/../lib -L/cm/shared/ex3-modules/202309a/milanq/pkgs/boost-1.73.0/lib/../lib -L/cm/shared/ex3-modules/202309a/milanq/pkgs/xz-5.2.7/lib/../lib -L/cm/shared/ex3-modules/202309a/milanq/pkgs/openblas-0.3.21/lib/../lib -L/cm/shared/ex3-modules/202309a/milanq/pkgs/openmpi-4.1.4/lib/../lib -L/cm/shared/ex3-modules/202309a/milanq/pkgs/util-linux-2.34/lib/../lib -L/cm/shared/ex3-modules/202309a/milanq/pkgs/libfabric-1.17.0/lib/../lib -L/cm/shared/ex3-modules/202309a/milanq/pkgs/ucx-1.12.1/lib/../lib -L/cm/shared/ex3-modules/202309a/milanq/pkgs/rdma-core-44.0/lib/../lib -L/cm/shared/ex3-modules/202309a/milanq/pkgs/libnl-3.2.25/lib/../lib -L/cm/shared/ex3-modules/202309a/milanq/pkgs/numactl-2.0.13/lib/../lib -L/cm/shared/ex3-modules/202309a/milanq/pkgs/libevent-2.1.12-stable/lib/../lib -L/cm/shared/ex3-modules/202309a/milanq/pkgs/knem-1.1.4/lib/../lib -L/cm/shared/ex3-modules/202309a/milanq/pkgs/hwloc-2.7.1/lib/../lib -L/cm/shared/ex3-modules/0.6.1/pkgs/fftw-3.3.8/lib/../lib -L/cm/shared/ex3-modules/0.6.1/pkgs/lapack-3.9.0/lib/../lib -L/cm/shared/ex3-modules/0.6.1/pkgs/openblas-0.3.12/lib/../lib -L/cm/shared/ex3-modules/0.6.1/pkgs/gcc-8.4.0/lib64/../lib -L/cm/shared/ex3-modules/0.6.1/pkgs/freetype-2.10.1/lib/../lib -L/cm/shared/ex3-modules/0.6.1/pkgs/libpng-1.6.37/lib/../lib -L/cm/shared/ex3-modules/0.6.1/pkgs/python-3.7.4/lib/../lib -L/cm/shared/ex3-modules/0.6.1/pkgs/sqlite-3.31.1/lib/../lib -L/cm/shared/ex3-modules/0.6.1/pkgs/libffi-3.2.1/lib/../lib -L/cm/shared/ex3-modules/0.6.1/pkgs/readline-8.0/lib/../lib -L/cm/shared/ex3-modules/0.6.1/pkgs/ncurses-6.1/lib/../lib -L/cm/shared/ex3-modules/0.6.1/pkgs/xz-5.2.5/lib/../lib -L/cm/shared/ex3-modules/0.6.1/pkgs/bzip2-1.0.8/lib/../lib -L/cm/shared/ex3-modules/0.6.1/pkgs/openssl-1.1.1c/lib/../lib -L/cm/shared/apps/slurm/current/lib64/../lib -L/usr/lib/gcc/x86_64-linux-gnu/11 -L/usr/lib/gcc/x86_64-linux-gnu/11/../../../x86_64-linux-gnu -L/usr/lib/gcc/x86_64-linux-gnu/11/../../../../lib -L/lib/x86_64-linux-gnu -L/lib/../lib -L/usr/lib/x86_64-linux-gnu -L/usr/lib/../lib -L/home/andreast/modules/flow/202309a/rpp-dune-amgcpr-branch/lib -L/home/andreast/modules/zoltan/202309a/12.16/lib -L/home/andreast/modules/dune/202309a/mod-2.7.1/lib -L/cm/shared/ex3-modules/202309a/milanq/pkgs/suitesparse-32-5.12.0/lib -L/cm/shared/ex3-modules/202309a/milanq/pkgs/mpfr-4.0.2/lib -L/cm/shared/ex3-modules/202309a/milanq/pkgs/gmp-6.1.2/lib -L/cm/shared/ex3-modules/202309a/milanq/pkgs/parmetis-32-4.0.3/lib -L/cm/shared/ex3-modules/202309a/milanq/pkgs/metis-32-5.1.0/lib -L/cm/shared/ex3-modules/202309a/milanq/pkgs/boost-1.73.0/lib -L/cm/shared/ex3-modules/202309a/milanq/pkgs/xz-5.2.7/lib -L/cm/shared/ex3-modules/202309a/milanq/pkgs/openblas-0.3.21/lib -L/cm/shared/ex3-modules/202309a/milanq/pkgs/openmpi-4.1.4/lib -L/cm/shared/ex3-modules/202309a/milanq/pkgs/util-linux-2.34/lib -L/cm/shared/ex3-modules/202309a/milanq/pkgs/libfabric-1.17.0/lib -L/cm/shared/ex3-modules/202309a/milanq/pkgs/ucx-1.12.1/lib -L/cm/shared/ex3-modules/202309a/milanq/pkgs/rdma-core-44.0/lib -L/cm/shared/ex3-modules/202309a/milanq/pkgs/libnl-3.2.25/lib -L/cm/shared/ex3-modules/202309a/milanq/pkgs/numactl-2.0.13/lib -L/cm/shared/ex3-modules/202309a/milanq/pkgs/libevent-2.1.12-stable/lib -L/cm/shared/ex3-modules/202309a/milanq/pkgs/knem-1.1.4/lib -L/cm/shared/ex3-modules/202309a/milanq/pkgs/hwloc-2.7.1/lib -L/cm/shared/ex3-modules/0.6.1/pkgs/fftw-3.3.8/lib -L/cm/shared/ex3-modules/0.6.1/pkgs/lapack-3.9.0/lib -L/cm/shared/ex3-modules/0.6.1/pkgs/openblas-0.3.12/lib -L/cm/shared/ex3-modules/0.6.1/pkgs/gcc-8.4.0/lib64 -L/cm/shared/ex3-modules/0.6.1/pkgs/freetype-2.10.1/lib -L/cm/shared/ex3-modules/0.6.1/pkgs/libpng-1.6.37/lib -L/cm/shared/ex3-modules/0.6.1/pkgs/python-3.7.4/lib -L/cm/shared/ex3-modules/0.6.1/pkgs/sqlite-3.31.1/lib -L/cm/shared/ex3-modules/0.6.1/pkgs/libffi-3.2.1/lib -L/cm/shared/ex3-modules/0.6.1/pkgs/readline-8.0/lib -L/cm/shared/ex3-modules/0.6.1/pkgs/ncurses-6.1/lib -L/cm/shared/ex3-modules/0.6.1/pkgs/xz-5.2.5/lib -L/cm/shared/ex3-modules/0.6.1/pkgs/bzip2-1.0.8/lib -L/cm/shared/ex3-modules/0.6.1/pkgs/openssl-1.1.1c/lib -L/cm/shared/apps/slurm/current/lib64/slurm -L/cm/shared/apps/slurm/current/lib64 -L/usr/lib/gcc/x86_64-linux-gnu/11/../../.. CMakeFiles/cmTC_65a3f.dir/CMakeCCompilerABI.c.o -lgcc --push-state --as-needed -lgcc_s --pop-state -lc -lgcc --push-state --as-needed -lgcc_s --pop-state /usr/lib/gcc/x86_64-linux-gnu/11/crtendS.o /usr/lib/gcc/x86_64-linux-gnu/11/../../../x86_64-linux-gnu/crtn.o]
    arg [/usr/lib/gcc/x86_64-linux-gnu/11/collect2] ==> ignore
    arg [-plugin] ==> ignore
    arg [/usr/lib/gcc/x86_64-linux-gnu/11/liblto_plugin.so] ==> ignore
    arg [-plugin-opt=/usr/lib/gcc/x86_64-linux-gnu/11/lto-wrapper] ==> ignore
    arg [-plugin-opt=-fresolution=/tmp/ccmDmFna.res] ==> ignore
    arg [-plugin-opt=-pass-through=-lgcc] ==> ignore
    arg [-plugin-opt=-pass-through=-lgcc_s] ==> ignore
    arg [-plugin-opt=-pass-through=-lc] ==> ignore
    arg [-plugin-opt=-pass-through=-lgcc] ==> ignore
    arg [-plugin-opt=-pass-through=-lgcc_s] ==> ignore
    arg [--build-id] ==> ignore
    arg [--eh-frame-hdr] ==> ignore
    arg [-m] ==> ignore
    arg [elf_x86_64] ==> ignore
    arg [--hash-style=gnu] ==> ignore
    arg [--as-needed] ==> ignore
    arg [-export-dynamic] ==> ignore
    arg [-dynamic-linker] ==> ignore
    arg [/lib64/ld-linux-x86-64.so.2] ==> ignore
    arg [-pie] ==> ignore
    arg [-znow] ==> ignore
    arg [-zrelro] ==> ignore
    arg [-o] ==> ignore
    arg [cmTC_65a3f] ==> ignore
    arg [/usr/lib/gcc/x86_64-linux-gnu/11/../../../x86_64-linux-gnu/Scrt1.o] ==> ignore
    arg [/usr/lib/gcc/x86_64-linux-gnu/11/../../../x86_64-linux-gnu/crti.o] ==> ignore
    arg [/usr/lib/gcc/x86_64-linux-gnu/11/crtbeginS.o] ==> ignore
    arg [-L/home/andreast/modules/flow/202309a/rpp-dune-amgcpr-branch/lib/../lib] ==> dir [/home/andreast/modules/flow/202309a/rpp-dune-amgcpr-branch/lib/../lib]
    arg [-L/home/andreast/modules/zoltan/202309a/12.16/lib/../lib] ==> dir [/home/andreast/modules/zoltan/202309a/12.16/lib/../lib]
    arg [-L/home/andreast/modules/dune/202309a/mod-2.7.1/lib/../lib] ==> dir [/home/andreast/modules/dune/202309a/mod-2.7.1/lib/../lib]
    arg [-L/cm/shared/ex3-modules/202309a/milanq/pkgs/suitesparse-32-5.12.0/lib/../lib] ==> dir [/cm/shared/ex3-modules/202309a/milanq/pkgs/suitesparse-32-5.12.0/lib/../lib]
    arg [-L/cm/shared/ex3-modules/202309a/milanq/pkgs/mpfr-4.0.2/lib/../lib] ==> dir [/cm/shared/ex3-modules/202309a/milanq/pkgs/mpfr-4.0.2/lib/../lib]
    arg [-L/cm/shared/ex3-modules/202309a/milanq/pkgs/gmp-6.1.2/lib/../lib] ==> dir [/cm/shared/ex3-modules/202309a/milanq/pkgs/gmp-6.1.2/lib/../lib]
    arg [-L/cm/shared/ex3-modules/202309a/milanq/pkgs/parmetis-32-4.0.3/lib/../lib] ==> dir [/cm/shared/ex3-modules/202309a/milanq/pkgs/parmetis-32-4.0.3/lib/../lib]
    arg [-L/cm/shared/ex3-modules/202309a/milanq/pkgs/metis-32-5.1.0/lib/../lib] ==> dir [/cm/shared/ex3-modules/202309a/milanq/pkgs/metis-32-5.1.0/lib/../lib]
    arg [-L/cm/shared/ex3-modules/202309a/milanq/pkgs/boost-1.73.0/lib/../lib] ==> dir [/cm/shared/ex3-modules/202309a/milanq/pkgs/boost-1.73.0/lib/../lib]
    arg [-L/cm/shared/ex3-modules/202309a/milanq/pkgs/xz-5.2.7/lib/../lib] ==> dir [/cm/shared/ex3-modules/202309a/milanq/pkgs/xz-5.2.7/lib/../lib]
    arg [-L/cm/shared/ex3-modules/202309a/milanq/pkgs/openblas-0.3.21/lib/../lib] ==> dir [/cm/shared/ex3-modules/202309a/milanq/pkgs/openblas-0.3.21/lib/../lib]
    arg [-L/cm/shared/ex3-modules/202309a/milanq/pkgs/openmpi-4.1.4/lib/../lib] ==> dir [/cm/shared/ex3-modules/202309a/milanq/pkgs/openmpi-4.1.4/lib/../lib]
    arg [-L/cm/shared/ex3-modules/202309a/milanq/pkgs/util-linux-2.34/lib/../lib] ==> dir [/cm/shared/ex3-modules/202309a/milanq/pkgs/util-linux-2.34/lib/../lib]
    arg [-L/cm/shared/ex3-modules/202309a/milanq/pkgs/libfabric-1.17.0/lib/../lib] ==> dir [/cm/shared/ex3-modules/202309a/milanq/pkgs/libfabric-1.17.0/lib/../lib]
    arg [-L/cm/shared/ex3-modules/202309a/milanq/pkgs/ucx-1.12.1/lib/../lib] ==> dir [/cm/shared/ex3-modules/202309a/milanq/pkgs/ucx-1.12.1/lib/../lib]
    arg [-L/cm/shared/ex3-modules/202309a/milanq/pkgs/rdma-core-44.0/lib/../lib] ==> dir [/cm/shared/ex3-modules/202309a/milanq/pkgs/rdma-core-44.0/lib/../lib]
    arg [-L/cm/shared/ex3-modules/202309a/milanq/pkgs/libnl-3.2.25/lib/../lib] ==> dir [/cm/shared/ex3-modules/202309a/milanq/pkgs/libnl-3.2.25/lib/../lib]
    arg [-L/cm/shared/ex3-modules/202309a/milanq/pkgs/numactl-2.0.13/lib/../lib] ==> dir [/cm/shared/ex3-modules/202309a/milanq/pkgs/numactl-2.0.13/lib/../lib]
    arg [-L/cm/shared/ex3-modules/202309a/milanq/pkgs/libevent-2.1.12-stable/lib/../lib] ==> dir [/cm/shared/ex3-modules/202309a/milanq/pkgs/libevent-2.1.12-stable/lib/../lib]
    arg [-L/cm/shared/ex3-modules/202309a/milanq/pkgs/knem-1.1.4/lib/../lib] ==> dir [/cm/shared/ex3-modules/202309a/milanq/pkgs/knem-1.1.4/lib/../lib]
    arg [-L/cm/shared/ex3-modules/202309a/milanq/pkgs/hwloc-2.7.1/lib/../lib] ==> dir [/cm/shared/ex3-modules/202309a/milanq/pkgs/hwloc-2.7.1/lib/../lib]
    arg [-L/cm/shared/ex3-modules/0.6.1/pkgs/fftw-3.3.8/lib/../lib] ==> dir [/cm/shared/ex3-modules/0.6.1/pkgs/fftw-3.3.8/lib/../lib]
    arg [-L/cm/shared/ex3-modules/0.6.1/pkgs/lapack-3.9.0/lib/../lib] ==> dir [/cm/shared/ex3-modules/0.6.1/pkgs/lapack-3.9.0/lib/../lib]
    arg [-L/cm/shared/ex3-modules/0.6.1/pkgs/openblas-0.3.12/lib/../lib] ==> dir [/cm/shared/ex3-modules/0.6.1/pkgs/openblas-0.3.12/lib/../lib]
    arg [-L/cm/shared/ex3-modules/0.6.1/pkgs/gcc-8.4.0/lib64/../lib] ==> dir [/cm/shared/ex3-modules/0.6.1/pkgs/gcc-8.4.0/lib64/../lib]
    arg [-L/cm/shared/ex3-modules/0.6.1/pkgs/freetype-2.10.1/lib/../lib] ==> dir [/cm/shared/ex3-modules/0.6.1/pkgs/freetype-2.10.1/lib/../lib]
    arg [-L/cm/shared/ex3-modules/0.6.1/pkgs/libpng-1.6.37/lib/../lib] ==> dir [/cm/shared/ex3-modules/0.6.1/pkgs/libpng-1.6.37/lib/../lib]
    arg [-L/cm/shared/ex3-modules/0.6.1/pkgs/python-3.7.4/lib/../lib] ==> dir [/cm/shared/ex3-modules/0.6.1/pkgs/python-3.7.4/lib/../lib]
    arg [-L/cm/shared/ex3-modules/0.6.1/pkgs/sqlite-3.31.1/lib/../lib] ==> dir [/cm/shared/ex3-modules/0.6.1/pkgs/sqlite-3.31.1/lib/../lib]
    arg [-L/cm/shared/ex3-modules/0.6.1/pkgs/libffi-3.2.1/lib/../lib] ==> dir [/cm/shared/ex3-modules/0.6.1/pkgs/libffi-3.2.1/lib/../lib]
    arg [-L/cm/shared/ex3-modules/0.6.1/pkgs/readline-8.0/lib/../lib] ==> dir [/cm/shared/ex3-modules/0.6.1/pkgs/readline-8.0/lib/../lib]
    arg [-L/cm/shared/ex3-modules/0.6.1/pkgs/ncurses-6.1/lib/../lib] ==> dir [/cm/shared/ex3-modules/0.6.1/pkgs/ncurses-6.1/lib/../lib]
    arg [-L/cm/shared/ex3-modules/0.6.1/pkgs/xz-5.2.5/lib/../lib] ==> dir [/cm/shared/ex3-modules/0.6.1/pkgs/xz-5.2.5/lib/../lib]
    arg [-L/cm/shared/ex3-modules/0.6.1/pkgs/bzip2-1.0.8/lib/../lib] ==> dir [/cm/shared/ex3-modules/0.6.1/pkgs/bzip2-1.0.8/lib/../lib]
    arg [-L/cm/shared/ex3-modules/0.6.1/pkgs/openssl-1.1.1c/lib/../lib] ==> dir [/cm/shared/ex3-modules/0.6.1/pkgs/openssl-1.1.1c/lib/../lib]
    arg [-L/cm/shared/apps/slurm/current/lib64/../lib] ==> dir [/cm/shared/apps/slurm/current/lib64/../lib]
    arg [-L/usr/lib/gcc/x86_64-linux-gnu/11] ==> dir [/usr/lib/gcc/x86_64-linux-gnu/11]
    arg [-L/usr/lib/gcc/x86_64-linux-gnu/11/../../../x86_64-linux-gnu] ==> dir [/usr/lib/gcc/x86_64-linux-gnu/11/../../../x86_64-linux-gnu]
    arg [-L/usr/lib/gcc/x86_64-linux-gnu/11/../../../../lib] ==> dir [/usr/lib/gcc/x86_64-linux-gnu/11/../../../../lib]
    arg [-L/lib/x86_64-linux-gnu] ==> dir [/lib/x86_64-linux-gnu]
    arg [-L/lib/../lib] ==> dir [/lib/../lib]
    arg [-L/usr/lib/x86_64-linux-gnu] ==> dir [/usr/lib/x86_64-linux-gnu]
    arg [-L/usr/lib/../lib] ==> dir [/usr/lib/../lib]
    arg [-L/home/andreast/modules/flow/202309a/rpp-dune-amgcpr-branch/lib] ==> dir [/home/andreast/modules/flow/202309a/rpp-dune-amgcpr-branch/lib]
    arg [-L/home/andreast/modules/zoltan/202309a/12.16/lib] ==> dir [/home/andreast/modules/zoltan/202309a/12.16/lib]
    arg [-L/home/andreast/modules/dune/202309a/mod-2.7.1/lib] ==> dir [/home/andreast/modules/dune/202309a/mod-2.7.1/lib]
    arg [-L/cm/shared/ex3-modules/202309a/milanq/pkgs/suitesparse-32-5.12.0/lib] ==> dir [/cm/shared/ex3-modules/202309a/milanq/pkgs/suitesparse-32-5.12.0/lib]
    arg [-L/cm/shared/ex3-modules/202309a/milanq/pkgs/mpfr-4.0.2/lib] ==> dir [/cm/shared/ex3-modules/202309a/milanq/pkgs/mpfr-4.0.2/lib]
    arg [-L/cm/shared/ex3-modules/202309a/milanq/pkgs/gmp-6.1.2/lib] ==> dir [/cm/shared/ex3-modules/202309a/milanq/pkgs/gmp-6.1.2/lib]
    arg [-L/cm/shared/ex3-modules/202309a/milanq/pkgs/parmetis-32-4.0.3/lib] ==> dir [/cm/shared/ex3-modules/202309a/milanq/pkgs/parmetis-32-4.0.3/lib]
    arg [-L/cm/shared/ex3-modules/202309a/milanq/pkgs/metis-32-5.1.0/lib] ==> dir [/cm/shared/ex3-modules/202309a/milanq/pkgs/metis-32-5.1.0/lib]
    arg [-L/cm/shared/ex3-modules/202309a/milanq/pkgs/boost-1.73.0/lib] ==> dir [/cm/shared/ex3-modules/202309a/milanq/pkgs/boost-1.73.0/lib]
    arg [-L/cm/shared/ex3-modules/202309a/milanq/pkgs/xz-5.2.7/lib] ==> dir [/cm/shared/ex3-modules/202309a/milanq/pkgs/xz-5.2.7/lib]
    arg [-L/cm/shared/ex3-modules/202309a/milanq/pkgs/openblas-0.3.21/lib] ==> dir [/cm/shared/ex3-modules/202309a/milanq/pkgs/openblas-0.3.21/lib]
    arg [-L/cm/shared/ex3-modules/202309a/milanq/pkgs/openmpi-4.1.4/lib] ==> dir [/cm/shared/ex3-modules/202309a/milanq/pkgs/openmpi-4.1.4/lib]
    arg [-L/cm/shared/ex3-modules/202309a/milanq/pkgs/util-linux-2.34/lib] ==> dir [/cm/shared/ex3-modules/202309a/milanq/pkgs/util-linux-2.34/lib]
    arg [-L/cm/shared/ex3-modules/202309a/milanq/pkgs/libfabric-1.17.0/lib] ==> dir [/cm/shared/ex3-modules/202309a/milanq/pkgs/libfabric-1.17.0/lib]
    arg [-L/cm/shared/ex3-modules/202309a/milanq/pkgs/ucx-1.12.1/lib] ==> dir [/cm/shared/ex3-modules/202309a/milanq/pkgs/ucx-1.12.1/lib]
    arg [-L/cm/shared/ex3-modules/202309a/milanq/pkgs/rdma-core-44.0/lib] ==> dir [/cm/shared/ex3-modules/202309a/milanq/pkgs/rdma-core-44.0/lib]
    arg [-L/cm/shared/ex3-modules/202309a/milanq/pkgs/libnl-3.2.25/lib] ==> dir [/cm/shared/ex3-modules/202309a/milanq/pkgs/libnl-3.2.25/lib]
    arg [-L/cm/shared/ex3-modules/202309a/milanq/pkgs/numactl-2.0.13/lib] ==> dir [/cm/shared/ex3-modules/202309a/milanq/pkgs/numactl-2.0.13/lib]
    arg [-L/cm/shared/ex3-modules/202309a/milanq/pkgs/libevent-2.1.12-stable/lib] ==> dir [/cm/shared/ex3-modules/202309a/milanq/pkgs/libevent-2.1.12-stable/lib]
    arg [-L/cm/shared/ex3-modules/202309a/milanq/pkgs/knem-1.1.4/lib] ==> dir [/cm/shared/ex3-modules/202309a/milanq/pkgs/knem-1.1.4/lib]
    arg [-L/cm/shared/ex3-modules/202309a/milanq/pkgs/hwloc-2.7.1/lib] ==> dir [/cm/shared/ex3-modules/202309a/milanq/pkgs/hwloc-2.7.1/lib]
    arg [-L/cm/shared/ex3-modules/0.6.1/pkgs/fftw-3.3.8/lib] ==> dir [/cm/shared/ex3-modules/0.6.1/pkgs/fftw-3.3.8/lib]
    arg [-L/cm/shared/ex3-modules/0.6.1/pkgs/lapack-3.9.0/lib] ==> dir [/cm/shared/ex3-modules/0.6.1/pkgs/lapack-3.9.0/lib]
    arg [-L/cm/shared/ex3-modules/0.6.1/pkgs/openblas-0.3.12/lib] ==> dir [/cm/shared/ex3-modules/0.6.1/pkgs/openblas-0.3.12/lib]
    arg [-L/cm/shared/ex3-modules/0.6.1/pkgs/gcc-8.4.0/lib64] ==> dir [/cm/shared/ex3-modules/0.6.1/pkgs/gcc-8.4.0/lib64]
    arg [-L/cm/shared/ex3-modules/0.6.1/pkgs/freetype-2.10.1/lib] ==> dir [/cm/shared/ex3-modules/0.6.1/pkgs/freetype-2.10.1/lib]
    arg [-L/cm/shared/ex3-modules/0.6.1/pkgs/libpng-1.6.37/lib] ==> dir [/cm/shared/ex3-modules/0.6.1/pkgs/libpng-1.6.37/lib]
    arg [-L/cm/shared/ex3-modules/0.6.1/pkgs/python-3.7.4/lib] ==> dir [/cm/shared/ex3-modules/0.6.1/pkgs/python-3.7.4/lib]
    arg [-L/cm/shared/ex3-modules/0.6.1/pkgs/sqlite-3.31.1/lib] ==> dir [/cm/shared/ex3-modules/0.6.1/pkgs/sqlite-3.31.1/lib]
    arg [-L/cm/shared/ex3-modules/0.6.1/pkgs/libffi-3.2.1/lib] ==> dir [/cm/shared/ex3-modules/0.6.1/pkgs/libffi-3.2.1/lib]
    arg [-L/cm/shared/ex3-modules/0.6.1/pkgs/readline-8.0/lib] ==> dir [/cm/shared/ex3-modules/0.6.1/pkgs/readline-8.0/lib]
    arg [-L/cm/shared/ex3-modules/0.6.1/pkgs/ncurses-6.1/lib] ==> dir [/cm/shared/ex3-modules/0.6.1/pkgs/ncurses-6.1/lib]
    arg [-L/cm/shared/ex3-modules/0.6.1/pkgs/xz-5.2.5/lib] ==> dir [/cm/shared/ex3-modules/0.6.1/pkgs/xz-5.2.5/lib]
    arg [-L/cm/shared/ex3-modules/0.6.1/pkgs/bzip2-1.0.8/lib] ==> dir [/cm/shared/ex3-modules/0.6.1/pkgs/bzip2-1.0.8/lib]
    arg [-L/cm/shared/ex3-modules/0.6.1/pkgs/openssl-1.1.1c/lib] ==> dir [/cm/shared/ex3-modules/0.6.1/pkgs/openssl-1.1.1c/lib]
    arg [-L/cm/shared/apps/slurm/current/lib64/slurm] ==> dir [/cm/shared/apps/slurm/current/lib64/slurm]
    arg [-L/cm/shared/apps/slurm/current/lib64] ==> dir [/cm/shared/apps/slurm/current/lib64]
    arg [-L/usr/lib/gcc/x86_64-linux-gnu/11/../../..] ==> dir [/usr/lib/gcc/x86_64-linux-gnu/11/../../..]
    arg [CMakeFiles/cmTC_65a3f.dir/CMakeCCompilerABI.c.o] ==> ignore
    arg [-lgcc] ==> lib [gcc]
    arg [--push-state] ==> ignore
    arg [--as-needed] ==> ignore
    arg [-lgcc_s] ==> lib [gcc_s]
    arg [--pop-state] ==> ignore
    arg [-lc] ==> lib [c]
    arg [-lgcc] ==> lib [gcc]
    arg [--push-state] ==> ignore
    arg [--as-needed] ==> ignore
    arg [-lgcc_s] ==> lib [gcc_s]
    arg [--pop-state] ==> ignore
    arg [/usr/lib/gcc/x86_64-linux-gnu/11/crtendS.o] ==> ignore
    arg [/usr/lib/gcc/x86_64-linux-gnu/11/../../../x86_64-linux-gnu/crtn.o] ==> ignore
  collapse library dir [/home/andreast/modules/flow/202309a/rpp-dune-amgcpr-branch/lib/../lib] ==> [/home/andreast/modules/flow/202309a/rpp-dune-amgcpr-branch/lib]
  collapse library dir [/home/andreast/modules/zoltan/202309a/12.16/lib/../lib] ==> [/home/andreast/modules/zoltan/202309a/12.16/lib]
  collapse library dir [/home/andreast/modules/dune/202309a/mod-2.7.1/lib/../lib] ==> [/home/andreast/modules/dune/202309a/mod-2.7.1/lib]
  collapse library dir [/cm/shared/ex3-modules/202309a/milanq/pkgs/suitesparse-32-5.12.0/lib/../lib] ==> [/cm/shared/ex3-modules/202309a/milanq/pkgs/suitesparse-32-5.12.0/lib]
  collapse library dir [/cm/shared/ex3-modules/202309a/milanq/pkgs/mpfr-4.0.2/lib/../lib] ==> [/cm/shared/ex3-modules/202309a/milanq/pkgs/mpfr-4.0.2/lib]
  collapse library dir [/cm/shared/ex3-modules/202309a/milanq/pkgs/gmp-6.1.2/lib/../lib] ==> [/cm/shared/ex3-modules/202309a/milanq/pkgs/gmp-6.1.2/lib]
  collapse library dir [/cm/shared/ex3-modules/202309a/milanq/pkgs/parmetis-32-4.0.3/lib/../lib] ==> [/cm/shared/ex3-modules/202309a/milanq/pkgs/parmetis-32-4.0.3/lib]
  collapse library dir [/cm/shared/ex3-modules/202309a/milanq/pkgs/metis-32-5.1.0/lib/../lib] ==> [/cm/shared/ex3-modules/202309a/milanq/pkgs/metis-32-5.1.0/lib]
  collapse library dir [/cm/shared/ex3-modules/202309a/milanq/pkgs/boost-1.73.0/lib/../lib] ==> [/cm/shared/ex3-modules/202309a/milanq/pkgs/boost-1.73.0/lib]
  collapse library dir [/cm/shared/ex3-modules/202309a/milanq/pkgs/xz-5.2.7/lib/../lib] ==> [/cm/shared/ex3-modules/202309a/milanq/pkgs/xz-5.2.7/lib]
  collapse library dir [/cm/shared/ex3-modules/202309a/milanq/pkgs/openblas-0.3.21/lib/../lib] ==> [/cm/shared/ex3-modules/202309a/milanq/pkgs/openblas-0.3.21/lib]
  collapse library dir [/cm/shared/ex3-modules/202309a/milanq/pkgs/openmpi-4.1.4/lib/../lib] ==> [/cm/shared/ex3-modules/202309a/milanq/pkgs/openmpi-4.1.4/lib]
  collapse library dir [/cm/shared/ex3-modules/202309a/milanq/pkgs/util-linux-2.34/lib/../lib] ==> [/cm/shared/ex3-modules/202309a/milanq/pkgs/util-linux-2.34/lib]
  collapse library dir [/cm/shared/ex3-modules/202309a/milanq/pkgs/libfabric-1.17.0/lib/../lib] ==> [/cm/shared/ex3-modules/202309a/milanq/pkgs/libfabric-1.17.0/lib]
  collapse library dir [/cm/shared/ex3-modules/202309a/milanq/pkgs/ucx-1.12.1/lib/../lib] ==> [/cm/shared/ex3-modules/202309a/milanq/pkgs/ucx-1.12.1/lib]
  collapse library dir [/cm/shared/ex3-modules/202309a/milanq/pkgs/rdma-core-44.0/lib/../lib] ==> [/cm/shared/ex3-modules/202309a/milanq/pkgs/rdma-core-44.0/lib]
  collapse library dir [/cm/shared/ex3-modules/202309a/milanq/pkgs/libnl-3.2.25/lib/../lib] ==> [/cm/shared/ex3-modules/202309a/milanq/pkgs/libnl-3.2.25/lib]
  collapse library dir [/cm/shared/ex3-modules/202309a/milanq/pkgs/numactl-2.0.13/lib/../lib] ==> [/cm/shared/ex3-modules/202309a/milanq/pkgs/numactl-2.0.13/lib]
  collapse library dir [/cm/shared/ex3-modules/202309a/milanq/pkgs/libevent-2.1.12-stable/lib/../lib] ==> [/cm/shared/ex3-modules/202309a/milanq/pkgs/libevent-2.1.12-stable/lib]
  collapse library dir [/cm/shared/ex3-modules/202309a/milanq/pkgs/knem-1.1.4/lib/../lib] ==> [/cm/shared/ex3-modules/202309a/milanq/pkgs/knem-1.1.4/lib]
  collapse library dir [/cm/shared/ex3-modules/202309a/milanq/pkgs/hwloc-2.7.1/lib/../lib] ==> [/cm/shared/ex3-modules/202309a/milanq/pkgs/hwloc-2.7.1/lib]
  collapse library dir [/cm/shared/ex3-modules/0.6.1/pkgs/fftw-3.3.8/lib/../lib] ==> [/cm/shared/ex3-modules/0.6.1/pkgs/fftw-3.3.8/lib]
  collapse library dir [/cm/shared/ex3-modules/0.6.1/pkgs/lapack-3.9.0/lib/../lib] ==> [/cm/shared/ex3-modules/0.6.1/pkgs/lapack-3.9.0/lib]
  collapse library dir [/cm/shared/ex3-modules/0.6.1/pkgs/openblas-0.3.12/lib/../lib] ==> [/cm/shared/ex3-modules/0.6.1/pkgs/openblas-0.3.12/lib]
  collapse library dir [/cm/shared/ex3-modules/0.6.1/pkgs/gcc-8.4.0/lib64/../lib] ==> [/cm/shared/ex3-modules/0.6.1/pkgs/gcc-8.4.0/lib]
  collapse library dir [/cm/shared/ex3-modules/0.6.1/pkgs/freetype-2.10.1/lib/../lib] ==> [/cm/shared/ex3-modules/0.6.1/pkgs/freetype-2.10.1/lib]
  collapse library dir [/cm/shared/ex3-modules/0.6.1/pkgs/libpng-1.6.37/lib/../lib] ==> [/cm/shared/ex3-modules/0.6.1/pkgs/libpng-1.6.37/lib]
  collapse library dir [/cm/shared/ex3-modules/0.6.1/pkgs/python-3.7.4/lib/../lib] ==> [/cm/shared/ex3-modules/0.6.1/pkgs/python-3.7.4/lib]
  collapse library dir [/cm/shared/ex3-modules/0.6.1/pkgs/sqlite-3.31.1/lib/../lib] ==> [/cm/shared/ex3-modules/0.6.1/pkgs/sqlite-3.31.1/lib]
  collapse library dir [/cm/shared/ex3-modules/0.6.1/pkgs/libffi-3.2.1/lib/../lib] ==> [/cm/shared/ex3-modules/0.6.1/pkgs/libffi-3.2.1/lib]
  collapse library dir [/cm/shared/ex3-modules/0.6.1/pkgs/readline-8.0/lib/../lib] ==> [/cm/shared/ex3-modules/0.6.1/pkgs/readline-8.0/lib]
  collapse library dir [/cm/shared/ex3-modules/0.6.1/pkgs/ncurses-6.1/lib/../lib] ==> [/cm/shared/ex3-modules/0.6.1/pkgs/ncurses-6.1/lib]
  collapse library dir [/cm/shared/ex3-modules/0.6.1/pkgs/xz-5.2.5/lib/../lib] ==> [/cm/shared/ex3-modules/0.6.1/pkgs/xz-5.2.5/lib]
  collapse library dir [/cm/shared/ex3-modules/0.6.1/pkgs/bzip2-1.0.8/lib/../lib] ==> [/cm/shared/ex3-modules/0.6.1/pkgs/bzip2-1.0.8/lib]
  collapse library dir [/cm/shared/ex3-modules/0.6.1/pkgs/openssl-1.1.1c/lib/../lib] ==> [/cm/shared/ex3-modules/0.6.1/pkgs/openssl-1.1.1c/lib]
  collapse library dir [/cm/shared/apps/slurm/current/lib64/../lib] ==> [/cm/shared/apps/slurm/current/lib]
  collapse library dir [/usr/lib/gcc/x86_64-linux-gnu/11] ==> [/usr/lib/gcc/x86_64-linux-gnu/11]
  collapse library dir [/usr/lib/gcc/x86_64-linux-gnu/11/../../../x86_64-linux-gnu] ==> [/usr/lib/x86_64-linux-gnu]
  collapse library dir [/usr/lib/gcc/x86_64-linux-gnu/11/../../../../lib] ==> [/usr/lib]
  collapse library dir [/lib/x86_64-linux-gnu] ==> [/lib/x86_64-linux-gnu]
  collapse library dir [/lib/../lib] ==> [/lib]
  collapse library dir [/usr/lib/x86_64-linux-gnu] ==> [/usr/lib/x86_64-linux-gnu]
  collapse library dir [/usr/lib/../lib] ==> [/usr/lib]
  collapse library dir [/home/andreast/modules/flow/202309a/rpp-dune-amgcpr-branch/lib] ==> [/home/andreast/modules/flow/202309a/rpp-dune-amgcpr-branch/lib]
  collapse library dir [/home/andreast/modules/zoltan/202309a/12.16/lib] ==> [/home/andreast/modules/zoltan/202309a/12.16/lib]
  collapse library dir [/home/andreast/modules/dune/202309a/mod-2.7.1/lib] ==> [/home/andreast/modules/dune/202309a/mod-2.7.1/lib]
  collapse library dir [/cm/shared/ex3-modules/202309a/milanq/pkgs/suitesparse-32-5.12.0/lib] ==> [/cm/shared/ex3-modules/202309a/milanq/pkgs/suitesparse-32-5.12.0/lib]
  collapse library dir [/cm/shared/ex3-modules/202309a/milanq/pkgs/mpfr-4.0.2/lib] ==> [/cm/shared/ex3-modules/202309a/milanq/pkgs/mpfr-4.0.2/lib]
  collapse library dir [/cm/shared/ex3-modules/202309a/milanq/pkgs/gmp-6.1.2/lib] ==> [/cm/shared/ex3-modules/202309a/milanq/pkgs/gmp-6.1.2/lib]
  collapse library dir [/cm/shared/ex3-modules/202309a/milanq/pkgs/parmetis-32-4.0.3/lib] ==> [/cm/shared/ex3-modules/202309a/milanq/pkgs/parmetis-32-4.0.3/lib]
  collapse library dir [/cm/shared/ex3-modules/202309a/milanq/pkgs/metis-32-5.1.0/lib] ==> [/cm/shared/ex3-modules/202309a/milanq/pkgs/metis-32-5.1.0/lib]
  collapse library dir [/cm/shared/ex3-modules/202309a/milanq/pkgs/boost-1.73.0/lib] ==> [/cm/shared/ex3-modules/202309a/milanq/pkgs/boost-1.73.0/lib]
  collapse library dir [/cm/shared/ex3-modules/202309a/milanq/pkgs/xz-5.2.7/lib] ==> [/cm/shared/ex3-modules/202309a/milanq/pkgs/xz-5.2.7/lib]
  collapse library dir [/cm/shared/ex3-modules/202309a/milanq/pkgs/openblas-0.3.21/lib] ==> [/cm/shared/ex3-modules/202309a/milanq/pkgs/openblas-0.3.21/lib]
  collapse library dir [/cm/shared/ex3-modules/202309a/milanq/pkgs/openmpi-4.1.4/lib] ==> [/cm/shared/ex3-modules/202309a/milanq/pkgs/openmpi-4.1.4/lib]
  collapse library dir [/cm/shared/ex3-modules/202309a/milanq/pkgs/util-linux-2.34/lib] ==> [/cm/shared/ex3-modules/202309a/milanq/pkgs/util-linux-2.34/lib]
  collapse library dir [/cm/shared/ex3-modules/202309a/milanq/pkgs/libfabric-1.17.0/lib] ==> [/cm/shared/ex3-modules/202309a/milanq/pkgs/libfabric-1.17.0/lib]
  collapse library dir [/cm/shared/ex3-modules/202309a/milanq/pkgs/ucx-1.12.1/lib] ==> [/cm/shared/ex3-modules/202309a/milanq/pkgs/ucx-1.12.1/lib]
  collapse library dir [/cm/shared/ex3-modules/202309a/milanq/pkgs/rdma-core-44.0/lib] ==> [/cm/shared/ex3-modules/202309a/milanq/pkgs/rdma-core-44.0/lib]
  collapse library dir [/cm/shared/ex3-modules/202309a/milanq/pkgs/libnl-3.2.25/lib] ==> [/cm/shared/ex3-modules/202309a/milanq/pkgs/libnl-3.2.25/lib]
  collapse library dir [/cm/shared/ex3-modules/202309a/milanq/pkgs/numactl-2.0.13/lib] ==> [/cm/shared/ex3-modules/202309a/milanq/pkgs/numactl-2.0.13/lib]
  collapse library dir [/cm/shared/ex3-modules/202309a/milanq/pkgs/libevent-2.1.12-stable/lib] ==> [/cm/shared/ex3-modules/202309a/milanq/pkgs/libevent-2.1.12-stable/lib]
  collapse library dir [/cm/shared/ex3-modules/202309a/milanq/pkgs/knem-1.1.4/lib] ==> [/cm/shared/ex3-modules/202309a/milanq/pkgs/knem-1.1.4/lib]
  collapse library dir [/cm/shared/ex3-modules/202309a/milanq/pkgs/hwloc-2.7.1/lib] ==> [/cm/shared/ex3-modules/202309a/milanq/pkgs/hwloc-2.7.1/lib]
  collapse library dir [/cm/shared/ex3-modules/0.6.1/pkgs/fftw-3.3.8/lib] ==> [/cm/shared/ex3-modules/0.6.1/pkgs/fftw-3.3.8/lib]
  collapse library dir [/cm/shared/ex3-modules/0.6.1/pkgs/lapack-3.9.0/lib] ==> [/cm/shared/ex3-modules/0.6.1/pkgs/lapack-3.9.0/lib]
  collapse library dir [/cm/shared/ex3-modules/0.6.1/pkgs/openblas-0.3.12/lib] ==> [/cm/shared/ex3-modules/0.6.1/pkgs/openblas-0.3.12/lib]
  collapse library dir [/cm/shared/ex3-modules/0.6.1/pkgs/gcc-8.4.0/lib64] ==> [/cm/shared/ex3-modules/0.6.1/pkgs/gcc-8.4.0/lib64]
  collapse library dir [/cm/shared/ex3-modules/0.6.1/pkgs/freetype-2.10.1/lib] ==> [/cm/shared/ex3-modules/0.6.1/pkgs/freetype-2.10.1/lib]
  collapse library dir [/cm/shared/ex3-modules/0.6.1/pkgs/libpng-1.6.37/lib] ==> [/cm/shared/ex3-modules/0.6.1/pkgs/libpng-1.6.37/lib]
  collapse library dir [/cm/shared/ex3-modules/0.6.1/pkgs/python-3.7.4/lib] ==> [/cm/shared/ex3-modules/0.6.1/pkgs/python-3.7.4/lib]
  collapse library dir [/cm/shared/ex3-modules/0.6.1/pkgs/sqlite-3.31.1/lib] ==> [/cm/shared/ex3-modules/0.6.1/pkgs/sqlite-3.31.1/lib]
  collapse library dir [/cm/shared/ex3-modules/0.6.1/pkgs/libffi-3.2.1/lib] ==> [/cm/shared/ex3-modules/0.6.1/pkgs/libffi-3.2.1/lib]
  collapse library dir [/cm/shared/ex3-modules/0.6.1/pkgs/readline-8.0/lib] ==> [/cm/shared/ex3-modules/0.6.1/pkgs/readline-8.0/lib]
  collapse library dir [/cm/shared/ex3-modules/0.6.1/pkgs/ncurses-6.1/lib] ==> [/cm/shared/ex3-modules/0.6.1/pkgs/ncurses-6.1/lib]
  collapse library dir [/cm/shared/ex3-modules/0.6.1/pkgs/xz-5.2.5/lib] ==> [/cm/shared/ex3-modules/0.6.1/pkgs/xz-5.2.5/lib]
  collapse library dir [/cm/shared/ex3-modules/0.6.1/pkgs/bzip2-1.0.8/lib] ==> [/cm/shared/ex3-modules/0.6.1/pkgs/bzip2-1.0.8/lib]
  collapse library dir [/cm/shared/ex3-modules/0.6.1/pkgs/openssl-1.1.1c/lib] ==> [/cm/shared/ex3-modules/0.6.1/pkgs/openssl-1.1.1c/lib]
  collapse library dir [/cm/shared/apps/slurm/current/lib64/slurm] ==> [/cm/shared/apps/slurm/current/lib64/slurm]
  collapse library dir [/cm/shared/apps/slurm/current/lib64] ==> [/cm/shared/apps/slurm/current/lib64]
  collapse library dir [/usr/lib/gcc/x86_64-linux-gnu/11/../../..] ==> [/usr/lib]
  implicit libs: [gcc;gcc_s;c;gcc;gcc_s]
  implicit dirs: [/home/andreast/modules/flow/202309a/rpp-dune-amgcpr-branch/lib;/home/andreast/modules/zoltan/202309a/12.16/lib;/home/andreast/modules/dune/202309a/mod-2.7.1/lib;/cm/shared/ex3-modules/202309a/milanq/pkgs/suitesparse-32-5.12.0/lib;/cm/shared/ex3-modules/202309a/milanq/pkgs/mpfr-4.0.2/lib;/cm/shared/ex3-modules/202309a/milanq/pkgs/gmp-6.1.2/lib;/cm/shared/ex3-modules/202309a/milanq/pkgs/parmetis-32-4.0.3/lib;/cm/shared/ex3-modules/202309a/milanq/pkgs/metis-32-5.1.0/lib;/cm/shared/ex3-modules/202309a/milanq/pkgs/boost-1.73.0/lib;/cm/shared/ex3-modules/202309a/milanq/pkgs/xz-5.2.7/lib;/cm/shared/ex3-modules/202309a/milanq/pkgs/openblas-0.3.21/lib;/cm/shared/ex3-modules/202309a/milanq/pkgs/openmpi-4.1.4/lib;/cm/shared/ex3-modules/202309a/milanq/pkgs/util-linux-2.34/lib;/cm/shared/ex3-modules/202309a/milanq/pkgs/libfabric-1.17.0/lib;/cm/shared/ex3-modules/202309a/milanq/pkgs/ucx-1.12.1/lib;/cm/shared/ex3-modules/202309a/milanq/pkgs/rdma-core-44.0/lib;/cm/shared/ex3-modules/202309a/milanq/pkgs/libnl-3.2.25/lib;/cm/shared/ex3-modules/202309a/milanq/pkgs/numactl-2.0.13/lib;/cm/shared/ex3-modules/202309a/milanq/pkgs/libevent-2.1.12-stable/lib;/cm/shared/ex3-modules/202309a/milanq/pkgs/knem-1.1.4/lib;/cm/shared/ex3-modules/202309a/milanq/pkgs/hwloc-2.7.1/lib;/cm/shared/ex3-modules/0.6.1/pkgs/fftw-3.3.8/lib;/cm/shared/ex3-modules/0.6.1/pkgs/lapack-3.9.0/lib;/cm/shared/ex3-modules/0.6.1/pkgs/openblas-0.3.12/lib;/cm/shared/ex3-modules/0.6.1/pkgs/gcc-8.4.0/lib;/cm/shared/ex3-modules/0.6.1/pkgs/freetype-2.10.1/lib;/cm/shared/ex3-modules/0.6.1/pkgs/libpng-1.6.37/lib;/cm/shared/ex3-modules/0.6.1/pkgs/python-3.7.4/lib;/cm/shared/ex3-modules/0.6.1/pkgs/sqlite-3.31.1/lib;/cm/shared/ex3-modules/0.6.1/pkgs/libffi-3.2.1/lib;/cm/shared/ex3-modules/0.6.1/pkgs/readline-8.0/lib;/cm/shared/ex3-modules/0.6.1/pkgs/ncurses-6.1/lib;/cm/shared/ex3-modules/0.6.1/pkgs/xz-5.2.5/lib;/cm/shared/ex3-modules/0.6.1/pkgs/bzip2-1.0.8/lib;/cm/shared/ex3-modules/0.6.1/pkgs/openssl-1.1.1c/lib;/cm/shared/apps/slurm/current/lib;/usr/lib/gcc/x86_64-linux-gnu/11;/usr/lib/x86_64-linux-gnu;/usr/lib;/lib/x86_64-linux-gnu;/lib;/cm/shared/ex3-modules/0.6.1/pkgs/gcc-8.4.0/lib64;/cm/shared/apps/slurm/current/lib64/slurm;/cm/shared/apps/slurm/current/lib64]
  implicit fwks: []


Compiling the Fortran compiler identification source file "CMakeFortranCompilerId.F" succeeded.
Compiler: /usr/bin/gfortran 
Build flags: 
Id flags: -v 

The output was:
0
Driving: /usr/bin/gfortran -v CMakeFortranCompilerId.F -l gfortran -l m -shared-libgcc
Using built-in specs.
COLLECT_GCC=/usr/bin/gfortran
COLLECT_LTO_WRAPPER=/usr/lib/gcc/x86_64-linux-gnu/11/lto-wrapper
OFFLOAD_TARGET_NAMES=nvptx-none:amdgcn-amdhsa
OFFLOAD_TARGET_DEFAULT=1
Target: x86_64-linux-gnu
Configured with: ../src/configure -v --with-pkgversion='Ubuntu 11.4.0-1ubuntu1~22.04' --with-bugurl=file:///usr/share/doc/gcc-11/README.Bugs --enable-languages=c,ada,c++,go,brig,d,fortran,objc,obj-c++,m2 --prefix=/usr --with-gcc-major-version-only --program-suffix=-11 --program-prefix=x86_64-linux-gnu- --enable-shared --enable-linker-build-id --libexecdir=/usr/lib --without-included-gettext --enable-threads=posix --libdir=/usr/lib --enable-nls --enable-bootstrap --enable-clocale=gnu --enable-libstdcxx-debug --enable-libstdcxx-time=yes --with-default-libstdcxx-abi=new --enable-gnu-unique-object --disable-vtable-verify --enable-plugin --enable-default-pie --with-system-zlib --enable-libphobos-checking=release --with-target-system-zlib=auto --enable-objc-gc=auto --enable-multiarch --disable-werror --enable-cet --with-arch-32=i686 --with-abi=m64 --with-multilib-list=m32,m64,mx32 --enable-multilib --with-tune=generic --enable-offload-targets=nvptx-none=/build/gcc-11-XeT9lY/gcc-11-11.4.0/debian/tmp-nvptx/usr,amdgcn-amdhsa=/build/gcc-11-XeT9lY/gcc-11-11.4.0/debian/tmp-gcn/usr --without-cuda-driver --enable-checking=release --build=x86_64-linux-gnu --host=x86_64-linux-gnu --target=x86_64-linux-gnu --with-build-config=bootstrap-lto-lean --enable-link-serialization=2
Thread model: posix
Supported LTO compression algorithms: zlib zstd
gcc version 11.4.0 (Ubuntu 11.4.0-1ubuntu1~22.04) 
COLLECT_GCC_OPTIONS='-v' '-shared-libgcc' '-mtune=generic' '-march=x86-64' '-dumpdir' 'a-'
 /usr/lib/gcc/x86_64-linux-gnu/11/f951 CMakeFortranCompilerId.F -ffixed-form -cpp=/tmp/ccCJ1c7K.f90 -quiet -v -imultiarch x86_64-linux-gnu CMakeFortranCompilerId.F -quiet -dumpdir a- -dumpbase CMakeFortranCompilerId.F -dumpbase-ext .F -mtune=generic -march=x86-64 -version -fintrinsic-modules-path /usr/lib/gcc/x86_64-linux-gnu/11/finclude -fpre-include=/usr/include/finclude/math-vector-fortran.h -o /tmp/cc1kgIUX.s
GNU Fortran (Ubuntu 11.4.0-1ubuntu1~22.04) version 11.4.0 (x86_64-linux-gnu)
	compiled by GNU C version 11.4.0, GMP version 6.2.1, MPFR version 4.1.0, MPC version 1.2.1, isl version isl-0.24-GMP

warning: GMP header version 6.2.1 differs from library version 6.1.2.
warning: MPFR header version 4.1.0 differs from library version 4.0.2.
GGC heuristics: --param ggc-min-expand=100 --param ggc-min-heapsize=131072
ignoring nonexistent directory "/usr/local/include/x86_64-linux-gnu"
ignoring nonexistent directory "/usr/lib/gcc/x86_64-linux-gnu/11/include-fixed"
ignoring nonexistent directory "/usr/lib/gcc/x86_64-linux-gnu/11/../../../../x86_64-linux-gnu/include"
#include "..." search starts here:
#include <...> search starts here:
 /usr/lib/gcc/x86_64-linux-gnu/11/finclude
 /cm/shared/apps/slurm/current/include
 /home/andreast/modules/flow/202309a/rpp-dune-amgcpr-branch/include
 /home/andreast/modules/zoltan/202309a/12.16/include
 /home/andreast/modules/dune/202309a/mod-2.7.1/include
 /cm/shared/ex3-modules/202309a/milanq/pkgs/suitesparse-32-5.12.0/include
 /cm/shared/ex3-modules/202309a/milanq/pkgs/mpfr-4.0.2/include
 /cm/shared/ex3-modules/202309a/milanq/pkgs/gmp-6.1.2/include
 /cm/shared/ex3-modules/202309a/milanq/pkgs/parmetis-32-4.0.3/include
 /cm/shared/ex3-modules/202309a/milanq/pkgs/metis-32-5.1.0/include
 /cm/shared/ex3-modules/202309a/milanq/pkgs/boost-1.73.0/include
 /cm/shared/ex3-modules/202309a/milanq/pkgs/xz-5.2.7/include
 /cm/shared/ex3-modules/202309a/milanq/pkgs/openblas-0.3.21/include
 /cm/shared/ex3-modules/202309a/milanq/pkgs/openmpi-4.1.4/include
 /cm/shared/ex3-modules/202309a/milanq/pkgs/util-linux-2.34/include
 /cm/shared/ex3-modules/202309a/milanq/pkgs/libfabric-1.17.0/include
 /cm/shared/ex3-modules/202309a/milanq/pkgs/ucx-1.12.1/include
 /cm/shared/ex3-modules/202309a/milanq/pkgs/rdma-core-44.0/include
 /cm/shared/ex3-modules/202309a/milanq/pkgs/libnl-3.2.25/include/libnl3
 /cm/shared/ex3-modules/202309a/milanq/pkgs/numactl-2.0.13/include
 /cm/shared/ex3-modules/202309a/milanq/pkgs/libevent-2.1.12-stable/include
 /cm/shared/ex3-modules/202309a/milanq/pkgs/knem-1.1.4/include
 /cm/shared/ex3-modules/202309a/milanq/pkgs/hwloc-2.7.1/include
 /cm/shared/ex3-modules/0.6.1/pkgs/fftw-3.3.8/include
 /cm/shared/ex3-modules/0.6.1/pkgs/lapack-3.9.0/include
 /cm/shared/ex3-modules/0.6.1/pkgs/openblas-0.3.12/include
 /cm/shared/ex3-modules/0.6.1/pkgs/freetype-2.10.1/include
 /cm/shared/ex3-modules/0.6.1/pkgs/libpng-1.6.37/include
 /cm/shared/ex3-modules/0.6.1/pkgs/python-3.7.4/include/python3.7m
 /cm/shared/ex3-modules/0.6.1/pkgs/sqlite-3.31.1/include
 /cm/shared/ex3-modules/0.6.1/pkgs/libffi-3.2.1/include
 /cm/shared/ex3-modules/0.6.1/pkgs/readline-8.0/include
 /cm/shared/ex3-modules/0.6.1/pkgs/ncurses-6.1/include
 /cm/shared/ex3-modules/0.6.1/pkgs/xz-5.2.5/include
 /cm/shared/ex3-modules/0.6.1/pkgs/bzip2-1.0.8/include
 /cm/shared/ex3-modules/0.6.1/pkgs/openssl-1.1.1c/include
 /usr/lib/gcc/x86_64-linux-gnu/11/include
 /usr/local/include
 /usr/include/x86_64-linux-gnu
 /usr/include
End of search list.
GNU Fortran2008 (Ubuntu 11.4.0-1ubuntu1~22.04) version 11.4.0 (x86_64-linux-gnu)
	compiled by GNU C version 11.4.0, GMP version 6.2.1, MPFR version 4.1.0, MPC version 1.2.1, isl version isl-0.24-GMP

warning: GMP header version 6.2.1 differs from library version 6.1.2.
warning: MPFR header version 4.1.0 differs from library version 4.0.2.
GGC heuristics: --param ggc-min-expand=100 --param ggc-min-heapsize=131072
COLLECT_GCC_OPTIONS='-v' '-shared-libgcc' '-mtune=generic' '-march=x86-64' '-dumpdir' 'a-'
 as -v --64 -o /tmp/cc4JYeuj.o /tmp/cc1kgIUX.s
GNU assembler version 2.38 (x86_64-linux-gnu) using BFD version (GNU Binutils for Ubuntu) 2.38
Reading specs from /usr/lib/gcc/x86_64-linux-gnu/11/libgfortran.spec
rename spec lib to liborig
COLLECT_GCC_OPTIONS='-v' '-shared-libgcc' '-mtune=generic' '-march=x86-64' '-dumpdir' 'a-'
COMPILER_PATH=/usr/lib/gcc/x86_64-linux-gnu/11/:/usr/lib/gcc/x86_64-linux-gnu/11/:/usr/lib/gcc/x86_64-linux-gnu/:/usr/lib/gcc/x86_64-linux-gnu/11/:/usr/lib/gcc/x86_64-linux-gnu/
LIBRARY_PATH=/home/andreast/modules/flow/202309a/rpp-dune-amgcpr-branch/lib/../lib/:/home/andreast/modules/zoltan/202309a/12.16/lib/../lib/:/home/andreast/modules/dune/202309a/mod-2.7.1/lib/../lib/:/cm/shared/ex3-modules/202309a/milanq/pkgs/suitesparse-32-5.12.0/lib/../lib/:/cm/shared/ex3-modules/202309a/milanq/pkgs/mpfr-4.0.2/lib/../lib/:/cm/shared/ex3-modules/202309a/milanq/pkgs/gmp-6.1.2/lib/../lib/:/cm/shared/ex3-modules/202309a/milanq/pkgs/parmetis-32-4.0.3/lib/../lib/:/cm/shared/ex3-modules/202309a/milanq/pkgs/metis-32-5.1.0/lib/../lib/:/cm/shared/ex3-modules/202309a/milanq/pkgs/boost-1.73.0/lib/../lib/:/cm/shared/ex3-modules/202309a/milanq/pkgs/xz-5.2.7/lib/../lib/:/cm/shared/ex3-modules/202309a/milanq/pkgs/openblas-0.3.21/lib/../lib/:/cm/shared/ex3-modules/202309a/milanq/pkgs/openmpi-4.1.4/lib/../lib/:/cm/shared/ex3-modules/202309a/milanq/pkgs/util-linux-2.34/lib/../lib/:/cm/shared/ex3-modules/202309a/milanq/pkgs/libfabric-1.17.0/lib/../lib/:/cm/shared/ex3-modules/202309a/milanq/pkgs/ucx-1.12.1/lib/../lib/:/cm/shared/ex3-modules/202309a/milanq/pkgs/rdma-core-44.0/lib/../lib/:/cm/shared/ex3-modules/202309a/milanq/pkgs/libnl-3.2.25/lib/../lib/:/cm/shared/ex3-modules/202309a/milanq/pkgs/numactl-2.0.13/lib/../lib/:/cm/shared/ex3-modules/202309a/milanq/pkgs/libevent-2.1.12-stable/lib/../lib/:/cm/shared/ex3-modules/202309a/milanq/pkgs/knem-1.1.4/lib/../lib/:/cm/shared/ex3-modules/202309a/milanq/pkgs/hwloc-2.7.1/lib/../lib/:/cm/shared/ex3-modules/0.6.1/pkgs/fftw-3.3.8/lib/../lib/:/cm/shared/ex3-modules/0.6.1/pkgs/lapack-3.9.0/lib/../lib/:/cm/shared/ex3-modules/0.6.1/pkgs/openblas-0.3.12/lib/../lib/:/cm/shared/ex3-modules/0.6.1/pkgs/gcc-8.4.0/lib64/../lib/:/cm/shared/ex3-modules/0.6.1/pkgs/freetype-2.10.1/lib/../lib/:/cm/shared/ex3-modules/0.6.1/pkgs/libpng-1.6.37/lib/../lib/:/cm/shared/ex3-modules/0.6.1/pkgs/python-3.7.4/lib/../lib/:/cm/shared/ex3-modules/0.6.1/pkgs/sqlite-3.31.1/lib/../lib/:/cm/shared/ex3-modules/0.6.1/pkgs/libffi-3.2.1/lib/../lib/:/cm/shared/ex3-modules/0.6.1/pkgs/readline-8.0/lib/../lib/:/cm/shared/ex3-modules/0.6.1/pkgs/ncurses-6.1/lib/../lib/:/cm/shared/ex3-modules/0.6.1/pkgs/xz-5.2.5/lib/../lib/:/cm/shared/ex3-modules/0.6.1/pkgs/bzip2-1.0.8/lib/../lib/:/cm/shared/ex3-modules/0.6.1/pkgs/openssl-1.1.1c/lib/../lib/:/cm/shared/apps/slurm/current/lib64/../lib/:/usr/lib/gcc/x86_64-linux-gnu/11/:/usr/lib/gcc/x86_64-linux-gnu/11/../../../x86_64-linux-gnu/:/usr/lib/gcc/x86_64-linux-gnu/11/../../../../lib/:/lib/x86_64-linux-gnu/:/lib/../lib/:/usr/lib/x86_64-linux-gnu/:/usr/lib/../lib/:/home/andreast/modules/flow/202309a/rpp-dune-amgcpr-branch/lib/:/home/andreast/modules/zoltan/202309a/12.16/lib/:/home/andreast/modules/dune/202309a/mod-2.7.1/lib/:/cm/shared/ex3-modules/202309a/milanq/pkgs/suitesparse-32-5.12.0/lib/:/cm/shared/ex3-modules/202309a/milanq/pkgs/mpfr-4.0.2/lib/:/cm/shared/ex3-modules/202309a/milanq/pkgs/gmp-6.1.2/lib/:/cm/shared/ex3-modules/202309a/milanq/pkgs/parmetis-32-4.0.3/lib/:/cm/shared/ex3-modules/202309a/milanq/pkgs/metis-32-5.1.0/lib/:/cm/shared/ex3-modules/202309a/milanq/pkgs/boost-1.73.0/lib/:/cm/shared/ex3-modules/202309a/milanq/pkgs/xz-5.2.7/lib/:/cm/shared/ex3-modules/202309a/milanq/pkgs/openblas-0.3.21/lib/:/cm/shared/ex3-modules/202309a/milanq/pkgs/openmpi-4.1.4/lib/:/cm/shared/ex3-modules/202309a/milanq/pkgs/util-linux-2.34/lib/:/cm/shared/ex3-modules/202309a/milanq/pkgs/libfabric-1.17.0/lib/:/cm/shared/ex3-modules/202309a/milanq/pkgs/ucx-1.12.1/lib/:/cm/shared/ex3-modules/202309a/milanq/pkgs/rdma-core-44.0/lib/:/cm/shared/ex3-modules/202309a/milanq/pkgs/libnl-3.2.25/lib/:/cm/shared/ex3-modules/202309a/milanq/pkgs/numactl-2.0.13/lib/:/cm/shared/ex3-modules/202309a/milanq/pkgs/libevent-2.1.12-stable/lib/:/cm/shared/ex3-modules/202309a/milanq/pkgs/knem-1.1.4/lib/:/cm/shared/ex3-modules/202309a/milanq/pkgs/hwloc-2.7.1/lib/:/cm/shared/ex3-modules/0.6.1/pkgs/fftw-3.3.8/lib/:/cm/shared/ex3-modules/0.6.1/pkgs/lapack-3.9.0/lib/:/cm/shared/ex3-modules/0.6.1/pkgs/openblas-0.3.12/lib/:/cm/shared/ex3-modules/0.6.1/pkgs/gcc-8.4.0/lib64/:/cm/shared/ex3-modules/0.6.1/pkgs/freetype-2.10.1/lib/:/cm/shared/ex3-modules/0.6.1/pkgs/libpng-1.6.37/lib/:/cm/shared/ex3-modules/0.6.1/pkgs/python-3.7.4/lib/:/cm/shared/ex3-modules/0.6.1/pkgs/sqlite-3.31.1/lib/:/cm/shared/ex3-modules/0.6.1/pkgs/libffi-3.2.1/lib/:/cm/shared/ex3-modules/0.6.1/pkgs/readline-8.0/lib/:/cm/shared/ex3-modules/0.6.1/pkgs/ncurses-6.1/lib/:/cm/shared/ex3-modules/0.6.1/pkgs/xz-5.2.5/lib/:/cm/shared/ex3-modules/0.6.1/pkgs/bzip2-1.0.8/lib/:/cm/shared/ex3-modules/0.6.1/pkgs/openssl-1.1.1c/lib/:/cm/shared/apps/slurm/current/lib64/slurm/:/cm/shared/apps/slurm/current/lib64/:/usr/lib/gcc/x86_64-linux-gnu/11/../../../:/lib/:/usr/lib/
COLLECT_GCC_OPTIONS='-v' '-shared-libgcc' '-mtune=generic' '-march=x86-64' '-dumpdir' 'a.'
 /usr/lib/gcc/x86_64-linux-gnu/11/collect2 -plugin /usr/lib/gcc/x86_64-linux-gnu/11/liblto_plugin.so -plugin-opt=/usr/lib/gcc/x86_64-linux-gnu/11/lto-wrapper -plugin-opt=-fresolution=/tmp/ccPPNtJ9.res -plugin-opt=-pass-through=-lgcc_s -plugin-opt=-pass-through=-lgcc -plugin-opt=-pass-through=-lquadmath -plugin-opt=-pass-through=-lm -plugin-opt=-pass-through=-lgcc_s -plugin-opt=-pass-through=-lgcc -plugin-opt=-pass-through=-lc -plugin-opt=-pass-through=-lgcc_s -plugin-opt=-pass-through=-lgcc --build-id --eh-frame-hdr -m elf_x86_64 --hash-style=gnu --as-needed -dynamic-linker /lib64/ld-linux-x86-64.so.2 -pie -z now -z relro /usr/lib/gcc/x86_64-linux-gnu/11/../../../x86_64-linux-gnu/Scrt1.o /usr/lib/gcc/x86_64-linux-gnu/11/../../../x86_64-linux-gnu/crti.o /usr/lib/gcc/x86_64-linux-gnu/11/crtbeginS.o -L/home/andreast/modules/flow/202309a/rpp-dune-amgcpr-branch/lib/../lib -L/home/andreast/modules/zoltan/202309a/12.16/lib/../lib -L/home/andreast/modules/dune/202309a/mod-2.7.1/lib/../lib -L/cm/shared/ex3-modules/202309a/milanq/pkgs/suitesparse-32-5.12.0/lib/../lib -L/cm/shared/ex3-modules/202309a/milanq/pkgs/mpfr-4.0.2/lib/../lib -L/cm/shared/ex3-modules/202309a/milanq/pkgs/gmp-6.1.2/lib/../lib -L/cm/shared/ex3-modules/202309a/milanq/pkgs/parmetis-32-4.0.3/lib/../lib -L/cm/shared/ex3-modules/202309a/milanq/pkgs/metis-32-5.1.0/lib/../lib -L/cm/shared/ex3-modules/202309a/milanq/pkgs/boost-1.73.0/lib/../lib -L/cm/shared/ex3-modules/202309a/milanq/pkgs/xz-5.2.7/lib/../lib -L/cm/shared/ex3-modules/202309a/milanq/pkgs/openblas-0.3.21/lib/../lib -L/cm/shared/ex3-modules/202309a/milanq/pkgs/openmpi-4.1.4/lib/../lib -L/cm/shared/ex3-modules/202309a/milanq/pkgs/util-linux-2.34/lib/../lib -L/cm/shared/ex3-modules/202309a/milanq/pkgs/libfabric-1.17.0/lib/../lib -L/cm/shared/ex3-modules/202309a/milanq/pkgs/ucx-1.12.1/lib/../lib -L/cm/shared/ex3-modules/202309a/milanq/pkgs/rdma-core-44.0/lib/../lib -L/cm/shared/ex3-modules/202309a/milanq/pkgs/libnl-3.2.25/lib/../lib -L/cm/shared/ex3-modules/202309a/milanq/pkgs/numactl-2.0.13/lib/../lib -L/cm/shared/ex3-modules/202309a/milanq/pkgs/libevent-2.1.12-stable/lib/../lib -L/cm/shared/ex3-modules/202309a/milanq/pkgs/knem-1.1.4/lib/../lib -L/cm/shared/ex3-modules/202309a/milanq/pkgs/hwloc-2.7.1/lib/../lib -L/cm/shared/ex3-modules/0.6.1/pkgs/fftw-3.3.8/lib/../lib -L/cm/shared/ex3-modules/0.6.1/pkgs/lapack-3.9.0/lib/../lib -L/cm/shared/ex3-modules/0.6.1/pkgs/openblas-0.3.12/lib/../lib -L/cm/shared/ex3-modules/0.6.1/pkgs/gcc-8.4.0/lib64/../lib -L/cm/shared/ex3-modules/0.6.1/pkgs/freetype-2.10.1/lib/../lib -L/cm/shared/ex3-modules/0.6.1/pkgs/libpng-1.6.37/lib/../lib -L/cm/shared/ex3-modules/0.6.1/pkgs/python-3.7.4/lib/../lib -L/cm/shared/ex3-modules/0.6.1/pkgs/sqlite-3.31.1/lib/../lib -L/cm/shared/ex3-modules/0.6.1/pkgs/libffi-3.2.1/lib/../lib -L/cm/shared/ex3-modules/0.6.1/pkgs/readline-8.0/lib/../lib -L/cm/shared/ex3-modules/0.6.1/pkgs/ncurses-6.1/lib/../lib -L/cm/shared/ex3-modules/0.6.1/pkgs/xz-5.2.5/lib/../lib -L/cm/shared/ex3-modules/0.6.1/pkgs/bzip2-1.0.8/lib/../lib -L/cm/shared/ex3-modules/0.6.1/pkgs/openssl-1.1.1c/lib/../lib -L/cm/shared/apps/slurm/current/lib64/../lib -L/usr/lib/gcc/x86_64-linux-gnu/11 -L/usr/lib/gcc/x86_64-linux-gnu/11/../../../x86_64-linux-gnu -L/usr/lib/gcc/x86_64-linux-gnu/11/../../../../lib -L/lib/x86_64-linux-gnu -L/lib/../lib -L/usr/lib/x86_64-linux-gnu -L/usr/lib/../lib -L/home/andreast/modules/flow/202309a/rpp-dune-amgcpr-branch/lib -L/home/andreast/modules/zoltan/202309a/12.16/lib -L/home/andreast/modules/dune/202309a/mod-2.7.1/lib -L/cm/shared/ex3-modules/202309a/milanq/pkgs/suitesparse-32-5.12.0/lib -L/cm/shared/ex3-modules/202309a/milanq/pkgs/mpfr-4.0.2/lib -L/cm/shared/ex3-modules/202309a/milanq/pkgs/gmp-6.1.2/lib -L/cm/shared/ex3-modules/202309a/milanq/pkgs/parmetis-32-4.0.3/lib -L/cm/shared/ex3-modules/202309a/milanq/pkgs/metis-32-5.1.0/lib -L/cm/shared/ex3-modules/202309a/milanq/pkgs/boost-1.73.0/lib -L/cm/shared/ex3-modules/202309a/milanq/pkgs/xz-5.2.7/lib -L/cm/shared/ex3-modules/202309a/milanq/pkgs/openblas-0.3.21/lib -L/cm/shared/ex3-modules/202309a/milanq/pkgs/openmpi-4.1.4/lib -L/cm/shared/ex3-modules/202309a/milanq/pkgs/util-linux-2.34/lib -L/cm/shared/ex3-modules/202309a/milanq/pkgs/libfabric-1.17.0/lib -L/cm/shared/ex3-modules/202309a/milanq/pkgs/ucx-1.12.1/lib -L/cm/shared/ex3-modules/202309a/milanq/pkgs/rdma-core-44.0/lib -L/cm/shared/ex3-modules/202309a/milanq/pkgs/libnl-3.2.25/lib -L/cm/shared/ex3-modules/202309a/milanq/pkgs/numactl-2.0.13/lib -L/cm/shared/ex3-modules/202309a/milanq/pkgs/libevent-2.1.12-stable/lib -L/cm/shared/ex3-modules/202309a/milanq/pkgs/knem-1.1.4/lib -L/cm/shared/ex3-modules/202309a/milanq/pkgs/hwloc-2.7.1/lib -L/cm/shared/ex3-modules/0.6.1/pkgs/fftw-3.3.8/lib -L/cm/shared/ex3-modules/0.6.1/pkgs/lapack-3.9.0/lib -L/cm/shared/ex3-modules/0.6.1/pkgs/openblas-0.3.12/lib -L/cm/shared/ex3-modules/0.6.1/pkgs/gcc-8.4.0/lib64 -L/cm/shared/ex3-modules/0.6.1/pkgs/freetype-2.10.1/lib -L/cm/shared/ex3-modules/0.6.1/pkgs/libpng-1.6.37/lib -L/cm/shared/ex3-modules/0.6.1/pkgs/python-3.7.4/lib -L/cm/shared/ex3-modules/0.6.1/pkgs/sqlite-3.31.1/lib -L/cm/shared/ex3-modules/0.6.1/pkgs/libffi-3.2.1/lib -L/cm/shared/ex3-modules/0.6.1/pkgs/readline-8.0/lib -L/cm/shared/ex3-modules/0.6.1/pkgs/ncurses-6.1/lib -L/cm/shared/ex3-modules/0.6.1/pkgs/xz-5.2.5/lib -L/cm/shared/ex3-modules/0.6.1/pkgs/bzip2-1.0.8/lib -L/cm/shared/ex3-modules/0.6.1/pkgs/openssl-1.1.1c/lib -L/cm/shared/apps/slurm/current/lib64/slurm -L/cm/shared/apps/slurm/current/lib64 -L/usr/lib/gcc/x86_64-linux-gnu/11/../../.. /tmp/cc4JYeuj.o -lgfortran -lm -lgcc_s -lgcc -lquadmath -lm -lgcc_s -lgcc -lc -lgcc_s -lgcc /usr/lib/gcc/x86_64-linux-gnu/11/crtendS.o /usr/lib/gcc/x86_64-linux-gnu/11/../../../x86_64-linux-gnu/crtn.o
COLLECT_GCC_OPTIONS='-v' '-shared-libgcc' '-mtune=generic' '-march=x86-64' '-dumpdir' 'a.'


Compilation of the Fortran compiler identification source "CMakeFortranCompilerId.F" produced "a.out"

The Fortran compiler identification is GNU, found in "/home/erikhs/MatrixProblems/build_x86_64/CMakeFiles/3.17.2/CompilerIdFortran/a.out"

Determining if the Fortran compiler works passed with the following output:
Change Dir: /home/erikhs/MatrixProblems/build_x86_64/CMakeFiles/CMakeTmp

Run Build Command(s):/usr/bin/gmake cmTC_c3171/fast && /usr/bin/gmake  -f CMakeFiles/cmTC_c3171.dir/build.make CMakeFiles/cmTC_c3171.dir/build
gmake[1]: Entering directory '/home/erikhs/MatrixProblems/build_x86_64/CMakeFiles/CMakeTmp'
Building Fortran object CMakeFiles/cmTC_c3171.dir/testFortranCompiler.f.o
/usr/bin/gfortran    -c /home/erikhs/MatrixProblems/build_x86_64/CMakeFiles/CMakeTmp/testFortranCompiler.f -o CMakeFiles/cmTC_c3171.dir/testFortranCompiler.f.o
Linking Fortran executable cmTC_c3171
/cm/shared/ex3-modules/0.6.1/pkgs/cmake-3.17.2/bin/cmake -E cmake_link_script CMakeFiles/cmTC_c3171.dir/link.txt --verbose=1
/usr/bin/gfortran      CMakeFiles/cmTC_c3171.dir/testFortranCompiler.f.o  -o cmTC_c3171 
gmake[1]: Leaving directory '/home/erikhs/MatrixProblems/build_x86_64/CMakeFiles/CMakeTmp'



Detecting Fortran compiler ABI info compiled with the following output:
Change Dir: /home/erikhs/MatrixProblems/build_x86_64/CMakeFiles/CMakeTmp

Run Build Command(s):/usr/bin/gmake cmTC_c7d57/fast && /usr/bin/gmake  -f CMakeFiles/cmTC_c7d57.dir/build.make CMakeFiles/cmTC_c7d57.dir/build
gmake[1]: Entering directory '/home/erikhs/MatrixProblems/build_x86_64/CMakeFiles/CMakeTmp'
Building Fortran object CMakeFiles/cmTC_c7d57.dir/CMakeFortranCompilerABI.F.o
/usr/bin/gfortran   -v -c /cm/shared/ex3-modules/0.6.1/pkgs/cmake-3.17.2/share/cmake-3.17/Modules/CMakeFortranCompilerABI.F -o CMakeFiles/cmTC_c7d57.dir/CMakeFortranCompilerABI.F.o
Using built-in specs.
COLLECT_GCC=/usr/bin/gfortran
OFFLOAD_TARGET_NAMES=nvptx-none:amdgcn-amdhsa
OFFLOAD_TARGET_DEFAULT=1
Target: x86_64-linux-gnu
Configured with: ../src/configure -v --with-pkgversion='Ubuntu 11.4.0-1ubuntu1~22.04' --with-bugurl=file:///usr/share/doc/gcc-11/README.Bugs --enable-languages=c,ada,c++,go,brig,d,fortran,objc,obj-c++,m2 --prefix=/usr --with-gcc-major-version-only --program-suffix=-11 --program-prefix=x86_64-linux-gnu- --enable-shared --enable-linker-build-id --libexecdir=/usr/lib --without-included-gettext --enable-threads=posix --libdir=/usr/lib --enable-nls --enable-bootstrap --enable-clocale=gnu --enable-libstdcxx-debug --enable-libstdcxx-time=yes --with-default-libstdcxx-abi=new --enable-gnu-unique-object --disable-vtable-verify --enable-plugin --enable-default-pie --with-system-zlib --enable-libphobos-checking=release --with-target-system-zlib=auto --enable-objc-gc=auto --enable-multiarch --disable-werror --enable-cet --with-arch-32=i686 --with-abi=m64 --with-multilib-list=m32,m64,mx32 --enable-multilib --with-tune=generic --enable-offload-targets=nvptx-none=/build/gcc-11-XeT9lY/gcc-11-11.4.0/debian/tmp-nvptx/usr,amdgcn-amdhsa=/build/gcc-11-XeT9lY/gcc-11-11.4.0/debian/tmp-gcn/usr --without-cuda-driver --enable-checking=release --build=x86_64-linux-gnu --host=x86_64-linux-gnu --target=x86_64-linux-gnu --with-build-config=bootstrap-lto-lean --enable-link-serialization=2
Thread model: posix
Supported LTO compression algorithms: zlib zstd
gcc version 11.4.0 (Ubuntu 11.4.0-1ubuntu1~22.04) 
COLLECT_GCC_OPTIONS='-v' '-c' '-o' 'CMakeFiles/cmTC_c7d57.dir/CMakeFortranCompilerABI.F.o' '-mtune=generic' '-march=x86-64' '-dumpdir' 'CMakeFiles/cmTC_c7d57.dir/'
 /usr/lib/gcc/x86_64-linux-gnu/11/f951 /cm/shared/ex3-modules/0.6.1/pkgs/cmake-3.17.2/share/cmake-3.17/Modules/CMakeFortranCompilerABI.F -ffixed-form -cpp=/tmp/ccCt5BWC.f90 -quiet -v -imultiarch x86_64-linux-gnu /cm/shared/ex3-modules/0.6.1/pkgs/cmake-3.17.2/share/cmake-3.17/Modules/CMakeFortranCompilerABI.F -quiet -dumpdir CMakeFiles/cmTC_c7d57.dir/ -dumpbase CMakeFortranCompilerABI.F.F -dumpbase-ext .F -mtune=generic -march=x86-64 -version -fintrinsic-modules-path /usr/lib/gcc/x86_64-linux-gnu/11/finclude -fpre-include=/usr/include/finclude/math-vector-fortran.h -o /tmp/ccdpJZPs.s
GNU Fortran (Ubuntu 11.4.0-1ubuntu1~22.04) version 11.4.0 (x86_64-linux-gnu)
	compiled by GNU C version 11.4.0, GMP version 6.2.1, MPFR version 4.1.0, MPC version 1.2.1, isl version isl-0.24-GMP

warning: GMP header version 6.2.1 differs from library version 6.1.2.
warning: MPFR header version 4.1.0 differs from library version 4.0.2.
GGC heuristics: --param ggc-min-expand=100 --param ggc-min-heapsize=131072
ignoring nonexistent directory "/usr/local/include/x86_64-linux-gnu"
ignoring nonexistent directory "/usr/lib/gcc/x86_64-linux-gnu/11/include-fixed"
ignoring nonexistent directory "/usr/lib/gcc/x86_64-linux-gnu/11/../../../../x86_64-linux-gnu/include"
#include "..." search starts here:
#include <...> search starts here:
 /usr/lib/gcc/x86_64-linux-gnu/11/finclude
 /cm/shared/apps/slurm/current/include
 /home/andreast/modules/flow/202309a/rpp-dune-amgcpr-branch/include
 /home/andreast/modules/zoltan/202309a/12.16/include
 /home/andreast/modules/dune/202309a/mod-2.7.1/include
 /cm/shared/ex3-modules/202309a/milanq/pkgs/suitesparse-32-5.12.0/include
 /cm/shared/ex3-modules/202309a/milanq/pkgs/mpfr-4.0.2/include
 /cm/shared/ex3-modules/202309a/milanq/pkgs/gmp-6.1.2/include
 /cm/shared/ex3-modules/202309a/milanq/pkgs/parmetis-32-4.0.3/include
 /cm/shared/ex3-modules/202309a/milanq/pkgs/metis-32-5.1.0/include
 /cm/shared/ex3-modules/202309a/milanq/pkgs/boost-1.73.0/include
 /cm/shared/ex3-modules/202309a/milanq/pkgs/xz-5.2.7/include
 /cm/shared/ex3-modules/202309a/milanq/pkgs/openblas-0.3.21/include
 /cm/shared/ex3-modules/202309a/milanq/pkgs/openmpi-4.1.4/include
 /cm/shared/ex3-modules/202309a/milanq/pkgs/util-linux-2.34/include
 /cm/shared/ex3-modules/202309a/milanq/pkgs/libfabric-1.17.0/include
 /cm/shared/ex3-modules/202309a/milanq/pkgs/ucx-1.12.1/include
 /cm/shared/ex3-modules/202309a/milanq/pkgs/rdma-core-44.0/include
 /cm/shared/ex3-modules/202309a/milanq/pkgs/libnl-3.2.25/include/libnl3
 /cm/shared/ex3-modules/202309a/milanq/pkgs/numactl-2.0.13/include
 /cm/shared/ex3-modules/202309a/milanq/pkgs/libevent-2.1.12-stable/include
 /cm/shared/ex3-modules/202309a/milanq/pkgs/knem-1.1.4/include
 /cm/shared/ex3-modules/202309a/milanq/pkgs/hwloc-2.7.1/include
 /cm/shared/ex3-modules/0.6.1/pkgs/fftw-3.3.8/include
 /cm/shared/ex3-modules/0.6.1/pkgs/lapack-3.9.0/include
 /cm/shared/ex3-modules/0.6.1/pkgs/openblas-0.3.12/include
 /cm/shared/ex3-modules/0.6.1/pkgs/freetype-2.10.1/include
 /cm/shared/ex3-modules/0.6.1/pkgs/libpng-1.6.37/include
 /cm/shared/ex3-modules/0.6.1/pkgs/python-3.7.4/include/python3.7m
 /cm/shared/ex3-modules/0.6.1/pkgs/sqlite-3.31.1/include
 /cm/shared/ex3-modules/0.6.1/pkgs/libffi-3.2.1/include
 /cm/shared/ex3-modules/0.6.1/pkgs/readline-8.0/include
 /cm/shared/ex3-modules/0.6.1/pkgs/ncurses-6.1/include
 /cm/shared/ex3-modules/0.6.1/pkgs/xz-5.2.5/include
 /cm/shared/ex3-modules/0.6.1/pkgs/bzip2-1.0.8/include
 /cm/shared/ex3-modules/0.6.1/pkgs/openssl-1.1.1c/include
 /usr/lib/gcc/x86_64-linux-gnu/11/include
 /usr/local/include
 /usr/include/x86_64-linux-gnu
 /usr/include
End of search list.
GNU Fortran2008 (Ubuntu 11.4.0-1ubuntu1~22.04) version 11.4.0 (x86_64-linux-gnu)
	compiled by GNU C version 11.4.0, GMP version 6.2.1, MPFR version 4.1.0, MPC version 1.2.1, isl version isl-0.24-GMP

warning: GMP header version 6.2.1 differs from library version 6.1.2.
warning: MPFR header version 4.1.0 differs from library version 4.0.2.
GGC heuristics: --param ggc-min-expand=100 --param ggc-min-heapsize=131072
COLLECT_GCC_OPTIONS='-v' '-c' '-o' 'CMakeFiles/cmTC_c7d57.dir/CMakeFortranCompilerABI.F.o' '-mtune=generic' '-march=x86-64' '-dumpdir' 'CMakeFiles/cmTC_c7d57.dir/'
 as -v --64 -o CMakeFiles/cmTC_c7d57.dir/CMakeFortranCompilerABI.F.o /tmp/ccdpJZPs.s
GNU assembler version 2.38 (x86_64-linux-gnu) using BFD version (GNU Binutils for Ubuntu) 2.38
COMPILER_PATH=/usr/lib/gcc/x86_64-linux-gnu/11/:/usr/lib/gcc/x86_64-linux-gnu/11/:/usr/lib/gcc/x86_64-linux-gnu/:/usr/lib/gcc/x86_64-linux-gnu/11/:/usr/lib/gcc/x86_64-linux-gnu/
LIBRARY_PATH=/home/andreast/modules/flow/202309a/rpp-dune-amgcpr-branch/lib/../lib/:/home/andreast/modules/zoltan/202309a/12.16/lib/../lib/:/home/andreast/modules/dune/202309a/mod-2.7.1/lib/../lib/:/cm/shared/ex3-modules/202309a/milanq/pkgs/suitesparse-32-5.12.0/lib/../lib/:/cm/shared/ex3-modules/202309a/milanq/pkgs/mpfr-4.0.2/lib/../lib/:/cm/shared/ex3-modules/202309a/milanq/pkgs/gmp-6.1.2/lib/../lib/:/cm/shared/ex3-modules/202309a/milanq/pkgs/parmetis-32-4.0.3/lib/../lib/:/cm/shared/ex3-modules/202309a/milanq/pkgs/metis-32-5.1.0/lib/../lib/:/cm/shared/ex3-modules/202309a/milanq/pkgs/boost-1.73.0/lib/../lib/:/cm/shared/ex3-modules/202309a/milanq/pkgs/xz-5.2.7/lib/../lib/:/cm/shared/ex3-modules/202309a/milanq/pkgs/openblas-0.3.21/lib/../lib/:/cm/shared/ex3-modules/202309a/milanq/pkgs/openmpi-4.1.4/lib/../lib/:/cm/shared/ex3-modules/202309a/milanq/pkgs/util-linux-2.34/lib/../lib/:/cm/shared/ex3-modules/202309a/milanq/pkgs/libfabric-1.17.0/lib/../lib/:/cm/shared/ex3-modules/202309a/milanq/pkgs/ucx-1.12.1/lib/../lib/:/cm/shared/ex3-modules/202309a/milanq/pkgs/rdma-core-44.0/lib/../lib/:/cm/shared/ex3-modules/202309a/milanq/pkgs/libnl-3.2.25/lib/../lib/:/cm/shared/ex3-modules/202309a/milanq/pkgs/numactl-2.0.13/lib/../lib/:/cm/shared/ex3-modules/202309a/milanq/pkgs/libevent-2.1.12-stable/lib/../lib/:/cm/shared/ex3-modules/202309a/milanq/pkgs/knem-1.1.4/lib/../lib/:/cm/shared/ex3-modules/202309a/milanq/pkgs/hwloc-2.7.1/lib/../lib/:/cm/shared/ex3-modules/0.6.1/pkgs/fftw-3.3.8/lib/../lib/:/cm/shared/ex3-modules/0.6.1/pkgs/lapack-3.9.0/lib/../lib/:/cm/shared/ex3-modules/0.6.1/pkgs/openblas-0.3.12/lib/../lib/:/cm/shared/ex3-modules/0.6.1/pkgs/gcc-8.4.0/lib64/../lib/:/cm/shared/ex3-modules/0.6.1/pkgs/freetype-2.10.1/lib/../lib/:/cm/shared/ex3-modules/0.6.1/pkgs/libpng-1.6.37/lib/../lib/:/cm/shared/ex3-modules/0.6.1/pkgs/python-3.7.4/lib/../lib/:/cm/shared/ex3-modules/0.6.1/pkgs/sqlite-3.31.1/lib/../lib/:/cm/shared/ex3-modules/0.6.1/pkgs/libffi-3.2.1/lib/../lib/:/cm/shared/ex3-modules/0.6.1/pkgs/readline-8.0/lib/../lib/:/cm/shared/ex3-modules/0.6.1/pkgs/ncurses-6.1/lib/../lib/:/cm/shared/ex3-modules/0.6.1/pkgs/xz-5.2.5/lib/../lib/:/cm/shared/ex3-modules/0.6.1/pkgs/bzip2-1.0.8/lib/../lib/:/cm/shared/ex3-modules/0.6.1/pkgs/openssl-1.1.1c/lib/../lib/:/cm/shared/apps/slurm/current/lib64/../lib/:/usr/lib/gcc/x86_64-linux-gnu/11/:/usr/lib/gcc/x86_64-linux-gnu/11/../../../x86_64-linux-gnu/:/usr/lib/gcc/x86_64-linux-gnu/11/../../../../lib/:/lib/x86_64-linux-gnu/:/lib/../lib/:/usr/lib/x86_64-linux-gnu/:/usr/lib/../lib/:/home/andreast/modules/flow/202309a/rpp-dune-amgcpr-branch/lib/:/home/andreast/modules/zoltan/202309a/12.16/lib/:/home/andreast/modules/dune/202309a/mod-2.7.1/lib/:/cm/shared/ex3-modules/202309a/milanq/pkgs/suitesparse-32-5.12.0/lib/:/cm/shared/ex3-modules/202309a/milanq/pkgs/mpfr-4.0.2/lib/:/cm/shared/ex3-modules/202309a/milanq/pkgs/gmp-6.1.2/lib/:/cm/shared/ex3-modules/202309a/milanq/pkgs/parmetis-32-4.0.3/lib/:/cm/shared/ex3-modules/202309a/milanq/pkgs/metis-32-5.1.0/lib/:/cm/shared/ex3-modules/202309a/milanq/pkgs/boost-1.73.0/lib/:/cm/shared/ex3-modules/202309a/milanq/pkgs/xz-5.2.7/lib/:/cm/shared/ex3-modules/202309a/milanq/pkgs/openblas-0.3.21/lib/:/cm/shared/ex3-modules/202309a/milanq/pkgs/openmpi-4.1.4/lib/:/cm/shared/ex3-modules/202309a/milanq/pkgs/util-linux-2.34/lib/:/cm/shared/ex3-modules/202309a/milanq/pkgs/libfabric-1.17.0/lib/:/cm/shared/ex3-modules/202309a/milanq/pkgs/ucx-1.12.1/lib/:/cm/shared/ex3-modules/202309a/milanq/pkgs/rdma-core-44.0/lib/:/cm/shared/ex3-modules/202309a/milanq/pkgs/libnl-3.2.25/lib/:/cm/shared/ex3-modules/202309a/milanq/pkgs/numactl-2.0.13/lib/:/cm/shared/ex3-modules/202309a/milanq/pkgs/libevent-2.1.12-stable/lib/:/cm/shared/ex3-modules/202309a/milanq/pkgs/knem-1.1.4/lib/:/cm/shared/ex3-modules/202309a/milanq/pkgs/hwloc-2.7.1/lib/:/cm/shared/ex3-modules/0.6.1/pkgs/fftw-3.3.8/lib/:/cm/shared/ex3-modules/0.6.1/pkgs/lapack-3.9.0/lib/:/cm/shared/ex3-modules/0.6.1/pkgs/openblas-0.3.12/lib/:/cm/shared/ex3-modules/0.6.1/pkgs/gcc-8.4.0/lib64/:/cm/shared/ex3-modules/0.6.1/pkgs/freetype-2.10.1/lib/:/cm/shared/ex3-modules/0.6.1/pkgs/libpng-1.6.37/lib/:/cm/shared/ex3-modules/0.6.1/pkgs/python-3.7.4/lib/:/cm/shared/ex3-modules/0.6.1/pkgs/sqlite-3.31.1/lib/:/cm/shared/ex3-modules/0.6.1/pkgs/libffi-3.2.1/lib/:/cm/shared/ex3-modules/0.6.1/pkgs/readline-8.0/lib/:/cm/shared/ex3-modules/0.6.1/pkgs/ncurses-6.1/lib/:/cm/shared/ex3-modules/0.6.1/pkgs/xz-5.2.5/lib/:/cm/shared/ex3-modules/0.6.1/pkgs/bzip2-1.0.8/lib/:/cm/shared/ex3-modules/0.6.1/pkgs/openssl-1.1.1c/lib/:/cm/shared/apps/slurm/current/lib64/slurm/:/cm/shared/apps/slurm/current/lib64/:/usr/lib/gcc/x86_64-linux-gnu/11/../../../:/lib/:/usr/lib/
COLLECT_GCC_OPTIONS='-v' '-c' '-o' 'CMakeFiles/cmTC_c7d57.dir/CMakeFortranCompilerABI.F.o' '-mtune=generic' '-march=x86-64' '-dumpdir' 'CMakeFiles/cmTC_c7d57.dir/CMakeFortranCompilerABI.F.'
Linking Fortran executable cmTC_c7d57
/cm/shared/ex3-modules/0.6.1/pkgs/cmake-3.17.2/bin/cmake -E cmake_link_script CMakeFiles/cmTC_c7d57.dir/link.txt --verbose=1
/usr/bin/gfortran   -v   CMakeFiles/cmTC_c7d57.dir/CMakeFortranCompilerABI.F.o  -o cmTC_c7d57 
Driving: /usr/bin/gfortran -v CMakeFiles/cmTC_c7d57.dir/CMakeFortranCompilerABI.F.o -o cmTC_c7d57 -l gfortran -l m -shared-libgcc
Using built-in specs.
COLLECT_GCC=/usr/bin/gfortran
COLLECT_LTO_WRAPPER=/usr/lib/gcc/x86_64-linux-gnu/11/lto-wrapper
OFFLOAD_TARGET_NAMES=nvptx-none:amdgcn-amdhsa
OFFLOAD_TARGET_DEFAULT=1
Target: x86_64-linux-gnu
Configured with: ../src/configure -v --with-pkgversion='Ubuntu 11.4.0-1ubuntu1~22.04' --with-bugurl=file:///usr/share/doc/gcc-11/README.Bugs --enable-languages=c,ada,c++,go,brig,d,fortran,objc,obj-c++,m2 --prefix=/usr --with-gcc-major-version-only --program-suffix=-11 --program-prefix=x86_64-linux-gnu- --enable-shared --enable-linker-build-id --libexecdir=/usr/lib --without-included-gettext --enable-threads=posix --libdir=/usr/lib --enable-nls --enable-bootstrap --enable-clocale=gnu --enable-libstdcxx-debug --enable-libstdcxx-time=yes --with-default-libstdcxx-abi=new --enable-gnu-unique-object --disable-vtable-verify --enable-plugin --enable-default-pie --with-system-zlib --enable-libphobos-checking=release --with-target-system-zlib=auto --enable-objc-gc=auto --enable-multiarch --disable-werror --enable-cet --with-arch-32=i686 --with-abi=m64 --with-multilib-list=m32,m64,mx32 --enable-multilib --with-tune=generic --enable-offload-targets=nvptx-none=/build/gcc-11-XeT9lY/gcc-11-11.4.0/debian/tmp-nvptx/usr,amdgcn-amdhsa=/build/gcc-11-XeT9lY/gcc-11-11.4.0/debian/tmp-gcn/usr --without-cuda-driver --enable-checking=release --build=x86_64-linux-gnu --host=x86_64-linux-gnu --target=x86_64-linux-gnu --with-build-config=bootstrap-lto-lean --enable-link-serialization=2
Thread model: posix
Supported LTO compression algorithms: zlib zstd
gcc version 11.4.0 (Ubuntu 11.4.0-1ubuntu1~22.04) 
Reading specs from /usr/lib/gcc/x86_64-linux-gnu/11/libgfortran.spec
rename spec lib to liborig
COLLECT_GCC_OPTIONS='-v' '-o' 'cmTC_c7d57' '-shared-libgcc' '-mtune=generic' '-march=x86-64' '-dumpdir' 'cmTC_c7d57-'
COMPILER_PATH=/usr/lib/gcc/x86_64-linux-gnu/11/:/usr/lib/gcc/x86_64-linux-gnu/11/:/usr/lib/gcc/x86_64-linux-gnu/:/usr/lib/gcc/x86_64-linux-gnu/11/:/usr/lib/gcc/x86_64-linux-gnu/
LIBRARY_PATH=/home/andreast/modules/flow/202309a/rpp-dune-amgcpr-branch/lib/../lib/:/home/andreast/modules/zoltan/202309a/12.16/lib/../lib/:/home/andreast/modules/dune/202309a/mod-2.7.1/lib/../lib/:/cm/shared/ex3-modules/202309a/milanq/pkgs/suitesparse-32-5.12.0/lib/../lib/:/cm/shared/ex3-modules/202309a/milanq/pkgs/mpfr-4.0.2/lib/../lib/:/cm/shared/ex3-modules/202309a/milanq/pkgs/gmp-6.1.2/lib/../lib/:/cm/shared/ex3-modules/202309a/milanq/pkgs/parmetis-32-4.0.3/lib/../lib/:/cm/shared/ex3-modules/202309a/milanq/pkgs/metis-32-5.1.0/lib/../lib/:/cm/shared/ex3-modules/202309a/milanq/pkgs/boost-1.73.0/lib/../lib/:/cm/shared/ex3-modules/202309a/milanq/pkgs/xz-5.2.7/lib/../lib/:/cm/shared/ex3-modules/202309a/milanq/pkgs/openblas-0.3.21/lib/../lib/:/cm/shared/ex3-modules/202309a/milanq/pkgs/openmpi-4.1.4/lib/../lib/:/cm/shared/ex3-modules/202309a/milanq/pkgs/util-linux-2.34/lib/../lib/:/cm/shared/ex3-modules/202309a/milanq/pkgs/libfabric-1.17.0/lib/../lib/:/cm/shared/ex3-modules/202309a/milanq/pkgs/ucx-1.12.1/lib/../lib/:/cm/shared/ex3-modules/202309a/milanq/pkgs/rdma-core-44.0/lib/../lib/:/cm/shared/ex3-modules/202309a/milanq/pkgs/libnl-3.2.25/lib/../lib/:/cm/shared/ex3-modules/202309a/milanq/pkgs/numactl-2.0.13/lib/../lib/:/cm/shared/ex3-modules/202309a/milanq/pkgs/libevent-2.1.12-stable/lib/../lib/:/cm/shared/ex3-modules/202309a/milanq/pkgs/knem-1.1.4/lib/../lib/:/cm/shared/ex3-modules/202309a/milanq/pkgs/hwloc-2.7.1/lib/../lib/:/cm/shared/ex3-modules/0.6.1/pkgs/fftw-3.3.8/lib/../lib/:/cm/shared/ex3-modules/0.6.1/pkgs/lapack-3.9.0/lib/../lib/:/cm/shared/ex3-modules/0.6.1/pkgs/openblas-0.3.12/lib/../lib/:/cm/shared/ex3-modules/0.6.1/pkgs/gcc-8.4.0/lib64/../lib/:/cm/shared/ex3-modules/0.6.1/pkgs/freetype-2.10.1/lib/../lib/:/cm/shared/ex3-modules/0.6.1/pkgs/libpng-1.6.37/lib/../lib/:/cm/shared/ex3-modules/0.6.1/pkgs/python-3.7.4/lib/../lib/:/cm/shared/ex3-modules/0.6.1/pkgs/sqlite-3.31.1/lib/../lib/:/cm/shared/ex3-modules/0.6.1/pkgs/libffi-3.2.1/lib/../lib/:/cm/shared/ex3-modules/0.6.1/pkgs/readline-8.0/lib/../lib/:/cm/shared/ex3-modules/0.6.1/pkgs/ncurses-6.1/lib/../lib/:/cm/shared/ex3-modules/0.6.1/pkgs/xz-5.2.5/lib/../lib/:/cm/shared/ex3-modules/0.6.1/pkgs/bzip2-1.0.8/lib/../lib/:/cm/shared/ex3-modules/0.6.1/pkgs/openssl-1.1.1c/lib/../lib/:/cm/shared/apps/slurm/current/lib64/../lib/:/usr/lib/gcc/x86_64-linux-gnu/11/:/usr/lib/gcc/x86_64-linux-gnu/11/../../../x86_64-linux-gnu/:/usr/lib/gcc/x86_64-linux-gnu/11/../../../../lib/:/lib/x86_64-linux-gnu/:/lib/../lib/:/usr/lib/x86_64-linux-gnu/:/usr/lib/../lib/:/home/andreast/modules/flow/202309a/rpp-dune-amgcpr-branch/lib/:/home/andreast/modules/zoltan/202309a/12.16/lib/:/home/andreast/modules/dune/202309a/mod-2.7.1/lib/:/cm/shared/ex3-modules/202309a/milanq/pkgs/suitesparse-32-5.12.0/lib/:/cm/shared/ex3-modules/202309a/milanq/pkgs/mpfr-4.0.2/lib/:/cm/shared/ex3-modules/202309a/milanq/pkgs/gmp-6.1.2/lib/:/cm/shared/ex3-modules/202309a/milanq/pkgs/parmetis-32-4.0.3/lib/:/cm/shared/ex3-modules/202309a/milanq/pkgs/metis-32-5.1.0/lib/:/cm/shared/ex3-modules/202309a/milanq/pkgs/boost-1.73.0/lib/:/cm/shared/ex3-modules/202309a/milanq/pkgs/xz-5.2.7/lib/:/cm/shared/ex3-modules/202309a/milanq/pkgs/openblas-0.3.21/lib/:/cm/shared/ex3-modules/202309a/milanq/pkgs/openmpi-4.1.4/lib/:/cm/shared/ex3-modules/202309a/milanq/pkgs/util-linux-2.34/lib/:/cm/shared/ex3-modules/202309a/milanq/pkgs/libfabric-1.17.0/lib/:/cm/shared/ex3-modules/202309a/milanq/pkgs/ucx-1.12.1/lib/:/cm/shared/ex3-modules/202309a/milanq/pkgs/rdma-core-44.0/lib/:/cm/shared/ex3-modules/202309a/milanq/pkgs/libnl-3.2.25/lib/:/cm/shared/ex3-modules/202309a/milanq/pkgs/numactl-2.0.13/lib/:/cm/shared/ex3-modules/202309a/milanq/pkgs/libevent-2.1.12-stable/lib/:/cm/shared/ex3-modules/202309a/milanq/pkgs/knem-1.1.4/lib/:/cm/shared/ex3-modules/202309a/milanq/pkgs/hwloc-2.7.1/lib/:/cm/shared/ex3-modules/0.6.1/pkgs/fftw-3.3.8/lib/:/cm/shared/ex3-modules/0.6.1/pkgs/lapack-3.9.0/lib/:/cm/shared/ex3-modules/0.6.1/pkgs/openblas-0.3.12/lib/:/cm/shared/ex3-modules/0.6.1/pkgs/gcc-8.4.0/lib64/:/cm/shared/ex3-modules/0.6.1/pkgs/freetype-2.10.1/lib/:/cm/shared/ex3-modules/0.6.1/pkgs/libpng-1.6.37/lib/:/cm/shared/ex3-modules/0.6.1/pkgs/python-3.7.4/lib/:/cm/shared/ex3-modules/0.6.1/pkgs/sqlite-3.31.1/lib/:/cm/shared/ex3-modules/0.6.1/pkgs/libffi-3.2.1/lib/:/cm/shared/ex3-modules/0.6.1/pkgs/readline-8.0/lib/:/cm/shared/ex3-modules/0.6.1/pkgs/ncurses-6.1/lib/:/cm/shared/ex3-modules/0.6.1/pkgs/xz-5.2.5/lib/:/cm/shared/ex3-modules/0.6.1/pkgs/bzip2-1.0.8/lib/:/cm/shared/ex3-modules/0.6.1/pkgs/openssl-1.1.1c/lib/:/cm/shared/apps/slurm/current/lib64/slurm/:/cm/shared/apps/slurm/current/lib64/:/usr/lib/gcc/x86_64-linux-gnu/11/../../../:/lib/:/usr/lib/
COLLECT_GCC_OPTIONS='-v' '-o' 'cmTC_c7d57' '-shared-libgcc' '-mtune=generic' '-march=x86-64' '-dumpdir' 'cmTC_c7d57.'
 /usr/lib/gcc/x86_64-linux-gnu/11/collect2 -plugin /usr/lib/gcc/x86_64-linux-gnu/11/liblto_plugin.so -plugin-opt=/usr/lib/gcc/x86_64-linux-gnu/11/lto-wrapper -plugin-opt=-fresolution=/tmp/ccOS4hv8.res -plugin-opt=-pass-through=-lgcc_s -plugin-opt=-pass-through=-lgcc -plugin-opt=-pass-through=-lquadmath -plugin-opt=-pass-through=-lm -plugin-opt=-pass-through=-lgcc_s -plugin-opt=-pass-through=-lgcc -plugin-opt=-pass-through=-lc -plugin-opt=-pass-through=-lgcc_s -plugin-opt=-pass-through=-lgcc --build-id --eh-frame-hdr -m elf_x86_64 --hash-style=gnu --as-needed -dynamic-linker /lib64/ld-linux-x86-64.so.2 -pie -z now -z relro -o cmTC_c7d57 /usr/lib/gcc/x86_64-linux-gnu/11/../../../x86_64-linux-gnu/Scrt1.o /usr/lib/gcc/x86_64-linux-gnu/11/../../../x86_64-linux-gnu/crti.o /usr/lib/gcc/x86_64-linux-gnu/11/crtbeginS.o -L/home/andreast/modules/flow/202309a/rpp-dune-amgcpr-branch/lib/../lib -L/home/andreast/modules/zoltan/202309a/12.16/lib/../lib -L/home/andreast/modules/dune/202309a/mod-2.7.1/lib/../lib -L/cm/shared/ex3-modules/202309a/milanq/pkgs/suitesparse-32-5.12.0/lib/../lib -L/cm/shared/ex3-modules/202309a/milanq/pkgs/mpfr-4.0.2/lib/../lib -L/cm/shared/ex3-modules/202309a/milanq/pkgs/gmp-6.1.2/lib/../lib -L/cm/shared/ex3-modules/202309a/milanq/pkgs/parmetis-32-4.0.3/lib/../lib -L/cm/shared/ex3-modules/202309a/milanq/pkgs/metis-32-5.1.0/lib/../lib -L/cm/shared/ex3-modules/202309a/milanq/pkgs/boost-1.73.0/lib/../lib -L/cm/shared/ex3-modules/202309a/milanq/pkgs/xz-5.2.7/lib/../lib -L/cm/shared/ex3-modules/202309a/milanq/pkgs/openblas-0.3.21/lib/../lib -L/cm/shared/ex3-modules/202309a/milanq/pkgs/openmpi-4.1.4/lib/../lib -L/cm/shared/ex3-modules/202309a/milanq/pkgs/util-linux-2.34/lib/../lib -L/cm/shared/ex3-modules/202309a/milanq/pkgs/libfabric-1.17.0/lib/../lib -L/cm/shared/ex3-modules/202309a/milanq/pkgs/ucx-1.12.1/lib/../lib -L/cm/shared/ex3-modules/202309a/milanq/pkgs/rdma-core-44.0/lib/../lib -L/cm/shared/ex3-modules/202309a/milanq/pkgs/libnl-3.2.25/lib/../lib -L/cm/shared/ex3-modules/202309a/milanq/pkgs/numactl-2.0.13/lib/../lib -L/cm/shared/ex3-modules/202309a/milanq/pkgs/libevent-2.1.12-stable/lib/../lib -L/cm/shared/ex3-modules/202309a/milanq/pkgs/knem-1.1.4/lib/../lib -L/cm/shared/ex3-modules/202309a/milanq/pkgs/hwloc-2.7.1/lib/../lib -L/cm/shared/ex3-modules/0.6.1/pkgs/fftw-3.3.8/lib/../lib -L/cm/shared/ex3-modules/0.6.1/pkgs/lapack-3.9.0/lib/../lib -L/cm/shared/ex3-modules/0.6.1/pkgs/openblas-0.3.12/lib/../lib -L/cm/shared/ex3-modules/0.6.1/pkgs/gcc-8.4.0/lib64/../lib -L/cm/shared/ex3-modules/0.6.1/pkgs/freetype-2.10.1/lib/../lib -L/cm/shared/ex3-modules/0.6.1/pkgs/libpng-1.6.37/lib/../lib -L/cm/shared/ex3-modules/0.6.1/pkgs/python-3.7.4/lib/../lib -L/cm/shared/ex3-modules/0.6.1/pkgs/sqlite-3.31.1/lib/../lib -L/cm/shared/ex3-modules/0.6.1/pkgs/libffi-3.2.1/lib/../lib -L/cm/shared/ex3-modules/0.6.1/pkgs/readline-8.0/lib/../lib -L/cm/shared/ex3-modules/0.6.1/pkgs/ncurses-6.1/lib/../lib -L/cm/shared/ex3-modules/0.6.1/pkgs/xz-5.2.5/lib/../lib -L/cm/shared/ex3-modules/0.6.1/pkgs/bzip2-1.0.8/lib/../lib -L/cm/shared/ex3-modules/0.6.1/pkgs/openssl-1.1.1c/lib/../lib -L/cm/shared/apps/slurm/current/lib64/../lib -L/usr/lib/gcc/x86_64-linux-gnu/11 -L/usr/lib/gcc/x86_64-linux-gnu/11/../../../x86_64-linux-gnu -L/usr/lib/gcc/x86_64-linux-gnu/11/../../../../lib -L/lib/x86_64-linux-gnu -L/lib/../lib -L/usr/lib/x86_64-linux-gnu -L/usr/lib/../lib -L/home/andreast/modules/flow/202309a/rpp-dune-amgcpr-branch/lib -L/home/andreast/modules/zoltan/202309a/12.16/lib -L/home/andreast/modules/dune/202309a/mod-2.7.1/lib -L/cm/shared/ex3-modules/202309a/milanq/pkgs/suitesparse-32-5.12.0/lib -L/cm/shared/ex3-modules/202309a/milanq/pkgs/mpfr-4.0.2/lib -L/cm/shared/ex3-modules/202309a/milanq/pkgs/gmp-6.1.2/lib -L/cm/shared/ex3-modules/202309a/milanq/pkgs/parmetis-32-4.0.3/lib -L/cm/shared/ex3-modules/202309a/milanq/pkgs/metis-32-5.1.0/lib -L/cm/shared/ex3-modules/202309a/milanq/pkgs/boost-1.73.0/lib -L/cm/shared/ex3-modules/202309a/milanq/pkgs/xz-5.2.7/lib -L/cm/shared/ex3-modules/202309a/milanq/pkgs/openblas-0.3.21/lib -L/cm/shared/ex3-modules/202309a/milanq/pkgs/openmpi-4.1.4/lib -L/cm/shared/ex3-modules/202309a/milanq/pkgs/util-linux-2.34/lib -L/cm/shared/ex3-modules/202309a/milanq/pkgs/libfabric-1.17.0/lib -L/cm/shared/ex3-modules/202309a/milanq/pkgs/ucx-1.12.1/lib -L/cm/shared/ex3-modules/202309a/milanq/pkgs/rdma-core-44.0/lib -L/cm/shared/ex3-modules/202309a/milanq/pkgs/libnl-3.2.25/lib -L/cm/shared/ex3-modules/202309a/milanq/pkgs/numactl-2.0.13/lib -L/cm/shared/ex3-modules/202309a/milanq/pkgs/libevent-2.1.12-stable/lib -L/cm/shared/ex3-modules/202309a/milanq/pkgs/knem-1.1.4/lib -L/cm/shared/ex3-modules/202309a/milanq/pkgs/hwloc-2.7.1/lib -L/cm/shared/ex3-modules/0.6.1/pkgs/fftw-3.3.8/lib -L/cm/shared/ex3-modules/0.6.1/pkgs/lapack-3.9.0/lib -L/cm/shared/ex3-modules/0.6.1/pkgs/openblas-0.3.12/lib -L/cm/shared/ex3-modules/0.6.1/pkgs/gcc-8.4.0/lib64 -L/cm/shared/ex3-modules/0.6.1/pkgs/freetype-2.10.1/lib -L/cm/shared/ex3-modules/0.6.1/pkgs/libpng-1.6.37/lib -L/cm/shared/ex3-modules/0.6.1/pkgs/python-3.7.4/lib -L/cm/shared/ex3-modules/0.6.1/pkgs/sqlite-3.31.1/lib -L/cm/shared/ex3-modules/0.6.1/pkgs/libffi-3.2.1/lib -L/cm/shared/ex3-modules/0.6.1/pkgs/readline-8.0/lib -L/cm/shared/ex3-modules/0.6.1/pkgs/ncurses-6.1/lib -L/cm/shared/ex3-modules/0.6.1/pkgs/xz-5.2.5/lib -L/cm/shared/ex3-modules/0.6.1/pkgs/bzip2-1.0.8/lib -L/cm/shared/ex3-modules/0.6.1/pkgs/openssl-1.1.1c/lib -L/cm/shared/apps/slurm/current/lib64/slurm -L/cm/shared/apps/slurm/current/lib64 -L/usr/lib/gcc/x86_64-linux-gnu/11/../../.. CMakeFiles/cmTC_c7d57.dir/CMakeFortranCompilerABI.F.o -lgfortran -lm -lgcc_s -lgcc -lquadmath -lm -lgcc_s -lgcc -lc -lgcc_s -lgcc /usr/lib/gcc/x86_64-linux-gnu/11/crtendS.o /usr/lib/gcc/x86_64-linux-gnu/11/../../../x86_64-linux-gnu/crtn.o
COLLECT_GCC_OPTIONS='-v' '-o' 'cmTC_c7d57' '-shared-libgcc' '-mtune=generic' '-march=x86-64' '-dumpdir' 'cmTC_c7d57.'
gmake[1]: Leaving directory '/home/erikhs/MatrixProblems/build_x86_64/CMakeFiles/CMakeTmp'



Parsed Fortran implicit include dir info from above output: rv=start
  warn: unable to parse implicit include dirs!


Parsed Fortran implicit link information from above output:
  link line regex: [^( *|.*[/\])(ld|CMAKE_LINK_STARTFILE-NOTFOUND|([^/\]+-)?ld|collect2)[^/\]*( |$)]
  ignore line: [Change Dir: /home/erikhs/MatrixProblems/build_x86_64/CMakeFiles/CMakeTmp]
  ignore line: []
  ignore line: [Run Build Command(s):/usr/bin/gmake cmTC_c7d57/fast && /usr/bin/gmake  -f CMakeFiles/cmTC_c7d57.dir/build.make CMakeFiles/cmTC_c7d57.dir/build]
  ignore line: [gmake[1]: Entering directory '/home/erikhs/MatrixProblems/build_x86_64/CMakeFiles/CMakeTmp']
  ignore line: [Building Fortran object CMakeFiles/cmTC_c7d57.dir/CMakeFortranCompilerABI.F.o]
  ignore line: [/usr/bin/gfortran   -v -c /cm/shared/ex3-modules/0.6.1/pkgs/cmake-3.17.2/share/cmake-3.17/Modules/CMakeFortranCompilerABI.F -o CMakeFiles/cmTC_c7d57.dir/CMakeFortranCompilerABI.F.o]
  ignore line: [Using built-in specs.]
  ignore line: [COLLECT_GCC=/usr/bin/gfortran]
  ignore line: [OFFLOAD_TARGET_NAMES=nvptx-none:amdgcn-amdhsa]
  ignore line: [OFFLOAD_TARGET_DEFAULT=1]
  ignore line: [Target: x86_64-linux-gnu]
  ignore line: [Configured with: ../src/configure -v --with-pkgversion='Ubuntu 11.4.0-1ubuntu1~22.04' --with-bugurl=file:///usr/share/doc/gcc-11/README.Bugs --enable-languages=c ada c++ go brig d fortran objc obj-c++ m2 --prefix=/usr --with-gcc-major-version-only --program-suffix=-11 --program-prefix=x86_64-linux-gnu- --enable-shared --enable-linker-build-id --libexecdir=/usr/lib --without-included-gettext --enable-threads=posix --libdir=/usr/lib --enable-nls --enable-bootstrap --enable-clocale=gnu --enable-libstdcxx-debug --enable-libstdcxx-time=yes --with-default-libstdcxx-abi=new --enable-gnu-unique-object --disable-vtable-verify --enable-plugin --enable-default-pie --with-system-zlib --enable-libphobos-checking=release --with-target-system-zlib=auto --enable-objc-gc=auto --enable-multiarch --disable-werror --enable-cet --with-arch-32=i686 --with-abi=m64 --with-multilib-list=m32 m64 mx32 --enable-multilib --with-tune=generic --enable-offload-targets=nvptx-none=/build/gcc-11-XeT9lY/gcc-11-11.4.0/debian/tmp-nvptx/usr amdgcn-amdhsa=/build/gcc-11-XeT9lY/gcc-11-11.4.0/debian/tmp-gcn/usr --without-cuda-driver --enable-checking=release --build=x86_64-linux-gnu --host=x86_64-linux-gnu --target=x86_64-linux-gnu --with-build-config=bootstrap-lto-lean --enable-link-serialization=2]
  ignore line: [Thread model: posix]
  ignore line: [Supported LTO compression algorithms: zlib zstd]
  ignore line: [gcc version 11.4.0 (Ubuntu 11.4.0-1ubuntu1~22.04) ]
  ignore line: [COLLECT_GCC_OPTIONS='-v' '-c' '-o' 'CMakeFiles/cmTC_c7d57.dir/CMakeFortranCompilerABI.F.o' '-mtune=generic' '-march=x86-64' '-dumpdir' 'CMakeFiles/cmTC_c7d57.dir/']
  ignore line: [ /usr/lib/gcc/x86_64-linux-gnu/11/f951 /cm/shared/ex3-modules/0.6.1/pkgs/cmake-3.17.2/share/cmake-3.17/Modules/CMakeFortranCompilerABI.F -ffixed-form -cpp=/tmp/ccCt5BWC.f90 -quiet -v -imultiarch x86_64-linux-gnu /cm/shared/ex3-modules/0.6.1/pkgs/cmake-3.17.2/share/cmake-3.17/Modules/CMakeFortranCompilerABI.F -quiet -dumpdir CMakeFiles/cmTC_c7d57.dir/ -dumpbase CMakeFortranCompilerABI.F.F -dumpbase-ext .F -mtune=generic -march=x86-64 -version -fintrinsic-modules-path /usr/lib/gcc/x86_64-linux-gnu/11/finclude -fpre-include=/usr/include/finclude/math-vector-fortran.h -o /tmp/ccdpJZPs.s]
  ignore line: [GNU Fortran (Ubuntu 11.4.0-1ubuntu1~22.04) version 11.4.0 (x86_64-linux-gnu)]
  ignore line: [	compiled by GNU C version 11.4.0  GMP version 6.2.1  MPFR version 4.1.0  MPC version 1.2.1  isl version isl-0.24-GMP]
  ignore line: []
  ignore line: [warning: GMP header version 6.2.1 differs from library version 6.1.2.]
  ignore line: [warning: MPFR header version 4.1.0 differs from library version 4.0.2.]
  ignore line: [GGC heuristics: --param ggc-min-expand=100 --param ggc-min-heapsize=131072]
  ignore line: [ignoring nonexistent directory "/usr/local/include/x86_64-linux-gnu"]
  ignore line: [ignoring nonexistent directory "/usr/lib/gcc/x86_64-linux-gnu/11/include-fixed"]
  ignore line: [ignoring nonexistent directory "/usr/lib/gcc/x86_64-linux-gnu/11/../../../../x86_64-linux-gnu/include"]
  ignore line: [#include "..." search starts here:]
  ignore line: [#include <...> search starts here:]
  ignore line: [ /usr/lib/gcc/x86_64-linux-gnu/11/finclude]
  ignore line: [ /cm/shared/apps/slurm/current/include]
  ignore line: [ /home/andreast/modules/flow/202309a/rpp-dune-amgcpr-branch/include]
  ignore line: [ /home/andreast/modules/zoltan/202309a/12.16/include]
  ignore line: [ /home/andreast/modules/dune/202309a/mod-2.7.1/include]
  ignore line: [ /cm/shared/ex3-modules/202309a/milanq/pkgs/suitesparse-32-5.12.0/include]
  ignore line: [ /cm/shared/ex3-modules/202309a/milanq/pkgs/mpfr-4.0.2/include]
  ignore line: [ /cm/shared/ex3-modules/202309a/milanq/pkgs/gmp-6.1.2/include]
  ignore line: [ /cm/shared/ex3-modules/202309a/milanq/pkgs/parmetis-32-4.0.3/include]
  ignore line: [ /cm/shared/ex3-modules/202309a/milanq/pkgs/metis-32-5.1.0/include]
  ignore line: [ /cm/shared/ex3-modules/202309a/milanq/pkgs/boost-1.73.0/include]
  ignore line: [ /cm/shared/ex3-modules/202309a/milanq/pkgs/xz-5.2.7/include]
  ignore line: [ /cm/shared/ex3-modules/202309a/milanq/pkgs/openblas-0.3.21/include]
  ignore line: [ /cm/shared/ex3-modules/202309a/milanq/pkgs/openmpi-4.1.4/include]
  ignore line: [ /cm/shared/ex3-modules/202309a/milanq/pkgs/util-linux-2.34/include]
  ignore line: [ /cm/shared/ex3-modules/202309a/milanq/pkgs/libfabric-1.17.0/include]
  ignore line: [ /cm/shared/ex3-modules/202309a/milanq/pkgs/ucx-1.12.1/include]
  ignore line: [ /cm/shared/ex3-modules/202309a/milanq/pkgs/rdma-core-44.0/include]
  ignore line: [ /cm/shared/ex3-modules/202309a/milanq/pkgs/libnl-3.2.25/include/libnl3]
  ignore line: [ /cm/shared/ex3-modules/202309a/milanq/pkgs/numactl-2.0.13/include]
  ignore line: [ /cm/shared/ex3-modules/202309a/milanq/pkgs/libevent-2.1.12-stable/include]
  ignore line: [ /cm/shared/ex3-modules/202309a/milanq/pkgs/knem-1.1.4/include]
  ignore line: [ /cm/shared/ex3-modules/202309a/milanq/pkgs/hwloc-2.7.1/include]
  ignore line: [ /cm/shared/ex3-modules/0.6.1/pkgs/fftw-3.3.8/include]
  ignore line: [ /cm/shared/ex3-modules/0.6.1/pkgs/lapack-3.9.0/include]
  ignore line: [ /cm/shared/ex3-modules/0.6.1/pkgs/openblas-0.3.12/include]
  ignore line: [ /cm/shared/ex3-modules/0.6.1/pkgs/freetype-2.10.1/include]
  ignore line: [ /cm/shared/ex3-modules/0.6.1/pkgs/libpng-1.6.37/include]
  ignore line: [ /cm/shared/ex3-modules/0.6.1/pkgs/python-3.7.4/include/python3.7m]
  ignore line: [ /cm/shared/ex3-modules/0.6.1/pkgs/sqlite-3.31.1/include]
  ignore line: [ /cm/shared/ex3-modules/0.6.1/pkgs/libffi-3.2.1/include]
  ignore line: [ /cm/shared/ex3-modules/0.6.1/pkgs/readline-8.0/include]
  ignore line: [ /cm/shared/ex3-modules/0.6.1/pkgs/ncurses-6.1/include]
  ignore line: [ /cm/shared/ex3-modules/0.6.1/pkgs/xz-5.2.5/include]
  ignore line: [ /cm/shared/ex3-modules/0.6.1/pkgs/bzip2-1.0.8/include]
  ignore line: [ /cm/shared/ex3-modules/0.6.1/pkgs/openssl-1.1.1c/include]
  ignore line: [ /usr/lib/gcc/x86_64-linux-gnu/11/include]
  ignore line: [ /usr/local/include]
  ignore line: [ /usr/include/x86_64-linux-gnu]
  ignore line: [ /usr/include]
  ignore line: [End of search list.]
  ignore line: [GNU Fortran2008 (Ubuntu 11.4.0-1ubuntu1~22.04) version 11.4.0 (x86_64-linux-gnu)]
  ignore line: [	compiled by GNU C version 11.4.0  GMP version 6.2.1  MPFR version 4.1.0  MPC version 1.2.1  isl version isl-0.24-GMP]
  ignore line: []
  ignore line: [warning: GMP header version 6.2.1 differs from library version 6.1.2.]
  ignore line: [warning: MPFR header version 4.1.0 differs from library version 4.0.2.]
  ignore line: [GGC heuristics: --param ggc-min-expand=100 --param ggc-min-heapsize=131072]
  ignore line: [COLLECT_GCC_OPTIONS='-v' '-c' '-o' 'CMakeFiles/cmTC_c7d57.dir/CMakeFortranCompilerABI.F.o' '-mtune=generic' '-march=x86-64' '-dumpdir' 'CMakeFiles/cmTC_c7d57.dir/']
  ignore line: [ as -v --64 -o CMakeFiles/cmTC_c7d57.dir/CMakeFortranCompilerABI.F.o /tmp/ccdpJZPs.s]
  ignore line: [GNU assembler version 2.38 (x86_64-linux-gnu) using BFD version (GNU Binutils for Ubuntu) 2.38]
  ignore line: [COMPILER_PATH=/usr/lib/gcc/x86_64-linux-gnu/11/:/usr/lib/gcc/x86_64-linux-gnu/11/:/usr/lib/gcc/x86_64-linux-gnu/:/usr/lib/gcc/x86_64-linux-gnu/11/:/usr/lib/gcc/x86_64-linux-gnu/]
  ignore line: [LIBRARY_PATH=/home/andreast/modules/flow/202309a/rpp-dune-amgcpr-branch/lib/../lib/:/home/andreast/modules/zoltan/202309a/12.16/lib/../lib/:/home/andreast/modules/dune/202309a/mod-2.7.1/lib/../lib/:/cm/shared/ex3-modules/202309a/milanq/pkgs/suitesparse-32-5.12.0/lib/../lib/:/cm/shared/ex3-modules/202309a/milanq/pkgs/mpfr-4.0.2/lib/../lib/:/cm/shared/ex3-modules/202309a/milanq/pkgs/gmp-6.1.2/lib/../lib/:/cm/shared/ex3-modules/202309a/milanq/pkgs/parmetis-32-4.0.3/lib/../lib/:/cm/shared/ex3-modules/202309a/milanq/pkgs/metis-32-5.1.0/lib/../lib/:/cm/shared/ex3-modules/202309a/milanq/pkgs/boost-1.73.0/lib/../lib/:/cm/shared/ex3-modules/202309a/milanq/pkgs/xz-5.2.7/lib/../lib/:/cm/shared/ex3-modules/202309a/milanq/pkgs/openblas-0.3.21/lib/../lib/:/cm/shared/ex3-modules/202309a/milanq/pkgs/openmpi-4.1.4/lib/../lib/:/cm/shared/ex3-modules/202309a/milanq/pkgs/util-linux-2.34/lib/../lib/:/cm/shared/ex3-modules/202309a/milanq/pkgs/libfabric-1.17.0/lib/../lib/:/cm/shared/ex3-modules/202309a/milanq/pkgs/ucx-1.12.1/lib/../lib/:/cm/shared/ex3-modules/202309a/milanq/pkgs/rdma-core-44.0/lib/../lib/:/cm/shared/ex3-modules/202309a/milanq/pkgs/libnl-3.2.25/lib/../lib/:/cm/shared/ex3-modules/202309a/milanq/pkgs/numactl-2.0.13/lib/../lib/:/cm/shared/ex3-modules/202309a/milanq/pkgs/libevent-2.1.12-stable/lib/../lib/:/cm/shared/ex3-modules/202309a/milanq/pkgs/knem-1.1.4/lib/../lib/:/cm/shared/ex3-modules/202309a/milanq/pkgs/hwloc-2.7.1/lib/../lib/:/cm/shared/ex3-modules/0.6.1/pkgs/fftw-3.3.8/lib/../lib/:/cm/shared/ex3-modules/0.6.1/pkgs/lapack-3.9.0/lib/../lib/:/cm/shared/ex3-modules/0.6.1/pkgs/openblas-0.3.12/lib/../lib/:/cm/shared/ex3-modules/0.6.1/pkgs/gcc-8.4.0/lib64/../lib/:/cm/shared/ex3-modules/0.6.1/pkgs/freetype-2.10.1/lib/../lib/:/cm/shared/ex3-modules/0.6.1/pkgs/libpng-1.6.37/lib/../lib/:/cm/shared/ex3-modules/0.6.1/pkgs/python-3.7.4/lib/../lib/:/cm/shared/ex3-modules/0.6.1/pkgs/sqlite-3.31.1/lib/../lib/:/cm/shared/ex3-modules/0.6.1/pkgs/libffi-3.2.1/lib/../lib/:/cm/shared/ex3-modules/0.6.1/pkgs/readline-8.0/lib/../lib/:/cm/shared/ex3-modules/0.6.1/pkgs/ncurses-6.1/lib/../lib/:/cm/shared/ex3-modules/0.6.1/pkgs/xz-5.2.5/lib/../lib/:/cm/shared/ex3-modules/0.6.1/pkgs/bzip2-1.0.8/lib/../lib/:/cm/shared/ex3-modules/0.6.1/pkgs/openssl-1.1.1c/lib/../lib/:/cm/shared/apps/slurm/current/lib64/../lib/:/usr/lib/gcc/x86_64-linux-gnu/11/:/usr/lib/gcc/x86_64-linux-gnu/11/../../../x86_64-linux-gnu/:/usr/lib/gcc/x86_64-linux-gnu/11/../../../../lib/:/lib/x86_64-linux-gnu/:/lib/../lib/:/usr/lib/x86_64-linux-gnu/:/usr/lib/../lib/:/home/andreast/modules/flow/202309a/rpp-dune-amgcpr-branch/lib/:/home/andreast/modules/zoltan/202309a/12.16/lib/:/home/andreast/modules/dune/202309a/mod-2.7.1/lib/:/cm/shared/ex3-modules/202309a/milanq/pkgs/suitesparse-32-5.12.0/lib/:/cm/shared/ex3-modules/202309a/milanq/pkgs/mpfr-4.0.2/lib/:/cm/shared/ex3-modules/202309a/milanq/pkgs/gmp-6.1.2/lib/:/cm/shared/ex3-modules/202309a/milanq/pkgs/parmetis-32-4.0.3/lib/:/cm/shared/ex3-modules/202309a/milanq/pkgs/metis-32-5.1.0/lib/:/cm/shared/ex3-modules/202309a/milanq/pkgs/boost-1.73.0/lib/:/cm/shared/ex3-modules/202309a/milanq/pkgs/xz-5.2.7/lib/:/cm/shared/ex3-modules/202309a/milanq/pkgs/openblas-0.3.21/lib/:/cm/shared/ex3-modules/202309a/milanq/pkgs/openmpi-4.1.4/lib/:/cm/shared/ex3-modules/202309a/milanq/pkgs/util-linux-2.34/lib/:/cm/shared/ex3-modules/202309a/milanq/pkgs/libfabric-1.17.0/lib/:/cm/shared/ex3-modules/202309a/milanq/pkgs/ucx-1.12.1/lib/:/cm/shared/ex3-modules/202309a/milanq/pkgs/rdma-core-44.0/lib/:/cm/shared/ex3-modules/202309a/milanq/pkgs/libnl-3.2.25/lib/:/cm/shared/ex3-modules/202309a/milanq/pkgs/numactl-2.0.13/lib/:/cm/shared/ex3-modules/202309a/milanq/pkgs/libevent-2.1.12-stable/lib/:/cm/shared/ex3-modules/202309a/milanq/pkgs/knem-1.1.4/lib/:/cm/shared/ex3-modules/202309a/milanq/pkgs/hwloc-2.7.1/lib/:/cm/shared/ex3-modules/0.6.1/pkgs/fftw-3.3.8/lib/:/cm/shared/ex3-modules/0.6.1/pkgs/lapack-3.9.0/lib/:/cm/shared/ex3-modules/0.6.1/pkgs/openblas-0.3.12/lib/:/cm/shared/ex3-modules/0.6.1/pkgs/gcc-8.4.0/lib64/:/cm/shared/ex3-modules/0.6.1/pkgs/freetype-2.10.1/lib/:/cm/shared/ex3-modules/0.6.1/pkgs/libpng-1.6.37/lib/:/cm/shared/ex3-modules/0.6.1/pkgs/python-3.7.4/lib/:/cm/shared/ex3-modules/0.6.1/pkgs/sqlite-3.31.1/lib/:/cm/shared/ex3-modules/0.6.1/pkgs/libffi-3.2.1/lib/:/cm/shared/ex3-modules/0.6.1/pkgs/readline-8.0/lib/:/cm/shared/ex3-modules/0.6.1/pkgs/ncurses-6.1/lib/:/cm/shared/ex3-modules/0.6.1/pkgs/xz-5.2.5/lib/:/cm/shared/ex3-modules/0.6.1/pkgs/bzip2-1.0.8/lib/:/cm/shared/ex3-modules/0.6.1/pkgs/openssl-1.1.1c/lib/:/cm/shared/apps/slurm/current/lib64/slurm/:/cm/shared/apps/slurm/current/lib64/:/usr/lib/gcc/x86_64-linux-gnu/11/../../../:/lib/:/usr/lib/]
  ignore line: [COLLECT_GCC_OPTIONS='-v' '-c' '-o' 'CMakeFiles/cmTC_c7d57.dir/CMakeFortranCompilerABI.F.o' '-mtune=generic' '-march=x86-64' '-dumpdir' 'CMakeFiles/cmTC_c7d57.dir/CMakeFortranCompilerABI.F.']
  ignore line: [Linking Fortran executable cmTC_c7d57]
  ignore line: [/cm/shared/ex3-modules/0.6.1/pkgs/cmake-3.17.2/bin/cmake -E cmake_link_script CMakeFiles/cmTC_c7d57.dir/link.txt --verbose=1]
  ignore line: [/usr/bin/gfortran   -v   CMakeFiles/cmTC_c7d57.dir/CMakeFortranCompilerABI.F.o  -o cmTC_c7d57 ]
  ignore line: [Driving: /usr/bin/gfortran -v CMakeFiles/cmTC_c7d57.dir/CMakeFortranCompilerABI.F.o -o cmTC_c7d57 -l gfortran -l m -shared-libgcc]
  ignore line: [Using built-in specs.]
  ignore line: [COLLECT_GCC=/usr/bin/gfortran]
  ignore line: [COLLECT_LTO_WRAPPER=/usr/lib/gcc/x86_64-linux-gnu/11/lto-wrapper]
  ignore line: [OFFLOAD_TARGET_NAMES=nvptx-none:amdgcn-amdhsa]
  ignore line: [OFFLOAD_TARGET_DEFAULT=1]
  ignore line: [Target: x86_64-linux-gnu]
  ignore line: [Configured with: ../src/configure -v --with-pkgversion='Ubuntu 11.4.0-1ubuntu1~22.04' --with-bugurl=file:///usr/share/doc/gcc-11/README.Bugs --enable-languages=c ada c++ go brig d fortran objc obj-c++ m2 --prefix=/usr --with-gcc-major-version-only --program-suffix=-11 --program-prefix=x86_64-linux-gnu- --enable-shared --enable-linker-build-id --libexecdir=/usr/lib --without-included-gettext --enable-threads=posix --libdir=/usr/lib --enable-nls --enable-bootstrap --enable-clocale=gnu --enable-libstdcxx-debug --enable-libstdcxx-time=yes --with-default-libstdcxx-abi=new --enable-gnu-unique-object --disable-vtable-verify --enable-plugin --enable-default-pie --with-system-zlib --enable-libphobos-checking=release --with-target-system-zlib=auto --enable-objc-gc=auto --enable-multiarch --disable-werror --enable-cet --with-arch-32=i686 --with-abi=m64 --with-multilib-list=m32 m64 mx32 --enable-multilib --with-tune=generic --enable-offload-targets=nvptx-none=/build/gcc-11-XeT9lY/gcc-11-11.4.0/debian/tmp-nvptx/usr amdgcn-amdhsa=/build/gcc-11-XeT9lY/gcc-11-11.4.0/debian/tmp-gcn/usr --without-cuda-driver --enable-checking=release --build=x86_64-linux-gnu --host=x86_64-linux-gnu --target=x86_64-linux-gnu --with-build-config=bootstrap-lto-lean --enable-link-serialization=2]
  ignore line: [Thread model: posix]
  ignore line: [Supported LTO compression algorithms: zlib zstd]
  ignore line: [gcc version 11.4.0 (Ubuntu 11.4.0-1ubuntu1~22.04) ]
  ignore line: [Reading specs from /usr/lib/gcc/x86_64-linux-gnu/11/libgfortran.spec]
  ignore line: [rename spec lib to liborig]
  ignore line: [COLLECT_GCC_OPTIONS='-v' '-o' 'cmTC_c7d57' '-shared-libgcc' '-mtune=generic' '-march=x86-64' '-dumpdir' 'cmTC_c7d57-']
  ignore line: [COMPILER_PATH=/usr/lib/gcc/x86_64-linux-gnu/11/:/usr/lib/gcc/x86_64-linux-gnu/11/:/usr/lib/gcc/x86_64-linux-gnu/:/usr/lib/gcc/x86_64-linux-gnu/11/:/usr/lib/gcc/x86_64-linux-gnu/]
  ignore line: [LIBRARY_PATH=/home/andreast/modules/flow/202309a/rpp-dune-amgcpr-branch/lib/../lib/:/home/andreast/modules/zoltan/202309a/12.16/lib/../lib/:/home/andreast/modules/dune/202309a/mod-2.7.1/lib/../lib/:/cm/shared/ex3-modules/202309a/milanq/pkgs/suitesparse-32-5.12.0/lib/../lib/:/cm/shared/ex3-modules/202309a/milanq/pkgs/mpfr-4.0.2/lib/../lib/:/cm/shared/ex3-modules/202309a/milanq/pkgs/gmp-6.1.2/lib/../lib/:/cm/shared/ex3-modules/202309a/milanq/pkgs/parmetis-32-4.0.3/lib/../lib/:/cm/shared/ex3-modules/202309a/milanq/pkgs/metis-32-5.1.0/lib/../lib/:/cm/shared/ex3-modules/202309a/milanq/pkgs/boost-1.73.0/lib/../lib/:/cm/shared/ex3-modules/202309a/milanq/pkgs/xz-5.2.7/lib/../lib/:/cm/shared/ex3-modules/202309a/milanq/pkgs/openblas-0.3.21/lib/../lib/:/cm/shared/ex3-modules/202309a/milanq/pkgs/openmpi-4.1.4/lib/../lib/:/cm/shared/ex3-modules/202309a/milanq/pkgs/util-linux-2.34/lib/../lib/:/cm/shared/ex3-modules/202309a/milanq/pkgs/libfabric-1.17.0/lib/../lib/:/cm/shared/ex3-modules/202309a/milanq/pkgs/ucx-1.12.1/lib/../lib/:/cm/shared/ex3-modules/202309a/milanq/pkgs/rdma-core-44.0/lib/../lib/:/cm/shared/ex3-modules/202309a/milanq/pkgs/libnl-3.2.25/lib/../lib/:/cm/shared/ex3-modules/202309a/milanq/pkgs/numactl-2.0.13/lib/../lib/:/cm/shared/ex3-modules/202309a/milanq/pkgs/libevent-2.1.12-stable/lib/../lib/:/cm/shared/ex3-modules/202309a/milanq/pkgs/knem-1.1.4/lib/../lib/:/cm/shared/ex3-modules/202309a/milanq/pkgs/hwloc-2.7.1/lib/../lib/:/cm/shared/ex3-modules/0.6.1/pkgs/fftw-3.3.8/lib/../lib/:/cm/shared/ex3-modules/0.6.1/pkgs/lapack-3.9.0/lib/../lib/:/cm/shared/ex3-modules/0.6.1/pkgs/openblas-0.3.12/lib/../lib/:/cm/shared/ex3-modules/0.6.1/pkgs/gcc-8.4.0/lib64/../lib/:/cm/shared/ex3-modules/0.6.1/pkgs/freetype-2.10.1/lib/../lib/:/cm/shared/ex3-modules/0.6.1/pkgs/libpng-1.6.37/lib/../lib/:/cm/shared/ex3-modules/0.6.1/pkgs/python-3.7.4/lib/../lib/:/cm/shared/ex3-modules/0.6.1/pkgs/sqlite-3.31.1/lib/../lib/:/cm/shared/ex3-modules/0.6.1/pkgs/libffi-3.2.1/lib/../lib/:/cm/shared/ex3-modules/0.6.1/pkgs/readline-8.0/lib/../lib/:/cm/shared/ex3-modules/0.6.1/pkgs/ncurses-6.1/lib/../lib/:/cm/shared/ex3-modules/0.6.1/pkgs/xz-5.2.5/lib/../lib/:/cm/shared/ex3-modules/0.6.1/pkgs/bzip2-1.0.8/lib/../lib/:/cm/shared/ex3-modules/0.6.1/pkgs/openssl-1.1.1c/lib/../lib/:/cm/shared/apps/slurm/current/lib64/../lib/:/usr/lib/gcc/x86_64-linux-gnu/11/:/usr/lib/gcc/x86_64-linux-gnu/11/../../../x86_64-linux-gnu/:/usr/lib/gcc/x86_64-linux-gnu/11/../../../../lib/:/lib/x86_64-linux-gnu/:/lib/../lib/:/usr/lib/x86_64-linux-gnu/:/usr/lib/../lib/:/home/andreast/modules/flow/202309a/rpp-dune-amgcpr-branch/lib/:/home/andreast/modules/zoltan/202309a/12.16/lib/:/home/andreast/modules/dune/202309a/mod-2.7.1/lib/:/cm/shared/ex3-modules/202309a/milanq/pkgs/suitesparse-32-5.12.0/lib/:/cm/shared/ex3-modules/202309a/milanq/pkgs/mpfr-4.0.2/lib/:/cm/shared/ex3-modules/202309a/milanq/pkgs/gmp-6.1.2/lib/:/cm/shared/ex3-modules/202309a/milanq/pkgs/parmetis-32-4.0.3/lib/:/cm/shared/ex3-modules/202309a/milanq/pkgs/metis-32-5.1.0/lib/:/cm/shared/ex3-modules/202309a/milanq/pkgs/boost-1.73.0/lib/:/cm/shared/ex3-modules/202309a/milanq/pkgs/xz-5.2.7/lib/:/cm/shared/ex3-modules/202309a/milanq/pkgs/openblas-0.3.21/lib/:/cm/shared/ex3-modules/202309a/milanq/pkgs/openmpi-4.1.4/lib/:/cm/shared/ex3-modules/202309a/milanq/pkgs/util-linux-2.34/lib/:/cm/shared/ex3-modules/202309a/milanq/pkgs/libfabric-1.17.0/lib/:/cm/shared/ex3-modules/202309a/milanq/pkgs/ucx-1.12.1/lib/:/cm/shared/ex3-modules/202309a/milanq/pkgs/rdma-core-44.0/lib/:/cm/shared/ex3-modules/202309a/milanq/pkgs/libnl-3.2.25/lib/:/cm/shared/ex3-modules/202309a/milanq/pkgs/numactl-2.0.13/lib/:/cm/shared/ex3-modules/202309a/milanq/pkgs/libevent-2.1.12-stable/lib/:/cm/shared/ex3-modules/202309a/milanq/pkgs/knem-1.1.4/lib/:/cm/shared/ex3-modules/202309a/milanq/pkgs/hwloc-2.7.1/lib/:/cm/shared/ex3-modules/0.6.1/pkgs/fftw-3.3.8/lib/:/cm/shared/ex3-modules/0.6.1/pkgs/lapack-3.9.0/lib/:/cm/shared/ex3-modules/0.6.1/pkgs/openblas-0.3.12/lib/:/cm/shared/ex3-modules/0.6.1/pkgs/gcc-8.4.0/lib64/:/cm/shared/ex3-modules/0.6.1/pkgs/freetype-2.10.1/lib/:/cm/shared/ex3-modules/0.6.1/pkgs/libpng-1.6.37/lib/:/cm/shared/ex3-modules/0.6.1/pkgs/python-3.7.4/lib/:/cm/shared/ex3-modules/0.6.1/pkgs/sqlite-3.31.1/lib/:/cm/shared/ex3-modules/0.6.1/pkgs/libffi-3.2.1/lib/:/cm/shared/ex3-modules/0.6.1/pkgs/readline-8.0/lib/:/cm/shared/ex3-modules/0.6.1/pkgs/ncurses-6.1/lib/:/cm/shared/ex3-modules/0.6.1/pkgs/xz-5.2.5/lib/:/cm/shared/ex3-modules/0.6.1/pkgs/bzip2-1.0.8/lib/:/cm/shared/ex3-modules/0.6.1/pkgs/openssl-1.1.1c/lib/:/cm/shared/apps/slurm/current/lib64/slurm/:/cm/shared/apps/slurm/current/lib64/:/usr/lib/gcc/x86_64-linux-gnu/11/../../../:/lib/:/usr/lib/]
  ignore line: [COLLECT_GCC_OPTIONS='-v' '-o' 'cmTC_c7d57' '-shared-libgcc' '-mtune=generic' '-march=x86-64' '-dumpdir' 'cmTC_c7d57.']
  link line: [ /usr/lib/gcc/x86_64-linux-gnu/11/collect2 -plugin /usr/lib/gcc/x86_64-linux-gnu/11/liblto_plugin.so -plugin-opt=/usr/lib/gcc/x86_64-linux-gnu/11/lto-wrapper -plugin-opt=-fresolution=/tmp/ccOS4hv8.res -plugin-opt=-pass-through=-lgcc_s -plugin-opt=-pass-through=-lgcc -plugin-opt=-pass-through=-lquadmath -plugin-opt=-pass-through=-lm -plugin-opt=-pass-through=-lgcc_s -plugin-opt=-pass-through=-lgcc -plugin-opt=-pass-through=-lc -plugin-opt=-pass-through=-lgcc_s -plugin-opt=-pass-through=-lgcc --build-id --eh-frame-hdr -m elf_x86_64 --hash-style=gnu --as-needed -dynamic-linker /lib64/ld-linux-x86-64.so.2 -pie -z now -z relro -o cmTC_c7d57 /usr/lib/gcc/x86_64-linux-gnu/11/../../../x86_64-linux-gnu/Scrt1.o /usr/lib/gcc/x86_64-linux-gnu/11/../../../x86_64-linux-gnu/crti.o /usr/lib/gcc/x86_64-linux-gnu/11/crtbeginS.o -L/home/andreast/modules/flow/202309a/rpp-dune-amgcpr-branch/lib/../lib -L/home/andreast/modules/zoltan/202309a/12.16/lib/../lib -L/home/andreast/modules/dune/202309a/mod-2.7.1/lib/../lib -L/cm/shared/ex3-modules/202309a/milanq/pkgs/suitesparse-32-5.12.0/lib/../lib -L/cm/shared/ex3-modules/202309a/milanq/pkgs/mpfr-4.0.2/lib/../lib -L/cm/shared/ex3-modules/202309a/milanq/pkgs/gmp-6.1.2/lib/../lib -L/cm/shared/ex3-modules/202309a/milanq/pkgs/parmetis-32-4.0.3/lib/../lib -L/cm/shared/ex3-modules/202309a/milanq/pkgs/metis-32-5.1.0/lib/../lib -L/cm/shared/ex3-modules/202309a/milanq/pkgs/boost-1.73.0/lib/../lib -L/cm/shared/ex3-modules/202309a/milanq/pkgs/xz-5.2.7/lib/../lib -L/cm/shared/ex3-modules/202309a/milanq/pkgs/openblas-0.3.21/lib/../lib -L/cm/shared/ex3-modules/202309a/milanq/pkgs/openmpi-4.1.4/lib/../lib -L/cm/shared/ex3-modules/202309a/milanq/pkgs/util-linux-2.34/lib/../lib -L/cm/shared/ex3-modules/202309a/milanq/pkgs/libfabric-1.17.0/lib/../lib -L/cm/shared/ex3-modules/202309a/milanq/pkgs/ucx-1.12.1/lib/../lib -L/cm/shared/ex3-modules/202309a/milanq/pkgs/rdma-core-44.0/lib/../lib -L/cm/shared/ex3-modules/202309a/milanq/pkgs/libnl-3.2.25/lib/../lib -L/cm/shared/ex3-modules/202309a/milanq/pkgs/numactl-2.0.13/lib/../lib -L/cm/shared/ex3-modules/202309a/milanq/pkgs/libevent-2.1.12-stable/lib/../lib -L/cm/shared/ex3-modules/202309a/milanq/pkgs/knem-1.1.4/lib/../lib -L/cm/shared/ex3-modules/202309a/milanq/pkgs/hwloc-2.7.1/lib/../lib -L/cm/shared/ex3-modules/0.6.1/pkgs/fftw-3.3.8/lib/../lib -L/cm/shared/ex3-modules/0.6.1/pkgs/lapack-3.9.0/lib/../lib -L/cm/shared/ex3-modules/0.6.1/pkgs/openblas-0.3.12/lib/../lib -L/cm/shared/ex3-modules/0.6.1/pkgs/gcc-8.4.0/lib64/../lib -L/cm/shared/ex3-modules/0.6.1/pkgs/freetype-2.10.1/lib/../lib -L/cm/shared/ex3-modules/0.6.1/pkgs/libpng-1.6.37/lib/../lib -L/cm/shared/ex3-modules/0.6.1/pkgs/python-3.7.4/lib/../lib -L/cm/shared/ex3-modules/0.6.1/pkgs/sqlite-3.31.1/lib/../lib -L/cm/shared/ex3-modules/0.6.1/pkgs/libffi-3.2.1/lib/../lib -L/cm/shared/ex3-modules/0.6.1/pkgs/readline-8.0/lib/../lib -L/cm/shared/ex3-modules/0.6.1/pkgs/ncurses-6.1/lib/../lib -L/cm/shared/ex3-modules/0.6.1/pkgs/xz-5.2.5/lib/../lib -L/cm/shared/ex3-modules/0.6.1/pkgs/bzip2-1.0.8/lib/../lib -L/cm/shared/ex3-modules/0.6.1/pkgs/openssl-1.1.1c/lib/../lib -L/cm/shared/apps/slurm/current/lib64/../lib -L/usr/lib/gcc/x86_64-linux-gnu/11 -L/usr/lib/gcc/x86_64-linux-gnu/11/../../../x86_64-linux-gnu -L/usr/lib/gcc/x86_64-linux-gnu/11/../../../../lib -L/lib/x86_64-linux-gnu -L/lib/../lib -L/usr/lib/x86_64-linux-gnu -L/usr/lib/../lib -L/home/andreast/modules/flow/202309a/rpp-dune-amgcpr-branch/lib -L/home/andreast/modules/zoltan/202309a/12.16/lib -L/home/andreast/modules/dune/202309a/mod-2.7.1/lib -L/cm/shared/ex3-modules/202309a/milanq/pkgs/suitesparse-32-5.12.0/lib -L/cm/shared/ex3-modules/202309a/milanq/pkgs/mpfr-4.0.2/lib -L/cm/shared/ex3-modules/202309a/milanq/pkgs/gmp-6.1.2/lib -L/cm/shared/ex3-modules/202309a/milanq/pkgs/parmetis-32-4.0.3/lib -L/cm/shared/ex3-modules/202309a/milanq/pkgs/metis-32-5.1.0/lib -L/cm/shared/ex3-modules/202309a/milanq/pkgs/boost-1.73.0/lib -L/cm/shared/ex3-modules/202309a/milanq/pkgs/xz-5.2.7/lib -L/cm/shared/ex3-modules/202309a/milanq/pkgs/openblas-0.3.21/lib -L/cm/shared/ex3-modules/202309a/milanq/pkgs/openmpi-4.1.4/lib -L/cm/shared/ex3-modules/202309a/milanq/pkgs/util-linux-2.34/lib -L/cm/shared/ex3-modules/202309a/milanq/pkgs/libfabric-1.17.0/lib -L/cm/shared/ex3-modules/202309a/milanq/pkgs/ucx-1.12.1/lib -L/cm/shared/ex3-modules/202309a/milanq/pkgs/rdma-core-44.0/lib -L/cm/shared/ex3-modules/202309a/milanq/pkgs/libnl-3.2.25/lib -L/cm/shared/ex3-modules/202309a/milanq/pkgs/numactl-2.0.13/lib -L/cm/shared/ex3-modules/202309a/milanq/pkgs/libevent-2.1.12-stable/lib -L/cm/shared/ex3-modules/202309a/milanq/pkgs/knem-1.1.4/lib -L/cm/shared/ex3-modules/202309a/milanq/pkgs/hwloc-2.7.1/lib -L/cm/shared/ex3-modules/0.6.1/pkgs/fftw-3.3.8/lib -L/cm/shared/ex3-modules/0.6.1/pkgs/lapack-3.9.0/lib -L/cm/shared/ex3-modules/0.6.1/pkgs/openblas-0.3.12/lib -L/cm/shared/ex3-modules/0.6.1/pkgs/gcc-8.4.0/lib64 -L/cm/shared/ex3-modules/0.6.1/pkgs/freetype-2.10.1/lib -L/cm/shared/ex3-modules/0.6.1/pkgs/libpng-1.6.37/lib -L/cm/shared/ex3-modules/0.6.1/pkgs/python-3.7.4/lib -L/cm/shared/ex3-modules/0.6.1/pkgs/sqlite-3.31.1/lib -L/cm/shared/ex3-modules/0.6.1/pkgs/libffi-3.2.1/lib -L/cm/shared/ex3-modules/0.6.1/pkgs/readline-8.0/lib -L/cm/shared/ex3-modules/0.6.1/pkgs/ncurses-6.1/lib -L/cm/shared/ex3-modules/0.6.1/pkgs/xz-5.2.5/lib -L/cm/shared/ex3-modules/0.6.1/pkgs/bzip2-1.0.8/lib -L/cm/shared/ex3-modules/0.6.1/pkgs/openssl-1.1.1c/lib -L/cm/shared/apps/slurm/current/lib64/slurm -L/cm/shared/apps/slurm/current/lib64 -L/usr/lib/gcc/x86_64-linux-gnu/11/../../.. CMakeFiles/cmTC_c7d57.dir/CMakeFortranCompilerABI.F.o -lgfortran -lm -lgcc_s -lgcc -lquadmath -lm -lgcc_s -lgcc -lc -lgcc_s -lgcc /usr/lib/gcc/x86_64-linux-gnu/11/crtendS.o /usr/lib/gcc/x86_64-linux-gnu/11/../../../x86_64-linux-gnu/crtn.o]
    arg [/usr/lib/gcc/x86_64-linux-gnu/11/collect2] ==> ignore
    arg [-plugin] ==> ignore
    arg [/usr/lib/gcc/x86_64-linux-gnu/11/liblto_plugin.so] ==> ignore
    arg [-plugin-opt=/usr/lib/gcc/x86_64-linux-gnu/11/lto-wrapper] ==> ignore
    arg [-plugin-opt=-fresolution=/tmp/ccOS4hv8.res] ==> ignore
    arg [-plugin-opt=-pass-through=-lgcc_s] ==> ignore
    arg [-plugin-opt=-pass-through=-lgcc] ==> ignore
    arg [-plugin-opt=-pass-through=-lquadmath] ==> ignore
    arg [-plugin-opt=-pass-through=-lm] ==> ignore
    arg [-plugin-opt=-pass-through=-lgcc_s] ==> ignore
    arg [-plugin-opt=-pass-through=-lgcc] ==> ignore
    arg [-plugin-opt=-pass-through=-lc] ==> ignore
    arg [-plugin-opt=-pass-through=-lgcc_s] ==> ignore
    arg [-plugin-opt=-pass-through=-lgcc] ==> ignore
    arg [--build-id] ==> ignore
    arg [--eh-frame-hdr] ==> ignore
    arg [-m] ==> ignore
    arg [elf_x86_64] ==> ignore
    arg [--hash-style=gnu] ==> ignore
    arg [--as-needed] ==> ignore
    arg [-dynamic-linker] ==> ignore
    arg [/lib64/ld-linux-x86-64.so.2] ==> ignore
    arg [-pie] ==> ignore
    arg [-znow] ==> ignore
    arg [-zrelro] ==> ignore
    arg [-o] ==> ignore
    arg [cmTC_c7d57] ==> ignore
    arg [/usr/lib/gcc/x86_64-linux-gnu/11/../../../x86_64-linux-gnu/Scrt1.o] ==> ignore
    arg [/usr/lib/gcc/x86_64-linux-gnu/11/../../../x86_64-linux-gnu/crti.o] ==> ignore
    arg [/usr/lib/gcc/x86_64-linux-gnu/11/crtbeginS.o] ==> ignore
    arg [-L/home/andreast/modules/flow/202309a/rpp-dune-amgcpr-branch/lib/../lib] ==> dir [/home/andreast/modules/flow/202309a/rpp-dune-amgcpr-branch/lib/../lib]
    arg [-L/home/andreast/modules/zoltan/202309a/12.16/lib/../lib] ==> dir [/home/andreast/modules/zoltan/202309a/12.16/lib/../lib]
    arg [-L/home/andreast/modules/dune/202309a/mod-2.7.1/lib/../lib] ==> dir [/home/andreast/modules/dune/202309a/mod-2.7.1/lib/../lib]
    arg [-L/cm/shared/ex3-modules/202309a/milanq/pkgs/suitesparse-32-5.12.0/lib/../lib] ==> dir [/cm/shared/ex3-modules/202309a/milanq/pkgs/suitesparse-32-5.12.0/lib/../lib]
    arg [-L/cm/shared/ex3-modules/202309a/milanq/pkgs/mpfr-4.0.2/lib/../lib] ==> dir [/cm/shared/ex3-modules/202309a/milanq/pkgs/mpfr-4.0.2/lib/../lib]
    arg [-L/cm/shared/ex3-modules/202309a/milanq/pkgs/gmp-6.1.2/lib/../lib] ==> dir [/cm/shared/ex3-modules/202309a/milanq/pkgs/gmp-6.1.2/lib/../lib]
    arg [-L/cm/shared/ex3-modules/202309a/milanq/pkgs/parmetis-32-4.0.3/lib/../lib] ==> dir [/cm/shared/ex3-modules/202309a/milanq/pkgs/parmetis-32-4.0.3/lib/../lib]
    arg [-L/cm/shared/ex3-modules/202309a/milanq/pkgs/metis-32-5.1.0/lib/../lib] ==> dir [/cm/shared/ex3-modules/202309a/milanq/pkgs/metis-32-5.1.0/lib/../lib]
    arg [-L/cm/shared/ex3-modules/202309a/milanq/pkgs/boost-1.73.0/lib/../lib] ==> dir [/cm/shared/ex3-modules/202309a/milanq/pkgs/boost-1.73.0/lib/../lib]
    arg [-L/cm/shared/ex3-modules/202309a/milanq/pkgs/xz-5.2.7/lib/../lib] ==> dir [/cm/shared/ex3-modules/202309a/milanq/pkgs/xz-5.2.7/lib/../lib]
    arg [-L/cm/shared/ex3-modules/202309a/milanq/pkgs/openblas-0.3.21/lib/../lib] ==> dir [/cm/shared/ex3-modules/202309a/milanq/pkgs/openblas-0.3.21/lib/../lib]
    arg [-L/cm/shared/ex3-modules/202309a/milanq/pkgs/openmpi-4.1.4/lib/../lib] ==> dir [/cm/shared/ex3-modules/202309a/milanq/pkgs/openmpi-4.1.4/lib/../lib]
    arg [-L/cm/shared/ex3-modules/202309a/milanq/pkgs/util-linux-2.34/lib/../lib] ==> dir [/cm/shared/ex3-modules/202309a/milanq/pkgs/util-linux-2.34/lib/../lib]
    arg [-L/cm/shared/ex3-modules/202309a/milanq/pkgs/libfabric-1.17.0/lib/../lib] ==> dir [/cm/shared/ex3-modules/202309a/milanq/pkgs/libfabric-1.17.0/lib/../lib]
    arg [-L/cm/shared/ex3-modules/202309a/milanq/pkgs/ucx-1.12.1/lib/../lib] ==> dir [/cm/shared/ex3-modules/202309a/milanq/pkgs/ucx-1.12.1/lib/../lib]
    arg [-L/cm/shared/ex3-modules/202309a/milanq/pkgs/rdma-core-44.0/lib/../lib] ==> dir [/cm/shared/ex3-modules/202309a/milanq/pkgs/rdma-core-44.0/lib/../lib]
    arg [-L/cm/shared/ex3-modules/202309a/milanq/pkgs/libnl-3.2.25/lib/../lib] ==> dir [/cm/shared/ex3-modules/202309a/milanq/pkgs/libnl-3.2.25/lib/../lib]
    arg [-L/cm/shared/ex3-modules/202309a/milanq/pkgs/numactl-2.0.13/lib/../lib] ==> dir [/cm/shared/ex3-modules/202309a/milanq/pkgs/numactl-2.0.13/lib/../lib]
    arg [-L/cm/shared/ex3-modules/202309a/milanq/pkgs/libevent-2.1.12-stable/lib/../lib] ==> dir [/cm/shared/ex3-modules/202309a/milanq/pkgs/libevent-2.1.12-stable/lib/../lib]
    arg [-L/cm/shared/ex3-modules/202309a/milanq/pkgs/knem-1.1.4/lib/../lib] ==> dir [/cm/shared/ex3-modules/202309a/milanq/pkgs/knem-1.1.4/lib/../lib]
    arg [-L/cm/shared/ex3-modules/202309a/milanq/pkgs/hwloc-2.7.1/lib/../lib] ==> dir [/cm/shared/ex3-modules/202309a/milanq/pkgs/hwloc-2.7.1/lib/../lib]
    arg [-L/cm/shared/ex3-modules/0.6.1/pkgs/fftw-3.3.8/lib/../lib] ==> dir [/cm/shared/ex3-modules/0.6.1/pkgs/fftw-3.3.8/lib/../lib]
    arg [-L/cm/shared/ex3-modules/0.6.1/pkgs/lapack-3.9.0/lib/../lib] ==> dir [/cm/shared/ex3-modules/0.6.1/pkgs/lapack-3.9.0/lib/../lib]
    arg [-L/cm/shared/ex3-modules/0.6.1/pkgs/openblas-0.3.12/lib/../lib] ==> dir [/cm/shared/ex3-modules/0.6.1/pkgs/openblas-0.3.12/lib/../lib]
    arg [-L/cm/shared/ex3-modules/0.6.1/pkgs/gcc-8.4.0/lib64/../lib] ==> dir [/cm/shared/ex3-modules/0.6.1/pkgs/gcc-8.4.0/lib64/../lib]
    arg [-L/cm/shared/ex3-modules/0.6.1/pkgs/freetype-2.10.1/lib/../lib] ==> dir [/cm/shared/ex3-modules/0.6.1/pkgs/freetype-2.10.1/lib/../lib]
    arg [-L/cm/shared/ex3-modules/0.6.1/pkgs/libpng-1.6.37/lib/../lib] ==> dir [/cm/shared/ex3-modules/0.6.1/pkgs/libpng-1.6.37/lib/../lib]
    arg [-L/cm/shared/ex3-modules/0.6.1/pkgs/python-3.7.4/lib/../lib] ==> dir [/cm/shared/ex3-modules/0.6.1/pkgs/python-3.7.4/lib/../lib]
    arg [-L/cm/shared/ex3-modules/0.6.1/pkgs/sqlite-3.31.1/lib/../lib] ==> dir [/cm/shared/ex3-modules/0.6.1/pkgs/sqlite-3.31.1/lib/../lib]
    arg [-L/cm/shared/ex3-modules/0.6.1/pkgs/libffi-3.2.1/lib/../lib] ==> dir [/cm/shared/ex3-modules/0.6.1/pkgs/libffi-3.2.1/lib/../lib]
    arg [-L/cm/shared/ex3-modules/0.6.1/pkgs/readline-8.0/lib/../lib] ==> dir [/cm/shared/ex3-modules/0.6.1/pkgs/readline-8.0/lib/../lib]
    arg [-L/cm/shared/ex3-modules/0.6.1/pkgs/ncurses-6.1/lib/../lib] ==> dir [/cm/shared/ex3-modules/0.6.1/pkgs/ncurses-6.1/lib/../lib]
    arg [-L/cm/shared/ex3-modules/0.6.1/pkgs/xz-5.2.5/lib/../lib] ==> dir [/cm/shared/ex3-modules/0.6.1/pkgs/xz-5.2.5/lib/../lib]
    arg [-L/cm/shared/ex3-modules/0.6.1/pkgs/bzip2-1.0.8/lib/../lib] ==> dir [/cm/shared/ex3-modules/0.6.1/pkgs/bzip2-1.0.8/lib/../lib]
    arg [-L/cm/shared/ex3-modules/0.6.1/pkgs/openssl-1.1.1c/lib/../lib] ==> dir [/cm/shared/ex3-modules/0.6.1/pkgs/openssl-1.1.1c/lib/../lib]
    arg [-L/cm/shared/apps/slurm/current/lib64/../lib] ==> dir [/cm/shared/apps/slurm/current/lib64/../lib]
    arg [-L/usr/lib/gcc/x86_64-linux-gnu/11] ==> dir [/usr/lib/gcc/x86_64-linux-gnu/11]
    arg [-L/usr/lib/gcc/x86_64-linux-gnu/11/../../../x86_64-linux-gnu] ==> dir [/usr/lib/gcc/x86_64-linux-gnu/11/../../../x86_64-linux-gnu]
    arg [-L/usr/lib/gcc/x86_64-linux-gnu/11/../../../../lib] ==> dir [/usr/lib/gcc/x86_64-linux-gnu/11/../../../../lib]
    arg [-L/lib/x86_64-linux-gnu] ==> dir [/lib/x86_64-linux-gnu]
    arg [-L/lib/../lib] ==> dir [/lib/../lib]
    arg [-L/usr/lib/x86_64-linux-gnu] ==> dir [/usr/lib/x86_64-linux-gnu]
    arg [-L/usr/lib/../lib] ==> dir [/usr/lib/../lib]
    arg [-L/home/andreast/modules/flow/202309a/rpp-dune-amgcpr-branch/lib] ==> dir [/home/andreast/modules/flow/202309a/rpp-dune-amgcpr-branch/lib]
    arg [-L/home/andreast/modules/zoltan/202309a/12.16/lib] ==> dir [/home/andreast/modules/zoltan/202309a/12.16/lib]
    arg [-L/home/andreast/modules/dune/202309a/mod-2.7.1/lib] ==> dir [/home/andreast/modules/dune/202309a/mod-2.7.1/lib]
    arg [-L/cm/shared/ex3-modules/202309a/milanq/pkgs/suitesparse-32-5.12.0/lib] ==> dir [/cm/shared/ex3-modules/202309a/milanq/pkgs/suitesparse-32-5.12.0/lib]
    arg [-L/cm/shared/ex3-modules/202309a/milanq/pkgs/mpfr-4.0.2/lib] ==> dir [/cm/shared/ex3-modules/202309a/milanq/pkgs/mpfr-4.0.2/lib]
    arg [-L/cm/shared/ex3-modules/202309a/milanq/pkgs/gmp-6.1.2/lib] ==> dir [/cm/shared/ex3-modules/202309a/milanq/pkgs/gmp-6.1.2/lib]
    arg [-L/cm/shared/ex3-modules/202309a/milanq/pkgs/parmetis-32-4.0.3/lib] ==> dir [/cm/shared/ex3-modules/202309a/milanq/pkgs/parmetis-32-4.0.3/lib]
    arg [-L/cm/shared/ex3-modules/202309a/milanq/pkgs/metis-32-5.1.0/lib] ==> dir [/cm/shared/ex3-modules/202309a/milanq/pkgs/metis-32-5.1.0/lib]
    arg [-L/cm/shared/ex3-modules/202309a/milanq/pkgs/boost-1.73.0/lib] ==> dir [/cm/shared/ex3-modules/202309a/milanq/pkgs/boost-1.73.0/lib]
    arg [-L/cm/shared/ex3-modules/202309a/milanq/pkgs/xz-5.2.7/lib] ==> dir [/cm/shared/ex3-modules/202309a/milanq/pkgs/xz-5.2.7/lib]
    arg [-L/cm/shared/ex3-modules/202309a/milanq/pkgs/openblas-0.3.21/lib] ==> dir [/cm/shared/ex3-modules/202309a/milanq/pkgs/openblas-0.3.21/lib]
    arg [-L/cm/shared/ex3-modules/202309a/milanq/pkgs/openmpi-4.1.4/lib] ==> dir [/cm/shared/ex3-modules/202309a/milanq/pkgs/openmpi-4.1.4/lib]
    arg [-L/cm/shared/ex3-modules/202309a/milanq/pkgs/util-linux-2.34/lib] ==> dir [/cm/shared/ex3-modules/202309a/milanq/pkgs/util-linux-2.34/lib]
    arg [-L/cm/shared/ex3-modules/202309a/milanq/pkgs/libfabric-1.17.0/lib] ==> dir [/cm/shared/ex3-modules/202309a/milanq/pkgs/libfabric-1.17.0/lib]
    arg [-L/cm/shared/ex3-modules/202309a/milanq/pkgs/ucx-1.12.1/lib] ==> dir [/cm/shared/ex3-modules/202309a/milanq/pkgs/ucx-1.12.1/lib]
    arg [-L/cm/shared/ex3-modules/202309a/milanq/pkgs/rdma-core-44.0/lib] ==> dir [/cm/shared/ex3-modules/202309a/milanq/pkgs/rdma-core-44.0/lib]
    arg [-L/cm/shared/ex3-modules/202309a/milanq/pkgs/libnl-3.2.25/lib] ==> dir [/cm/shared/ex3-modules/202309a/milanq/pkgs/libnl-3.2.25/lib]
    arg [-L/cm/shared/ex3-modules/202309a/milanq/pkgs/numactl-2.0.13/lib] ==> dir [/cm/shared/ex3-modules/202309a/milanq/pkgs/numactl-2.0.13/lib]
    arg [-L/cm/shared/ex3-modules/202309a/milanq/pkgs/libevent-2.1.12-stable/lib] ==> dir [/cm/shared/ex3-modules/202309a/milanq/pkgs/libevent-2.1.12-stable/lib]
    arg [-L/cm/shared/ex3-modules/202309a/milanq/pkgs/knem-1.1.4/lib] ==> dir [/cm/shared/ex3-modules/202309a/milanq/pkgs/knem-1.1.4/lib]
    arg [-L/cm/shared/ex3-modules/202309a/milanq/pkgs/hwloc-2.7.1/lib] ==> dir [/cm/shared/ex3-modules/202309a/milanq/pkgs/hwloc-2.7.1/lib]
    arg [-L/cm/shared/ex3-modules/0.6.1/pkgs/fftw-3.3.8/lib] ==> dir [/cm/shared/ex3-modules/0.6.1/pkgs/fftw-3.3.8/lib]
    arg [-L/cm/shared/ex3-modules/0.6.1/pkgs/lapack-3.9.0/lib] ==> dir [/cm/shared/ex3-modules/0.6.1/pkgs/lapack-3.9.0/lib]
    arg [-L/cm/shared/ex3-modules/0.6.1/pkgs/openblas-0.3.12/lib] ==> dir [/cm/shared/ex3-modules/0.6.1/pkgs/openblas-0.3.12/lib]
    arg [-L/cm/shared/ex3-modules/0.6.1/pkgs/gcc-8.4.0/lib64] ==> dir [/cm/shared/ex3-modules/0.6.1/pkgs/gcc-8.4.0/lib64]
    arg [-L/cm/shared/ex3-modules/0.6.1/pkgs/freetype-2.10.1/lib] ==> dir [/cm/shared/ex3-modules/0.6.1/pkgs/freetype-2.10.1/lib]
    arg [-L/cm/shared/ex3-modules/0.6.1/pkgs/libpng-1.6.37/lib] ==> dir [/cm/shared/ex3-modules/0.6.1/pkgs/libpng-1.6.37/lib]
    arg [-L/cm/shared/ex3-modules/0.6.1/pkgs/python-3.7.4/lib] ==> dir [/cm/shared/ex3-modules/0.6.1/pkgs/python-3.7.4/lib]
    arg [-L/cm/shared/ex3-modules/0.6.1/pkgs/sqlite-3.31.1/lib] ==> dir [/cm/shared/ex3-modules/0.6.1/pkgs/sqlite-3.31.1/lib]
    arg [-L/cm/shared/ex3-modules/0.6.1/pkgs/libffi-3.2.1/lib] ==> dir [/cm/shared/ex3-modules/0.6.1/pkgs/libffi-3.2.1/lib]
    arg [-L/cm/shared/ex3-modules/0.6.1/pkgs/readline-8.0/lib] ==> dir [/cm/shared/ex3-modules/0.6.1/pkgs/readline-8.0/lib]
    arg [-L/cm/shared/ex3-modules/0.6.1/pkgs/ncurses-6.1/lib] ==> dir [/cm/shared/ex3-modules/0.6.1/pkgs/ncurses-6.1/lib]
    arg [-L/cm/shared/ex3-modules/0.6.1/pkgs/xz-5.2.5/lib] ==> dir [/cm/shared/ex3-modules/0.6.1/pkgs/xz-5.2.5/lib]
    arg [-L/cm/shared/ex3-modules/0.6.1/pkgs/bzip2-1.0.8/lib] ==> dir [/cm/shared/ex3-modules/0.6.1/pkgs/bzip2-1.0.8/lib]
    arg [-L/cm/shared/ex3-modules/0.6.1/pkgs/openssl-1.1.1c/lib] ==> dir [/cm/shared/ex3-modules/0.6.1/pkgs/openssl-1.1.1c/lib]
    arg [-L/cm/shared/apps/slurm/current/lib64/slurm] ==> dir [/cm/shared/apps/slurm/current/lib64/slurm]
    arg [-L/cm/shared/apps/slurm/current/lib64] ==> dir [/cm/shared/apps/slurm/current/lib64]
    arg [-L/usr/lib/gcc/x86_64-linux-gnu/11/../../..] ==> dir [/usr/lib/gcc/x86_64-linux-gnu/11/../../..]
    arg [CMakeFiles/cmTC_c7d57.dir/CMakeFortranCompilerABI.F.o] ==> ignore
    arg [-lgfortran] ==> lib [gfortran]
    arg [-lm] ==> lib [m]
    arg [-lgcc_s] ==> lib [gcc_s]
    arg [-lgcc] ==> lib [gcc]
    arg [-lquadmath] ==> lib [quadmath]
    arg [-lm] ==> lib [m]
    arg [-lgcc_s] ==> lib [gcc_s]
    arg [-lgcc] ==> lib [gcc]
    arg [-lc] ==> lib [c]
    arg [-lgcc_s] ==> lib [gcc_s]
    arg [-lgcc] ==> lib [gcc]
    arg [/usr/lib/gcc/x86_64-linux-gnu/11/crtendS.o] ==> ignore
    arg [/usr/lib/gcc/x86_64-linux-gnu/11/../../../x86_64-linux-gnu/crtn.o] ==> ignore
  collapse library dir [/home/andreast/modules/flow/202309a/rpp-dune-amgcpr-branch/lib/../lib] ==> [/home/andreast/modules/flow/202309a/rpp-dune-amgcpr-branch/lib]
  collapse library dir [/home/andreast/modules/zoltan/202309a/12.16/lib/../lib] ==> [/home/andreast/modules/zoltan/202309a/12.16/lib]
  collapse library dir [/home/andreast/modules/dune/202309a/mod-2.7.1/lib/../lib] ==> [/home/andreast/modules/dune/202309a/mod-2.7.1/lib]
  collapse library dir [/cm/shared/ex3-modules/202309a/milanq/pkgs/suitesparse-32-5.12.0/lib/../lib] ==> [/cm/shared/ex3-modules/202309a/milanq/pkgs/suitesparse-32-5.12.0/lib]
  collapse library dir [/cm/shared/ex3-modules/202309a/milanq/pkgs/mpfr-4.0.2/lib/../lib] ==> [/cm/shared/ex3-modules/202309a/milanq/pkgs/mpfr-4.0.2/lib]
  collapse library dir [/cm/shared/ex3-modules/202309a/milanq/pkgs/gmp-6.1.2/lib/../lib] ==> [/cm/shared/ex3-modules/202309a/milanq/pkgs/gmp-6.1.2/lib]
  collapse library dir [/cm/shared/ex3-modules/202309a/milanq/pkgs/parmetis-32-4.0.3/lib/../lib] ==> [/cm/shared/ex3-modules/202309a/milanq/pkgs/parmetis-32-4.0.3/lib]
  collapse library dir [/cm/shared/ex3-modules/202309a/milanq/pkgs/metis-32-5.1.0/lib/../lib] ==> [/cm/shared/ex3-modules/202309a/milanq/pkgs/metis-32-5.1.0/lib]
  collapse library dir [/cm/shared/ex3-modules/202309a/milanq/pkgs/boost-1.73.0/lib/../lib] ==> [/cm/shared/ex3-modules/202309a/milanq/pkgs/boost-1.73.0/lib]
  collapse library dir [/cm/shared/ex3-modules/202309a/milanq/pkgs/xz-5.2.7/lib/../lib] ==> [/cm/shared/ex3-modules/202309a/milanq/pkgs/xz-5.2.7/lib]
  collapse library dir [/cm/shared/ex3-modules/202309a/milanq/pkgs/openblas-0.3.21/lib/../lib] ==> [/cm/shared/ex3-modules/202309a/milanq/pkgs/openblas-0.3.21/lib]
  collapse library dir [/cm/shared/ex3-modules/202309a/milanq/pkgs/openmpi-4.1.4/lib/../lib] ==> [/cm/shared/ex3-modules/202309a/milanq/pkgs/openmpi-4.1.4/lib]
  collapse library dir [/cm/shared/ex3-modules/202309a/milanq/pkgs/util-linux-2.34/lib/../lib] ==> [/cm/shared/ex3-modules/202309a/milanq/pkgs/util-linux-2.34/lib]
  collapse library dir [/cm/shared/ex3-modules/202309a/milanq/pkgs/libfabric-1.17.0/lib/../lib] ==> [/cm/shared/ex3-modules/202309a/milanq/pkgs/libfabric-1.17.0/lib]
  collapse library dir [/cm/shared/ex3-modules/202309a/milanq/pkgs/ucx-1.12.1/lib/../lib] ==> [/cm/shared/ex3-modules/202309a/milanq/pkgs/ucx-1.12.1/lib]
  collapse library dir [/cm/shared/ex3-modules/202309a/milanq/pkgs/rdma-core-44.0/lib/../lib] ==> [/cm/shared/ex3-modules/202309a/milanq/pkgs/rdma-core-44.0/lib]
  collapse library dir [/cm/shared/ex3-modules/202309a/milanq/pkgs/libnl-3.2.25/lib/../lib] ==> [/cm/shared/ex3-modules/202309a/milanq/pkgs/libnl-3.2.25/lib]
  collapse library dir [/cm/shared/ex3-modules/202309a/milanq/pkgs/numactl-2.0.13/lib/../lib] ==> [/cm/shared/ex3-modules/202309a/milanq/pkgs/numactl-2.0.13/lib]
  collapse library dir [/cm/shared/ex3-modules/202309a/milanq/pkgs/libevent-2.1.12-stable/lib/../lib] ==> [/cm/shared/ex3-modules/202309a/milanq/pkgs/libevent-2.1.12-stable/lib]
  collapse library dir [/cm/shared/ex3-modules/202309a/milanq/pkgs/knem-1.1.4/lib/../lib] ==> [/cm/shared/ex3-modules/202309a/milanq/pkgs/knem-1.1.4/lib]
  collapse library dir [/cm/shared/ex3-modules/202309a/milanq/pkgs/hwloc-2.7.1/lib/../lib] ==> [/cm/shared/ex3-modules/202309a/milanq/pkgs/hwloc-2.7.1/lib]
  collapse library dir [/cm/shared/ex3-modules/0.6.1/pkgs/fftw-3.3.8/lib/../lib] ==> [/cm/shared/ex3-modules/0.6.1/pkgs/fftw-3.3.8/lib]
  collapse library dir [/cm/shared/ex3-modules/0.6.1/pkgs/lapack-3.9.0/lib/../lib] ==> [/cm/shared/ex3-modules/0.6.1/pkgs/lapack-3.9.0/lib]
  collapse library dir [/cm/shared/ex3-modules/0.6.1/pkgs/openblas-0.3.12/lib/../lib] ==> [/cm/shared/ex3-modules/0.6.1/pkgs/openblas-0.3.12/lib]
  collapse library dir [/cm/shared/ex3-modules/0.6.1/pkgs/gcc-8.4.0/lib64/../lib] ==> [/cm/shared/ex3-modules/0.6.1/pkgs/gcc-8.4.0/lib]
  collapse library dir [/cm/shared/ex3-modules/0.6.1/pkgs/freetype-2.10.1/lib/../lib] ==> [/cm/shared/ex3-modules/0.6.1/pkgs/freetype-2.10.1/lib]
  collapse library dir [/cm/shared/ex3-modules/0.6.1/pkgs/libpng-1.6.37/lib/../lib] ==> [/cm/shared/ex3-modules/0.6.1/pkgs/libpng-1.6.37/lib]
  collapse library dir [/cm/shared/ex3-modules/0.6.1/pkgs/python-3.7.4/lib/../lib] ==> [/cm/shared/ex3-modules/0.6.1/pkgs/python-3.7.4/lib]
  collapse library dir [/cm/shared/ex3-modules/0.6.1/pkgs/sqlite-3.31.1/lib/../lib] ==> [/cm/shared/ex3-modules/0.6.1/pkgs/sqlite-3.31.1/lib]
  collapse library dir [/cm/shared/ex3-modules/0.6.1/pkgs/libffi-3.2.1/lib/../lib] ==> [/cm/shared/ex3-modules/0.6.1/pkgs/libffi-3.2.1/lib]
  collapse library dir [/cm/shared/ex3-modules/0.6.1/pkgs/readline-8.0/lib/../lib] ==> [/cm/shared/ex3-modules/0.6.1/pkgs/readline-8.0/lib]
  collapse library dir [/cm/shared/ex3-modules/0.6.1/pkgs/ncurses-6.1/lib/../lib] ==> [/cm/shared/ex3-modules/0.6.1/pkgs/ncurses-6.1/lib]
  collapse library dir [/cm/shared/ex3-modules/0.6.1/pkgs/xz-5.2.5/lib/../lib] ==> [/cm/shared/ex3-modules/0.6.1/pkgs/xz-5.2.5/lib]
  collapse library dir [/cm/shared/ex3-modules/0.6.1/pkgs/bzip2-1.0.8/lib/../lib] ==> [/cm/shared/ex3-modules/0.6.1/pkgs/bzip2-1.0.8/lib]
  collapse library dir [/cm/shared/ex3-modules/0.6.1/pkgs/openssl-1.1.1c/lib/../lib] ==> [/cm/shared/ex3-modules/0.6.1/pkgs/openssl-1.1.1c/lib]
  collapse library dir [/cm/shared/apps/slurm/current/lib64/../lib] ==> [/cm/shared/apps/slurm/current/lib]
  collapse library dir [/usr/lib/gcc/x86_64-linux-gnu/11] ==> [/usr/lib/gcc/x86_64-linux-gnu/11]
  collapse library dir [/usr/lib/gcc/x86_64-linux-gnu/11/../../../x86_64-linux-gnu] ==> [/usr/lib/x86_64-linux-gnu]
  collapse library dir [/usr/lib/gcc/x86_64-linux-gnu/11/../../../../lib] ==> [/usr/lib]
  collapse library dir [/lib/x86_64-linux-gnu] ==> [/lib/x86_64-linux-gnu]
  collapse library dir [/lib/../lib] ==> [/lib]
  collapse library dir [/usr/lib/x86_64-linux-gnu] ==> [/usr/lib/x86_64-linux-gnu]
  collapse library dir [/usr/lib/../lib] ==> [/usr/lib]
  collapse library dir [/home/andreast/modules/flow/202309a/rpp-dune-amgcpr-branch/lib] ==> [/home/andreast/modules/flow/202309a/rpp-dune-amgcpr-branch/lib]
  collapse library dir [/home/andreast/modules/zoltan/202309a/12.16/lib] ==> [/home/andreast/modules/zoltan/202309a/12.16/lib]
  collapse library dir [/home/andreast/modules/dune/202309a/mod-2.7.1/lib] ==> [/home/andreast/modules/dune/202309a/mod-2.7.1/lib]
  collapse library dir [/cm/shared/ex3-modules/202309a/milanq/pkgs/suitesparse-32-5.12.0/lib] ==> [/cm/shared/ex3-modules/202309a/milanq/pkgs/suitesparse-32-5.12.0/lib]
  collapse library dir [/cm/shared/ex3-modules/202309a/milanq/pkgs/mpfr-4.0.2/lib] ==> [/cm/shared/ex3-modules/202309a/milanq/pkgs/mpfr-4.0.2/lib]
  collapse library dir [/cm/shared/ex3-modules/202309a/milanq/pkgs/gmp-6.1.2/lib] ==> [/cm/shared/ex3-modules/202309a/milanq/pkgs/gmp-6.1.2/lib]
  collapse library dir [/cm/shared/ex3-modules/202309a/milanq/pkgs/parmetis-32-4.0.3/lib] ==> [/cm/shared/ex3-modules/202309a/milanq/pkgs/parmetis-32-4.0.3/lib]
  collapse library dir [/cm/shared/ex3-modules/202309a/milanq/pkgs/metis-32-5.1.0/lib] ==> [/cm/shared/ex3-modules/202309a/milanq/pkgs/metis-32-5.1.0/lib]
  collapse library dir [/cm/shared/ex3-modules/202309a/milanq/pkgs/boost-1.73.0/lib] ==> [/cm/shared/ex3-modules/202309a/milanq/pkgs/boost-1.73.0/lib]
  collapse library dir [/cm/shared/ex3-modules/202309a/milanq/pkgs/xz-5.2.7/lib] ==> [/cm/shared/ex3-modules/202309a/milanq/pkgs/xz-5.2.7/lib]
  collapse library dir [/cm/shared/ex3-modules/202309a/milanq/pkgs/openblas-0.3.21/lib] ==> [/cm/shared/ex3-modules/202309a/milanq/pkgs/openblas-0.3.21/lib]
  collapse library dir [/cm/shared/ex3-modules/202309a/milanq/pkgs/openmpi-4.1.4/lib] ==> [/cm/shared/ex3-modules/202309a/milanq/pkgs/openmpi-4.1.4/lib]
  collapse library dir [/cm/shared/ex3-modules/202309a/milanq/pkgs/util-linux-2.34/lib] ==> [/cm/shared/ex3-modules/202309a/milanq/pkgs/util-linux-2.34/lib]
  collapse library dir [/cm/shared/ex3-modules/202309a/milanq/pkgs/libfabric-1.17.0/lib] ==> [/cm/shared/ex3-modules/202309a/milanq/pkgs/libfabric-1.17.0/lib]
  collapse library dir [/cm/shared/ex3-modules/202309a/milanq/pkgs/ucx-1.12.1/lib] ==> [/cm/shared/ex3-modules/202309a/milanq/pkgs/ucx-1.12.1/lib]
  collapse library dir [/cm/shared/ex3-modules/202309a/milanq/pkgs/rdma-core-44.0/lib] ==> [/cm/shared/ex3-modules/202309a/milanq/pkgs/rdma-core-44.0/lib]
  collapse library dir [/cm/shared/ex3-modules/202309a/milanq/pkgs/libnl-3.2.25/lib] ==> [/cm/shared/ex3-modules/202309a/milanq/pkgs/libnl-3.2.25/lib]
  collapse library dir [/cm/shared/ex3-modules/202309a/milanq/pkgs/numactl-2.0.13/lib] ==> [/cm/shared/ex3-modules/202309a/milanq/pkgs/numactl-2.0.13/lib]
  collapse library dir [/cm/shared/ex3-modules/202309a/milanq/pkgs/libevent-2.1.12-stable/lib] ==> [/cm/shared/ex3-modules/202309a/milanq/pkgs/libevent-2.1.12-stable/lib]
  collapse library dir [/cm/shared/ex3-modules/202309a/milanq/pkgs/knem-1.1.4/lib] ==> [/cm/shared/ex3-modules/202309a/milanq/pkgs/knem-1.1.4/lib]
  collapse library dir [/cm/shared/ex3-modules/202309a/milanq/pkgs/hwloc-2.7.1/lib] ==> [/cm/shared/ex3-modules/202309a/milanq/pkgs/hwloc-2.7.1/lib]
  collapse library dir [/cm/shared/ex3-modules/0.6.1/pkgs/fftw-3.3.8/lib] ==> [/cm/shared/ex3-modules/0.6.1/pkgs/fftw-3.3.8/lib]
  collapse library dir [/cm/shared/ex3-modules/0.6.1/pkgs/lapack-3.9.0/lib] ==> [/cm/shared/ex3-modules/0.6.1/pkgs/lapack-3.9.0/lib]
  collapse library dir [/cm/shared/ex3-modules/0.6.1/pkgs/openblas-0.3.12/lib] ==> [/cm/shared/ex3-modules/0.6.1/pkgs/openblas-0.3.12/lib]
  collapse library dir [/cm/shared/ex3-modules/0.6.1/pkgs/gcc-8.4.0/lib64] ==> [/cm/shared/ex3-modules/0.6.1/pkgs/gcc-8.4.0/lib64]
  collapse library dir [/cm/shared/ex3-modules/0.6.1/pkgs/freetype-2.10.1/lib] ==> [/cm/shared/ex3-modules/0.6.1/pkgs/freetype-2.10.1/lib]
  collapse library dir [/cm/shared/ex3-modules/0.6.1/pkgs/libpng-1.6.37/lib] ==> [/cm/shared/ex3-modules/0.6.1/pkgs/libpng-1.6.37/lib]
  collapse library dir [/cm/shared/ex3-modules/0.6.1/pkgs/python-3.7.4/lib] ==> [/cm/shared/ex3-modules/0.6.1/pkgs/python-3.7.4/lib]
  collapse library dir [/cm/shared/ex3-modules/0.6.1/pkgs/sqlite-3.31.1/lib] ==> [/cm/shared/ex3-modules/0.6.1/pkgs/sqlite-3.31.1/lib]
  collapse library dir [/cm/shared/ex3-modules/0.6.1/pkgs/libffi-3.2.1/lib] ==> [/cm/shared/ex3-modules/0.6.1/pkgs/libffi-3.2.1/lib]
  collapse library dir [/cm/shared/ex3-modules/0.6.1/pkgs/readline-8.0/lib] ==> [/cm/shared/ex3-modules/0.6.1/pkgs/readline-8.0/lib]
  collapse library dir [/cm/shared/ex3-modules/0.6.1/pkgs/ncurses-6.1/lib] ==> [/cm/shared/ex3-modules/0.6.1/pkgs/ncurses-6.1/lib]
  collapse library dir [/cm/shared/ex3-modules/0.6.1/pkgs/xz-5.2.5/lib] ==> [/cm/shared/ex3-modules/0.6.1/pkgs/xz-5.2.5/lib]
  collapse library dir [/cm/shared/ex3-modules/0.6.1/pkgs/bzip2-1.0.8/lib] ==> [/cm/shared/ex3-modules/0.6.1/pkgs/bzip2-1.0.8/lib]
  collapse library dir [/cm/shared/ex3-modules/0.6.1/pkgs/openssl-1.1.1c/lib] ==> [/cm/shared/ex3-modules/0.6.1/pkgs/openssl-1.1.1c/lib]
  collapse library dir [/cm/shared/apps/slurm/current/lib64/slurm] ==> [/cm/shared/apps/slurm/current/lib64/slurm]
  collapse library dir [/cm/shared/apps/slurm/current/lib64] ==> [/cm/shared/apps/slurm/current/lib64]
  collapse library dir [/usr/lib/gcc/x86_64-linux-gnu/11/../../..] ==> [/usr/lib]
  implicit libs: [gfortran;m;gcc_s;gcc;quadmath;m;gcc_s;gcc;c;gcc_s;gcc]
  implicit dirs: [/home/andreast/modules/flow/202309a/rpp-dune-amgcpr-branch/lib;/home/andreast/modules/zoltan/202309a/12.16/lib;/home/andreast/modules/dune/202309a/mod-2.7.1/lib;/cm/shared/ex3-modules/202309a/milanq/pkgs/suitesparse-32-5.12.0/lib;/cm/shared/ex3-modules/202309a/milanq/pkgs/mpfr-4.0.2/lib;/cm/shared/ex3-modules/202309a/milanq/pkgs/gmp-6.1.2/lib;/cm/shared/ex3-modules/202309a/milanq/pkgs/parmetis-32-4.0.3/lib;/cm/shared/ex3-modules/202309a/milanq/pkgs/metis-32-5.1.0/lib;/cm/shared/ex3-modules/202309a/milanq/pkgs/boost-1.73.0/lib;/cm/shared/ex3-modules/202309a/milanq/pkgs/xz-5.2.7/lib;/cm/shared/ex3-modules/202309a/milanq/pkgs/openblas-0.3.21/lib;/cm/shared/ex3-modules/202309a/milanq/pkgs/openmpi-4.1.4/lib;/cm/shared/ex3-modules/202309a/milanq/pkgs/util-linux-2.34/lib;/cm/shared/ex3-modules/202309a/milanq/pkgs/libfabric-1.17.0/lib;/cm/shared/ex3-modules/202309a/milanq/pkgs/ucx-1.12.1/lib;/cm/shared/ex3-modules/202309a/milanq/pkgs/rdma-core-44.0/lib;/cm/shared/ex3-modules/202309a/milanq/pkgs/libnl-3.2.25/lib;/cm/shared/ex3-modules/202309a/milanq/pkgs/numactl-2.0.13/lib;/cm/shared/ex3-modules/202309a/milanq/pkgs/libevent-2.1.12-stable/lib;/cm/shared/ex3-modules/202309a/milanq/pkgs/knem-1.1.4/lib;/cm/shared/ex3-modules/202309a/milanq/pkgs/hwloc-2.7.1/lib;/cm/shared/ex3-modules/0.6.1/pkgs/fftw-3.3.8/lib;/cm/shared/ex3-modules/0.6.1/pkgs/lapack-3.9.0/lib;/cm/shared/ex3-modules/0.6.1/pkgs/openblas-0.3.12/lib;/cm/shared/ex3-modules/0.6.1/pkgs/gcc-8.4.0/lib;/cm/shared/ex3-modules/0.6.1/pkgs/freetype-2.10.1/lib;/cm/shared/ex3-modules/0.6.1/pkgs/libpng-1.6.37/lib;/cm/shared/ex3-modules/0.6.1/pkgs/python-3.7.4/lib;/cm/shared/ex3-modules/0.6.1/pkgs/sqlite-3.31.1/lib;/cm/shared/ex3-modules/0.6.1/pkgs/libffi-3.2.1/lib;/cm/shared/ex3-modules/0.6.1/pkgs/readline-8.0/lib;/cm/shared/ex3-modules/0.6.1/pkgs/ncurses-6.1/lib;/cm/shared/ex3-modules/0.6.1/pkgs/xz-5.2.5/lib;/cm/shared/ex3-modules/0.6.1/pkgs/bzip2-1.0.8/lib;/cm/shared/ex3-modules/0.6.1/pkgs/openssl-1.1.1c/lib;/cm/shared/apps/slurm/current/lib;/usr/lib/gcc/x86_64-linux-gnu/11;/usr/lib/x86_64-linux-gnu;/usr/lib;/lib/x86_64-linux-gnu;/lib;/cm/shared/ex3-modules/0.6.1/pkgs/gcc-8.4.0/lib64;/cm/shared/apps/slurm/current/lib64/slurm;/cm/shared/apps/slurm/current/lib64]
  implicit fwks: []


Determining if the Fortran compiler supports Fortran 90 passed with the following output:
Change Dir: /home/erikhs/MatrixProblems/build_x86_64/CMakeFiles/CMakeTmp

Run Build Command(s):/usr/bin/gmake cmTC_8fb49/fast && /usr/bin/gmake  -f CMakeFiles/cmTC_8fb49.dir/build.make CMakeFiles/cmTC_8fb49.dir/build
gmake[1]: Entering directory '/home/erikhs/MatrixProblems/build_x86_64/CMakeFiles/CMakeTmp'
Building Fortran object CMakeFiles/cmTC_8fb49.dir/testFortranCompilerF90.f90.o
/usr/bin/gfortran    -c /home/erikhs/MatrixProblems/build_x86_64/CMakeFiles/CMakeTmp/testFortranCompilerF90.f90 -o CMakeFiles/cmTC_8fb49.dir/testFortranCompilerF90.f90.o
Linking Fortran executable cmTC_8fb49
/cm/shared/ex3-modules/0.6.1/pkgs/cmake-3.17.2/bin/cmake -E cmake_link_script CMakeFiles/cmTC_8fb49.dir/link.txt --verbose=1
/usr/bin/gfortran      CMakeFiles/cmTC_8fb49.dir/testFortranCompilerF90.f90.o  -o cmTC_8fb49 
gmake[1]: Leaving directory '/home/erikhs/MatrixProblems/build_x86_64/CMakeFiles/CMakeTmp'



Performing C++ SOURCE FILE Test cxx_std_flag_17 succeeded with the following output:
Change Dir: /home/erikhs/MatrixProblems/build_x86_64/CMakeFiles/CMakeTmp

Run Build Command(s):/usr/bin/gmake cmTC_e47eb/fast && /usr/bin/gmake  -f CMakeFiles/cmTC_e47eb.dir/build.make CMakeFiles/cmTC_e47eb.dir/build
gmake[1]: Entering directory '/home/erikhs/MatrixProblems/build_x86_64/CMakeFiles/CMakeTmp'
Building CXX object CMakeFiles/cmTC_e47eb.dir/src.cxx.o
/usr/bin/c++    -O2 -mavx -funroll-loops -Dcxx_std_flag_17 -fPIE   -std=c++17 -o CMakeFiles/cmTC_e47eb.dir/src.cxx.o -c /home/erikhs/MatrixProblems/build_x86_64/CMakeFiles/CMakeTmp/src.cxx
Linking CXX executable cmTC_e47eb
/cm/shared/ex3-modules/0.6.1/pkgs/cmake-3.17.2/bin/cmake -E cmake_link_script CMakeFiles/cmTC_e47eb.dir/link.txt --verbose=1
/usr/bin/c++  -O2 -mavx -funroll-loops -Dcxx_std_flag_17    -rdynamic CMakeFiles/cmTC_e47eb.dir/src.cxx.o  -o cmTC_e47eb 
gmake[1]: Leaving directory '/home/erikhs/MatrixProblems/build_x86_64/CMakeFiles/CMakeTmp'


Source file was:
int main() { return 0; }
Performing C++ SOURCE FILE Test compiler_supports_cxx17 succeeded with the following output:
Change Dir: /home/erikhs/MatrixProblems/build_x86_64/CMakeFiles/CMakeTmp

Run Build Command(s):/usr/bin/gmake cmTC_0e689/fast && /usr/bin/gmake  -f CMakeFiles/cmTC_0e689.dir/build.make CMakeFiles/cmTC_0e689.dir/build
gmake[1]: Entering directory '/home/erikhs/MatrixProblems/build_x86_64/CMakeFiles/CMakeTmp'
Building CXX object CMakeFiles/cmTC_0e689.dir/src.cxx.o
/usr/bin/c++    -O2 -mavx -funroll-loops -Dcompiler_supports_cxx17  -std=c++17 -fPIE   -o CMakeFiles/cmTC_0e689.dir/src.cxx.o -c /home/erikhs/MatrixProblems/build_x86_64/CMakeFiles/CMakeTmp/src.cxx
Linking CXX executable cmTC_0e689
/cm/shared/ex3-modules/0.6.1/pkgs/cmake-3.17.2/bin/cmake -E cmake_link_script CMakeFiles/cmTC_0e689.dir/link.txt --verbose=1
/usr/bin/c++  -O2 -mavx -funroll-loops -Dcompiler_supports_cxx17  -std=c++17    -rdynamic CMakeFiles/cmTC_0e689.dir/src.cxx.o  -o cmTC_0e689 
gmake[1]: Leaving directory '/home/erikhs/MatrixProblems/build_x86_64/CMakeFiles/CMakeTmp'


Source file was:

  #include <type_traits>

  // nested namespaces are a C++17 compiler feature
  namespace A::B {
    using T = int;
  }

  int main() {
    // std::void_t is a C++17 library feature
    return not std::is_same<void,std::void_t<A::B::T> >{};
  }
  
Performing C++ SOURCE FILE Test HAS_ATTRIBUTE_UNUSED succeeded with the following output:
Change Dir: /home/erikhs/MatrixProblems/build_x86_64/CMakeFiles/CMakeTmp

Run Build Command(s):/usr/bin/gmake cmTC_8d0af/fast && /usr/bin/gmake  -f CMakeFiles/cmTC_8d0af.dir/build.make CMakeFiles/cmTC_8d0af.dir/build
gmake[1]: Entering directory '/home/erikhs/MatrixProblems/build_x86_64/CMakeFiles/CMakeTmp'
Building CXX object CMakeFiles/cmTC_8d0af.dir/src.cxx.o
/usr/bin/c++    -std=c++17 -O2 -mavx -funroll-loops -DHAS_ATTRIBUTE_UNUSED -fPIE   -o CMakeFiles/cmTC_8d0af.dir/src.cxx.o -c /home/erikhs/MatrixProblems/build_x86_64/CMakeFiles/CMakeTmp/src.cxx
Linking CXX executable cmTC_8d0af
/cm/shared/ex3-modules/0.6.1/pkgs/cmake-3.17.2/bin/cmake -E cmake_link_script CMakeFiles/cmTC_8d0af.dir/link.txt --verbose=1
/usr/bin/c++  -std=c++17 -O2 -mavx -funroll-loops -DHAS_ATTRIBUTE_UNUSED    -rdynamic CMakeFiles/cmTC_8d0af.dir/src.cxx.o  -o cmTC_8d0af 
gmake[1]: Leaving directory '/home/erikhs/MatrixProblems/build_x86_64/CMakeFiles/CMakeTmp'


Source file was:

   int main(void)
   {
     int __attribute__((unused)) foo;
     return 0;
   };

Performing C++ SOURCE FILE Test HAS_ATTRIBUTE_DEPRECATED succeeded with the following output:
Change Dir: /home/erikhs/MatrixProblems/build_x86_64/CMakeFiles/CMakeTmp

Run Build Command(s):/usr/bin/gmake cmTC_7319b/fast && /usr/bin/gmake  -f CMakeFiles/cmTC_7319b.dir/build.make CMakeFiles/cmTC_7319b.dir/build
gmake[1]: Entering directory '/home/erikhs/MatrixProblems/build_x86_64/CMakeFiles/CMakeTmp'
Building CXX object CMakeFiles/cmTC_7319b.dir/src.cxx.o
/usr/bin/c++    -std=c++17 -O2 -mavx -funroll-loops -DHAS_ATTRIBUTE_DEPRECATED -fPIE   -o CMakeFiles/cmTC_7319b.dir/src.cxx.o -c /home/erikhs/MatrixProblems/build_x86_64/CMakeFiles/CMakeTmp/src.cxx
Linking CXX executable cmTC_7319b
/cm/shared/ex3-modules/0.6.1/pkgs/cmake-3.17.2/bin/cmake -E cmake_link_script CMakeFiles/cmTC_7319b.dir/link.txt --verbose=1
/usr/bin/c++  -std=c++17 -O2 -mavx -funroll-loops -DHAS_ATTRIBUTE_DEPRECATED    -rdynamic CMakeFiles/cmTC_7319b.dir/src.cxx.o  -o cmTC_7319b 
gmake[1]: Leaving directory '/home/erikhs/MatrixProblems/build_x86_64/CMakeFiles/CMakeTmp'


Source file was:

#define DEP __attribute__((deprecated))
   class bar
   {
     bar() DEP;
   };

   class peng { } DEP;

   template <class T>
   class t_bar
   {
     t_bar() DEP;
   };

   template <class T>
   class t_peng {
     t_peng() {};
   } DEP;

   void foo() DEP;

   void foo() {}

   int main(void)
   {
     return 0;
   };

Performing C++ SOURCE FILE Test HAS_ATTRIBUTE_DEPRECATED_MSG succeeded with the following output:
Change Dir: /home/erikhs/MatrixProblems/build_x86_64/CMakeFiles/CMakeTmp

Run Build Command(s):/usr/bin/gmake cmTC_f4631/fast && /usr/bin/gmake  -f CMakeFiles/cmTC_f4631.dir/build.make CMakeFiles/cmTC_f4631.dir/build
gmake[1]: Entering directory '/home/erikhs/MatrixProblems/build_x86_64/CMakeFiles/CMakeTmp'
Building CXX object CMakeFiles/cmTC_f4631.dir/src.cxx.o
/usr/bin/c++    -std=c++17 -O2 -mavx -funroll-loops -DHAS_ATTRIBUTE_DEPRECATED_MSG -fPIE   -o CMakeFiles/cmTC_f4631.dir/src.cxx.o -c /home/erikhs/MatrixProblems/build_x86_64/CMakeFiles/CMakeTmp/src.cxx
Linking CXX executable cmTC_f4631
/cm/shared/ex3-modules/0.6.1/pkgs/cmake-3.17.2/bin/cmake -E cmake_link_script CMakeFiles/cmTC_f4631.dir/link.txt --verbose=1
/usr/bin/c++  -std=c++17 -O2 -mavx -funroll-loops -DHAS_ATTRIBUTE_DEPRECATED_MSG    -rdynamic CMakeFiles/cmTC_f4631.dir/src.cxx.o  -o cmTC_f4631 
gmake[1]: Leaving directory '/home/erikhs/MatrixProblems/build_x86_64/CMakeFiles/CMakeTmp'


Source file was:

#define DEP __attribute__((deprecated("message")))
   class bar {
     bar() DEP;
   };

   class peng { } DEP;

   template <class T>
   class t_bar
   {
     t_bar() DEP;
   };

   template <class T>
   class t_peng
   {
     t_peng() {};
   } DEP;

   void foo() DEP;

   void foo() {}

   int main(void)
   {
     return 0;
   };

Performing C++ SOURCE FILE Test HAVE_IS_INDEXABLE_SUPPORT succeeded with the following output:
Change Dir: /home/erikhs/MatrixProblems/build_x86_64/CMakeFiles/CMakeTmp

Run Build Command(s):/usr/bin/gmake cmTC_76566/fast && /usr/bin/gmake  -f CMakeFiles/cmTC_76566.dir/build.make CMakeFiles/cmTC_76566.dir/build
gmake[1]: Entering directory '/home/erikhs/MatrixProblems/build_x86_64/CMakeFiles/CMakeTmp'
Building CXX object CMakeFiles/cmTC_76566.dir/src.cxx.o
/usr/bin/c++    -std=c++17 -O2 -mavx -funroll-loops -DHAVE_IS_INDEXABLE_SUPPORT -fPIE   -o CMakeFiles/cmTC_76566.dir/src.cxx.o -c /home/erikhs/MatrixProblems/build_x86_64/CMakeFiles/CMakeTmp/src.cxx
Linking CXX executable cmTC_76566
/cm/shared/ex3-modules/0.6.1/pkgs/cmake-3.17.2/bin/cmake -E cmake_link_script CMakeFiles/cmTC_76566.dir/link.txt --verbose=1
/usr/bin/c++  -std=c++17 -O2 -mavx -funroll-loops -DHAVE_IS_INDEXABLE_SUPPORT    -rdynamic CMakeFiles/cmTC_76566.dir/src.cxx.o  -o cmTC_76566 
gmake[1]: Leaving directory '/home/erikhs/MatrixProblems/build_x86_64/CMakeFiles/CMakeTmp'


Source file was:

  #include <utility>
  #include <type_traits>
  #include <array>

  template <class T>
  typename std::add_rvalue_reference<T>::type declval();

  namespace detail {

    template<typename T, typename I, typename = int>
    struct _is_indexable
      : public std::false_type
    {};

    template<typename T, typename I>
    struct _is_indexable<T,I,typename std::enable_if<(sizeof(declval<T>()[declval<I>()]) > 0),int>::type>
      : public std::true_type
    {};

  }

  template<typename T, typename I = std::size_t>
  struct is_indexable
    : public detail::_is_indexable<T,I>
  {};

  struct foo_type {};

  int main()
  {
    double x;
    std::array<double,4> y;
    double z[5];
    foo_type f;

    static_assert(not is_indexable<decltype(x)>::value,"scalar type");
    static_assert(is_indexable<decltype(y)>::value,"indexable class");
    static_assert(is_indexable<decltype(z)>::value,"array");
    static_assert(not is_indexable<decltype(f)>::value,"not indexable class");
    static_assert(not is_indexable<decltype(y),foo_type>::value,"custom index type");

    return 0;
  }

Performing C++ SOURCE FILE Test DUNE_HAVE_CXX_CLASS_TEMPLATE_ARGUMENT_DEDUCTION succeeded with the following output:
Change Dir: /home/erikhs/MatrixProblems/build_x86_64/CMakeFiles/CMakeTmp

Run Build Command(s):/usr/bin/gmake cmTC_31206/fast && /usr/bin/gmake  -f CMakeFiles/cmTC_31206.dir/build.make CMakeFiles/cmTC_31206.dir/build
gmake[1]: Entering directory '/home/erikhs/MatrixProblems/build_x86_64/CMakeFiles/CMakeTmp'
Building CXX object CMakeFiles/cmTC_31206.dir/src.cxx.o
/usr/bin/c++    -std=c++17 -O2 -mavx -funroll-loops -DDUNE_HAVE_CXX_CLASS_TEMPLATE_ARGUMENT_DEDUCTION -fPIE   -o CMakeFiles/cmTC_31206.dir/src.cxx.o -c /home/erikhs/MatrixProblems/build_x86_64/CMakeFiles/CMakeTmp/src.cxx
Linking CXX executable cmTC_31206
/cm/shared/ex3-modules/0.6.1/pkgs/cmake-3.17.2/bin/cmake -E cmake_link_script CMakeFiles/cmTC_31206.dir/link.txt --verbose=1
/usr/bin/c++  -std=c++17 -O2 -mavx -funroll-loops -DDUNE_HAVE_CXX_CLASS_TEMPLATE_ARGUMENT_DEDUCTION    -rdynamic CMakeFiles/cmTC_31206.dir/src.cxx.o  -o cmTC_31206 
gmake[1]: Leaving directory '/home/erikhs/MatrixProblems/build_x86_64/CMakeFiles/CMakeTmp'


Source file was:

  #include <type_traits>

  template<typename T1>
  struct A {
    A(T1) {}

    template<typename T2>
    A(T2, T2) {}
  };

  struct B {
    using type = bool;
  };

  template<typename T2>
  A(T2, T2)
    -> A<typename T2::type>;

  int main()
  {
    A a1(1);
    static_assert(std::is_same_v< decltype(a1), A<int> >);

    B b;
    A a2(b, b);
    static_assert(std::is_same_v< decltype(a2), A<bool> >);
  }

Performing C++ SOURCE FILE Test DUNE_HAVE_CXX_OPTIONAL succeeded with the following output:
Change Dir: /home/erikhs/MatrixProblems/build_x86_64/CMakeFiles/CMakeTmp

Run Build Command(s):/usr/bin/gmake cmTC_528e3/fast && /usr/bin/gmake  -f CMakeFiles/cmTC_528e3.dir/build.make CMakeFiles/cmTC_528e3.dir/build
gmake[1]: Entering directory '/home/erikhs/MatrixProblems/build_x86_64/CMakeFiles/CMakeTmp'
Building CXX object CMakeFiles/cmTC_528e3.dir/src.cxx.o
/usr/bin/c++    -std=c++17 -O2 -mavx -funroll-loops -DDUNE_HAVE_CXX_OPTIONAL -fPIE   -o CMakeFiles/cmTC_528e3.dir/src.cxx.o -c /home/erikhs/MatrixProblems/build_x86_64/CMakeFiles/CMakeTmp/src.cxx
Linking CXX executable cmTC_528e3
/cm/shared/ex3-modules/0.6.1/pkgs/cmake-3.17.2/bin/cmake -E cmake_link_script CMakeFiles/cmTC_528e3.dir/link.txt --verbose=1
/usr/bin/c++  -std=c++17 -O2 -mavx -funroll-loops -DDUNE_HAVE_CXX_OPTIONAL    -rdynamic CMakeFiles/cmTC_528e3.dir/src.cxx.o  -o cmTC_528e3 
gmake[1]: Leaving directory '/home/erikhs/MatrixProblems/build_x86_64/CMakeFiles/CMakeTmp'


Source file was:

  #include <optional>
  #include <string>

  int main()
  {
    std::optional< std::string > a;
    std::string b = a.value_or( "empty" );
  }

Performing C++ SOURCE FILE Test DUNE_HAVE_CXX_VARIANT succeeded with the following output:
Change Dir: /home/erikhs/MatrixProblems/build_x86_64/CMakeFiles/CMakeTmp

Run Build Command(s):/usr/bin/gmake cmTC_d211c/fast && /usr/bin/gmake  -f CMakeFiles/cmTC_d211c.dir/build.make CMakeFiles/cmTC_d211c.dir/build
gmake[1]: Entering directory '/home/erikhs/MatrixProblems/build_x86_64/CMakeFiles/CMakeTmp'
Building CXX object CMakeFiles/cmTC_d211c.dir/src.cxx.o
/usr/bin/c++    -std=c++17 -O2 -mavx -funroll-loops -DDUNE_HAVE_CXX_VARIANT -fPIE   -o CMakeFiles/cmTC_d211c.dir/src.cxx.o -c /home/erikhs/MatrixProblems/build_x86_64/CMakeFiles/CMakeTmp/src.cxx
Linking CXX executable cmTC_d211c
/cm/shared/ex3-modules/0.6.1/pkgs/cmake-3.17.2/bin/cmake -E cmake_link_script CMakeFiles/cmTC_d211c.dir/link.txt --verbose=1
/usr/bin/c++  -std=c++17 -O2 -mavx -funroll-loops -DDUNE_HAVE_CXX_VARIANT    -rdynamic CMakeFiles/cmTC_d211c.dir/src.cxx.o  -o cmTC_d211c 
gmake[1]: Leaving directory '/home/erikhs/MatrixProblems/build_x86_64/CMakeFiles/CMakeTmp'


Source file was:

  #include <variant>
  #include <string>

  int main()
  {
    std::variant< int, std::string > a;
    a = "stringvalue";
    std::string b = std::get< std::string >(a);
  }

Determining if the include file pthread.h exists passed with the following output:
Change Dir: /home/erikhs/MatrixProblems/build_x86_64/CMakeFiles/CMakeTmp

Run Build Command(s):/usr/bin/gmake cmTC_b11b7/fast && /usr/bin/gmake  -f CMakeFiles/cmTC_b11b7.dir/build.make CMakeFiles/cmTC_b11b7.dir/build
gmake[1]: Entering directory '/home/erikhs/MatrixProblems/build_x86_64/CMakeFiles/CMakeTmp'
Building C object CMakeFiles/cmTC_b11b7.dir/CheckIncludeFile.c.o
/usr/bin/cc   -fPIE   -o CMakeFiles/cmTC_b11b7.dir/CheckIncludeFile.c.o   -c /home/erikhs/MatrixProblems/build_x86_64/CMakeFiles/CMakeTmp/CheckIncludeFile.c
Linking C executable cmTC_b11b7
/cm/shared/ex3-modules/0.6.1/pkgs/cmake-3.17.2/bin/cmake -E cmake_link_script CMakeFiles/cmTC_b11b7.dir/link.txt --verbose=1
/usr/bin/cc      -rdynamic CMakeFiles/cmTC_b11b7.dir/CheckIncludeFile.c.o  -o cmTC_b11b7 
gmake[1]: Leaving directory '/home/erikhs/MatrixProblems/build_x86_64/CMakeFiles/CMakeTmp'



Performing C SOURCE FILE Test CMAKE_HAVE_LIBC_PTHREAD succeeded with the following output:
Change Dir: /home/erikhs/MatrixProblems/build_x86_64/CMakeFiles/CMakeTmp

Run Build Command(s):/usr/bin/gmake cmTC_713cc/fast && /usr/bin/gmake  -f CMakeFiles/cmTC_713cc.dir/build.make CMakeFiles/cmTC_713cc.dir/build
gmake[1]: Entering directory '/home/erikhs/MatrixProblems/build_x86_64/CMakeFiles/CMakeTmp'
Building C object CMakeFiles/cmTC_713cc.dir/src.c.o
/usr/bin/cc   -DCMAKE_HAVE_LIBC_PTHREAD -fPIE   -o CMakeFiles/cmTC_713cc.dir/src.c.o   -c /home/erikhs/MatrixProblems/build_x86_64/CMakeFiles/CMakeTmp/src.c
Linking C executable cmTC_713cc
/cm/shared/ex3-modules/0.6.1/pkgs/cmake-3.17.2/bin/cmake -E cmake_link_script CMakeFiles/cmTC_713cc.dir/link.txt --verbose=1
/usr/bin/cc  -DCMAKE_HAVE_LIBC_PTHREAD    -rdynamic CMakeFiles/cmTC_713cc.dir/src.c.o  -o cmTC_713cc 
gmake[1]: Leaving directory '/home/erikhs/MatrixProblems/build_x86_64/CMakeFiles/CMakeTmp'


Source file was:
#include <pthread.h>

void* test_func(void* data)
{
  return data;
}

int main(void)
{
  pthread_t thread;
  pthread_create(&thread, NULL, test_func, NULL);
  pthread_detach(thread);
  pthread_cancel(thread);
  pthread_join(thread, NULL);
  pthread_atfork(NULL, NULL, NULL);
  pthread_exit(NULL);

  return 0;
}

Performing C++ SOURCE FILE Test STDTHREAD_WORKS succeeded with the following output:
Change Dir: /home/erikhs/MatrixProblems/build_x86_64/CMakeFiles/CMakeTmp

Run Build Command(s):/usr/bin/gmake cmTC_4ddcb/fast && /usr/bin/gmake  -f CMakeFiles/cmTC_4ddcb.dir/build.make CMakeFiles/cmTC_4ddcb.dir/build
gmake[1]: Entering directory '/home/erikhs/MatrixProblems/build_x86_64/CMakeFiles/CMakeTmp'
Building CXX object CMakeFiles/cmTC_4ddcb.dir/src.cxx.o
/usr/bin/c++    -std=c++17 -O2 -mavx -funroll-loops -DSTDTHREAD_WORKS -fPIE   -o CMakeFiles/cmTC_4ddcb.dir/src.cxx.o -c /home/erikhs/MatrixProblems/build_x86_64/CMakeFiles/CMakeTmp/src.cxx
Linking CXX executable cmTC_4ddcb
/cm/shared/ex3-modules/0.6.1/pkgs/cmake-3.17.2/bin/cmake -E cmake_link_script CMakeFiles/cmTC_4ddcb.dir/link.txt --verbose=1
/usr/bin/c++  -std=c++17 -O2 -mavx -funroll-loops -DSTDTHREAD_WORKS    -rdynamic CMakeFiles/cmTC_4ddcb.dir/src.cxx.o  -o cmTC_4ddcb  -Wl,-no-as-needed 
gmake[1]: Leaving directory '/home/erikhs/MatrixProblems/build_x86_64/CMakeFiles/CMakeTmp'


...and run output:

Return value: 1
Source file was:

      #include <thread>

      void dummy() {}

      int main() {
        std::thread t(dummy);
        t.join();
      }
    
Performing C++ SOURCE FILE Test DUNE_SUPPORTS_CXX_THROW_IN_CONSTEXPR succeeded with the following output:
Change Dir: /home/erikhs/MatrixProblems/build_x86_64/CMakeFiles/CMakeTmp

Run Build Command(s):/usr/bin/gmake cmTC_49c80/fast && /usr/bin/gmake  -f CMakeFiles/cmTC_49c80.dir/build.make CMakeFiles/cmTC_49c80.dir/build
gmake[1]: Entering directory '/home/erikhs/MatrixProblems/build_x86_64/CMakeFiles/CMakeTmp'
Building CXX object CMakeFiles/cmTC_49c80.dir/src.cxx.o
/usr/bin/c++    -std=c++17 -O2 -mavx -funroll-loops -DDUNE_SUPPORTS_CXX_THROW_IN_CONSTEXPR -fPIE   -o CMakeFiles/cmTC_49c80.dir/src.cxx.o -c /home/erikhs/MatrixProblems/build_x86_64/CMakeFiles/CMakeTmp/src.cxx
Linking CXX executable cmTC_49c80
/cm/shared/ex3-modules/0.6.1/pkgs/cmake-3.17.2/bin/cmake -E cmake_link_script CMakeFiles/cmTC_49c80.dir/link.txt --verbose=1
/usr/bin/c++  -std=c++17 -O2 -mavx -funroll-loops -DDUNE_SUPPORTS_CXX_THROW_IN_CONSTEXPR    -rdynamic CMakeFiles/cmTC_49c80.dir/src.cxx.o  -o cmTC_49c80 
gmake[1]: Leaving directory '/home/erikhs/MatrixProblems/build_x86_64/CMakeFiles/CMakeTmp'


Source file was:

  constexpr int foo(int bar)
  {
    if (bar < 0)
      throw bar;
    int r = 1;
    for (int i = 0 ; i < bar ; ++i)
      r += r;
    return r;
  }

  int main()
  {
    static_assert(foo(4) == 16, "test failed");
    return 0;
  }

Performing C++ SOURCE FILE Test DUNE_HAVE_C_ALIGNED_ALLOC succeeded with the following output:
Change Dir: /home/erikhs/MatrixProblems/build_x86_64/CMakeFiles/CMakeTmp

Run Build Command(s):/usr/bin/gmake cmTC_c2c66/fast && /usr/bin/gmake  -f CMakeFiles/cmTC_c2c66.dir/build.make CMakeFiles/cmTC_c2c66.dir/build
gmake[1]: Entering directory '/home/erikhs/MatrixProblems/build_x86_64/CMakeFiles/CMakeTmp'
Building CXX object CMakeFiles/cmTC_c2c66.dir/src.cxx.o
/usr/bin/c++    -std=c++17 -O2 -mavx -funroll-loops -DDUNE_HAVE_C_ALIGNED_ALLOC -fPIE   -o CMakeFiles/cmTC_c2c66.dir/src.cxx.o -c /home/erikhs/MatrixProblems/build_x86_64/CMakeFiles/CMakeTmp/src.cxx
Linking CXX executable cmTC_c2c66
/cm/shared/ex3-modules/0.6.1/pkgs/cmake-3.17.2/bin/cmake -E cmake_link_script CMakeFiles/cmTC_c2c66.dir/link.txt --verbose=1
/usr/bin/c++  -std=c++17 -O2 -mavx -funroll-loops -DDUNE_HAVE_C_ALIGNED_ALLOC    -rdynamic CMakeFiles/cmTC_c2c66.dir/src.cxx.o  -o cmTC_c2c66 
gmake[1]: Leaving directory '/home/erikhs/MatrixProblems/build_x86_64/CMakeFiles/CMakeTmp'


Source file was:

  #include <cstdlib>
  int main()
  {
    int* p = static_cast<int*>(aligned_alloc(64, 64*sizeof *p));
  }

Determining if the include file experimental/type_traits exists passed with the following output:
Change Dir: /home/erikhs/MatrixProblems/build_x86_64/CMakeFiles/CMakeTmp

Run Build Command(s):/usr/bin/gmake cmTC_b90c5/fast && /usr/bin/gmake  -f CMakeFiles/cmTC_b90c5.dir/build.make CMakeFiles/cmTC_b90c5.dir/build
gmake[1]: Entering directory '/home/erikhs/MatrixProblems/build_x86_64/CMakeFiles/CMakeTmp'
Building CXX object CMakeFiles/cmTC_b90c5.dir/CheckIncludeFile.cxx.o
/usr/bin/c++    -std=c++17 -O2 -mavx -funroll-loops  -fPIE   -o CMakeFiles/cmTC_b90c5.dir/CheckIncludeFile.cxx.o -c /home/erikhs/MatrixProblems/build_x86_64/CMakeFiles/CMakeTmp/CheckIncludeFile.cxx
Linking CXX executable cmTC_b90c5
/cm/shared/ex3-modules/0.6.1/pkgs/cmake-3.17.2/bin/cmake -E cmake_link_script CMakeFiles/cmTC_b90c5.dir/link.txt --verbose=1
/usr/bin/c++  -std=c++17 -O2 -mavx -funroll-loops     -rdynamic CMakeFiles/cmTC_b90c5.dir/CheckIncludeFile.cxx.o  -o cmTC_b90c5 
gmake[1]: Leaving directory '/home/erikhs/MatrixProblems/build_x86_64/CMakeFiles/CMakeTmp'



Determining if the std::move<std::bool_constant<true>> exist passed with the following output:
Change Dir: /home/erikhs/MatrixProblems/build_x86_64/CMakeFiles/CMakeTmp

Run Build Command(s):/usr/bin/gmake cmTC_4b984/fast && /usr/bin/gmake  -f CMakeFiles/cmTC_4b984.dir/build.make CMakeFiles/cmTC_4b984.dir/build
gmake[1]: Entering directory '/home/erikhs/MatrixProblems/build_x86_64/CMakeFiles/CMakeTmp'
Building CXX object CMakeFiles/cmTC_4b984.dir/CheckSymbolExists.cxx.o
/usr/bin/c++    -std=c++17 -O2 -mavx -funroll-loops  -fPIE   -o CMakeFiles/cmTC_4b984.dir/CheckSymbolExists.cxx.o -c /home/erikhs/MatrixProblems/build_x86_64/CMakeFiles/CMakeTmp/CheckSymbolExists.cxx
Linking CXX executable cmTC_4b984
/cm/shared/ex3-modules/0.6.1/pkgs/cmake-3.17.2/bin/cmake -E cmake_link_script CMakeFiles/cmTC_4b984.dir/link.txt --verbose=1
/usr/bin/c++  -std=c++17 -O2 -mavx -funroll-loops     -rdynamic CMakeFiles/cmTC_4b984.dir/CheckSymbolExists.cxx.o  -o cmTC_4b984 
gmake[1]: Leaving directory '/home/erikhs/MatrixProblems/build_x86_64/CMakeFiles/CMakeTmp'


File /home/erikhs/MatrixProblems/build_x86_64/CMakeFiles/CMakeTmp/CheckSymbolExists.cxx:
/* */
#include <utility>
#include <type_traits>

int main(int argc, char** argv)
{
  (void)argv;
  return ((int*)(&std::move<std::bool_constant<true>>))[argc];
}
Determining if the std::apply<std::negate<int>,std::tuple<int>> exist passed with the following output:
Change Dir: /home/erikhs/MatrixProblems/build_x86_64/CMakeFiles/CMakeTmp

Run Build Command(s):/usr/bin/gmake cmTC_948df/fast && /usr/bin/gmake  -f CMakeFiles/cmTC_948df.dir/build.make CMakeFiles/cmTC_948df.dir/build
gmake[1]: Entering directory '/home/erikhs/MatrixProblems/build_x86_64/CMakeFiles/CMakeTmp'
Building CXX object CMakeFiles/cmTC_948df.dir/CheckSymbolExists.cxx.o
/usr/bin/c++    -std=c++17 -O2 -mavx -funroll-loops  -fPIE   -o CMakeFiles/cmTC_948df.dir/CheckSymbolExists.cxx.o -c /home/erikhs/MatrixProblems/build_x86_64/CMakeFiles/CMakeTmp/CheckSymbolExists.cxx
Linking CXX executable cmTC_948df
/cm/shared/ex3-modules/0.6.1/pkgs/cmake-3.17.2/bin/cmake -E cmake_link_script CMakeFiles/cmTC_948df.dir/link.txt --verbose=1
/usr/bin/c++  -std=c++17 -O2 -mavx -funroll-loops     -rdynamic CMakeFiles/cmTC_948df.dir/CheckSymbolExists.cxx.o  -o cmTC_948df 
gmake[1]: Leaving directory '/home/erikhs/MatrixProblems/build_x86_64/CMakeFiles/CMakeTmp'


File /home/erikhs/MatrixProblems/build_x86_64/CMakeFiles/CMakeTmp/CheckSymbolExists.cxx:
/* */
#include <functional>
#include <tuple>

int main(int argc, char** argv)
{
  (void)argv;
  return ((int*)(&std::apply<std::negate<int>,std::tuple<int>>))[argc];
}
Determining if the std::experimental::make_array<int,int> exist passed with the following output:
Change Dir: /home/erikhs/MatrixProblems/build_x86_64/CMakeFiles/CMakeTmp

Run Build Command(s):/usr/bin/gmake cmTC_33cc7/fast && /usr/bin/gmake  -f CMakeFiles/cmTC_33cc7.dir/build.make CMakeFiles/cmTC_33cc7.dir/build
gmake[1]: Entering directory '/home/erikhs/MatrixProblems/build_x86_64/CMakeFiles/CMakeTmp'
Building CXX object CMakeFiles/cmTC_33cc7.dir/CheckSymbolExists.cxx.o
/usr/bin/c++    -std=c++17 -O2 -mavx -funroll-loops  -fPIE   -o CMakeFiles/cmTC_33cc7.dir/CheckSymbolExists.cxx.o -c /home/erikhs/MatrixProblems/build_x86_64/CMakeFiles/CMakeTmp/CheckSymbolExists.cxx
Linking CXX executable cmTC_33cc7
/cm/shared/ex3-modules/0.6.1/pkgs/cmake-3.17.2/bin/cmake -E cmake_link_script CMakeFiles/cmTC_33cc7.dir/link.txt --verbose=1
/usr/bin/c++  -std=c++17 -O2 -mavx -funroll-loops     -rdynamic CMakeFiles/cmTC_33cc7.dir/CheckSymbolExists.cxx.o  -o cmTC_33cc7 
gmake[1]: Leaving directory '/home/erikhs/MatrixProblems/build_x86_64/CMakeFiles/CMakeTmp'


File /home/erikhs/MatrixProblems/build_x86_64/CMakeFiles/CMakeTmp/CheckSymbolExists.cxx:
/* */
#include <experimental/array>

int main(int argc, char** argv)
{
  (void)argv;
  return ((int*)(&std::experimental::make_array<int,int>))[argc];
}
Determining if the std::move<std::experimental::detected_t<std::decay_t,int>> exist passed with the following output:
Change Dir: /home/erikhs/MatrixProblems/build_x86_64/CMakeFiles/CMakeTmp

Run Build Command(s):/usr/bin/gmake cmTC_d35a6/fast && /usr/bin/gmake  -f CMakeFiles/cmTC_d35a6.dir/build.make CMakeFiles/cmTC_d35a6.dir/build
gmake[1]: Entering directory '/home/erikhs/MatrixProblems/build_x86_64/CMakeFiles/CMakeTmp'
Building CXX object CMakeFiles/cmTC_d35a6.dir/CheckSymbolExists.cxx.o
/usr/bin/c++    -std=c++17 -O2 -mavx -funroll-loops  -fPIE   -o CMakeFiles/cmTC_d35a6.dir/CheckSymbolExists.cxx.o -c /home/erikhs/MatrixProblems/build_x86_64/CMakeFiles/CMakeTmp/CheckSymbolExists.cxx
Linking CXX executable cmTC_d35a6
/cm/shared/ex3-modules/0.6.1/pkgs/cmake-3.17.2/bin/cmake -E cmake_link_script CMakeFiles/cmTC_d35a6.dir/link.txt --verbose=1
/usr/bin/c++  -std=c++17 -O2 -mavx -funroll-loops     -rdynamic CMakeFiles/cmTC_d35a6.dir/CheckSymbolExists.cxx.o  -o cmTC_d35a6 
gmake[1]: Leaving directory '/home/erikhs/MatrixProblems/build_x86_64/CMakeFiles/CMakeTmp'


File /home/erikhs/MatrixProblems/build_x86_64/CMakeFiles/CMakeTmp/CheckSymbolExists.cxx:
/* */
#include <utility>
#include <experimental/type_traits>

int main(int argc, char** argv)
{
  (void)argv;
  return ((int*)(&std::move<std::experimental::detected_t<std::decay_t,int>>))[argc];
}
Performing C++ SOURCE FILE Test HAVE_CXA_DEMANGLE succeeded with the following output:
Change Dir: /home/erikhs/MatrixProblems/build_x86_64/CMakeFiles/CMakeTmp

Run Build Command(s):/usr/bin/gmake cmTC_6cbd4/fast && /usr/bin/gmake  -f CMakeFiles/cmTC_6cbd4.dir/build.make CMakeFiles/cmTC_6cbd4.dir/build
gmake[1]: Entering directory '/home/erikhs/MatrixProblems/build_x86_64/CMakeFiles/CMakeTmp'
Building CXX object CMakeFiles/cmTC_6cbd4.dir/src.cxx.o
/usr/bin/c++    -std=c++17 -O2 -mavx -funroll-loops -DHAVE_CXA_DEMANGLE -fPIE   -o CMakeFiles/cmTC_6cbd4.dir/src.cxx.o -c /home/erikhs/MatrixProblems/build_x86_64/CMakeFiles/CMakeTmp/src.cxx
Linking CXX executable cmTC_6cbd4
/cm/shared/ex3-modules/0.6.1/pkgs/cmake-3.17.2/bin/cmake -E cmake_link_script CMakeFiles/cmTC_6cbd4.dir/link.txt --verbose=1
/usr/bin/c++  -std=c++17 -O2 -mavx -funroll-loops -DHAVE_CXA_DEMANGLE    -rdynamic CMakeFiles/cmTC_6cbd4.dir/src.cxx.o  -o cmTC_6cbd4 
gmake[1]: Leaving directory '/home/erikhs/MatrixProblems/build_x86_64/CMakeFiles/CMakeTmp'


Source file was:
#include <typeinfo>
#include <cxxabi.h>
int main(void){
    int foobar = 0;
    const char *foo = typeid(foobar).name();
    int status;
    char *demangled = abi::__cxa_demangle( foo, 0, 0, &status );
}
Verifying Fortran/CXX Compiler Compatibility passed with the following output:
Change Dir: /home/erikhs/MatrixProblems/build_x86_64/CMakeFiles/FortranCInterface/VerifyCXX

Run Build Command(s):/usr/bin/gmake VerifyFortranC && /cm/shared/ex3-modules/0.6.1/pkgs/cmake-3.17.2/bin/cmake -S/cm/shared/ex3-modules/0.6.1/pkgs/cmake-3.17.2/share/cmake-3.17/Modules/FortranCInterface/Verify -B/home/erikhs/MatrixProblems/build_x86_64/CMakeFiles/FortranCInterface/VerifyCXX --check-build-system CMakeFiles/Makefile.cmake 0
/usr/bin/gmake  -f CMakeFiles/Makefile2 VerifyFortranC
gmake[1]: Entering directory '/home/erikhs/MatrixProblems/build_x86_64/CMakeFiles/FortranCInterface/VerifyCXX'
/cm/shared/ex3-modules/0.6.1/pkgs/cmake-3.17.2/bin/cmake -S/cm/shared/ex3-modules/0.6.1/pkgs/cmake-3.17.2/share/cmake-3.17/Modules/FortranCInterface/Verify -B/home/erikhs/MatrixProblems/build_x86_64/CMakeFiles/FortranCInterface/VerifyCXX --check-build-system CMakeFiles/Makefile.cmake 0
/cm/shared/ex3-modules/0.6.1/pkgs/cmake-3.17.2/bin/cmake -E cmake_progress_start /home/erikhs/MatrixProblems/build_x86_64/CMakeFiles/FortranCInterface/VerifyCXX/CMakeFiles 6
/usr/bin/gmake  -f CMakeFiles/Makefile2 CMakeFiles/VerifyFortranC.dir/all
gmake[2]: Entering directory '/home/erikhs/MatrixProblems/build_x86_64/CMakeFiles/FortranCInterface/VerifyCXX'
/usr/bin/gmake  -f CMakeFiles/VerifyFortran.dir/build.make CMakeFiles/VerifyFortran.dir/depend
gmake[3]: Entering directory '/home/erikhs/MatrixProblems/build_x86_64/CMakeFiles/FortranCInterface/VerifyCXX'
cd /home/erikhs/MatrixProblems/build_x86_64/CMakeFiles/FortranCInterface/VerifyCXX && /cm/shared/ex3-modules/0.6.1/pkgs/cmake-3.17.2/bin/cmake -E cmake_depends "Unix Makefiles" /cm/shared/ex3-modules/0.6.1/pkgs/cmake-3.17.2/share/cmake-3.17/Modules/FortranCInterface/Verify /cm/shared/ex3-modules/0.6.1/pkgs/cmake-3.17.2/share/cmake-3.17/Modules/FortranCInterface/Verify /home/erikhs/MatrixProblems/build_x86_64/CMakeFiles/FortranCInterface/VerifyCXX /home/erikhs/MatrixProblems/build_x86_64/CMakeFiles/FortranCInterface/VerifyCXX /home/erikhs/MatrixProblems/build_x86_64/CMakeFiles/FortranCInterface/VerifyCXX/CMakeFiles/VerifyFortran.dir/DependInfo.cmake
Scanning dependencies of target VerifyFortran
gmake[3]: Leaving directory '/home/erikhs/MatrixProblems/build_x86_64/CMakeFiles/FortranCInterface/VerifyCXX'
/usr/bin/gmake  -f CMakeFiles/VerifyFortran.dir/build.make CMakeFiles/VerifyFortran.dir/build
gmake[3]: Entering directory '/home/erikhs/MatrixProblems/build_x86_64/CMakeFiles/FortranCInterface/VerifyCXX'
[ 16%] Building Fortran object CMakeFiles/VerifyFortran.dir/VerifyFortran.f.o
/usr/bin/gfortran -DVERIFY_CXX -I/home/erikhs/MatrixProblems/build_x86_64/CMakeFiles/FortranCInterface/VerifyCXX  -O3 -DNDEBUG -O3   -c /cm/shared/ex3-modules/0.6.1/pkgs/cmake-3.17.2/share/cmake-3.17/Modules/FortranCInterface/Verify/VerifyFortran.f -o CMakeFiles/VerifyFortran.dir/VerifyFortran.f.o
[ 33%] Linking Fortran static library libVerifyFortran.a
/cm/shared/ex3-modules/0.6.1/pkgs/cmake-3.17.2/bin/cmake -P CMakeFiles/VerifyFortran.dir/cmake_clean_target.cmake
/cm/shared/ex3-modules/0.6.1/pkgs/cmake-3.17.2/bin/cmake -E cmake_link_script CMakeFiles/VerifyFortran.dir/link.txt --verbose=1
/usr/bin/ar qc libVerifyFortran.a  CMakeFiles/VerifyFortran.dir/VerifyFortran.f.o
/usr/bin/ranlib libVerifyFortran.a
gmake[3]: Leaving directory '/home/erikhs/MatrixProblems/build_x86_64/CMakeFiles/FortranCInterface/VerifyCXX'
[ 33%] Built target VerifyFortran
/usr/bin/gmake  -f CMakeFiles/VerifyFortranC.dir/build.make CMakeFiles/VerifyFortranC.dir/depend
gmake[3]: Entering directory '/home/erikhs/MatrixProblems/build_x86_64/CMakeFiles/FortranCInterface/VerifyCXX'
cd /home/erikhs/MatrixProblems/build_x86_64/CMakeFiles/FortranCInterface/VerifyCXX && /cm/shared/ex3-modules/0.6.1/pkgs/cmake-3.17.2/bin/cmake -E cmake_depends "Unix Makefiles" /cm/shared/ex3-modules/0.6.1/pkgs/cmake-3.17.2/share/cmake-3.17/Modules/FortranCInterface/Verify /cm/shared/ex3-modules/0.6.1/pkgs/cmake-3.17.2/share/cmake-3.17/Modules/FortranCInterface/Verify /home/erikhs/MatrixProblems/build_x86_64/CMakeFiles/FortranCInterface/VerifyCXX /home/erikhs/MatrixProblems/build_x86_64/CMakeFiles/FortranCInterface/VerifyCXX /home/erikhs/MatrixProblems/build_x86_64/CMakeFiles/FortranCInterface/VerifyCXX/CMakeFiles/VerifyFortranC.dir/DependInfo.cmake
Scanning dependencies of target VerifyFortranC
gmake[3]: Leaving directory '/home/erikhs/MatrixProblems/build_x86_64/CMakeFiles/FortranCInterface/VerifyCXX'
/usr/bin/gmake  -f CMakeFiles/VerifyFortranC.dir/build.make CMakeFiles/VerifyFortranC.dir/build
gmake[3]: Entering directory '/home/erikhs/MatrixProblems/build_x86_64/CMakeFiles/FortranCInterface/VerifyCXX'
[ 50%] Building C object CMakeFiles/VerifyFortranC.dir/main.c.o
/usr/bin/cc -DVERIFY_CXX -I/home/erikhs/MatrixProblems/build_x86_64/CMakeFiles/FortranCInterface/VerifyCXX  -O3 -DNDEBUG   -o CMakeFiles/VerifyFortranC.dir/main.c.o   -c /cm/shared/ex3-modules/0.6.1/pkgs/cmake-3.17.2/share/cmake-3.17/Modules/FortranCInterface/Verify/main.c
[ 66%] Building C object CMakeFiles/VerifyFortranC.dir/VerifyC.c.o
/usr/bin/cc -DVERIFY_CXX -I/home/erikhs/MatrixProblems/build_x86_64/CMakeFiles/FortranCInterface/VerifyCXX  -O3 -DNDEBUG   -o CMakeFiles/VerifyFortranC.dir/VerifyC.c.o   -c /cm/shared/ex3-modules/0.6.1/pkgs/cmake-3.17.2/share/cmake-3.17/Modules/FortranCInterface/Verify/VerifyC.c
[ 83%] Building CXX object CMakeFiles/VerifyFortranC.dir/VerifyCXX.cxx.o
/usr/bin/c++  -DVERIFY_CXX -I/home/erikhs/MatrixProblems/build_x86_64/CMakeFiles/FortranCInterface/VerifyCXX  -std=c++17 -O2 -mavx -funroll-loops -O3 -DNDEBUG   -o CMakeFiles/VerifyFortranC.dir/VerifyCXX.cxx.o -c /cm/shared/ex3-modules/0.6.1/pkgs/cmake-3.17.2/share/cmake-3.17/Modules/FortranCInterface/Verify/VerifyCXX.cxx
[100%] Linking CXX executable VerifyFortranC
/cm/shared/ex3-modules/0.6.1/pkgs/cmake-3.17.2/bin/cmake -E cmake_link_script CMakeFiles/VerifyFortranC.dir/link.txt --verbose=1
/usr/bin/c++  -std=c++17 -O2 -mavx -funroll-loops -O3 -DNDEBUG   CMakeFiles/VerifyFortranC.dir/main.c.o CMakeFiles/VerifyFortranC.dir/VerifyC.c.o CMakeFiles/VerifyFortranC.dir/VerifyCXX.cxx.o  -o VerifyFortranC  libVerifyFortran.a -lgfortran -lquadmath 
gmake[3]: Leaving directory '/home/erikhs/MatrixProblems/build_x86_64/CMakeFiles/FortranCInterface/VerifyCXX'
[100%] Built target VerifyFortranC
gmake[2]: Leaving directory '/home/erikhs/MatrixProblems/build_x86_64/CMakeFiles/FortranCInterface/VerifyCXX'
/cm/shared/ex3-modules/0.6.1/pkgs/cmake-3.17.2/bin/cmake -E cmake_progress_start /home/erikhs/MatrixProblems/build_x86_64/CMakeFiles/FortranCInterface/VerifyCXX/CMakeFiles 0
gmake[1]: Leaving directory '/home/erikhs/MatrixProblems/build_x86_64/CMakeFiles/FortranCInterface/VerifyCXX'



Determining if the Fortran sgemm exists passed with the following output:
Change Dir: /home/erikhs/MatrixProblems/build_x86_64/CMakeFiles/CMakeTmp

Run Build Command(s):/usr/bin/gmake cmTC_1f61b/fast && /usr/bin/gmake  -f CMakeFiles/cmTC_1f61b.dir/build.make CMakeFiles/cmTC_1f61b.dir/build
gmake[1]: Entering directory '/home/erikhs/MatrixProblems/build_x86_64/CMakeFiles/CMakeTmp'
Building Fortran object CMakeFiles/cmTC_1f61b.dir/testFortranCompiler.f.o
/usr/bin/gfortran   -O3 -DNDEBUG -O3 -fPIE   -c /home/erikhs/MatrixProblems/build_x86_64/CMakeFiles/CMakeTmp/testFortranCompiler.f -o CMakeFiles/cmTC_1f61b.dir/testFortranCompiler.f.o
Linking Fortran executable cmTC_1f61b
/cm/shared/ex3-modules/0.6.1/pkgs/cmake-3.17.2/bin/cmake -E cmake_link_script CMakeFiles/cmTC_1f61b.dir/link.txt --verbose=1
/usr/bin/gfortran      -O3 -DNDEBUG -O3 CMakeFiles/cmTC_1f61b.dir/testFortranCompiler.f.o  -o cmTC_1f61b  /cm/shared/ex3-modules/202309a/milanq/pkgs/openblas-0.3.21/lib/libopenblas.so 
gmake[1]: Leaving directory '/home/erikhs/MatrixProblems/build_x86_64/CMakeFiles/CMakeTmp'



Determining if the Fortran cheev exists passed with the following output:
Change Dir: /home/erikhs/MatrixProblems/build_x86_64/CMakeFiles/CMakeTmp

Run Build Command(s):/usr/bin/gmake cmTC_e2069/fast && /usr/bin/gmake  -f CMakeFiles/cmTC_e2069.dir/build.make CMakeFiles/cmTC_e2069.dir/build
gmake[1]: Entering directory '/home/erikhs/MatrixProblems/build_x86_64/CMakeFiles/CMakeTmp'
Building Fortran object CMakeFiles/cmTC_e2069.dir/testFortranCompiler.f.o
/usr/bin/gfortran   -O3 -DNDEBUG -O3 -fPIE   -c /home/erikhs/MatrixProblems/build_x86_64/CMakeFiles/CMakeTmp/testFortranCompiler.f -o CMakeFiles/cmTC_e2069.dir/testFortranCompiler.f.o
Linking Fortran executable cmTC_e2069
/cm/shared/ex3-modules/0.6.1/pkgs/cmake-3.17.2/bin/cmake -E cmake_link_script CMakeFiles/cmTC_e2069.dir/link.txt --verbose=1
/usr/bin/gfortran      -O3 -DNDEBUG -O3 CMakeFiles/cmTC_e2069.dir/testFortranCompiler.f.o  -o cmTC_e2069  /cm/shared/ex3-modules/202309a/milanq/pkgs/openblas-0.3.21/lib/libopenblas.so -lm -ldl 
gmake[1]: Leaving directory '/home/erikhs/MatrixProblems/build_x86_64/CMakeFiles/CMakeTmp'



Determining if the include file sys/mman.h exists passed with the following output:
Change Dir: /home/erikhs/MatrixProblems/build_x86_64/CMakeFiles/CMakeTmp

Run Build Command(s):/usr/bin/gmake cmTC_00493/fast && /usr/bin/gmake  -f CMakeFiles/cmTC_00493.dir/build.make CMakeFiles/cmTC_00493.dir/build
gmake[1]: Entering directory '/home/erikhs/MatrixProblems/build_x86_64/CMakeFiles/CMakeTmp'
Building C object CMakeFiles/cmTC_00493.dir/CheckIncludeFile.c.o
/usr/bin/cc   -O3 -DNDEBUG -fPIE   -o CMakeFiles/cmTC_00493.dir/CheckIncludeFile.c.o   -c /home/erikhs/MatrixProblems/build_x86_64/CMakeFiles/CMakeTmp/CheckIncludeFile.c
Linking C executable cmTC_00493
/cm/shared/ex3-modules/0.6.1/pkgs/cmake-3.17.2/bin/cmake -E cmake_link_script CMakeFiles/cmTC_00493.dir/link.txt --verbose=1
/usr/bin/cc   -O3 -DNDEBUG    -rdynamic CMakeFiles/cmTC_00493.dir/CheckIncludeFile.c.o  -o cmTC_00493 
gmake[1]: Leaving directory '/home/erikhs/MatrixProblems/build_x86_64/CMakeFiles/CMakeTmp'



Performing C SOURCE FILE Test HAVE_MPROTECT succeeded with the following output:
Change Dir: /home/erikhs/MatrixProblems/build_x86_64/CMakeFiles/CMakeTmp

Run Build Command(s):/usr/bin/gmake cmTC_c25e4/fast && /usr/bin/gmake  -f CMakeFiles/cmTC_c25e4.dir/build.make CMakeFiles/cmTC_c25e4.dir/build
gmake[1]: Entering directory '/home/erikhs/MatrixProblems/build_x86_64/CMakeFiles/CMakeTmp'
Building C object CMakeFiles/cmTC_c25e4.dir/src.c.o
/usr/bin/cc   -DHAVE_MPROTECT -O3 -DNDEBUG -fPIE   -o CMakeFiles/cmTC_c25e4.dir/src.c.o   -c /home/erikhs/MatrixProblems/build_x86_64/CMakeFiles/CMakeTmp/src.c
Linking C executable cmTC_c25e4
/cm/shared/ex3-modules/0.6.1/pkgs/cmake-3.17.2/bin/cmake -E cmake_link_script CMakeFiles/cmTC_c25e4.dir/link.txt --verbose=1
/usr/bin/cc  -DHAVE_MPROTECT -O3 -DNDEBUG    -rdynamic CMakeFiles/cmTC_c25e4.dir/src.c.o  -o cmTC_c25e4 
gmake[1]: Leaving directory '/home/erikhs/MatrixProblems/build_x86_64/CMakeFiles/CMakeTmp'


Source file was:

#include <sys/mman.h>
int main(void){
  mprotect(0,0,PROT_NONE);
}
Determining if the function mkstemp exists passed with the following output:
Change Dir: /home/erikhs/MatrixProblems/build_x86_64/CMakeFiles/CMakeTmp

Run Build Command(s):/usr/bin/gmake cmTC_25445/fast && /usr/bin/gmake  -f CMakeFiles/cmTC_25445.dir/build.make CMakeFiles/cmTC_25445.dir/build
gmake[1]: Entering directory '/home/erikhs/MatrixProblems/build_x86_64/CMakeFiles/CMakeTmp'
Building C object CMakeFiles/cmTC_25445.dir/CheckFunctionExists.c.o
/usr/bin/cc   -DCHECK_FUNCTION_EXISTS=mkstemp -O3 -DNDEBUG -fPIE   -o CMakeFiles/cmTC_25445.dir/CheckFunctionExists.c.o   -c /cm/shared/ex3-modules/0.6.1/pkgs/cmake-3.17.2/share/cmake-3.17/Modules/CheckFunctionExists.c
Linking C executable cmTC_25445
/cm/shared/ex3-modules/0.6.1/pkgs/cmake-3.17.2/bin/cmake -E cmake_link_script CMakeFiles/cmTC_25445.dir/link.txt --verbose=1
/usr/bin/cc  -DCHECK_FUNCTION_EXISTS=mkstemp -O3 -DNDEBUG    -rdynamic CMakeFiles/cmTC_25445.dir/CheckFunctionExists.c.o  -o cmTC_25445 
gmake[1]: Leaving directory '/home/erikhs/MatrixProblems/build_x86_64/CMakeFiles/CMakeTmp'



Determining if the include file parmetis.h exists passed with the following output:
Change Dir: /home/erikhs/MatrixProblems/build_x86_64/CMakeFiles/CMakeTmp

Run Build Command(s):/usr/bin/gmake cmTC_bfddd/fast && /usr/bin/gmake  -f CMakeFiles/cmTC_bfddd.dir/build.make CMakeFiles/cmTC_bfddd.dir/build
gmake[1]: Entering directory '/home/erikhs/MatrixProblems/build_x86_64/CMakeFiles/CMakeTmp'
Building C object CMakeFiles/cmTC_bfddd.dir/CheckIncludeFile.c.o
/usr/bin/cc   -O3 -DNDEBUG -fPIE   -o CMakeFiles/cmTC_bfddd.dir/CheckIncludeFile.c.o   -c /home/erikhs/MatrixProblems/build_x86_64/CMakeFiles/CMakeTmp/CheckIncludeFile.c
Linking C executable cmTC_bfddd
/cm/shared/ex3-modules/0.6.1/pkgs/cmake-3.17.2/bin/cmake -E cmake_link_script CMakeFiles/cmTC_bfddd.dir/link.txt --verbose=1
/usr/bin/cc    -O3 -DNDEBUG    -rdynamic CMakeFiles/cmTC_bfddd.dir/CheckIncludeFile.c.o  -o cmTC_bfddd 
gmake[1]: Leaving directory '/home/erikhs/MatrixProblems/build_x86_64/CMakeFiles/CMakeTmp'



Performing C SOURCE FILE Test SUITESPARSE_MIN_VERSION_4_3 succeeded with the following output:
Change Dir: /home/erikhs/MatrixProblems/build_x86_64/CMakeFiles/CMakeTmp

Run Build Command(s):/usr/bin/gmake cmTC_34e46/fast && /usr/bin/gmake  -f CMakeFiles/cmTC_34e46.dir/build.make CMakeFiles/cmTC_34e46.dir/build
gmake[1]: Entering directory '/home/erikhs/MatrixProblems/build_x86_64/CMakeFiles/CMakeTmp'
Building C object CMakeFiles/cmTC_34e46.dir/src.c.o
/usr/bin/cc   -DSUITESPARSE_MIN_VERSION_4_3 -O3 -DNDEBUG -fPIE   -o CMakeFiles/cmTC_34e46.dir/src.c.o   -c /home/erikhs/MatrixProblems/build_x86_64/CMakeFiles/CMakeTmp/src.c
Linking C executable cmTC_34e46
/cm/shared/ex3-modules/0.6.1/pkgs/cmake-3.17.2/bin/cmake -E cmake_link_script CMakeFiles/cmTC_34e46.dir/link.txt --verbose=1
/usr/bin/cc  -DSUITESPARSE_MIN_VERSION_4_3 -O3 -DNDEBUG    -rdynamic CMakeFiles/cmTC_34e46.dir/src.c.o  -o cmTC_34e46  /cm/shared/ex3-modules/202309a/milanq/pkgs/suitesparse-32-5.12.0/lib/libcholmod.so /cm/shared/ex3-modules/202309a/milanq/pkgs/suitesparse-32-5.12.0/lib/libamd.so /cm/shared/ex3-modules/202309a/milanq/pkgs/suitesparse-32-5.12.0/lib/libcolamd.so /cm/shared/ex3-modules/202309a/milanq/pkgs/suitesparse-32-5.12.0/lib/libcamd.so /cm/shared/ex3-modules/202309a/milanq/pkgs/suitesparse-32-5.12.0/lib/libccolamd.so /cm/shared/ex3-modules/202309a/milanq/pkgs/suitesparse-32-5.12.0/lib/libldl.so /cm/shared/ex3-modules/202309a/milanq/pkgs/suitesparse-32-5.12.0/lib/libspqr.so /cm/shared/ex3-modules/202309a/milanq/pkgs/suitesparse-32-5.12.0/lib/libumfpack.so /cm/shared/ex3-modules/202309a/milanq/pkgs/suitesparse-32-5.12.0/lib/libcholmod.so /cm/shared/ex3-modules/202309a/milanq/pkgs/suitesparse-32-5.12.0/lib/libamd.so /cm/shared/ex3-modules/202309a/milanq/pkgs/suitesparse-32-5.12.0/lib/libcolamd.so /cm/shared/ex3-modules/202309a/milanq/pkgs/suitesparse-32-5.12.0/lib/libcamd.so /cm/shared/ex3-modules/202309a/milanq/pkgs/suitesparse-32-5.12.0/lib/libccolamd.so /cm/shared/ex3-modules/202309a/milanq/pkgs/suitesparse-32-5.12.0/lib/libamd.so /cm/shared/ex3-modules/202309a/milanq/pkgs/suitesparse-32-5.12.0/lib/libcamd.so /cm/shared/ex3-modules/202309a/milanq/pkgs/suitesparse-32-5.12.0/lib/libcolamd.so /cm/shared/ex3-modules/202309a/milanq/pkgs/suitesparse-32-5.12.0/lib/libccolamd.so /cm/shared/ex3-modules/202309a/milanq/pkgs/suitesparse-32-5.12.0/lib/libldl.so /cm/shared/ex3-modules/202309a/milanq/pkgs/suitesparse-32-5.12.0/lib/libspqr.so /cm/shared/ex3-modules/202309a/milanq/pkgs/suitesparse-32-5.12.0/lib/libumfpack.so 
gmake[1]: Leaving directory '/home/erikhs/MatrixProblems/build_x86_64/CMakeFiles/CMakeTmp'


Source file was:

    #include <SuiteSparse_config.h>
    int main(void)
    {
      #ifndef SUITESPARSE_HAS_VERSION_FUNCTION
        #error SuiteSparse <= 4.2.0 too old, required version 4.3 or newer for SPQR.
      #endif
      #if SUITESPARSE_VERSION <= 4003
        #error SuiteSparse too old, required version 4.3 or newer for SPQR.
      #endif
      return 0;
    }
Determining location of SuiteSparse succeeded:
Include directory: /cm/shared/ex3-modules/202309a/milanq/pkgs/suitesparse-32-5.12.0/include
Library directory: /cm/shared/ex3-modules/202309a/milanq/pkgs/suitesparse-32-5.12.0/lib/libldl.so;/cm/shared/ex3-modules/202309a/milanq/pkgs/suitesparse-32-5.12.0/lib/libspqr.so;/cm/shared/ex3-modules/202309a/milanq/pkgs/suitesparse-32-5.12.0/lib/libumfpack.so;/cm/shared/ex3-modules/202309a/milanq/pkgs/suitesparse-32-5.12.0/lib/libcholmod.so;/cm/shared/ex3-modules/202309a/milanq/pkgs/suitesparse-32-5.12.0/lib/libamd.so;/cm/shared/ex3-modules/202309a/milanq/pkgs/suitesparse-32-5.12.0/lib/libcamd.so;/cm/shared/ex3-modules/202309a/milanq/pkgs/suitesparse-32-5.12.0/lib/libcolamd.so;/cm/shared/ex3-modules/202309a/milanq/pkgs/suitesparse-32-5.12.0/lib/libccolamd.so;/cm/shared/ex3-modules/202309a/milanq/pkgs/suitesparse-32-5.12.0/lib/libsuitesparseconfig.so

Performing C SOURCE FILE Test HAVE_C99 succeeded with the following output:
Change Dir: /home/erikhs/MatrixProblems/build_x86_64/CMakeFiles/CMakeTmp

Run Build Command(s):/usr/bin/gmake cmTC_e0ced/fast && /usr/bin/gmake  -f CMakeFiles/cmTC_e0ced.dir/build.make CMakeFiles/cmTC_e0ced.dir/build
gmake[1]: Entering directory '/home/erikhs/MatrixProblems/build_x86_64/CMakeFiles/CMakeTmp'
Building C object CMakeFiles/cmTC_e0ced.dir/src.c.o
/usr/bin/cc   -DHAVE_C99 -O3 -DNDEBUG -fPIE   -std=c99 -o CMakeFiles/cmTC_e0ced.dir/src.c.o   -c /home/erikhs/MatrixProblems/build_x86_64/CMakeFiles/CMakeTmp/src.c
Linking C executable cmTC_e0ced
/cm/shared/ex3-modules/0.6.1/pkgs/cmake-3.17.2/bin/cmake -E cmake_link_script CMakeFiles/cmTC_e0ced.dir/link.txt --verbose=1
/usr/bin/cc  -DHAVE_C99 -O3 -DNDEBUG    -rdynamic CMakeFiles/cmTC_e0ced.dir/src.c.o  -o cmTC_e0ced 
gmake[1]: Leaving directory '/home/erikhs/MatrixProblems/build_x86_64/CMakeFiles/CMakeTmp'


Source file was:
int main(void) { return 0; }
Detecting C OpenMP compiler ABI info compiled with the following output:
Change Dir: /home/erikhs/MatrixProblems/build_x86_64/CMakeFiles/CMakeTmp

Run Build Command(s):/usr/bin/gmake cmTC_a3a72/fast && /usr/bin/gmake  -f CMakeFiles/cmTC_a3a72.dir/build.make CMakeFiles/cmTC_a3a72.dir/build
gmake[1]: Entering directory '/home/erikhs/MatrixProblems/build_x86_64/CMakeFiles/CMakeTmp'
Building C object CMakeFiles/cmTC_a3a72.dir/OpenMPTryFlag.c.o
/usr/bin/cc   -std=c99 -fopenmp -v -O3 -DNDEBUG -fPIE   -o CMakeFiles/cmTC_a3a72.dir/OpenMPTryFlag.c.o   -c /home/erikhs/MatrixProblems/build_x86_64/CMakeFiles/FindOpenMP/OpenMPTryFlag.c
Using built-in specs.
COLLECT_GCC=/usr/bin/cc
OFFLOAD_TARGET_NAMES=nvptx-none:amdgcn-amdhsa
OFFLOAD_TARGET_DEFAULT=1
Target: x86_64-linux-gnu
Configured with: ../src/configure -v --with-pkgversion='Ubuntu 11.4.0-1ubuntu1~22.04' --with-bugurl=file:///usr/share/doc/gcc-11/README.Bugs --enable-languages=c,ada,c++,go,brig,d,fortran,objc,obj-c++,m2 --prefix=/usr --with-gcc-major-version-only --program-suffix=-11 --program-prefix=x86_64-linux-gnu- --enable-shared --enable-linker-build-id --libexecdir=/usr/lib --without-included-gettext --enable-threads=posix --libdir=/usr/lib --enable-nls --enable-bootstrap --enable-clocale=gnu --enable-libstdcxx-debug --enable-libstdcxx-time=yes --with-default-libstdcxx-abi=new --enable-gnu-unique-object --disable-vtable-verify --enable-plugin --enable-default-pie --with-system-zlib --enable-libphobos-checking=release --with-target-system-zlib=auto --enable-objc-gc=auto --enable-multiarch --disable-werror --enable-cet --with-arch-32=i686 --with-abi=m64 --with-multilib-list=m32,m64,mx32 --enable-multilib --with-tune=generic --enable-offload-targets=nvptx-none=/build/gcc-11-XeT9lY/gcc-11-11.4.0/debian/tmp-nvptx/usr,amdgcn-amdhsa=/build/gcc-11-XeT9lY/gcc-11-11.4.0/debian/tmp-gcn/usr --without-cuda-driver --enable-checking=release --build=x86_64-linux-gnu --host=x86_64-linux-gnu --target=x86_64-linux-gnu --with-build-config=bootstrap-lto-lean --enable-link-serialization=2
Thread model: posix
Supported LTO compression algorithms: zlib zstd
gcc version 11.4.0 (Ubuntu 11.4.0-1ubuntu1~22.04) 
COLLECT_GCC_OPTIONS='-std=c99' '-fopenmp' '-v' '-O3' '-D' 'NDEBUG' '-fPIE' '-o' 'CMakeFiles/cmTC_a3a72.dir/OpenMPTryFlag.c.o' '-c' '-mtune=generic' '-march=x86-64' '-pthread' '-dumpdir' 'CMakeFiles/cmTC_a3a72.dir/'
 /usr/lib/gcc/x86_64-linux-gnu/11/cc1 -quiet -v -imultiarch x86_64-linux-gnu -D_REENTRANT -D NDEBUG /home/erikhs/MatrixProblems/build_x86_64/CMakeFiles/FindOpenMP/OpenMPTryFlag.c -quiet -dumpdir CMakeFiles/cmTC_a3a72.dir/ -dumpbase OpenMPTryFlag.c.c -dumpbase-ext .c -mtune=generic -march=x86-64 -O3 -std=c99 -version -fopenmp -fPIE -fasynchronous-unwind-tables -fstack-protector-strong -Wformat -Wformat-security -fstack-clash-protection -fcf-protection -o /tmp/ccvzKbaA.s
GNU C99 (Ubuntu 11.4.0-1ubuntu1~22.04) version 11.4.0 (x86_64-linux-gnu)
	compiled by GNU C version 11.4.0, GMP version 6.2.1, MPFR version 4.1.0, MPC version 1.2.1, isl version isl-0.24-GMP

warning: GMP header version 6.2.1 differs from library version 6.1.2.
warning: MPFR header version 4.1.0 differs from library version 4.0.2.
GGC heuristics: --param ggc-min-expand=100 --param ggc-min-heapsize=131072
ignoring nonexistent directory "/usr/local/include/x86_64-linux-gnu"
ignoring nonexistent directory "/usr/lib/gcc/x86_64-linux-gnu/11/include-fixed"
ignoring nonexistent directory "/usr/lib/gcc/x86_64-linux-gnu/11/../../../../x86_64-linux-gnu/include"
#include "..." search starts here:
#include <...> search starts here:
 /cm/shared/apps/slurm/current/include
 /home/andreast/modules/flow/202309a/rpp-dune-amgcpr-branch/include
 /home/andreast/modules/zoltan/202309a/12.16/include
 /home/andreast/modules/dune/202309a/mod-2.7.1/include
 /cm/shared/ex3-modules/202309a/milanq/pkgs/suitesparse-32-5.12.0/include
 /cm/shared/ex3-modules/202309a/milanq/pkgs/mpfr-4.0.2/include
 /cm/shared/ex3-modules/202309a/milanq/pkgs/gmp-6.1.2/include
 /cm/shared/ex3-modules/202309a/milanq/pkgs/parmetis-32-4.0.3/include
 /cm/shared/ex3-modules/202309a/milanq/pkgs/metis-32-5.1.0/include
 /cm/shared/ex3-modules/202309a/milanq/pkgs/boost-1.73.0/include
 /cm/shared/ex3-modules/202309a/milanq/pkgs/xz-5.2.7/include
 /cm/shared/ex3-modules/202309a/milanq/pkgs/openblas-0.3.21/include
 /cm/shared/ex3-modules/202309a/milanq/pkgs/openmpi-4.1.4/include
 /cm/shared/ex3-modules/202309a/milanq/pkgs/util-linux-2.34/include
 /cm/shared/ex3-modules/202309a/milanq/pkgs/libfabric-1.17.0/include
 /cm/shared/ex3-modules/202309a/milanq/pkgs/ucx-1.12.1/include
 /cm/shared/ex3-modules/202309a/milanq/pkgs/rdma-core-44.0/include
 /cm/shared/ex3-modules/202309a/milanq/pkgs/libnl-3.2.25/include/libnl3
 /cm/shared/ex3-modules/202309a/milanq/pkgs/numactl-2.0.13/include
 /cm/shared/ex3-modules/202309a/milanq/pkgs/libevent-2.1.12-stable/include
 /cm/shared/ex3-modules/202309a/milanq/pkgs/knem-1.1.4/include
 /cm/shared/ex3-modules/202309a/milanq/pkgs/hwloc-2.7.1/include
 /cm/shared/ex3-modules/0.6.1/pkgs/fftw-3.3.8/include
 /cm/shared/ex3-modules/0.6.1/pkgs/lapack-3.9.0/include
 /cm/shared/ex3-modules/0.6.1/pkgs/openblas-0.3.12/include
 /cm/shared/ex3-modules/0.6.1/pkgs/freetype-2.10.1/include
 /cm/shared/ex3-modules/0.6.1/pkgs/libpng-1.6.37/include
 /cm/shared/ex3-modules/0.6.1/pkgs/python-3.7.4/include/python3.7m
 /cm/shared/ex3-modules/0.6.1/pkgs/sqlite-3.31.1/include
 /cm/shared/ex3-modules/0.6.1/pkgs/libffi-3.2.1/include
 /cm/shared/ex3-modules/0.6.1/pkgs/readline-8.0/include
 /cm/shared/ex3-modules/0.6.1/pkgs/ncurses-6.1/include
 /cm/shared/ex3-modules/0.6.1/pkgs/xz-5.2.5/include
 /cm/shared/ex3-modules/0.6.1/pkgs/bzip2-1.0.8/include
 /cm/shared/ex3-modules/0.6.1/pkgs/openssl-1.1.1c/include
 /usr/lib/gcc/x86_64-linux-gnu/11/include
 /usr/local/include
 /usr/include/x86_64-linux-gnu
 /usr/include
End of search list.
GNU C99 (Ubuntu 11.4.0-1ubuntu1~22.04) version 11.4.0 (x86_64-linux-gnu)
	compiled by GNU C version 11.4.0, GMP version 6.2.1, MPFR version 4.1.0, MPC version 1.2.1, isl version isl-0.24-GMP

warning: GMP header version 6.2.1 differs from library version 6.1.2.
warning: MPFR header version 4.1.0 differs from library version 4.0.2.
GGC heuristics: --param ggc-min-expand=100 --param ggc-min-heapsize=131072
Compiler executable checksum: 50eaa2331df977b8016186198deb2d18
COLLECT_GCC_OPTIONS='-std=c99' '-fopenmp' '-v' '-O3' '-D' 'NDEBUG' '-fPIE' '-o' 'CMakeFiles/cmTC_a3a72.dir/OpenMPTryFlag.c.o' '-c' '-mtune=generic' '-march=x86-64' '-pthread' '-dumpdir' 'CMakeFiles/cmTC_a3a72.dir/'
 as -v --64 -o CMakeFiles/cmTC_a3a72.dir/OpenMPTryFlag.c.o /tmp/ccvzKbaA.s
GNU assembler version 2.38 (x86_64-linux-gnu) using BFD version (GNU Binutils for Ubuntu) 2.38
COMPILER_PATH=/usr/lib/gcc/x86_64-linux-gnu/11/:/usr/lib/gcc/x86_64-linux-gnu/11/:/usr/lib/gcc/x86_64-linux-gnu/:/usr/lib/gcc/x86_64-linux-gnu/11/:/usr/lib/gcc/x86_64-linux-gnu/
LIBRARY_PATH=/home/andreast/modules/flow/202309a/rpp-dune-amgcpr-branch/lib/../lib/:/home/andreast/modules/zoltan/202309a/12.16/lib/../lib/:/home/andreast/modules/dune/202309a/mod-2.7.1/lib/../lib/:/cm/shared/ex3-modules/202309a/milanq/pkgs/suitesparse-32-5.12.0/lib/../lib/:/cm/shared/ex3-modules/202309a/milanq/pkgs/mpfr-4.0.2/lib/../lib/:/cm/shared/ex3-modules/202309a/milanq/pkgs/gmp-6.1.2/lib/../lib/:/cm/shared/ex3-modules/202309a/milanq/pkgs/parmetis-32-4.0.3/lib/../lib/:/cm/shared/ex3-modules/202309a/milanq/pkgs/metis-32-5.1.0/lib/../lib/:/cm/shared/ex3-modules/202309a/milanq/pkgs/boost-1.73.0/lib/../lib/:/cm/shared/ex3-modules/202309a/milanq/pkgs/xz-5.2.7/lib/../lib/:/cm/shared/ex3-modules/202309a/milanq/pkgs/openblas-0.3.21/lib/../lib/:/cm/shared/ex3-modules/202309a/milanq/pkgs/openmpi-4.1.4/lib/../lib/:/cm/shared/ex3-modules/202309a/milanq/pkgs/util-linux-2.34/lib/../lib/:/cm/shared/ex3-modules/202309a/milanq/pkgs/libfabric-1.17.0/lib/../lib/:/cm/shared/ex3-modules/202309a/milanq/pkgs/ucx-1.12.1/lib/../lib/:/cm/shared/ex3-modules/202309a/milanq/pkgs/rdma-core-44.0/lib/../lib/:/cm/shared/ex3-modules/202309a/milanq/pkgs/libnl-3.2.25/lib/../lib/:/cm/shared/ex3-modules/202309a/milanq/pkgs/numactl-2.0.13/lib/../lib/:/cm/shared/ex3-modules/202309a/milanq/pkgs/libevent-2.1.12-stable/lib/../lib/:/cm/shared/ex3-modules/202309a/milanq/pkgs/knem-1.1.4/lib/../lib/:/cm/shared/ex3-modules/202309a/milanq/pkgs/hwloc-2.7.1/lib/../lib/:/cm/shared/ex3-modules/0.6.1/pkgs/fftw-3.3.8/lib/../lib/:/cm/shared/ex3-modules/0.6.1/pkgs/lapack-3.9.0/lib/../lib/:/cm/shared/ex3-modules/0.6.1/pkgs/openblas-0.3.12/lib/../lib/:/cm/shared/ex3-modules/0.6.1/pkgs/gcc-8.4.0/lib64/../lib/:/cm/shared/ex3-modules/0.6.1/pkgs/freetype-2.10.1/lib/../lib/:/cm/shared/ex3-modules/0.6.1/pkgs/libpng-1.6.37/lib/../lib/:/cm/shared/ex3-modules/0.6.1/pkgs/python-3.7.4/lib/../lib/:/cm/shared/ex3-modules/0.6.1/pkgs/sqlite-3.31.1/lib/../lib/:/cm/shared/ex3-modules/0.6.1/pkgs/libffi-3.2.1/lib/../lib/:/cm/shared/ex3-modules/0.6.1/pkgs/readline-8.0/lib/../lib/:/cm/shared/ex3-modules/0.6.1/pkgs/ncurses-6.1/lib/../lib/:/cm/shared/ex3-modules/0.6.1/pkgs/xz-5.2.5/lib/../lib/:/cm/shared/ex3-modules/0.6.1/pkgs/bzip2-1.0.8/lib/../lib/:/cm/shared/ex3-modules/0.6.1/pkgs/openssl-1.1.1c/lib/../lib/:/cm/shared/apps/slurm/current/lib64/../lib/:/usr/lib/gcc/x86_64-linux-gnu/11/:/usr/lib/gcc/x86_64-linux-gnu/11/../../../x86_64-linux-gnu/:/usr/lib/gcc/x86_64-linux-gnu/11/../../../../lib/:/lib/x86_64-linux-gnu/:/lib/../lib/:/usr/lib/x86_64-linux-gnu/:/usr/lib/../lib/:/home/andreast/modules/flow/202309a/rpp-dune-amgcpr-branch/lib/:/home/andreast/modules/zoltan/202309a/12.16/lib/:/home/andreast/modules/dune/202309a/mod-2.7.1/lib/:/cm/shared/ex3-modules/202309a/milanq/pkgs/suitesparse-32-5.12.0/lib/:/cm/shared/ex3-modules/202309a/milanq/pkgs/mpfr-4.0.2/lib/:/cm/shared/ex3-modules/202309a/milanq/pkgs/gmp-6.1.2/lib/:/cm/shared/ex3-modules/202309a/milanq/pkgs/parmetis-32-4.0.3/lib/:/cm/shared/ex3-modules/202309a/milanq/pkgs/metis-32-5.1.0/lib/:/cm/shared/ex3-modules/202309a/milanq/pkgs/boost-1.73.0/lib/:/cm/shared/ex3-modules/202309a/milanq/pkgs/xz-5.2.7/lib/:/cm/shared/ex3-modules/202309a/milanq/pkgs/openblas-0.3.21/lib/:/cm/shared/ex3-modules/202309a/milanq/pkgs/openmpi-4.1.4/lib/:/cm/shared/ex3-modules/202309a/milanq/pkgs/util-linux-2.34/lib/:/cm/shared/ex3-modules/202309a/milanq/pkgs/libfabric-1.17.0/lib/:/cm/shared/ex3-modules/202309a/milanq/pkgs/ucx-1.12.1/lib/:/cm/shared/ex3-modules/202309a/milanq/pkgs/rdma-core-44.0/lib/:/cm/shared/ex3-modules/202309a/milanq/pkgs/libnl-3.2.25/lib/:/cm/shared/ex3-modules/202309a/milanq/pkgs/numactl-2.0.13/lib/:/cm/shared/ex3-modules/202309a/milanq/pkgs/libevent-2.1.12-stable/lib/:/cm/shared/ex3-modules/202309a/milanq/pkgs/knem-1.1.4/lib/:/cm/shared/ex3-modules/202309a/milanq/pkgs/hwloc-2.7.1/lib/:/cm/shared/ex3-modules/0.6.1/pkgs/fftw-3.3.8/lib/:/cm/shared/ex3-modules/0.6.1/pkgs/lapack-3.9.0/lib/:/cm/shared/ex3-modules/0.6.1/pkgs/openblas-0.3.12/lib/:/cm/shared/ex3-modules/0.6.1/pkgs/gcc-8.4.0/lib64/:/cm/shared/ex3-modules/0.6.1/pkgs/freetype-2.10.1/lib/:/cm/shared/ex3-modules/0.6.1/pkgs/libpng-1.6.37/lib/:/cm/shared/ex3-modules/0.6.1/pkgs/python-3.7.4/lib/:/cm/shared/ex3-modules/0.6.1/pkgs/sqlite-3.31.1/lib/:/cm/shared/ex3-modules/0.6.1/pkgs/libffi-3.2.1/lib/:/cm/shared/ex3-modules/0.6.1/pkgs/readline-8.0/lib/:/cm/shared/ex3-modules/0.6.1/pkgs/ncurses-6.1/lib/:/cm/shared/ex3-modules/0.6.1/pkgs/xz-5.2.5/lib/:/cm/shared/ex3-modules/0.6.1/pkgs/bzip2-1.0.8/lib/:/cm/shared/ex3-modules/0.6.1/pkgs/openssl-1.1.1c/lib/:/cm/shared/apps/slurm/current/lib64/slurm/:/cm/shared/apps/slurm/current/lib64/:/usr/lib/gcc/x86_64-linux-gnu/11/../../../:/lib/:/usr/lib/
COLLECT_GCC_OPTIONS='-std=c99' '-fopenmp' '-v' '-O3' '-D' 'NDEBUG' '-fPIE' '-o' 'CMakeFiles/cmTC_a3a72.dir/OpenMPTryFlag.c.o' '-c' '-mtune=generic' '-march=x86-64' '-pthread' '-dumpdir' 'CMakeFiles/cmTC_a3a72.dir/OpenMPTryFlag.c.'
Linking C executable cmTC_a3a72
/cm/shared/ex3-modules/0.6.1/pkgs/cmake-3.17.2/bin/cmake -E cmake_link_script CMakeFiles/cmTC_a3a72.dir/link.txt --verbose=1
/usr/bin/cc -std=c99 -fopenmp -v -O3 -DNDEBUG    -rdynamic CMakeFiles/cmTC_a3a72.dir/OpenMPTryFlag.c.o  -o cmTC_a3a72  -v 
Using built-in specs.
COLLECT_GCC=/usr/bin/cc
COLLECT_LTO_WRAPPER=/usr/lib/gcc/x86_64-linux-gnu/11/lto-wrapper
OFFLOAD_TARGET_NAMES=nvptx-none:amdgcn-amdhsa
OFFLOAD_TARGET_DEFAULT=1
Target: x86_64-linux-gnu
Configured with: ../src/configure -v --with-pkgversion='Ubuntu 11.4.0-1ubuntu1~22.04' --with-bugurl=file:///usr/share/doc/gcc-11/README.Bugs --enable-languages=c,ada,c++,go,brig,d,fortran,objc,obj-c++,m2 --prefix=/usr --with-gcc-major-version-only --program-suffix=-11 --program-prefix=x86_64-linux-gnu- --enable-shared --enable-linker-build-id --libexecdir=/usr/lib --without-included-gettext --enable-threads=posix --libdir=/usr/lib --enable-nls --enable-bootstrap --enable-clocale=gnu --enable-libstdcxx-debug --enable-libstdcxx-time=yes --with-default-libstdcxx-abi=new --enable-gnu-unique-object --disable-vtable-verify --enable-plugin --enable-default-pie --with-system-zlib --enable-libphobos-checking=release --with-target-system-zlib=auto --enable-objc-gc=auto --enable-multiarch --disable-werror --enable-cet --with-arch-32=i686 --with-abi=m64 --with-multilib-list=m32,m64,mx32 --enable-multilib --with-tune=generic --enable-offload-targets=nvptx-none=/build/gcc-11-XeT9lY/gcc-11-11.4.0/debian/tmp-nvptx/usr,amdgcn-amdhsa=/build/gcc-11-XeT9lY/gcc-11-11.4.0/debian/tmp-gcn/usr --without-cuda-driver --enable-checking=release --build=x86_64-linux-gnu --host=x86_64-linux-gnu --target=x86_64-linux-gnu --with-build-config=bootstrap-lto-lean --enable-link-serialization=2
Thread model: posix
Supported LTO compression algorithms: zlib zstd
gcc version 11.4.0 (Ubuntu 11.4.0-1ubuntu1~22.04) 
COMPILER_PATH=/usr/lib/gcc/x86_64-linux-gnu/11/:/usr/lib/gcc/x86_64-linux-gnu/11/:/usr/lib/gcc/x86_64-linux-gnu/:/usr/lib/gcc/x86_64-linux-gnu/11/:/usr/lib/gcc/x86_64-linux-gnu/
LIBRARY_PATH=/home/andreast/modules/flow/202309a/rpp-dune-amgcpr-branch/lib/../lib/:/home/andreast/modules/zoltan/202309a/12.16/lib/../lib/:/home/andreast/modules/dune/202309a/mod-2.7.1/lib/../lib/:/cm/shared/ex3-modules/202309a/milanq/pkgs/suitesparse-32-5.12.0/lib/../lib/:/cm/shared/ex3-modules/202309a/milanq/pkgs/mpfr-4.0.2/lib/../lib/:/cm/shared/ex3-modules/202309a/milanq/pkgs/gmp-6.1.2/lib/../lib/:/cm/shared/ex3-modules/202309a/milanq/pkgs/parmetis-32-4.0.3/lib/../lib/:/cm/shared/ex3-modules/202309a/milanq/pkgs/metis-32-5.1.0/lib/../lib/:/cm/shared/ex3-modules/202309a/milanq/pkgs/boost-1.73.0/lib/../lib/:/cm/shared/ex3-modules/202309a/milanq/pkgs/xz-5.2.7/lib/../lib/:/cm/shared/ex3-modules/202309a/milanq/pkgs/openblas-0.3.21/lib/../lib/:/cm/shared/ex3-modules/202309a/milanq/pkgs/openmpi-4.1.4/lib/../lib/:/cm/shared/ex3-modules/202309a/milanq/pkgs/util-linux-2.34/lib/../lib/:/cm/shared/ex3-modules/202309a/milanq/pkgs/libfabric-1.17.0/lib/../lib/:/cm/shared/ex3-modules/202309a/milanq/pkgs/ucx-1.12.1/lib/../lib/:/cm/shared/ex3-modules/202309a/milanq/pkgs/rdma-core-44.0/lib/../lib/:/cm/shared/ex3-modules/202309a/milanq/pkgs/libnl-3.2.25/lib/../lib/:/cm/shared/ex3-modules/202309a/milanq/pkgs/numactl-2.0.13/lib/../lib/:/cm/shared/ex3-modules/202309a/milanq/pkgs/libevent-2.1.12-stable/lib/../lib/:/cm/shared/ex3-modules/202309a/milanq/pkgs/knem-1.1.4/lib/../lib/:/cm/shared/ex3-modules/202309a/milanq/pkgs/hwloc-2.7.1/lib/../lib/:/cm/shared/ex3-modules/0.6.1/pkgs/fftw-3.3.8/lib/../lib/:/cm/shared/ex3-modules/0.6.1/pkgs/lapack-3.9.0/lib/../lib/:/cm/shared/ex3-modules/0.6.1/pkgs/openblas-0.3.12/lib/../lib/:/cm/shared/ex3-modules/0.6.1/pkgs/gcc-8.4.0/lib64/../lib/:/cm/shared/ex3-modules/0.6.1/pkgs/freetype-2.10.1/lib/../lib/:/cm/shared/ex3-modules/0.6.1/pkgs/libpng-1.6.37/lib/../lib/:/cm/shared/ex3-modules/0.6.1/pkgs/python-3.7.4/lib/../lib/:/cm/shared/ex3-modules/0.6.1/pkgs/sqlite-3.31.1/lib/../lib/:/cm/shared/ex3-modules/0.6.1/pkgs/libffi-3.2.1/lib/../lib/:/cm/shared/ex3-modules/0.6.1/pkgs/readline-8.0/lib/../lib/:/cm/shared/ex3-modules/0.6.1/pkgs/ncurses-6.1/lib/../lib/:/cm/shared/ex3-modules/0.6.1/pkgs/xz-5.2.5/lib/../lib/:/cm/shared/ex3-modules/0.6.1/pkgs/bzip2-1.0.8/lib/../lib/:/cm/shared/ex3-modules/0.6.1/pkgs/openssl-1.1.1c/lib/../lib/:/cm/shared/apps/slurm/current/lib64/../lib/:/usr/lib/gcc/x86_64-linux-gnu/11/:/usr/lib/gcc/x86_64-linux-gnu/11/../../../x86_64-linux-gnu/:/usr/lib/gcc/x86_64-linux-gnu/11/../../../../lib/:/lib/x86_64-linux-gnu/:/lib/../lib/:/usr/lib/x86_64-linux-gnu/:/usr/lib/../lib/:/home/andreast/modules/flow/202309a/rpp-dune-amgcpr-branch/lib/:/home/andreast/modules/zoltan/202309a/12.16/lib/:/home/andreast/modules/dune/202309a/mod-2.7.1/lib/:/cm/shared/ex3-modules/202309a/milanq/pkgs/suitesparse-32-5.12.0/lib/:/cm/shared/ex3-modules/202309a/milanq/pkgs/mpfr-4.0.2/lib/:/cm/shared/ex3-modules/202309a/milanq/pkgs/gmp-6.1.2/lib/:/cm/shared/ex3-modules/202309a/milanq/pkgs/parmetis-32-4.0.3/lib/:/cm/shared/ex3-modules/202309a/milanq/pkgs/metis-32-5.1.0/lib/:/cm/shared/ex3-modules/202309a/milanq/pkgs/boost-1.73.0/lib/:/cm/shared/ex3-modules/202309a/milanq/pkgs/xz-5.2.7/lib/:/cm/shared/ex3-modules/202309a/milanq/pkgs/openblas-0.3.21/lib/:/cm/shared/ex3-modules/202309a/milanq/pkgs/openmpi-4.1.4/lib/:/cm/shared/ex3-modules/202309a/milanq/pkgs/util-linux-2.34/lib/:/cm/shared/ex3-modules/202309a/milanq/pkgs/libfabric-1.17.0/lib/:/cm/shared/ex3-modules/202309a/milanq/pkgs/ucx-1.12.1/lib/:/cm/shared/ex3-modules/202309a/milanq/pkgs/rdma-core-44.0/lib/:/cm/shared/ex3-modules/202309a/milanq/pkgs/libnl-3.2.25/lib/:/cm/shared/ex3-modules/202309a/milanq/pkgs/numactl-2.0.13/lib/:/cm/shared/ex3-modules/202309a/milanq/pkgs/libevent-2.1.12-stable/lib/:/cm/shared/ex3-modules/202309a/milanq/pkgs/knem-1.1.4/lib/:/cm/shared/ex3-modules/202309a/milanq/pkgs/hwloc-2.7.1/lib/:/cm/shared/ex3-modules/0.6.1/pkgs/fftw-3.3.8/lib/:/cm/shared/ex3-modules/0.6.1/pkgs/lapack-3.9.0/lib/:/cm/shared/ex3-modules/0.6.1/pkgs/openblas-0.3.12/lib/:/cm/shared/ex3-modules/0.6.1/pkgs/gcc-8.4.0/lib64/:/cm/shared/ex3-modules/0.6.1/pkgs/freetype-2.10.1/lib/:/cm/shared/ex3-modules/0.6.1/pkgs/libpng-1.6.37/lib/:/cm/shared/ex3-modules/0.6.1/pkgs/python-3.7.4/lib/:/cm/shared/ex3-modules/0.6.1/pkgs/sqlite-3.31.1/lib/:/cm/shared/ex3-modules/0.6.1/pkgs/libffi-3.2.1/lib/:/cm/shared/ex3-modules/0.6.1/pkgs/readline-8.0/lib/:/cm/shared/ex3-modules/0.6.1/pkgs/ncurses-6.1/lib/:/cm/shared/ex3-modules/0.6.1/pkgs/xz-5.2.5/lib/:/cm/shared/ex3-modules/0.6.1/pkgs/bzip2-1.0.8/lib/:/cm/shared/ex3-modules/0.6.1/pkgs/openssl-1.1.1c/lib/:/cm/shared/apps/slurm/current/lib64/slurm/:/cm/shared/apps/slurm/current/lib64/:/usr/lib/gcc/x86_64-linux-gnu/11/../../../:/lib/:/usr/lib/
Reading specs from /usr/lib/gcc/x86_64-linux-gnu/11/libgomp.spec
COLLECT_GCC_OPTIONS='-std=c99' '-fopenmp' '-v' '-O3' '-D' 'NDEBUG' '-rdynamic' '-o' 'cmTC_a3a72' '-v' '-mtune=generic' '-march=x86-64' '-pthread' '-dumpdir' 'cmTC_a3a72.'
 /usr/lib/gcc/x86_64-linux-gnu/11/collect2 -plugin /usr/lib/gcc/x86_64-linux-gnu/11/liblto_plugin.so -plugin-opt=/usr/lib/gcc/x86_64-linux-gnu/11/lto-wrapper -plugin-opt=-fresolution=/tmp/ccIlvRdQ.res -plugin-opt=-pass-through=-lgcc -plugin-opt=-pass-through=-lgcc_s -plugin-opt=-pass-through=-lpthread -plugin-opt=-pass-through=-lc -plugin-opt=-pass-through=-lgcc -plugin-opt=-pass-through=-lgcc_s --build-id --eh-frame-hdr -m elf_x86_64 --hash-style=gnu --as-needed -export-dynamic -dynamic-linker /lib64/ld-linux-x86-64.so.2 -pie -z now -z relro -o cmTC_a3a72 /usr/lib/gcc/x86_64-linux-gnu/11/../../../x86_64-linux-gnu/Scrt1.o /usr/lib/gcc/x86_64-linux-gnu/11/../../../x86_64-linux-gnu/crti.o /usr/lib/gcc/x86_64-linux-gnu/11/crtbeginS.o /usr/lib/gcc/x86_64-linux-gnu/11/crtoffloadbegin.o -L/home/andreast/modules/flow/202309a/rpp-dune-amgcpr-branch/lib/../lib -L/home/andreast/modules/zoltan/202309a/12.16/lib/../lib -L/home/andreast/modules/dune/202309a/mod-2.7.1/lib/../lib -L/cm/shared/ex3-modules/202309a/milanq/pkgs/suitesparse-32-5.12.0/lib/../lib -L/cm/shared/ex3-modules/202309a/milanq/pkgs/mpfr-4.0.2/lib/../lib -L/cm/shared/ex3-modules/202309a/milanq/pkgs/gmp-6.1.2/lib/../lib -L/cm/shared/ex3-modules/202309a/milanq/pkgs/parmetis-32-4.0.3/lib/../lib -L/cm/shared/ex3-modules/202309a/milanq/pkgs/metis-32-5.1.0/lib/../lib -L/cm/shared/ex3-modules/202309a/milanq/pkgs/boost-1.73.0/lib/../lib -L/cm/shared/ex3-modules/202309a/milanq/pkgs/xz-5.2.7/lib/../lib -L/cm/shared/ex3-modules/202309a/milanq/pkgs/openblas-0.3.21/lib/../lib -L/cm/shared/ex3-modules/202309a/milanq/pkgs/openmpi-4.1.4/lib/../lib -L/cm/shared/ex3-modules/202309a/milanq/pkgs/util-linux-2.34/lib/../lib -L/cm/shared/ex3-modules/202309a/milanq/pkgs/libfabric-1.17.0/lib/../lib -L/cm/shared/ex3-modules/202309a/milanq/pkgs/ucx-1.12.1/lib/../lib -L/cm/shared/ex3-modules/202309a/milanq/pkgs/rdma-core-44.0/lib/../lib -L/cm/shared/ex3-modules/202309a/milanq/pkgs/libnl-3.2.25/lib/../lib -L/cm/shared/ex3-modules/202309a/milanq/pkgs/numactl-2.0.13/lib/../lib -L/cm/shared/ex3-modules/202309a/milanq/pkgs/libevent-2.1.12-stable/lib/../lib -L/cm/shared/ex3-modules/202309a/milanq/pkgs/knem-1.1.4/lib/../lib -L/cm/shared/ex3-modules/202309a/milanq/pkgs/hwloc-2.7.1/lib/../lib -L/cm/shared/ex3-modules/0.6.1/pkgs/fftw-3.3.8/lib/../lib -L/cm/shared/ex3-modules/0.6.1/pkgs/lapack-3.9.0/lib/../lib -L/cm/shared/ex3-modules/0.6.1/pkgs/openblas-0.3.12/lib/../lib -L/cm/shared/ex3-modules/0.6.1/pkgs/gcc-8.4.0/lib64/../lib -L/cm/shared/ex3-modules/0.6.1/pkgs/freetype-2.10.1/lib/../lib -L/cm/shared/ex3-modules/0.6.1/pkgs/libpng-1.6.37/lib/../lib -L/cm/shared/ex3-modules/0.6.1/pkgs/python-3.7.4/lib/../lib -L/cm/shared/ex3-modules/0.6.1/pkgs/sqlite-3.31.1/lib/../lib -L/cm/shared/ex3-modules/0.6.1/pkgs/libffi-3.2.1/lib/../lib -L/cm/shared/ex3-modules/0.6.1/pkgs/readline-8.0/lib/../lib -L/cm/shared/ex3-modules/0.6.1/pkgs/ncurses-6.1/lib/../lib -L/cm/shared/ex3-modules/0.6.1/pkgs/xz-5.2.5/lib/../lib -L/cm/shared/ex3-modules/0.6.1/pkgs/bzip2-1.0.8/lib/../lib -L/cm/shared/ex3-modules/0.6.1/pkgs/openssl-1.1.1c/lib/../lib -L/cm/shared/apps/slurm/current/lib64/../lib -L/usr/lib/gcc/x86_64-linux-gnu/11 -L/usr/lib/gcc/x86_64-linux-gnu/11/../../../x86_64-linux-gnu -L/usr/lib/gcc/x86_64-linux-gnu/11/../../../../lib -L/lib/x86_64-linux-gnu -L/lib/../lib -L/usr/lib/x86_64-linux-gnu -L/usr/lib/../lib -L/home/andreast/modules/flow/202309a/rpp-dune-amgcpr-branch/lib -L/home/andreast/modules/zoltan/202309a/12.16/lib -L/home/andreast/modules/dune/202309a/mod-2.7.1/lib -L/cm/shared/ex3-modules/202309a/milanq/pkgs/suitesparse-32-5.12.0/lib -L/cm/shared/ex3-modules/202309a/milanq/pkgs/mpfr-4.0.2/lib -L/cm/shared/ex3-modules/202309a/milanq/pkgs/gmp-6.1.2/lib -L/cm/shared/ex3-modules/202309a/milanq/pkgs/parmetis-32-4.0.3/lib -L/cm/shared/ex3-modules/202309a/milanq/pkgs/metis-32-5.1.0/lib -L/cm/shared/ex3-modules/202309a/milanq/pkgs/boost-1.73.0/lib -L/cm/shared/ex3-modules/202309a/milanq/pkgs/xz-5.2.7/lib -L/cm/shared/ex3-modules/202309a/milanq/pkgs/openblas-0.3.21/lib -L/cm/shared/ex3-modules/202309a/milanq/pkgs/openmpi-4.1.4/lib -L/cm/shared/ex3-modules/202309a/milanq/pkgs/util-linux-2.34/lib -L/cm/shared/ex3-modules/202309a/milanq/pkgs/libfabric-1.17.0/lib -L/cm/shared/ex3-modules/202309a/milanq/pkgs/ucx-1.12.1/lib -L/cm/shared/ex3-modules/202309a/milanq/pkgs/rdma-core-44.0/lib -L/cm/shared/ex3-modules/202309a/milanq/pkgs/libnl-3.2.25/lib -L/cm/shared/ex3-modules/202309a/milanq/pkgs/numactl-2.0.13/lib -L/cm/shared/ex3-modules/202309a/milanq/pkgs/libevent-2.1.12-stable/lib -L/cm/shared/ex3-modules/202309a/milanq/pkgs/knem-1.1.4/lib -L/cm/shared/ex3-modules/202309a/milanq/pkgs/hwloc-2.7.1/lib -L/cm/shared/ex3-modules/0.6.1/pkgs/fftw-3.3.8/lib -L/cm/shared/ex3-modules/0.6.1/pkgs/lapack-3.9.0/lib -L/cm/shared/ex3-modules/0.6.1/pkgs/openblas-0.3.12/lib -L/cm/shared/ex3-modules/0.6.1/pkgs/gcc-8.4.0/lib64 -L/cm/shared/ex3-modules/0.6.1/pkgs/freetype-2.10.1/lib -L/cm/shared/ex3-modules/0.6.1/pkgs/libpng-1.6.37/lib -L/cm/shared/ex3-modules/0.6.1/pkgs/python-3.7.4/lib -L/cm/shared/ex3-modules/0.6.1/pkgs/sqlite-3.31.1/lib -L/cm/shared/ex3-modules/0.6.1/pkgs/libffi-3.2.1/lib -L/cm/shared/ex3-modules/0.6.1/pkgs/readline-8.0/lib -L/cm/shared/ex3-modules/0.6.1/pkgs/ncurses-6.1/lib -L/cm/shared/ex3-modules/0.6.1/pkgs/xz-5.2.5/lib -L/cm/shared/ex3-modules/0.6.1/pkgs/bzip2-1.0.8/lib -L/cm/shared/ex3-modules/0.6.1/pkgs/openssl-1.1.1c/lib -L/cm/shared/apps/slurm/current/lib64/slurm -L/cm/shared/apps/slurm/current/lib64 -L/usr/lib/gcc/x86_64-linux-gnu/11/../../.. CMakeFiles/cmTC_a3a72.dir/OpenMPTryFlag.c.o -lgomp -lgcc --push-state --as-needed -lgcc_s --pop-state -lpthread -lc -lgcc --push-state --as-needed -lgcc_s --pop-state /usr/lib/gcc/x86_64-linux-gnu/11/crtendS.o /usr/lib/gcc/x86_64-linux-gnu/11/../../../x86_64-linux-gnu/crtn.o /usr/lib/gcc/x86_64-linux-gnu/11/crtoffloadend.o
COLLECT_GCC_OPTIONS='-std=c99' '-fopenmp' '-v' '-O3' '-D' 'NDEBUG' '-rdynamic' '-o' 'cmTC_a3a72' '-v' '-mtune=generic' '-march=x86-64' '-pthread' '-dumpdir' 'cmTC_a3a72.'
gmake[1]: Leaving directory '/home/erikhs/MatrixProblems/build_x86_64/CMakeFiles/CMakeTmp'



Parsed C OpenMP implicit link information from above output:
  link line regex: [^( *|.*[/\])(ld|CMAKE_LINK_STARTFILE-NOTFOUND|([^/\]+-)?ld|collect2)[^/\]*( |$)]
  ignore line: [Change Dir: /home/erikhs/MatrixProblems/build_x86_64/CMakeFiles/CMakeTmp]
  ignore line: []
  ignore line: [Run Build Command(s):/usr/bin/gmake cmTC_a3a72/fast && /usr/bin/gmake  -f CMakeFiles/cmTC_a3a72.dir/build.make CMakeFiles/cmTC_a3a72.dir/build]
  ignore line: [gmake[1]: Entering directory '/home/erikhs/MatrixProblems/build_x86_64/CMakeFiles/CMakeTmp']
  ignore line: [Building C object CMakeFiles/cmTC_a3a72.dir/OpenMPTryFlag.c.o]
  ignore line: [/usr/bin/cc   -std=c99 -fopenmp -v -O3 -DNDEBUG -fPIE   -o CMakeFiles/cmTC_a3a72.dir/OpenMPTryFlag.c.o   -c /home/erikhs/MatrixProblems/build_x86_64/CMakeFiles/FindOpenMP/OpenMPTryFlag.c]
  ignore line: [Using built-in specs.]
  ignore line: [COLLECT_GCC=/usr/bin/cc]
  ignore line: [OFFLOAD_TARGET_NAMES=nvptx-none:amdgcn-amdhsa]
  ignore line: [OFFLOAD_TARGET_DEFAULT=1]
  ignore line: [Target: x86_64-linux-gnu]
  ignore line: [Configured with: ../src/configure -v --with-pkgversion='Ubuntu 11.4.0-1ubuntu1~22.04' --with-bugurl=file:///usr/share/doc/gcc-11/README.Bugs --enable-languages=c ada c++ go brig d fortran objc obj-c++ m2 --prefix=/usr --with-gcc-major-version-only --program-suffix=-11 --program-prefix=x86_64-linux-gnu- --enable-shared --enable-linker-build-id --libexecdir=/usr/lib --without-included-gettext --enable-threads=posix --libdir=/usr/lib --enable-nls --enable-bootstrap --enable-clocale=gnu --enable-libstdcxx-debug --enable-libstdcxx-time=yes --with-default-libstdcxx-abi=new --enable-gnu-unique-object --disable-vtable-verify --enable-plugin --enable-default-pie --with-system-zlib --enable-libphobos-checking=release --with-target-system-zlib=auto --enable-objc-gc=auto --enable-multiarch --disable-werror --enable-cet --with-arch-32=i686 --with-abi=m64 --with-multilib-list=m32 m64 mx32 --enable-multilib --with-tune=generic --enable-offload-targets=nvptx-none=/build/gcc-11-XeT9lY/gcc-11-11.4.0/debian/tmp-nvptx/usr amdgcn-amdhsa=/build/gcc-11-XeT9lY/gcc-11-11.4.0/debian/tmp-gcn/usr --without-cuda-driver --enable-checking=release --build=x86_64-linux-gnu --host=x86_64-linux-gnu --target=x86_64-linux-gnu --with-build-config=bootstrap-lto-lean --enable-link-serialization=2]
  ignore line: [Thread model: posix]
  ignore line: [Supported LTO compression algorithms: zlib zstd]
  ignore line: [gcc version 11.4.0 (Ubuntu 11.4.0-1ubuntu1~22.04) ]
  ignore line: [COLLECT_GCC_OPTIONS='-std=c99' '-fopenmp' '-v' '-O3' '-D' 'NDEBUG' '-fPIE' '-o' 'CMakeFiles/cmTC_a3a72.dir/OpenMPTryFlag.c.o' '-c' '-mtune=generic' '-march=x86-64' '-pthread' '-dumpdir' 'CMakeFiles/cmTC_a3a72.dir/']
  ignore line: [ /usr/lib/gcc/x86_64-linux-gnu/11/cc1 -quiet -v -imultiarch x86_64-linux-gnu -D_REENTRANT -D NDEBUG /home/erikhs/MatrixProblems/build_x86_64/CMakeFiles/FindOpenMP/OpenMPTryFlag.c -quiet -dumpdir CMakeFiles/cmTC_a3a72.dir/ -dumpbase OpenMPTryFlag.c.c -dumpbase-ext .c -mtune=generic -march=x86-64 -O3 -std=c99 -version -fopenmp -fPIE -fasynchronous-unwind-tables -fstack-protector-strong -Wformat -Wformat-security -fstack-clash-protection -fcf-protection -o /tmp/ccvzKbaA.s]
  ignore line: [GNU C99 (Ubuntu 11.4.0-1ubuntu1~22.04) version 11.4.0 (x86_64-linux-gnu)]
  ignore line: [	compiled by GNU C version 11.4.0  GMP version 6.2.1  MPFR version 4.1.0  MPC version 1.2.1  isl version isl-0.24-GMP]
  ignore line: []
  ignore line: [warning: GMP header version 6.2.1 differs from library version 6.1.2.]
  ignore line: [warning: MPFR header version 4.1.0 differs from library version 4.0.2.]
  ignore line: [GGC heuristics: --param ggc-min-expand=100 --param ggc-min-heapsize=131072]
  ignore line: [ignoring nonexistent directory "/usr/local/include/x86_64-linux-gnu"]
  ignore line: [ignoring nonexistent directory "/usr/lib/gcc/x86_64-linux-gnu/11/include-fixed"]
  ignore line: [ignoring nonexistent directory "/usr/lib/gcc/x86_64-linux-gnu/11/../../../../x86_64-linux-gnu/include"]
  ignore line: [#include "..." search starts here:]
  ignore line: [#include <...> search starts here:]
  ignore line: [ /cm/shared/apps/slurm/current/include]
  ignore line: [ /home/andreast/modules/flow/202309a/rpp-dune-amgcpr-branch/include]
  ignore line: [ /home/andreast/modules/zoltan/202309a/12.16/include]
  ignore line: [ /home/andreast/modules/dune/202309a/mod-2.7.1/include]
  ignore line: [ /cm/shared/ex3-modules/202309a/milanq/pkgs/suitesparse-32-5.12.0/include]
  ignore line: [ /cm/shared/ex3-modules/202309a/milanq/pkgs/mpfr-4.0.2/include]
  ignore line: [ /cm/shared/ex3-modules/202309a/milanq/pkgs/gmp-6.1.2/include]
  ignore line: [ /cm/shared/ex3-modules/202309a/milanq/pkgs/parmetis-32-4.0.3/include]
  ignore line: [ /cm/shared/ex3-modules/202309a/milanq/pkgs/metis-32-5.1.0/include]
  ignore line: [ /cm/shared/ex3-modules/202309a/milanq/pkgs/boost-1.73.0/include]
  ignore line: [ /cm/shared/ex3-modules/202309a/milanq/pkgs/xz-5.2.7/include]
  ignore line: [ /cm/shared/ex3-modules/202309a/milanq/pkgs/openblas-0.3.21/include]
  ignore line: [ /cm/shared/ex3-modules/202309a/milanq/pkgs/openmpi-4.1.4/include]
  ignore line: [ /cm/shared/ex3-modules/202309a/milanq/pkgs/util-linux-2.34/include]
  ignore line: [ /cm/shared/ex3-modules/202309a/milanq/pkgs/libfabric-1.17.0/include]
  ignore line: [ /cm/shared/ex3-modules/202309a/milanq/pkgs/ucx-1.12.1/include]
  ignore line: [ /cm/shared/ex3-modules/202309a/milanq/pkgs/rdma-core-44.0/include]
  ignore line: [ /cm/shared/ex3-modules/202309a/milanq/pkgs/libnl-3.2.25/include/libnl3]
  ignore line: [ /cm/shared/ex3-modules/202309a/milanq/pkgs/numactl-2.0.13/include]
  ignore line: [ /cm/shared/ex3-modules/202309a/milanq/pkgs/libevent-2.1.12-stable/include]
  ignore line: [ /cm/shared/ex3-modules/202309a/milanq/pkgs/knem-1.1.4/include]
  ignore line: [ /cm/shared/ex3-modules/202309a/milanq/pkgs/hwloc-2.7.1/include]
  ignore line: [ /cm/shared/ex3-modules/0.6.1/pkgs/fftw-3.3.8/include]
  ignore line: [ /cm/shared/ex3-modules/0.6.1/pkgs/lapack-3.9.0/include]
  ignore line: [ /cm/shared/ex3-modules/0.6.1/pkgs/openblas-0.3.12/include]
  ignore line: [ /cm/shared/ex3-modules/0.6.1/pkgs/freetype-2.10.1/include]
  ignore line: [ /cm/shared/ex3-modules/0.6.1/pkgs/libpng-1.6.37/include]
  ignore line: [ /cm/shared/ex3-modules/0.6.1/pkgs/python-3.7.4/include/python3.7m]
  ignore line: [ /cm/shared/ex3-modules/0.6.1/pkgs/sqlite-3.31.1/include]
  ignore line: [ /cm/shared/ex3-modules/0.6.1/pkgs/libffi-3.2.1/include]
  ignore line: [ /cm/shared/ex3-modules/0.6.1/pkgs/readline-8.0/include]
  ignore line: [ /cm/shared/ex3-modules/0.6.1/pkgs/ncurses-6.1/include]
  ignore line: [ /cm/shared/ex3-modules/0.6.1/pkgs/xz-5.2.5/include]
  ignore line: [ /cm/shared/ex3-modules/0.6.1/pkgs/bzip2-1.0.8/include]
  ignore line: [ /cm/shared/ex3-modules/0.6.1/pkgs/openssl-1.1.1c/include]
  ignore line: [ /usr/lib/gcc/x86_64-linux-gnu/11/include]
  ignore line: [ /usr/local/include]
  ignore line: [ /usr/include/x86_64-linux-gnu]
  ignore line: [ /usr/include]
  ignore line: [End of search list.]
  ignore line: [GNU C99 (Ubuntu 11.4.0-1ubuntu1~22.04) version 11.4.0 (x86_64-linux-gnu)]
  ignore line: [	compiled by GNU C version 11.4.0  GMP version 6.2.1  MPFR version 4.1.0  MPC version 1.2.1  isl version isl-0.24-GMP]
  ignore line: []
  ignore line: [warning: GMP header version 6.2.1 differs from library version 6.1.2.]
  ignore line: [warning: MPFR header version 4.1.0 differs from library version 4.0.2.]
  ignore line: [GGC heuristics: --param ggc-min-expand=100 --param ggc-min-heapsize=131072]
  ignore line: [Compiler executable checksum: 50eaa2331df977b8016186198deb2d18]
  ignore line: [COLLECT_GCC_OPTIONS='-std=c99' '-fopenmp' '-v' '-O3' '-D' 'NDEBUG' '-fPIE' '-o' 'CMakeFiles/cmTC_a3a72.dir/OpenMPTryFlag.c.o' '-c' '-mtune=generic' '-march=x86-64' '-pthread' '-dumpdir' 'CMakeFiles/cmTC_a3a72.dir/']
  ignore line: [ as -v --64 -o CMakeFiles/cmTC_a3a72.dir/OpenMPTryFlag.c.o /tmp/ccvzKbaA.s]
  ignore line: [GNU assembler version 2.38 (x86_64-linux-gnu) using BFD version (GNU Binutils for Ubuntu) 2.38]
  ignore line: [COMPILER_PATH=/usr/lib/gcc/x86_64-linux-gnu/11/:/usr/lib/gcc/x86_64-linux-gnu/11/:/usr/lib/gcc/x86_64-linux-gnu/:/usr/lib/gcc/x86_64-linux-gnu/11/:/usr/lib/gcc/x86_64-linux-gnu/]
  ignore line: [LIBRARY_PATH=/home/andreast/modules/flow/202309a/rpp-dune-amgcpr-branch/lib/../lib/:/home/andreast/modules/zoltan/202309a/12.16/lib/../lib/:/home/andreast/modules/dune/202309a/mod-2.7.1/lib/../lib/:/cm/shared/ex3-modules/202309a/milanq/pkgs/suitesparse-32-5.12.0/lib/../lib/:/cm/shared/ex3-modules/202309a/milanq/pkgs/mpfr-4.0.2/lib/../lib/:/cm/shared/ex3-modules/202309a/milanq/pkgs/gmp-6.1.2/lib/../lib/:/cm/shared/ex3-modules/202309a/milanq/pkgs/parmetis-32-4.0.3/lib/../lib/:/cm/shared/ex3-modules/202309a/milanq/pkgs/metis-32-5.1.0/lib/../lib/:/cm/shared/ex3-modules/202309a/milanq/pkgs/boost-1.73.0/lib/../lib/:/cm/shared/ex3-modules/202309a/milanq/pkgs/xz-5.2.7/lib/../lib/:/cm/shared/ex3-modules/202309a/milanq/pkgs/openblas-0.3.21/lib/../lib/:/cm/shared/ex3-modules/202309a/milanq/pkgs/openmpi-4.1.4/lib/../lib/:/cm/shared/ex3-modules/202309a/milanq/pkgs/util-linux-2.34/lib/../lib/:/cm/shared/ex3-modules/202309a/milanq/pkgs/libfabric-1.17.0/lib/../lib/:/cm/shared/ex3-modules/202309a/milanq/pkgs/ucx-1.12.1/lib/../lib/:/cm/shared/ex3-modules/202309a/milanq/pkgs/rdma-core-44.0/lib/../lib/:/cm/shared/ex3-modules/202309a/milanq/pkgs/libnl-3.2.25/lib/../lib/:/cm/shared/ex3-modules/202309a/milanq/pkgs/numactl-2.0.13/lib/../lib/:/cm/shared/ex3-modules/202309a/milanq/pkgs/libevent-2.1.12-stable/lib/../lib/:/cm/shared/ex3-modules/202309a/milanq/pkgs/knem-1.1.4/lib/../lib/:/cm/shared/ex3-modules/202309a/milanq/pkgs/hwloc-2.7.1/lib/../lib/:/cm/shared/ex3-modules/0.6.1/pkgs/fftw-3.3.8/lib/../lib/:/cm/shared/ex3-modules/0.6.1/pkgs/lapack-3.9.0/lib/../lib/:/cm/shared/ex3-modules/0.6.1/pkgs/openblas-0.3.12/lib/../lib/:/cm/shared/ex3-modules/0.6.1/pkgs/gcc-8.4.0/lib64/../lib/:/cm/shared/ex3-modules/0.6.1/pkgs/freetype-2.10.1/lib/../lib/:/cm/shared/ex3-modules/0.6.1/pkgs/libpng-1.6.37/lib/../lib/:/cm/shared/ex3-modules/0.6.1/pkgs/python-3.7.4/lib/../lib/:/cm/shared/ex3-modules/0.6.1/pkgs/sqlite-3.31.1/lib/../lib/:/cm/shared/ex3-modules/0.6.1/pkgs/libffi-3.2.1/lib/../lib/:/cm/shared/ex3-modules/0.6.1/pkgs/readline-8.0/lib/../lib/:/cm/shared/ex3-modules/0.6.1/pkgs/ncurses-6.1/lib/../lib/:/cm/shared/ex3-modules/0.6.1/pkgs/xz-5.2.5/lib/../lib/:/cm/shared/ex3-modules/0.6.1/pkgs/bzip2-1.0.8/lib/../lib/:/cm/shared/ex3-modules/0.6.1/pkgs/openssl-1.1.1c/lib/../lib/:/cm/shared/apps/slurm/current/lib64/../lib/:/usr/lib/gcc/x86_64-linux-gnu/11/:/usr/lib/gcc/x86_64-linux-gnu/11/../../../x86_64-linux-gnu/:/usr/lib/gcc/x86_64-linux-gnu/11/../../../../lib/:/lib/x86_64-linux-gnu/:/lib/../lib/:/usr/lib/x86_64-linux-gnu/:/usr/lib/../lib/:/home/andreast/modules/flow/202309a/rpp-dune-amgcpr-branch/lib/:/home/andreast/modules/zoltan/202309a/12.16/lib/:/home/andreast/modules/dune/202309a/mod-2.7.1/lib/:/cm/shared/ex3-modules/202309a/milanq/pkgs/suitesparse-32-5.12.0/lib/:/cm/shared/ex3-modules/202309a/milanq/pkgs/mpfr-4.0.2/lib/:/cm/shared/ex3-modules/202309a/milanq/pkgs/gmp-6.1.2/lib/:/cm/shared/ex3-modules/202309a/milanq/pkgs/parmetis-32-4.0.3/lib/:/cm/shared/ex3-modules/202309a/milanq/pkgs/metis-32-5.1.0/lib/:/cm/shared/ex3-modules/202309a/milanq/pkgs/boost-1.73.0/lib/:/cm/shared/ex3-modules/202309a/milanq/pkgs/xz-5.2.7/lib/:/cm/shared/ex3-modules/202309a/milanq/pkgs/openblas-0.3.21/lib/:/cm/shared/ex3-modules/202309a/milanq/pkgs/openmpi-4.1.4/lib/:/cm/shared/ex3-modules/202309a/milanq/pkgs/util-linux-2.34/lib/:/cm/shared/ex3-modules/202309a/milanq/pkgs/libfabric-1.17.0/lib/:/cm/shared/ex3-modules/202309a/milanq/pkgs/ucx-1.12.1/lib/:/cm/shared/ex3-modules/202309a/milanq/pkgs/rdma-core-44.0/lib/:/cm/shared/ex3-modules/202309a/milanq/pkgs/libnl-3.2.25/lib/:/cm/shared/ex3-modules/202309a/milanq/pkgs/numactl-2.0.13/lib/:/cm/shared/ex3-modules/202309a/milanq/pkgs/libevent-2.1.12-stable/lib/:/cm/shared/ex3-modules/202309a/milanq/pkgs/knem-1.1.4/lib/:/cm/shared/ex3-modules/202309a/milanq/pkgs/hwloc-2.7.1/lib/:/cm/shared/ex3-modules/0.6.1/pkgs/fftw-3.3.8/lib/:/cm/shared/ex3-modules/0.6.1/pkgs/lapack-3.9.0/lib/:/cm/shared/ex3-modules/0.6.1/pkgs/openblas-0.3.12/lib/:/cm/shared/ex3-modules/0.6.1/pkgs/gcc-8.4.0/lib64/:/cm/shared/ex3-modules/0.6.1/pkgs/freetype-2.10.1/lib/:/cm/shared/ex3-modules/0.6.1/pkgs/libpng-1.6.37/lib/:/cm/shared/ex3-modules/0.6.1/pkgs/python-3.7.4/lib/:/cm/shared/ex3-modules/0.6.1/pkgs/sqlite-3.31.1/lib/:/cm/shared/ex3-modules/0.6.1/pkgs/libffi-3.2.1/lib/:/cm/shared/ex3-modules/0.6.1/pkgs/readline-8.0/lib/:/cm/shared/ex3-modules/0.6.1/pkgs/ncurses-6.1/lib/:/cm/shared/ex3-modules/0.6.1/pkgs/xz-5.2.5/lib/:/cm/shared/ex3-modules/0.6.1/pkgs/bzip2-1.0.8/lib/:/cm/shared/ex3-modules/0.6.1/pkgs/openssl-1.1.1c/lib/:/cm/shared/apps/slurm/current/lib64/slurm/:/cm/shared/apps/slurm/current/lib64/:/usr/lib/gcc/x86_64-linux-gnu/11/../../../:/lib/:/usr/lib/]
  ignore line: [COLLECT_GCC_OPTIONS='-std=c99' '-fopenmp' '-v' '-O3' '-D' 'NDEBUG' '-fPIE' '-o' 'CMakeFiles/cmTC_a3a72.dir/OpenMPTryFlag.c.o' '-c' '-mtune=generic' '-march=x86-64' '-pthread' '-dumpdir' 'CMakeFiles/cmTC_a3a72.dir/OpenMPTryFlag.c.']
  ignore line: [Linking C executable cmTC_a3a72]
  ignore line: [/cm/shared/ex3-modules/0.6.1/pkgs/cmake-3.17.2/bin/cmake -E cmake_link_script CMakeFiles/cmTC_a3a72.dir/link.txt --verbose=1]
  ignore line: [/usr/bin/cc -std=c99 -fopenmp -v -O3 -DNDEBUG    -rdynamic CMakeFiles/cmTC_a3a72.dir/OpenMPTryFlag.c.o  -o cmTC_a3a72  -v ]
  ignore line: [Using built-in specs.]
  ignore line: [COLLECT_GCC=/usr/bin/cc]
  ignore line: [COLLECT_LTO_WRAPPER=/usr/lib/gcc/x86_64-linux-gnu/11/lto-wrapper]
  ignore line: [OFFLOAD_TARGET_NAMES=nvptx-none:amdgcn-amdhsa]
  ignore line: [OFFLOAD_TARGET_DEFAULT=1]
  ignore line: [Target: x86_64-linux-gnu]
  ignore line: [Configured with: ../src/configure -v --with-pkgversion='Ubuntu 11.4.0-1ubuntu1~22.04' --with-bugurl=file:///usr/share/doc/gcc-11/README.Bugs --enable-languages=c ada c++ go brig d fortran objc obj-c++ m2 --prefix=/usr --with-gcc-major-version-only --program-suffix=-11 --program-prefix=x86_64-linux-gnu- --enable-shared --enable-linker-build-id --libexecdir=/usr/lib --without-included-gettext --enable-threads=posix --libdir=/usr/lib --enable-nls --enable-bootstrap --enable-clocale=gnu --enable-libstdcxx-debug --enable-libstdcxx-time=yes --with-default-libstdcxx-abi=new --enable-gnu-unique-object --disable-vtable-verify --enable-plugin --enable-default-pie --with-system-zlib --enable-libphobos-checking=release --with-target-system-zlib=auto --enable-objc-gc=auto --enable-multiarch --disable-werror --enable-cet --with-arch-32=i686 --with-abi=m64 --with-multilib-list=m32 m64 mx32 --enable-multilib --with-tune=generic --enable-offload-targets=nvptx-none=/build/gcc-11-XeT9lY/gcc-11-11.4.0/debian/tmp-nvptx/usr amdgcn-amdhsa=/build/gcc-11-XeT9lY/gcc-11-11.4.0/debian/tmp-gcn/usr --without-cuda-driver --enable-checking=release --build=x86_64-linux-gnu --host=x86_64-linux-gnu --target=x86_64-linux-gnu --with-build-config=bootstrap-lto-lean --enable-link-serialization=2]
  ignore line: [Thread model: posix]
  ignore line: [Supported LTO compression algorithms: zlib zstd]
  ignore line: [gcc version 11.4.0 (Ubuntu 11.4.0-1ubuntu1~22.04) ]
  ignore line: [COMPILER_PATH=/usr/lib/gcc/x86_64-linux-gnu/11/:/usr/lib/gcc/x86_64-linux-gnu/11/:/usr/lib/gcc/x86_64-linux-gnu/:/usr/lib/gcc/x86_64-linux-gnu/11/:/usr/lib/gcc/x86_64-linux-gnu/]
  ignore line: [LIBRARY_PATH=/home/andreast/modules/flow/202309a/rpp-dune-amgcpr-branch/lib/../lib/:/home/andreast/modules/zoltan/202309a/12.16/lib/../lib/:/home/andreast/modules/dune/202309a/mod-2.7.1/lib/../lib/:/cm/shared/ex3-modules/202309a/milanq/pkgs/suitesparse-32-5.12.0/lib/../lib/:/cm/shared/ex3-modules/202309a/milanq/pkgs/mpfr-4.0.2/lib/../lib/:/cm/shared/ex3-modules/202309a/milanq/pkgs/gmp-6.1.2/lib/../lib/:/cm/shared/ex3-modules/202309a/milanq/pkgs/parmetis-32-4.0.3/lib/../lib/:/cm/shared/ex3-modules/202309a/milanq/pkgs/metis-32-5.1.0/lib/../lib/:/cm/shared/ex3-modules/202309a/milanq/pkgs/boost-1.73.0/lib/../lib/:/cm/shared/ex3-modules/202309a/milanq/pkgs/xz-5.2.7/lib/../lib/:/cm/shared/ex3-modules/202309a/milanq/pkgs/openblas-0.3.21/lib/../lib/:/cm/shared/ex3-modules/202309a/milanq/pkgs/openmpi-4.1.4/lib/../lib/:/cm/shared/ex3-modules/202309a/milanq/pkgs/util-linux-2.34/lib/../lib/:/cm/shared/ex3-modules/202309a/milanq/pkgs/libfabric-1.17.0/lib/../lib/:/cm/shared/ex3-modules/202309a/milanq/pkgs/ucx-1.12.1/lib/../lib/:/cm/shared/ex3-modules/202309a/milanq/pkgs/rdma-core-44.0/lib/../lib/:/cm/shared/ex3-modules/202309a/milanq/pkgs/libnl-3.2.25/lib/../lib/:/cm/shared/ex3-modules/202309a/milanq/pkgs/numactl-2.0.13/lib/../lib/:/cm/shared/ex3-modules/202309a/milanq/pkgs/libevent-2.1.12-stable/lib/../lib/:/cm/shared/ex3-modules/202309a/milanq/pkgs/knem-1.1.4/lib/../lib/:/cm/shared/ex3-modules/202309a/milanq/pkgs/hwloc-2.7.1/lib/../lib/:/cm/shared/ex3-modules/0.6.1/pkgs/fftw-3.3.8/lib/../lib/:/cm/shared/ex3-modules/0.6.1/pkgs/lapack-3.9.0/lib/../lib/:/cm/shared/ex3-modules/0.6.1/pkgs/openblas-0.3.12/lib/../lib/:/cm/shared/ex3-modules/0.6.1/pkgs/gcc-8.4.0/lib64/../lib/:/cm/shared/ex3-modules/0.6.1/pkgs/freetype-2.10.1/lib/../lib/:/cm/shared/ex3-modules/0.6.1/pkgs/libpng-1.6.37/lib/../lib/:/cm/shared/ex3-modules/0.6.1/pkgs/python-3.7.4/lib/../lib/:/cm/shared/ex3-modules/0.6.1/pkgs/sqlite-3.31.1/lib/../lib/:/cm/shared/ex3-modules/0.6.1/pkgs/libffi-3.2.1/lib/../lib/:/cm/shared/ex3-modules/0.6.1/pkgs/readline-8.0/lib/../lib/:/cm/shared/ex3-modules/0.6.1/pkgs/ncurses-6.1/lib/../lib/:/cm/shared/ex3-modules/0.6.1/pkgs/xz-5.2.5/lib/../lib/:/cm/shared/ex3-modules/0.6.1/pkgs/bzip2-1.0.8/lib/../lib/:/cm/shared/ex3-modules/0.6.1/pkgs/openssl-1.1.1c/lib/../lib/:/cm/shared/apps/slurm/current/lib64/../lib/:/usr/lib/gcc/x86_64-linux-gnu/11/:/usr/lib/gcc/x86_64-linux-gnu/11/../../../x86_64-linux-gnu/:/usr/lib/gcc/x86_64-linux-gnu/11/../../../../lib/:/lib/x86_64-linux-gnu/:/lib/../lib/:/usr/lib/x86_64-linux-gnu/:/usr/lib/../lib/:/home/andreast/modules/flow/202309a/rpp-dune-amgcpr-branch/lib/:/home/andreast/modules/zoltan/202309a/12.16/lib/:/home/andreast/modules/dune/202309a/mod-2.7.1/lib/:/cm/shared/ex3-modules/202309a/milanq/pkgs/suitesparse-32-5.12.0/lib/:/cm/shared/ex3-modules/202309a/milanq/pkgs/mpfr-4.0.2/lib/:/cm/shared/ex3-modules/202309a/milanq/pkgs/gmp-6.1.2/lib/:/cm/shared/ex3-modules/202309a/milanq/pkgs/parmetis-32-4.0.3/lib/:/cm/shared/ex3-modules/202309a/milanq/pkgs/metis-32-5.1.0/lib/:/cm/shared/ex3-modules/202309a/milanq/pkgs/boost-1.73.0/lib/:/cm/shared/ex3-modules/202309a/milanq/pkgs/xz-5.2.7/lib/:/cm/shared/ex3-modules/202309a/milanq/pkgs/openblas-0.3.21/lib/:/cm/shared/ex3-modules/202309a/milanq/pkgs/openmpi-4.1.4/lib/:/cm/shared/ex3-modules/202309a/milanq/pkgs/util-linux-2.34/lib/:/cm/shared/ex3-modules/202309a/milanq/pkgs/libfabric-1.17.0/lib/:/cm/shared/ex3-modules/202309a/milanq/pkgs/ucx-1.12.1/lib/:/cm/shared/ex3-modules/202309a/milanq/pkgs/rdma-core-44.0/lib/:/cm/shared/ex3-modules/202309a/milanq/pkgs/libnl-3.2.25/lib/:/cm/shared/ex3-modules/202309a/milanq/pkgs/numactl-2.0.13/lib/:/cm/shared/ex3-modules/202309a/milanq/pkgs/libevent-2.1.12-stable/lib/:/cm/shared/ex3-modules/202309a/milanq/pkgs/knem-1.1.4/lib/:/cm/shared/ex3-modules/202309a/milanq/pkgs/hwloc-2.7.1/lib/:/cm/shared/ex3-modules/0.6.1/pkgs/fftw-3.3.8/lib/:/cm/shared/ex3-modules/0.6.1/pkgs/lapack-3.9.0/lib/:/cm/shared/ex3-modules/0.6.1/pkgs/openblas-0.3.12/lib/:/cm/shared/ex3-modules/0.6.1/pkgs/gcc-8.4.0/lib64/:/cm/shared/ex3-modules/0.6.1/pkgs/freetype-2.10.1/lib/:/cm/shared/ex3-modules/0.6.1/pkgs/libpng-1.6.37/lib/:/cm/shared/ex3-modules/0.6.1/pkgs/python-3.7.4/lib/:/cm/shared/ex3-modules/0.6.1/pkgs/sqlite-3.31.1/lib/:/cm/shared/ex3-modules/0.6.1/pkgs/libffi-3.2.1/lib/:/cm/shared/ex3-modules/0.6.1/pkgs/readline-8.0/lib/:/cm/shared/ex3-modules/0.6.1/pkgs/ncurses-6.1/lib/:/cm/shared/ex3-modules/0.6.1/pkgs/xz-5.2.5/lib/:/cm/shared/ex3-modules/0.6.1/pkgs/bzip2-1.0.8/lib/:/cm/shared/ex3-modules/0.6.1/pkgs/openssl-1.1.1c/lib/:/cm/shared/apps/slurm/current/lib64/slurm/:/cm/shared/apps/slurm/current/lib64/:/usr/lib/gcc/x86_64-linux-gnu/11/../../../:/lib/:/usr/lib/]
  ignore line: [Reading specs from /usr/lib/gcc/x86_64-linux-gnu/11/libgomp.spec]
  ignore line: [COLLECT_GCC_OPTIONS='-std=c99' '-fopenmp' '-v' '-O3' '-D' 'NDEBUG' '-rdynamic' '-o' 'cmTC_a3a72' '-v' '-mtune=generic' '-march=x86-64' '-pthread' '-dumpdir' 'cmTC_a3a72.']
  link line: [ /usr/lib/gcc/x86_64-linux-gnu/11/collect2 -plugin /usr/lib/gcc/x86_64-linux-gnu/11/liblto_plugin.so -plugin-opt=/usr/lib/gcc/x86_64-linux-gnu/11/lto-wrapper -plugin-opt=-fresolution=/tmp/ccIlvRdQ.res -plugin-opt=-pass-through=-lgcc -plugin-opt=-pass-through=-lgcc_s -plugin-opt=-pass-through=-lpthread -plugin-opt=-pass-through=-lc -plugin-opt=-pass-through=-lgcc -plugin-opt=-pass-through=-lgcc_s --build-id --eh-frame-hdr -m elf_x86_64 --hash-style=gnu --as-needed -export-dynamic -dynamic-linker /lib64/ld-linux-x86-64.so.2 -pie -z now -z relro -o cmTC_a3a72 /usr/lib/gcc/x86_64-linux-gnu/11/../../../x86_64-linux-gnu/Scrt1.o /usr/lib/gcc/x86_64-linux-gnu/11/../../../x86_64-linux-gnu/crti.o /usr/lib/gcc/x86_64-linux-gnu/11/crtbeginS.o /usr/lib/gcc/x86_64-linux-gnu/11/crtoffloadbegin.o -L/home/andreast/modules/flow/202309a/rpp-dune-amgcpr-branch/lib/../lib -L/home/andreast/modules/zoltan/202309a/12.16/lib/../lib -L/home/andreast/modules/dune/202309a/mod-2.7.1/lib/../lib -L/cm/shared/ex3-modules/202309a/milanq/pkgs/suitesparse-32-5.12.0/lib/../lib -L/cm/shared/ex3-modules/202309a/milanq/pkgs/mpfr-4.0.2/lib/../lib -L/cm/shared/ex3-modules/202309a/milanq/pkgs/gmp-6.1.2/lib/../lib -L/cm/shared/ex3-modules/202309a/milanq/pkgs/parmetis-32-4.0.3/lib/../lib -L/cm/shared/ex3-modules/202309a/milanq/pkgs/metis-32-5.1.0/lib/../lib -L/cm/shared/ex3-modules/202309a/milanq/pkgs/boost-1.73.0/lib/../lib -L/cm/shared/ex3-modules/202309a/milanq/pkgs/xz-5.2.7/lib/../lib -L/cm/shared/ex3-modules/202309a/milanq/pkgs/openblas-0.3.21/lib/../lib -L/cm/shared/ex3-modules/202309a/milanq/pkgs/openmpi-4.1.4/lib/../lib -L/cm/shared/ex3-modules/202309a/milanq/pkgs/util-linux-2.34/lib/../lib -L/cm/shared/ex3-modules/202309a/milanq/pkgs/libfabric-1.17.0/lib/../lib -L/cm/shared/ex3-modules/202309a/milanq/pkgs/ucx-1.12.1/lib/../lib -L/cm/shared/ex3-modules/202309a/milanq/pkgs/rdma-core-44.0/lib/../lib -L/cm/shared/ex3-modules/202309a/milanq/pkgs/libnl-3.2.25/lib/../lib -L/cm/shared/ex3-modules/202309a/milanq/pkgs/numactl-2.0.13/lib/../lib -L/cm/shared/ex3-modules/202309a/milanq/pkgs/libevent-2.1.12-stable/lib/../lib -L/cm/shared/ex3-modules/202309a/milanq/pkgs/knem-1.1.4/lib/../lib -L/cm/shared/ex3-modules/202309a/milanq/pkgs/hwloc-2.7.1/lib/../lib -L/cm/shared/ex3-modules/0.6.1/pkgs/fftw-3.3.8/lib/../lib -L/cm/shared/ex3-modules/0.6.1/pkgs/lapack-3.9.0/lib/../lib -L/cm/shared/ex3-modules/0.6.1/pkgs/openblas-0.3.12/lib/../lib -L/cm/shared/ex3-modules/0.6.1/pkgs/gcc-8.4.0/lib64/../lib -L/cm/shared/ex3-modules/0.6.1/pkgs/freetype-2.10.1/lib/../lib -L/cm/shared/ex3-modules/0.6.1/pkgs/libpng-1.6.37/lib/../lib -L/cm/shared/ex3-modules/0.6.1/pkgs/python-3.7.4/lib/../lib -L/cm/shared/ex3-modules/0.6.1/pkgs/sqlite-3.31.1/lib/../lib -L/cm/shared/ex3-modules/0.6.1/pkgs/libffi-3.2.1/lib/../lib -L/cm/shared/ex3-modules/0.6.1/pkgs/readline-8.0/lib/../lib -L/cm/shared/ex3-modules/0.6.1/pkgs/ncurses-6.1/lib/../lib -L/cm/shared/ex3-modules/0.6.1/pkgs/xz-5.2.5/lib/../lib -L/cm/shared/ex3-modules/0.6.1/pkgs/bzip2-1.0.8/lib/../lib -L/cm/shared/ex3-modules/0.6.1/pkgs/openssl-1.1.1c/lib/../lib -L/cm/shared/apps/slurm/current/lib64/../lib -L/usr/lib/gcc/x86_64-linux-gnu/11 -L/usr/lib/gcc/x86_64-linux-gnu/11/../../../x86_64-linux-gnu -L/usr/lib/gcc/x86_64-linux-gnu/11/../../../../lib -L/lib/x86_64-linux-gnu -L/lib/../lib -L/usr/lib/x86_64-linux-gnu -L/usr/lib/../lib -L/home/andreast/modules/flow/202309a/rpp-dune-amgcpr-branch/lib -L/home/andreast/modules/zoltan/202309a/12.16/lib -L/home/andreast/modules/dune/202309a/mod-2.7.1/lib -L/cm/shared/ex3-modules/202309a/milanq/pkgs/suitesparse-32-5.12.0/lib -L/cm/shared/ex3-modules/202309a/milanq/pkgs/mpfr-4.0.2/lib -L/cm/shared/ex3-modules/202309a/milanq/pkgs/gmp-6.1.2/lib -L/cm/shared/ex3-modules/202309a/milanq/pkgs/parmetis-32-4.0.3/lib -L/cm/shared/ex3-modules/202309a/milanq/pkgs/metis-32-5.1.0/lib -L/cm/shared/ex3-modules/202309a/milanq/pkgs/boost-1.73.0/lib -L/cm/shared/ex3-modules/202309a/milanq/pkgs/xz-5.2.7/lib -L/cm/shared/ex3-modules/202309a/milanq/pkgs/openblas-0.3.21/lib -L/cm/shared/ex3-modules/202309a/milanq/pkgs/openmpi-4.1.4/lib -L/cm/shared/ex3-modules/202309a/milanq/pkgs/util-linux-2.34/lib -L/cm/shared/ex3-modules/202309a/milanq/pkgs/libfabric-1.17.0/lib -L/cm/shared/ex3-modules/202309a/milanq/pkgs/ucx-1.12.1/lib -L/cm/shared/ex3-modules/202309a/milanq/pkgs/rdma-core-44.0/lib -L/cm/shared/ex3-modules/202309a/milanq/pkgs/libnl-3.2.25/lib -L/cm/shared/ex3-modules/202309a/milanq/pkgs/numactl-2.0.13/lib -L/cm/shared/ex3-modules/202309a/milanq/pkgs/libevent-2.1.12-stable/lib -L/cm/shared/ex3-modules/202309a/milanq/pkgs/knem-1.1.4/lib -L/cm/shared/ex3-modules/202309a/milanq/pkgs/hwloc-2.7.1/lib -L/cm/shared/ex3-modules/0.6.1/pkgs/fftw-3.3.8/lib -L/cm/shared/ex3-modules/0.6.1/pkgs/lapack-3.9.0/lib -L/cm/shared/ex3-modules/0.6.1/pkgs/openblas-0.3.12/lib -L/cm/shared/ex3-modules/0.6.1/pkgs/gcc-8.4.0/lib64 -L/cm/shared/ex3-modules/0.6.1/pkgs/freetype-2.10.1/lib -L/cm/shared/ex3-modules/0.6.1/pkgs/libpng-1.6.37/lib -L/cm/shared/ex3-modules/0.6.1/pkgs/python-3.7.4/lib -L/cm/shared/ex3-modules/0.6.1/pkgs/sqlite-3.31.1/lib -L/cm/shared/ex3-modules/0.6.1/pkgs/libffi-3.2.1/lib -L/cm/shared/ex3-modules/0.6.1/pkgs/readline-8.0/lib -L/cm/shared/ex3-modules/0.6.1/pkgs/ncurses-6.1/lib -L/cm/shared/ex3-modules/0.6.1/pkgs/xz-5.2.5/lib -L/cm/shared/ex3-modules/0.6.1/pkgs/bzip2-1.0.8/lib -L/cm/shared/ex3-modules/0.6.1/pkgs/openssl-1.1.1c/lib -L/cm/shared/apps/slurm/current/lib64/slurm -L/cm/shared/apps/slurm/current/lib64 -L/usr/lib/gcc/x86_64-linux-gnu/11/../../.. CMakeFiles/cmTC_a3a72.dir/OpenMPTryFlag.c.o -lgomp -lgcc --push-state --as-needed -lgcc_s --pop-state -lpthread -lc -lgcc --push-state --as-needed -lgcc_s --pop-state /usr/lib/gcc/x86_64-linux-gnu/11/crtendS.o /usr/lib/gcc/x86_64-linux-gnu/11/../../../x86_64-linux-gnu/crtn.o /usr/lib/gcc/x86_64-linux-gnu/11/crtoffloadend.o]
    arg [/usr/lib/gcc/x86_64-linux-gnu/11/collect2] ==> ignore
    arg [-plugin] ==> ignore
    arg [/usr/lib/gcc/x86_64-linux-gnu/11/liblto_plugin.so] ==> ignore
    arg [-plugin-opt=/usr/lib/gcc/x86_64-linux-gnu/11/lto-wrapper] ==> ignore
    arg [-plugin-opt=-fresolution=/tmp/ccIlvRdQ.res] ==> ignore
    arg [-plugin-opt=-pass-through=-lgcc] ==> ignore
    arg [-plugin-opt=-pass-through=-lgcc_s] ==> ignore
    arg [-plugin-opt=-pass-through=-lpthread] ==> ignore
    arg [-plugin-opt=-pass-through=-lc] ==> ignore
    arg [-plugin-opt=-pass-through=-lgcc] ==> ignore
    arg [-plugin-opt=-pass-through=-lgcc_s] ==> ignore
    arg [--build-id] ==> ignore
    arg [--eh-frame-hdr] ==> ignore
    arg [-m] ==> ignore
    arg [elf_x86_64] ==> ignore
    arg [--hash-style=gnu] ==> ignore
    arg [--as-needed] ==> ignore
    arg [-export-dynamic] ==> ignore
    arg [-dynamic-linker] ==> ignore
    arg [/lib64/ld-linux-x86-64.so.2] ==> ignore
    arg [-pie] ==> ignore
    arg [-znow] ==> ignore
    arg [-zrelro] ==> ignore
    arg [-o] ==> ignore
    arg [cmTC_a3a72] ==> ignore
    arg [/usr/lib/gcc/x86_64-linux-gnu/11/../../../x86_64-linux-gnu/Scrt1.o] ==> ignore
    arg [/usr/lib/gcc/x86_64-linux-gnu/11/../../../x86_64-linux-gnu/crti.o] ==> ignore
    arg [/usr/lib/gcc/x86_64-linux-gnu/11/crtbeginS.o] ==> ignore
    arg [/usr/lib/gcc/x86_64-linux-gnu/11/crtoffloadbegin.o] ==> ignore
    arg [-L/home/andreast/modules/flow/202309a/rpp-dune-amgcpr-branch/lib/../lib] ==> dir [/home/andreast/modules/flow/202309a/rpp-dune-amgcpr-branch/lib/../lib]
    arg [-L/home/andreast/modules/zoltan/202309a/12.16/lib/../lib] ==> dir [/home/andreast/modules/zoltan/202309a/12.16/lib/../lib]
    arg [-L/home/andreast/modules/dune/202309a/mod-2.7.1/lib/../lib] ==> dir [/home/andreast/modules/dune/202309a/mod-2.7.1/lib/../lib]
    arg [-L/cm/shared/ex3-modules/202309a/milanq/pkgs/suitesparse-32-5.12.0/lib/../lib] ==> dir [/cm/shared/ex3-modules/202309a/milanq/pkgs/suitesparse-32-5.12.0/lib/../lib]
    arg [-L/cm/shared/ex3-modules/202309a/milanq/pkgs/mpfr-4.0.2/lib/../lib] ==> dir [/cm/shared/ex3-modules/202309a/milanq/pkgs/mpfr-4.0.2/lib/../lib]
    arg [-L/cm/shared/ex3-modules/202309a/milanq/pkgs/gmp-6.1.2/lib/../lib] ==> dir [/cm/shared/ex3-modules/202309a/milanq/pkgs/gmp-6.1.2/lib/../lib]
    arg [-L/cm/shared/ex3-modules/202309a/milanq/pkgs/parmetis-32-4.0.3/lib/../lib] ==> dir [/cm/shared/ex3-modules/202309a/milanq/pkgs/parmetis-32-4.0.3/lib/../lib]
    arg [-L/cm/shared/ex3-modules/202309a/milanq/pkgs/metis-32-5.1.0/lib/../lib] ==> dir [/cm/shared/ex3-modules/202309a/milanq/pkgs/metis-32-5.1.0/lib/../lib]
    arg [-L/cm/shared/ex3-modules/202309a/milanq/pkgs/boost-1.73.0/lib/../lib] ==> dir [/cm/shared/ex3-modules/202309a/milanq/pkgs/boost-1.73.0/lib/../lib]
    arg [-L/cm/shared/ex3-modules/202309a/milanq/pkgs/xz-5.2.7/lib/../lib] ==> dir [/cm/shared/ex3-modules/202309a/milanq/pkgs/xz-5.2.7/lib/../lib]
    arg [-L/cm/shared/ex3-modules/202309a/milanq/pkgs/openblas-0.3.21/lib/../lib] ==> dir [/cm/shared/ex3-modules/202309a/milanq/pkgs/openblas-0.3.21/lib/../lib]
    arg [-L/cm/shared/ex3-modules/202309a/milanq/pkgs/openmpi-4.1.4/lib/../lib] ==> dir [/cm/shared/ex3-modules/202309a/milanq/pkgs/openmpi-4.1.4/lib/../lib]
    arg [-L/cm/shared/ex3-modules/202309a/milanq/pkgs/util-linux-2.34/lib/../lib] ==> dir [/cm/shared/ex3-modules/202309a/milanq/pkgs/util-linux-2.34/lib/../lib]
    arg [-L/cm/shared/ex3-modules/202309a/milanq/pkgs/libfabric-1.17.0/lib/../lib] ==> dir [/cm/shared/ex3-modules/202309a/milanq/pkgs/libfabric-1.17.0/lib/../lib]
    arg [-L/cm/shared/ex3-modules/202309a/milanq/pkgs/ucx-1.12.1/lib/../lib] ==> dir [/cm/shared/ex3-modules/202309a/milanq/pkgs/ucx-1.12.1/lib/../lib]
    arg [-L/cm/shared/ex3-modules/202309a/milanq/pkgs/rdma-core-44.0/lib/../lib] ==> dir [/cm/shared/ex3-modules/202309a/milanq/pkgs/rdma-core-44.0/lib/../lib]
    arg [-L/cm/shared/ex3-modules/202309a/milanq/pkgs/libnl-3.2.25/lib/../lib] ==> dir [/cm/shared/ex3-modules/202309a/milanq/pkgs/libnl-3.2.25/lib/../lib]
    arg [-L/cm/shared/ex3-modules/202309a/milanq/pkgs/numactl-2.0.13/lib/../lib] ==> dir [/cm/shared/ex3-modules/202309a/milanq/pkgs/numactl-2.0.13/lib/../lib]
    arg [-L/cm/shared/ex3-modules/202309a/milanq/pkgs/libevent-2.1.12-stable/lib/../lib] ==> dir [/cm/shared/ex3-modules/202309a/milanq/pkgs/libevent-2.1.12-stable/lib/../lib]
    arg [-L/cm/shared/ex3-modules/202309a/milanq/pkgs/knem-1.1.4/lib/../lib] ==> dir [/cm/shared/ex3-modules/202309a/milanq/pkgs/knem-1.1.4/lib/../lib]
    arg [-L/cm/shared/ex3-modules/202309a/milanq/pkgs/hwloc-2.7.1/lib/../lib] ==> dir [/cm/shared/ex3-modules/202309a/milanq/pkgs/hwloc-2.7.1/lib/../lib]
    arg [-L/cm/shared/ex3-modules/0.6.1/pkgs/fftw-3.3.8/lib/../lib] ==> dir [/cm/shared/ex3-modules/0.6.1/pkgs/fftw-3.3.8/lib/../lib]
    arg [-L/cm/shared/ex3-modules/0.6.1/pkgs/lapack-3.9.0/lib/../lib] ==> dir [/cm/shared/ex3-modules/0.6.1/pkgs/lapack-3.9.0/lib/../lib]
    arg [-L/cm/shared/ex3-modules/0.6.1/pkgs/openblas-0.3.12/lib/../lib] ==> dir [/cm/shared/ex3-modules/0.6.1/pkgs/openblas-0.3.12/lib/../lib]
    arg [-L/cm/shared/ex3-modules/0.6.1/pkgs/gcc-8.4.0/lib64/../lib] ==> dir [/cm/shared/ex3-modules/0.6.1/pkgs/gcc-8.4.0/lib64/../lib]
    arg [-L/cm/shared/ex3-modules/0.6.1/pkgs/freetype-2.10.1/lib/../lib] ==> dir [/cm/shared/ex3-modules/0.6.1/pkgs/freetype-2.10.1/lib/../lib]
    arg [-L/cm/shared/ex3-modules/0.6.1/pkgs/libpng-1.6.37/lib/../lib] ==> dir [/cm/shared/ex3-modules/0.6.1/pkgs/libpng-1.6.37/lib/../lib]
    arg [-L/cm/shared/ex3-modules/0.6.1/pkgs/python-3.7.4/lib/../lib] ==> dir [/cm/shared/ex3-modules/0.6.1/pkgs/python-3.7.4/lib/../lib]
    arg [-L/cm/shared/ex3-modules/0.6.1/pkgs/sqlite-3.31.1/lib/../lib] ==> dir [/cm/shared/ex3-modules/0.6.1/pkgs/sqlite-3.31.1/lib/../lib]
    arg [-L/cm/shared/ex3-modules/0.6.1/pkgs/libffi-3.2.1/lib/../lib] ==> dir [/cm/shared/ex3-modules/0.6.1/pkgs/libffi-3.2.1/lib/../lib]
    arg [-L/cm/shared/ex3-modules/0.6.1/pkgs/readline-8.0/lib/../lib] ==> dir [/cm/shared/ex3-modules/0.6.1/pkgs/readline-8.0/lib/../lib]
    arg [-L/cm/shared/ex3-modules/0.6.1/pkgs/ncurses-6.1/lib/../lib] ==> dir [/cm/shared/ex3-modules/0.6.1/pkgs/ncurses-6.1/lib/../lib]
    arg [-L/cm/shared/ex3-modules/0.6.1/pkgs/xz-5.2.5/lib/../lib] ==> dir [/cm/shared/ex3-modules/0.6.1/pkgs/xz-5.2.5/lib/../lib]
    arg [-L/cm/shared/ex3-modules/0.6.1/pkgs/bzip2-1.0.8/lib/../lib] ==> dir [/cm/shared/ex3-modules/0.6.1/pkgs/bzip2-1.0.8/lib/../lib]
    arg [-L/cm/shared/ex3-modules/0.6.1/pkgs/openssl-1.1.1c/lib/../lib] ==> dir [/cm/shared/ex3-modules/0.6.1/pkgs/openssl-1.1.1c/lib/../lib]
    arg [-L/cm/shared/apps/slurm/current/lib64/../lib] ==> dir [/cm/shared/apps/slurm/current/lib64/../lib]
    arg [-L/usr/lib/gcc/x86_64-linux-gnu/11] ==> dir [/usr/lib/gcc/x86_64-linux-gnu/11]
    arg [-L/usr/lib/gcc/x86_64-linux-gnu/11/../../../x86_64-linux-gnu] ==> dir [/usr/lib/gcc/x86_64-linux-gnu/11/../../../x86_64-linux-gnu]
    arg [-L/usr/lib/gcc/x86_64-linux-gnu/11/../../../../lib] ==> dir [/usr/lib/gcc/x86_64-linux-gnu/11/../../../../lib]
    arg [-L/lib/x86_64-linux-gnu] ==> dir [/lib/x86_64-linux-gnu]
    arg [-L/lib/../lib] ==> dir [/lib/../lib]
    arg [-L/usr/lib/x86_64-linux-gnu] ==> dir [/usr/lib/x86_64-linux-gnu]
    arg [-L/usr/lib/../lib] ==> dir [/usr/lib/../lib]
    arg [-L/home/andreast/modules/flow/202309a/rpp-dune-amgcpr-branch/lib] ==> dir [/home/andreast/modules/flow/202309a/rpp-dune-amgcpr-branch/lib]
    arg [-L/home/andreast/modules/zoltan/202309a/12.16/lib] ==> dir [/home/andreast/modules/zoltan/202309a/12.16/lib]
    arg [-L/home/andreast/modules/dune/202309a/mod-2.7.1/lib] ==> dir [/home/andreast/modules/dune/202309a/mod-2.7.1/lib]
    arg [-L/cm/shared/ex3-modules/202309a/milanq/pkgs/suitesparse-32-5.12.0/lib] ==> dir [/cm/shared/ex3-modules/202309a/milanq/pkgs/suitesparse-32-5.12.0/lib]
    arg [-L/cm/shared/ex3-modules/202309a/milanq/pkgs/mpfr-4.0.2/lib] ==> dir [/cm/shared/ex3-modules/202309a/milanq/pkgs/mpfr-4.0.2/lib]
    arg [-L/cm/shared/ex3-modules/202309a/milanq/pkgs/gmp-6.1.2/lib] ==> dir [/cm/shared/ex3-modules/202309a/milanq/pkgs/gmp-6.1.2/lib]
    arg [-L/cm/shared/ex3-modules/202309a/milanq/pkgs/parmetis-32-4.0.3/lib] ==> dir [/cm/shared/ex3-modules/202309a/milanq/pkgs/parmetis-32-4.0.3/lib]
    arg [-L/cm/shared/ex3-modules/202309a/milanq/pkgs/metis-32-5.1.0/lib] ==> dir [/cm/shared/ex3-modules/202309a/milanq/pkgs/metis-32-5.1.0/lib]
    arg [-L/cm/shared/ex3-modules/202309a/milanq/pkgs/boost-1.73.0/lib] ==> dir [/cm/shared/ex3-modules/202309a/milanq/pkgs/boost-1.73.0/lib]
    arg [-L/cm/shared/ex3-modules/202309a/milanq/pkgs/xz-5.2.7/lib] ==> dir [/cm/shared/ex3-modules/202309a/milanq/pkgs/xz-5.2.7/lib]
    arg [-L/cm/shared/ex3-modules/202309a/milanq/pkgs/openblas-0.3.21/lib] ==> dir [/cm/shared/ex3-modules/202309a/milanq/pkgs/openblas-0.3.21/lib]
    arg [-L/cm/shared/ex3-modules/202309a/milanq/pkgs/openmpi-4.1.4/lib] ==> dir [/cm/shared/ex3-modules/202309a/milanq/pkgs/openmpi-4.1.4/lib]
    arg [-L/cm/shared/ex3-modules/202309a/milanq/pkgs/util-linux-2.34/lib] ==> dir [/cm/shared/ex3-modules/202309a/milanq/pkgs/util-linux-2.34/lib]
    arg [-L/cm/shared/ex3-modules/202309a/milanq/pkgs/libfabric-1.17.0/lib] ==> dir [/cm/shared/ex3-modules/202309a/milanq/pkgs/libfabric-1.17.0/lib]
    arg [-L/cm/shared/ex3-modules/202309a/milanq/pkgs/ucx-1.12.1/lib] ==> dir [/cm/shared/ex3-modules/202309a/milanq/pkgs/ucx-1.12.1/lib]
    arg [-L/cm/shared/ex3-modules/202309a/milanq/pkgs/rdma-core-44.0/lib] ==> dir [/cm/shared/ex3-modules/202309a/milanq/pkgs/rdma-core-44.0/lib]
    arg [-L/cm/shared/ex3-modules/202309a/milanq/pkgs/libnl-3.2.25/lib] ==> dir [/cm/shared/ex3-modules/202309a/milanq/pkgs/libnl-3.2.25/lib]
    arg [-L/cm/shared/ex3-modules/202309a/milanq/pkgs/numactl-2.0.13/lib] ==> dir [/cm/shared/ex3-modules/202309a/milanq/pkgs/numactl-2.0.13/lib]
    arg [-L/cm/shared/ex3-modules/202309a/milanq/pkgs/libevent-2.1.12-stable/lib] ==> dir [/cm/shared/ex3-modules/202309a/milanq/pkgs/libevent-2.1.12-stable/lib]
    arg [-L/cm/shared/ex3-modules/202309a/milanq/pkgs/knem-1.1.4/lib] ==> dir [/cm/shared/ex3-modules/202309a/milanq/pkgs/knem-1.1.4/lib]
    arg [-L/cm/shared/ex3-modules/202309a/milanq/pkgs/hwloc-2.7.1/lib] ==> dir [/cm/shared/ex3-modules/202309a/milanq/pkgs/hwloc-2.7.1/lib]
    arg [-L/cm/shared/ex3-modules/0.6.1/pkgs/fftw-3.3.8/lib] ==> dir [/cm/shared/ex3-modules/0.6.1/pkgs/fftw-3.3.8/lib]
    arg [-L/cm/shared/ex3-modules/0.6.1/pkgs/lapack-3.9.0/lib] ==> dir [/cm/shared/ex3-modules/0.6.1/pkgs/lapack-3.9.0/lib]
    arg [-L/cm/shared/ex3-modules/0.6.1/pkgs/openblas-0.3.12/lib] ==> dir [/cm/shared/ex3-modules/0.6.1/pkgs/openblas-0.3.12/lib]
    arg [-L/cm/shared/ex3-modules/0.6.1/pkgs/gcc-8.4.0/lib64] ==> dir [/cm/shared/ex3-modules/0.6.1/pkgs/gcc-8.4.0/lib64]
    arg [-L/cm/shared/ex3-modules/0.6.1/pkgs/freetype-2.10.1/lib] ==> dir [/cm/shared/ex3-modules/0.6.1/pkgs/freetype-2.10.1/lib]
    arg [-L/cm/shared/ex3-modules/0.6.1/pkgs/libpng-1.6.37/lib] ==> dir [/cm/shared/ex3-modules/0.6.1/pkgs/libpng-1.6.37/lib]
    arg [-L/cm/shared/ex3-modules/0.6.1/pkgs/python-3.7.4/lib] ==> dir [/cm/shared/ex3-modules/0.6.1/pkgs/python-3.7.4/lib]
    arg [-L/cm/shared/ex3-modules/0.6.1/pkgs/sqlite-3.31.1/lib] ==> dir [/cm/shared/ex3-modules/0.6.1/pkgs/sqlite-3.31.1/lib]
    arg [-L/cm/shared/ex3-modules/0.6.1/pkgs/libffi-3.2.1/lib] ==> dir [/cm/shared/ex3-modules/0.6.1/pkgs/libffi-3.2.1/lib]
    arg [-L/cm/shared/ex3-modules/0.6.1/pkgs/readline-8.0/lib] ==> dir [/cm/shared/ex3-modules/0.6.1/pkgs/readline-8.0/lib]
    arg [-L/cm/shared/ex3-modules/0.6.1/pkgs/ncurses-6.1/lib] ==> dir [/cm/shared/ex3-modules/0.6.1/pkgs/ncurses-6.1/lib]
    arg [-L/cm/shared/ex3-modules/0.6.1/pkgs/xz-5.2.5/lib] ==> dir [/cm/shared/ex3-modules/0.6.1/pkgs/xz-5.2.5/lib]
    arg [-L/cm/shared/ex3-modules/0.6.1/pkgs/bzip2-1.0.8/lib] ==> dir [/cm/shared/ex3-modules/0.6.1/pkgs/bzip2-1.0.8/lib]
    arg [-L/cm/shared/ex3-modules/0.6.1/pkgs/openssl-1.1.1c/lib] ==> dir [/cm/shared/ex3-modules/0.6.1/pkgs/openssl-1.1.1c/lib]
    arg [-L/cm/shared/apps/slurm/current/lib64/slurm] ==> dir [/cm/shared/apps/slurm/current/lib64/slurm]
    arg [-L/cm/shared/apps/slurm/current/lib64] ==> dir [/cm/shared/apps/slurm/current/lib64]
    arg [-L/usr/lib/gcc/x86_64-linux-gnu/11/../../..] ==> dir [/usr/lib/gcc/x86_64-linux-gnu/11/../../..]
    arg [CMakeFiles/cmTC_a3a72.dir/OpenMPTryFlag.c.o] ==> ignore
    arg [-lgomp] ==> lib [gomp]
    arg [-lgcc] ==> lib [gcc]
    arg [--push-state] ==> ignore
    arg [--as-needed] ==> ignore
    arg [-lgcc_s] ==> lib [gcc_s]
    arg [--pop-state] ==> ignore
    arg [-lpthread] ==> lib [pthread]
    arg [-lc] ==> lib [c]
    arg [-lgcc] ==> lib [gcc]
    arg [--push-state] ==> ignore
    arg [--as-needed] ==> ignore
    arg [-lgcc_s] ==> lib [gcc_s]
    arg [--pop-state] ==> ignore
    arg [/usr/lib/gcc/x86_64-linux-gnu/11/crtendS.o] ==> ignore
    arg [/usr/lib/gcc/x86_64-linux-gnu/11/../../../x86_64-linux-gnu/crtn.o] ==> ignore
    arg [/usr/lib/gcc/x86_64-linux-gnu/11/crtoffloadend.o] ==> ignore
  collapse library dir [/home/andreast/modules/flow/202309a/rpp-dune-amgcpr-branch/lib/../lib] ==> [/home/andreast/modules/flow/202309a/rpp-dune-amgcpr-branch/lib]
  collapse library dir [/home/andreast/modules/zoltan/202309a/12.16/lib/../lib] ==> [/home/andreast/modules/zoltan/202309a/12.16/lib]
  collapse library dir [/home/andreast/modules/dune/202309a/mod-2.7.1/lib/../lib] ==> [/home/andreast/modules/dune/202309a/mod-2.7.1/lib]
  collapse library dir [/cm/shared/ex3-modules/202309a/milanq/pkgs/suitesparse-32-5.12.0/lib/../lib] ==> [/cm/shared/ex3-modules/202309a/milanq/pkgs/suitesparse-32-5.12.0/lib]
  collapse library dir [/cm/shared/ex3-modules/202309a/milanq/pkgs/mpfr-4.0.2/lib/../lib] ==> [/cm/shared/ex3-modules/202309a/milanq/pkgs/mpfr-4.0.2/lib]
  collapse library dir [/cm/shared/ex3-modules/202309a/milanq/pkgs/gmp-6.1.2/lib/../lib] ==> [/cm/shared/ex3-modules/202309a/milanq/pkgs/gmp-6.1.2/lib]
  collapse library dir [/cm/shared/ex3-modules/202309a/milanq/pkgs/parmetis-32-4.0.3/lib/../lib] ==> [/cm/shared/ex3-modules/202309a/milanq/pkgs/parmetis-32-4.0.3/lib]
  collapse library dir [/cm/shared/ex3-modules/202309a/milanq/pkgs/metis-32-5.1.0/lib/../lib] ==> [/cm/shared/ex3-modules/202309a/milanq/pkgs/metis-32-5.1.0/lib]
  collapse library dir [/cm/shared/ex3-modules/202309a/milanq/pkgs/boost-1.73.0/lib/../lib] ==> [/cm/shared/ex3-modules/202309a/milanq/pkgs/boost-1.73.0/lib]
  collapse library dir [/cm/shared/ex3-modules/202309a/milanq/pkgs/xz-5.2.7/lib/../lib] ==> [/cm/shared/ex3-modules/202309a/milanq/pkgs/xz-5.2.7/lib]
  collapse library dir [/cm/shared/ex3-modules/202309a/milanq/pkgs/openblas-0.3.21/lib/../lib] ==> [/cm/shared/ex3-modules/202309a/milanq/pkgs/openblas-0.3.21/lib]
  collapse library dir [/cm/shared/ex3-modules/202309a/milanq/pkgs/openmpi-4.1.4/lib/../lib] ==> [/cm/shared/ex3-modules/202309a/milanq/pkgs/openmpi-4.1.4/lib]
  collapse library dir [/cm/shared/ex3-modules/202309a/milanq/pkgs/util-linux-2.34/lib/../lib] ==> [/cm/shared/ex3-modules/202309a/milanq/pkgs/util-linux-2.34/lib]
  collapse library dir [/cm/shared/ex3-modules/202309a/milanq/pkgs/libfabric-1.17.0/lib/../lib] ==> [/cm/shared/ex3-modules/202309a/milanq/pkgs/libfabric-1.17.0/lib]
  collapse library dir [/cm/shared/ex3-modules/202309a/milanq/pkgs/ucx-1.12.1/lib/../lib] ==> [/cm/shared/ex3-modules/202309a/milanq/pkgs/ucx-1.12.1/lib]
  collapse library dir [/cm/shared/ex3-modules/202309a/milanq/pkgs/rdma-core-44.0/lib/../lib] ==> [/cm/shared/ex3-modules/202309a/milanq/pkgs/rdma-core-44.0/lib]
  collapse library dir [/cm/shared/ex3-modules/202309a/milanq/pkgs/libnl-3.2.25/lib/../lib] ==> [/cm/shared/ex3-modules/202309a/milanq/pkgs/libnl-3.2.25/lib]
  collapse library dir [/cm/shared/ex3-modules/202309a/milanq/pkgs/numactl-2.0.13/lib/../lib] ==> [/cm/shared/ex3-modules/202309a/milanq/pkgs/numactl-2.0.13/lib]
  collapse library dir [/cm/shared/ex3-modules/202309a/milanq/pkgs/libevent-2.1.12-stable/lib/../lib] ==> [/cm/shared/ex3-modules/202309a/milanq/pkgs/libevent-2.1.12-stable/lib]
  collapse library dir [/cm/shared/ex3-modules/202309a/milanq/pkgs/knem-1.1.4/lib/../lib] ==> [/cm/shared/ex3-modules/202309a/milanq/pkgs/knem-1.1.4/lib]
  collapse library dir [/cm/shared/ex3-modules/202309a/milanq/pkgs/hwloc-2.7.1/lib/../lib] ==> [/cm/shared/ex3-modules/202309a/milanq/pkgs/hwloc-2.7.1/lib]
  collapse library dir [/cm/shared/ex3-modules/0.6.1/pkgs/fftw-3.3.8/lib/../lib] ==> [/cm/shared/ex3-modules/0.6.1/pkgs/fftw-3.3.8/lib]
  collapse library dir [/cm/shared/ex3-modules/0.6.1/pkgs/lapack-3.9.0/lib/../lib] ==> [/cm/shared/ex3-modules/0.6.1/pkgs/lapack-3.9.0/lib]
  collapse library dir [/cm/shared/ex3-modules/0.6.1/pkgs/openblas-0.3.12/lib/../lib] ==> [/cm/shared/ex3-modules/0.6.1/pkgs/openblas-0.3.12/lib]
  collapse library dir [/cm/shared/ex3-modules/0.6.1/pkgs/gcc-8.4.0/lib64/../lib] ==> [/cm/shared/ex3-modules/0.6.1/pkgs/gcc-8.4.0/lib]
  collapse library dir [/cm/shared/ex3-modules/0.6.1/pkgs/freetype-2.10.1/lib/../lib] ==> [/cm/shared/ex3-modules/0.6.1/pkgs/freetype-2.10.1/lib]
  collapse library dir [/cm/shared/ex3-modules/0.6.1/pkgs/libpng-1.6.37/lib/../lib] ==> [/cm/shared/ex3-modules/0.6.1/pkgs/libpng-1.6.37/lib]
  collapse library dir [/cm/shared/ex3-modules/0.6.1/pkgs/python-3.7.4/lib/../lib] ==> [/cm/shared/ex3-modules/0.6.1/pkgs/python-3.7.4/lib]
  collapse library dir [/cm/shared/ex3-modules/0.6.1/pkgs/sqlite-3.31.1/lib/../lib] ==> [/cm/shared/ex3-modules/0.6.1/pkgs/sqlite-3.31.1/lib]
  collapse library dir [/cm/shared/ex3-modules/0.6.1/pkgs/libffi-3.2.1/lib/../lib] ==> [/cm/shared/ex3-modules/0.6.1/pkgs/libffi-3.2.1/lib]
  collapse library dir [/cm/shared/ex3-modules/0.6.1/pkgs/readline-8.0/lib/../lib] ==> [/cm/shared/ex3-modules/0.6.1/pkgs/readline-8.0/lib]
  collapse library dir [/cm/shared/ex3-modules/0.6.1/pkgs/ncurses-6.1/lib/../lib] ==> [/cm/shared/ex3-modules/0.6.1/pkgs/ncurses-6.1/lib]
  collapse library dir [/cm/shared/ex3-modules/0.6.1/pkgs/xz-5.2.5/lib/../lib] ==> [/cm/shared/ex3-modules/0.6.1/pkgs/xz-5.2.5/lib]
  collapse library dir [/cm/shared/ex3-modules/0.6.1/pkgs/bzip2-1.0.8/lib/../lib] ==> [/cm/shared/ex3-modules/0.6.1/pkgs/bzip2-1.0.8/lib]
  collapse library dir [/cm/shared/ex3-modules/0.6.1/pkgs/openssl-1.1.1c/lib/../lib] ==> [/cm/shared/ex3-modules/0.6.1/pkgs/openssl-1.1.1c/lib]
  collapse library dir [/cm/shared/apps/slurm/current/lib64/../lib] ==> [/cm/shared/apps/slurm/current/lib]
  collapse library dir [/usr/lib/gcc/x86_64-linux-gnu/11] ==> [/usr/lib/gcc/x86_64-linux-gnu/11]
  collapse library dir [/usr/lib/gcc/x86_64-linux-gnu/11/../../../x86_64-linux-gnu] ==> [/usr/lib/x86_64-linux-gnu]
  collapse library dir [/usr/lib/gcc/x86_64-linux-gnu/11/../../../../lib] ==> [/usr/lib]
  collapse library dir [/lib/x86_64-linux-gnu] ==> [/lib/x86_64-linux-gnu]
  collapse library dir [/lib/../lib] ==> [/lib]
  collapse library dir [/usr/lib/x86_64-linux-gnu] ==> [/usr/lib/x86_64-linux-gnu]
  collapse library dir [/usr/lib/../lib] ==> [/usr/lib]
  collapse library dir [/home/andreast/modules/flow/202309a/rpp-dune-amgcpr-branch/lib] ==> [/home/andreast/modules/flow/202309a/rpp-dune-amgcpr-branch/lib]
  collapse library dir [/home/andreast/modules/zoltan/202309a/12.16/lib] ==> [/home/andreast/modules/zoltan/202309a/12.16/lib]
  collapse library dir [/home/andreast/modules/dune/202309a/mod-2.7.1/lib] ==> [/home/andreast/modules/dune/202309a/mod-2.7.1/lib]
  collapse library dir [/cm/shared/ex3-modules/202309a/milanq/pkgs/suitesparse-32-5.12.0/lib] ==> [/cm/shared/ex3-modules/202309a/milanq/pkgs/suitesparse-32-5.12.0/lib]
  collapse library dir [/cm/shared/ex3-modules/202309a/milanq/pkgs/mpfr-4.0.2/lib] ==> [/cm/shared/ex3-modules/202309a/milanq/pkgs/mpfr-4.0.2/lib]
  collapse library dir [/cm/shared/ex3-modules/202309a/milanq/pkgs/gmp-6.1.2/lib] ==> [/cm/shared/ex3-modules/202309a/milanq/pkgs/gmp-6.1.2/lib]
  collapse library dir [/cm/shared/ex3-modules/202309a/milanq/pkgs/parmetis-32-4.0.3/lib] ==> [/cm/shared/ex3-modules/202309a/milanq/pkgs/parmetis-32-4.0.3/lib]
  collapse library dir [/cm/shared/ex3-modules/202309a/milanq/pkgs/metis-32-5.1.0/lib] ==> [/cm/shared/ex3-modules/202309a/milanq/pkgs/metis-32-5.1.0/lib]
  collapse library dir [/cm/shared/ex3-modules/202309a/milanq/pkgs/boost-1.73.0/lib] ==> [/cm/shared/ex3-modules/202309a/milanq/pkgs/boost-1.73.0/lib]
  collapse library dir [/cm/shared/ex3-modules/202309a/milanq/pkgs/xz-5.2.7/lib] ==> [/cm/shared/ex3-modules/202309a/milanq/pkgs/xz-5.2.7/lib]
  collapse library dir [/cm/shared/ex3-modules/202309a/milanq/pkgs/openblas-0.3.21/lib] ==> [/cm/shared/ex3-modules/202309a/milanq/pkgs/openblas-0.3.21/lib]
  collapse library dir [/cm/shared/ex3-modules/202309a/milanq/pkgs/openmpi-4.1.4/lib] ==> [/cm/shared/ex3-modules/202309a/milanq/pkgs/openmpi-4.1.4/lib]
  collapse library dir [/cm/shared/ex3-modules/202309a/milanq/pkgs/util-linux-2.34/lib] ==> [/cm/shared/ex3-modules/202309a/milanq/pkgs/util-linux-2.34/lib]
  collapse library dir [/cm/shared/ex3-modules/202309a/milanq/pkgs/libfabric-1.17.0/lib] ==> [/cm/shared/ex3-modules/202309a/milanq/pkgs/libfabric-1.17.0/lib]
  collapse library dir [/cm/shared/ex3-modules/202309a/milanq/pkgs/ucx-1.12.1/lib] ==> [/cm/shared/ex3-modules/202309a/milanq/pkgs/ucx-1.12.1/lib]
  collapse library dir [/cm/shared/ex3-modules/202309a/milanq/pkgs/rdma-core-44.0/lib] ==> [/cm/shared/ex3-modules/202309a/milanq/pkgs/rdma-core-44.0/lib]
  collapse library dir [/cm/shared/ex3-modules/202309a/milanq/pkgs/libnl-3.2.25/lib] ==> [/cm/shared/ex3-modules/202309a/milanq/pkgs/libnl-3.2.25/lib]
  collapse library dir [/cm/shared/ex3-modules/202309a/milanq/pkgs/numactl-2.0.13/lib] ==> [/cm/shared/ex3-modules/202309a/milanq/pkgs/numactl-2.0.13/lib]
  collapse library dir [/cm/shared/ex3-modules/202309a/milanq/pkgs/libevent-2.1.12-stable/lib] ==> [/cm/shared/ex3-modules/202309a/milanq/pkgs/libevent-2.1.12-stable/lib]
  collapse library dir [/cm/shared/ex3-modules/202309a/milanq/pkgs/knem-1.1.4/lib] ==> [/cm/shared/ex3-modules/202309a/milanq/pkgs/knem-1.1.4/lib]
  collapse library dir [/cm/shared/ex3-modules/202309a/milanq/pkgs/hwloc-2.7.1/lib] ==> [/cm/shared/ex3-modules/202309a/milanq/pkgs/hwloc-2.7.1/lib]
  collapse library dir [/cm/shared/ex3-modules/0.6.1/pkgs/fftw-3.3.8/lib] ==> [/cm/shared/ex3-modules/0.6.1/pkgs/fftw-3.3.8/lib]
  collapse library dir [/cm/shared/ex3-modules/0.6.1/pkgs/lapack-3.9.0/lib] ==> [/cm/shared/ex3-modules/0.6.1/pkgs/lapack-3.9.0/lib]
  collapse library dir [/cm/shared/ex3-modules/0.6.1/pkgs/openblas-0.3.12/lib] ==> [/cm/shared/ex3-modules/0.6.1/pkgs/openblas-0.3.12/lib]
  collapse library dir [/cm/shared/ex3-modules/0.6.1/pkgs/gcc-8.4.0/lib64] ==> [/cm/shared/ex3-modules/0.6.1/pkgs/gcc-8.4.0/lib64]
  collapse library dir [/cm/shared/ex3-modules/0.6.1/pkgs/freetype-2.10.1/lib] ==> [/cm/shared/ex3-modules/0.6.1/pkgs/freetype-2.10.1/lib]
  collapse library dir [/cm/shared/ex3-modules/0.6.1/pkgs/libpng-1.6.37/lib] ==> [/cm/shared/ex3-modules/0.6.1/pkgs/libpng-1.6.37/lib]
  collapse library dir [/cm/shared/ex3-modules/0.6.1/pkgs/python-3.7.4/lib] ==> [/cm/shared/ex3-modules/0.6.1/pkgs/python-3.7.4/lib]
  collapse library dir [/cm/shared/ex3-modules/0.6.1/pkgs/sqlite-3.31.1/lib] ==> [/cm/shared/ex3-modules/0.6.1/pkgs/sqlite-3.31.1/lib]
  collapse library dir [/cm/shared/ex3-modules/0.6.1/pkgs/libffi-3.2.1/lib] ==> [/cm/shared/ex3-modules/0.6.1/pkgs/libffi-3.2.1/lib]
  collapse library dir [/cm/shared/ex3-modules/0.6.1/pkgs/readline-8.0/lib] ==> [/cm/shared/ex3-modules/0.6.1/pkgs/readline-8.0/lib]
  collapse library dir [/cm/shared/ex3-modules/0.6.1/pkgs/ncurses-6.1/lib] ==> [/cm/shared/ex3-modules/0.6.1/pkgs/ncurses-6.1/lib]
  collapse library dir [/cm/shared/ex3-modules/0.6.1/pkgs/xz-5.2.5/lib] ==> [/cm/shared/ex3-modules/0.6.1/pkgs/xz-5.2.5/lib]
  collapse library dir [/cm/shared/ex3-modules/0.6.1/pkgs/bzip2-1.0.8/lib] ==> [/cm/shared/ex3-modules/0.6.1/pkgs/bzip2-1.0.8/lib]
  collapse library dir [/cm/shared/ex3-modules/0.6.1/pkgs/openssl-1.1.1c/lib] ==> [/cm/shared/ex3-modules/0.6.1/pkgs/openssl-1.1.1c/lib]
  collapse library dir [/cm/shared/apps/slurm/current/lib64/slurm] ==> [/cm/shared/apps/slurm/current/lib64/slurm]
  collapse library dir [/cm/shared/apps/slurm/current/lib64] ==> [/cm/shared/apps/slurm/current/lib64]
  collapse library dir [/usr/lib/gcc/x86_64-linux-gnu/11/../../..] ==> [/usr/lib]
  implicit libs: [gomp;gcc;gcc_s;pthread;c;gcc;gcc_s]
  implicit dirs: [/home/andreast/modules/flow/202309a/rpp-dune-amgcpr-branch/lib;/home/andreast/modules/zoltan/202309a/12.16/lib;/home/andreast/modules/dune/202309a/mod-2.7.1/lib;/cm/shared/ex3-modules/202309a/milanq/pkgs/suitesparse-32-5.12.0/lib;/cm/shared/ex3-modules/202309a/milanq/pkgs/mpfr-4.0.2/lib;/cm/shared/ex3-modules/202309a/milanq/pkgs/gmp-6.1.2/lib;/cm/shared/ex3-modules/202309a/milanq/pkgs/parmetis-32-4.0.3/lib;/cm/shared/ex3-modules/202309a/milanq/pkgs/metis-32-5.1.0/lib;/cm/shared/ex3-modules/202309a/milanq/pkgs/boost-1.73.0/lib;/cm/shared/ex3-modules/202309a/milanq/pkgs/xz-5.2.7/lib;/cm/shared/ex3-modules/202309a/milanq/pkgs/openblas-0.3.21/lib;/cm/shared/ex3-modules/202309a/milanq/pkgs/openmpi-4.1.4/lib;/cm/shared/ex3-modules/202309a/milanq/pkgs/util-linux-2.34/lib;/cm/shared/ex3-modules/202309a/milanq/pkgs/libfabric-1.17.0/lib;/cm/shared/ex3-modules/202309a/milanq/pkgs/ucx-1.12.1/lib;/cm/shared/ex3-modules/202309a/milanq/pkgs/rdma-core-44.0/lib;/cm/shared/ex3-modules/202309a/milanq/pkgs/libnl-3.2.25/lib;/cm/shared/ex3-modules/202309a/milanq/pkgs/numactl-2.0.13/lib;/cm/shared/ex3-modules/202309a/milanq/pkgs/libevent-2.1.12-stable/lib;/cm/shared/ex3-modules/202309a/milanq/pkgs/knem-1.1.4/lib;/cm/shared/ex3-modules/202309a/milanq/pkgs/hwloc-2.7.1/lib;/cm/shared/ex3-modules/0.6.1/pkgs/fftw-3.3.8/lib;/cm/shared/ex3-modules/0.6.1/pkgs/lapack-3.9.0/lib;/cm/shared/ex3-modules/0.6.1/pkgs/openblas-0.3.12/lib;/cm/shared/ex3-modules/0.6.1/pkgs/gcc-8.4.0/lib;/cm/shared/ex3-modules/0.6.1/pkgs/freetype-2.10.1/lib;/cm/shared/ex3-modules/0.6.1/pkgs/libpng-1.6.37/lib;/cm/shared/ex3-modules/0.6.1/pkgs/python-3.7.4/lib;/cm/shared/ex3-modules/0.6.1/pkgs/sqlite-3.31.1/lib;/cm/shared/ex3-modules/0.6.1/pkgs/libffi-3.2.1/lib;/cm/shared/ex3-modules/0.6.1/pkgs/readline-8.0/lib;/cm/shared/ex3-modules/0.6.1/pkgs/ncurses-6.1/lib;/cm/shared/ex3-modules/0.6.1/pkgs/xz-5.2.5/lib;/cm/shared/ex3-modules/0.6.1/pkgs/bzip2-1.0.8/lib;/cm/shared/ex3-modules/0.6.1/pkgs/openssl-1.1.1c/lib;/cm/shared/apps/slurm/current/lib;/usr/lib/gcc/x86_64-linux-gnu/11;/usr/lib/x86_64-linux-gnu;/usr/lib;/lib/x86_64-linux-gnu;/lib;/cm/shared/ex3-modules/0.6.1/pkgs/gcc-8.4.0/lib64;/cm/shared/apps/slurm/current/lib64/slurm;/cm/shared/apps/slurm/current/lib64]
  implicit fwks: []


Detecting CXX OpenMP compiler ABI info compiled with the following output:
Change Dir: /home/erikhs/MatrixProblems/build_x86_64/CMakeFiles/CMakeTmp

Run Build Command(s):/usr/bin/gmake cmTC_a8b57/fast && /usr/bin/gmake  -f CMakeFiles/cmTC_a8b57.dir/build.make CMakeFiles/cmTC_a8b57.dir/build
gmake[1]: Entering directory '/home/erikhs/MatrixProblems/build_x86_64/CMakeFiles/CMakeTmp'
Building CXX object CMakeFiles/cmTC_a8b57.dir/OpenMPTryFlag.cpp.o
/usr/bin/c++    -std=c++17 -O2 -mavx -funroll-loops -fopenmp -v -O3 -DNDEBUG -fPIE   -o CMakeFiles/cmTC_a8b57.dir/OpenMPTryFlag.cpp.o -c /home/erikhs/MatrixProblems/build_x86_64/CMakeFiles/FindOpenMP/OpenMPTryFlag.cpp
Using built-in specs.
COLLECT_GCC=/usr/bin/c++
OFFLOAD_TARGET_NAMES=nvptx-none:amdgcn-amdhsa
OFFLOAD_TARGET_DEFAULT=1
Target: x86_64-linux-gnu
Configured with: ../src/configure -v --with-pkgversion='Ubuntu 11.4.0-1ubuntu1~22.04' --with-bugurl=file:///usr/share/doc/gcc-11/README.Bugs --enable-languages=c,ada,c++,go,brig,d,fortran,objc,obj-c++,m2 --prefix=/usr --with-gcc-major-version-only --program-suffix=-11 --program-prefix=x86_64-linux-gnu- --enable-shared --enable-linker-build-id --libexecdir=/usr/lib --without-included-gettext --enable-threads=posix --libdir=/usr/lib --enable-nls --enable-bootstrap --enable-clocale=gnu --enable-libstdcxx-debug --enable-libstdcxx-time=yes --with-default-libstdcxx-abi=new --enable-gnu-unique-object --disable-vtable-verify --enable-plugin --enable-default-pie --with-system-zlib --enable-libphobos-checking=release --with-target-system-zlib=auto --enable-objc-gc=auto --enable-multiarch --disable-werror --enable-cet --with-arch-32=i686 --with-abi=m64 --with-multilib-list=m32,m64,mx32 --enable-multilib --with-tune=generic --enable-offload-targets=nvptx-none=/build/gcc-11-XeT9lY/gcc-11-11.4.0/debian/tmp-nvptx/usr,amdgcn-amdhsa=/build/gcc-11-XeT9lY/gcc-11-11.4.0/debian/tmp-gcn/usr --without-cuda-driver --enable-checking=release --build=x86_64-linux-gnu --host=x86_64-linux-gnu --target=x86_64-linux-gnu --with-build-config=bootstrap-lto-lean --enable-link-serialization=2
Thread model: posix
Supported LTO compression algorithms: zlib zstd
gcc version 11.4.0 (Ubuntu 11.4.0-1ubuntu1~22.04) 
COLLECT_GCC_OPTIONS='-std=c++17' '-O2' '-mavx' '-funroll-loops' '-fopenmp' '-v' '-O3' '-D' 'NDEBUG' '-fPIE' '-o' 'CMakeFiles/cmTC_a8b57.dir/OpenMPTryFlag.cpp.o' '-c' '-shared-libgcc' '-mtune=generic' '-march=x86-64' '-pthread' '-dumpdir' 'CMakeFiles/cmTC_a8b57.dir/'
 /usr/lib/gcc/x86_64-linux-gnu/11/cc1plus -quiet -v -imultiarch x86_64-linux-gnu -D_GNU_SOURCE -D_REENTRANT -D NDEBUG /home/erikhs/MatrixProblems/build_x86_64/CMakeFiles/FindOpenMP/OpenMPTryFlag.cpp -quiet -dumpdir CMakeFiles/cmTC_a8b57.dir/ -dumpbase OpenMPTryFlag.cpp.cpp -dumpbase-ext .cpp -mavx -mtune=generic -march=x86-64 -O2 -O3 -std=c++17 -version -funroll-loops -fopenmp -fPIE -fasynchronous-unwind-tables -fstack-protector-strong -Wformat -Wformat-security -fstack-clash-protection -fcf-protection -o /tmp/ccihpkGE.s
GNU C++17 (Ubuntu 11.4.0-1ubuntu1~22.04) version 11.4.0 (x86_64-linux-gnu)
	compiled by GNU C version 11.4.0, GMP version 6.2.1, MPFR version 4.1.0, MPC version 1.2.1, isl version isl-0.24-GMP

warning: GMP header version 6.2.1 differs from library version 6.1.2.
warning: MPFR header version 4.1.0 differs from library version 4.0.2.
GGC heuristics: --param ggc-min-expand=100 --param ggc-min-heapsize=131072
ignoring nonexistent directory "/opt/nvidia/cudaq/include"
ignoring nonexistent directory "/opt/nvidia/cudaq/include"
ignoring duplicate directory "/usr/include/x86_64-linux-gnu/c++/11"
ignoring nonexistent directory "/usr/local/include/x86_64-linux-gnu"
ignoring nonexistent directory "/usr/lib/gcc/x86_64-linux-gnu/11/include-fixed"
ignoring nonexistent directory "/usr/lib/gcc/x86_64-linux-gnu/11/../../../../x86_64-linux-gnu/include"
#include "..." search starts here:
#include <...> search starts here:
 /cm/shared/apps/slurm/current/include
 /home/andreast/modules/flow/202309a/rpp-dune-amgcpr-branch/include
 /home/andreast/modules/zoltan/202309a/12.16/include
 /home/andreast/modules/dune/202309a/mod-2.7.1/include
 /cm/shared/ex3-modules/202309a/milanq/pkgs/suitesparse-32-5.12.0/include
 /cm/shared/ex3-modules/202309a/milanq/pkgs/mpfr-4.0.2/include
 /cm/shared/ex3-modules/202309a/milanq/pkgs/gmp-6.1.2/include
 /cm/shared/ex3-modules/202309a/milanq/pkgs/parmetis-32-4.0.3/include
 /cm/shared/ex3-modules/202309a/milanq/pkgs/metis-32-5.1.0/include
 /cm/shared/ex3-modules/202309a/milanq/pkgs/boost-1.73.0/include
 /cm/shared/ex3-modules/202309a/milanq/pkgs/xz-5.2.7/include
 /cm/shared/ex3-modules/202309a/milanq/pkgs/openblas-0.3.21/include
 /cm/shared/ex3-modules/202309a/milanq/pkgs/openmpi-4.1.4/include
 /cm/shared/ex3-modules/202309a/milanq/pkgs/util-linux-2.34/include
 /cm/shared/ex3-modules/202309a/milanq/pkgs/libfabric-1.17.0/include
 /cm/shared/ex3-modules/202309a/milanq/pkgs/ucx-1.12.1/include
 /cm/shared/ex3-modules/202309a/milanq/pkgs/rdma-core-44.0/include
 /cm/shared/ex3-modules/202309a/milanq/pkgs/libnl-3.2.25/include/libnl3
 /cm/shared/ex3-modules/202309a/milanq/pkgs/numactl-2.0.13/include
 /cm/shared/ex3-modules/202309a/milanq/pkgs/libevent-2.1.12-stable/include
 /cm/shared/ex3-modules/202309a/milanq/pkgs/knem-1.1.4/include
 /cm/shared/ex3-modules/202309a/milanq/pkgs/hwloc-2.7.1/include
 /cm/shared/ex3-modules/0.6.1/pkgs/fftw-3.3.8/include
 /cm/shared/ex3-modules/0.6.1/pkgs/lapack-3.9.0/include
 /cm/shared/ex3-modules/0.6.1/pkgs/openblas-0.3.12/include
 /cm/shared/ex3-modules/0.6.1/pkgs/gcc-8.4.0/include/c++/
 /cm/shared/ex3-modules/0.6.1/pkgs/freetype-2.10.1/include
 /cm/shared/ex3-modules/0.6.1/pkgs/libpng-1.6.37/include
 /cm/shared/ex3-modules/0.6.1/pkgs/python-3.7.4/include/python3.7m
 /cm/shared/ex3-modules/0.6.1/pkgs/sqlite-3.31.1/include
 /cm/shared/ex3-modules/0.6.1/pkgs/libffi-3.2.1/include
 /cm/shared/ex3-modules/0.6.1/pkgs/readline-8.0/include
 /cm/shared/ex3-modules/0.6.1/pkgs/ncurses-6.1/include
 /cm/shared/ex3-modules/0.6.1/pkgs/xz-5.2.5/include
 /cm/shared/ex3-modules/0.6.1/pkgs/bzip2-1.0.8/include
 /cm/shared/ex3-modules/0.6.1/pkgs/openssl-1.1.1c/include
 /usr/include/c++/11
 /usr/include/x86_64-linux-gnu/c++/11
 /usr/include/c++/11/backward
 /usr/lib/gcc/x86_64-linux-gnu/11/include
 /usr/local/include
 /usr/include/x86_64-linux-gnu
 /usr/include
End of search list.
GNU C++17 (Ubuntu 11.4.0-1ubuntu1~22.04) version 11.4.0 (x86_64-linux-gnu)
	compiled by GNU C version 11.4.0, GMP version 6.2.1, MPFR version 4.1.0, MPC version 1.2.1, isl version isl-0.24-GMP

warning: GMP header version 6.2.1 differs from library version 6.1.2.
warning: MPFR header version 4.1.0 differs from library version 4.0.2.
GGC heuristics: --param ggc-min-expand=100 --param ggc-min-heapsize=131072
Compiler executable checksum: d591828bb4d392ae8b7b160e5bb0b95f
COLLECT_GCC_OPTIONS='-std=c++17' '-O2' '-mavx' '-funroll-loops' '-fopenmp' '-v' '-O3' '-D' 'NDEBUG' '-fPIE' '-o' 'CMakeFiles/cmTC_a8b57.dir/OpenMPTryFlag.cpp.o' '-c' '-shared-libgcc' '-mtune=generic' '-march=x86-64' '-pthread' '-dumpdir' 'CMakeFiles/cmTC_a8b57.dir/'
 as -v --64 -o CMakeFiles/cmTC_a8b57.dir/OpenMPTryFlag.cpp.o /tmp/ccihpkGE.s
GNU assembler version 2.38 (x86_64-linux-gnu) using BFD version (GNU Binutils for Ubuntu) 2.38
COMPILER_PATH=/usr/lib/gcc/x86_64-linux-gnu/11/:/usr/lib/gcc/x86_64-linux-gnu/11/:/usr/lib/gcc/x86_64-linux-gnu/:/usr/lib/gcc/x86_64-linux-gnu/11/:/usr/lib/gcc/x86_64-linux-gnu/
LIBRARY_PATH=/home/andreast/modules/flow/202309a/rpp-dune-amgcpr-branch/lib/../lib/:/home/andreast/modules/zoltan/202309a/12.16/lib/../lib/:/home/andreast/modules/dune/202309a/mod-2.7.1/lib/../lib/:/cm/shared/ex3-modules/202309a/milanq/pkgs/suitesparse-32-5.12.0/lib/../lib/:/cm/shared/ex3-modules/202309a/milanq/pkgs/mpfr-4.0.2/lib/../lib/:/cm/shared/ex3-modules/202309a/milanq/pkgs/gmp-6.1.2/lib/../lib/:/cm/shared/ex3-modules/202309a/milanq/pkgs/parmetis-32-4.0.3/lib/../lib/:/cm/shared/ex3-modules/202309a/milanq/pkgs/metis-32-5.1.0/lib/../lib/:/cm/shared/ex3-modules/202309a/milanq/pkgs/boost-1.73.0/lib/../lib/:/cm/shared/ex3-modules/202309a/milanq/pkgs/xz-5.2.7/lib/../lib/:/cm/shared/ex3-modules/202309a/milanq/pkgs/openblas-0.3.21/lib/../lib/:/cm/shared/ex3-modules/202309a/milanq/pkgs/openmpi-4.1.4/lib/../lib/:/cm/shared/ex3-modules/202309a/milanq/pkgs/util-linux-2.34/lib/../lib/:/cm/shared/ex3-modules/202309a/milanq/pkgs/libfabric-1.17.0/lib/../lib/:/cm/shared/ex3-modules/202309a/milanq/pkgs/ucx-1.12.1/lib/../lib/:/cm/shared/ex3-modules/202309a/milanq/pkgs/rdma-core-44.0/lib/../lib/:/cm/shared/ex3-modules/202309a/milanq/pkgs/libnl-3.2.25/lib/../lib/:/cm/shared/ex3-modules/202309a/milanq/pkgs/numactl-2.0.13/lib/../lib/:/cm/shared/ex3-modules/202309a/milanq/pkgs/libevent-2.1.12-stable/lib/../lib/:/cm/shared/ex3-modules/202309a/milanq/pkgs/knem-1.1.4/lib/../lib/:/cm/shared/ex3-modules/202309a/milanq/pkgs/hwloc-2.7.1/lib/../lib/:/cm/shared/ex3-modules/0.6.1/pkgs/fftw-3.3.8/lib/../lib/:/cm/shared/ex3-modules/0.6.1/pkgs/lapack-3.9.0/lib/../lib/:/cm/shared/ex3-modules/0.6.1/pkgs/openblas-0.3.12/lib/../lib/:/cm/shared/ex3-modules/0.6.1/pkgs/gcc-8.4.0/lib64/../lib/:/cm/shared/ex3-modules/0.6.1/pkgs/freetype-2.10.1/lib/../lib/:/cm/shared/ex3-modules/0.6.1/pkgs/libpng-1.6.37/lib/../lib/:/cm/shared/ex3-modules/0.6.1/pkgs/python-3.7.4/lib/../lib/:/cm/shared/ex3-modules/0.6.1/pkgs/sqlite-3.31.1/lib/../lib/:/cm/shared/ex3-modules/0.6.1/pkgs/libffi-3.2.1/lib/../lib/:/cm/shared/ex3-modules/0.6.1/pkgs/readline-8.0/lib/../lib/:/cm/shared/ex3-modules/0.6.1/pkgs/ncurses-6.1/lib/../lib/:/cm/shared/ex3-modules/0.6.1/pkgs/xz-5.2.5/lib/../lib/:/cm/shared/ex3-modules/0.6.1/pkgs/bzip2-1.0.8/lib/../lib/:/cm/shared/ex3-modules/0.6.1/pkgs/openssl-1.1.1c/lib/../lib/:/cm/shared/apps/slurm/current/lib64/../lib/:/usr/lib/gcc/x86_64-linux-gnu/11/:/usr/lib/gcc/x86_64-linux-gnu/11/../../../x86_64-linux-gnu/:/usr/lib/gcc/x86_64-linux-gnu/11/../../../../lib/:/lib/x86_64-linux-gnu/:/lib/../lib/:/usr/lib/x86_64-linux-gnu/:/usr/lib/../lib/:/home/andreast/modules/flow/202309a/rpp-dune-amgcpr-branch/lib/:/home/andreast/modules/zoltan/202309a/12.16/lib/:/home/andreast/modules/dune/202309a/mod-2.7.1/lib/:/cm/shared/ex3-modules/202309a/milanq/pkgs/suitesparse-32-5.12.0/lib/:/cm/shared/ex3-modules/202309a/milanq/pkgs/mpfr-4.0.2/lib/:/cm/shared/ex3-modules/202309a/milanq/pkgs/gmp-6.1.2/lib/:/cm/shared/ex3-modules/202309a/milanq/pkgs/parmetis-32-4.0.3/lib/:/cm/shared/ex3-modules/202309a/milanq/pkgs/metis-32-5.1.0/lib/:/cm/shared/ex3-modules/202309a/milanq/pkgs/boost-1.73.0/lib/:/cm/shared/ex3-modules/202309a/milanq/pkgs/xz-5.2.7/lib/:/cm/shared/ex3-modules/202309a/milanq/pkgs/openblas-0.3.21/lib/:/cm/shared/ex3-modules/202309a/milanq/pkgs/openmpi-4.1.4/lib/:/cm/shared/ex3-modules/202309a/milanq/pkgs/util-linux-2.34/lib/:/cm/shared/ex3-modules/202309a/milanq/pkgs/libfabric-1.17.0/lib/:/cm/shared/ex3-modules/202309a/milanq/pkgs/ucx-1.12.1/lib/:/cm/shared/ex3-modules/202309a/milanq/pkgs/rdma-core-44.0/lib/:/cm/shared/ex3-modules/202309a/milanq/pkgs/libnl-3.2.25/lib/:/cm/shared/ex3-modules/202309a/milanq/pkgs/numactl-2.0.13/lib/:/cm/shared/ex3-modules/202309a/milanq/pkgs/libevent-2.1.12-stable/lib/:/cm/shared/ex3-modules/202309a/milanq/pkgs/knem-1.1.4/lib/:/cm/shared/ex3-modules/202309a/milanq/pkgs/hwloc-2.7.1/lib/:/cm/shared/ex3-modules/0.6.1/pkgs/fftw-3.3.8/lib/:/cm/shared/ex3-modules/0.6.1/pkgs/lapack-3.9.0/lib/:/cm/shared/ex3-modules/0.6.1/pkgs/openblas-0.3.12/lib/:/cm/shared/ex3-modules/0.6.1/pkgs/gcc-8.4.0/lib64/:/cm/shared/ex3-modules/0.6.1/pkgs/freetype-2.10.1/lib/:/cm/shared/ex3-modules/0.6.1/pkgs/libpng-1.6.37/lib/:/cm/shared/ex3-modules/0.6.1/pkgs/python-3.7.4/lib/:/cm/shared/ex3-modules/0.6.1/pkgs/sqlite-3.31.1/lib/:/cm/shared/ex3-modules/0.6.1/pkgs/libffi-3.2.1/lib/:/cm/shared/ex3-modules/0.6.1/pkgs/readline-8.0/lib/:/cm/shared/ex3-modules/0.6.1/pkgs/ncurses-6.1/lib/:/cm/shared/ex3-modules/0.6.1/pkgs/xz-5.2.5/lib/:/cm/shared/ex3-modules/0.6.1/pkgs/bzip2-1.0.8/lib/:/cm/shared/ex3-modules/0.6.1/pkgs/openssl-1.1.1c/lib/:/cm/shared/apps/slurm/current/lib64/slurm/:/cm/shared/apps/slurm/current/lib64/:/usr/lib/gcc/x86_64-linux-gnu/11/../../../:/lib/:/usr/lib/
COLLECT_GCC_OPTIONS='-std=c++17' '-O2' '-mavx' '-funroll-loops' '-fopenmp' '-v' '-O3' '-D' 'NDEBUG' '-fPIE' '-o' 'CMakeFiles/cmTC_a8b57.dir/OpenMPTryFlag.cpp.o' '-c' '-shared-libgcc' '-mtune=generic' '-march=x86-64' '-pthread' '-dumpdir' 'CMakeFiles/cmTC_a8b57.dir/OpenMPTryFlag.cpp.'
Linking CXX executable cmTC_a8b57
/cm/shared/ex3-modules/0.6.1/pkgs/cmake-3.17.2/bin/cmake -E cmake_link_script CMakeFiles/cmTC_a8b57.dir/link.txt --verbose=1
/usr/bin/c++  -std=c++17 -O2 -mavx -funroll-loops -fopenmp -v -O3 -DNDEBUG    -rdynamic CMakeFiles/cmTC_a8b57.dir/OpenMPTryFlag.cpp.o  -o cmTC_a8b57  -v 
Using built-in specs.
COLLECT_GCC=/usr/bin/c++
COLLECT_LTO_WRAPPER=/usr/lib/gcc/x86_64-linux-gnu/11/lto-wrapper
OFFLOAD_TARGET_NAMES=nvptx-none:amdgcn-amdhsa
OFFLOAD_TARGET_DEFAULT=1
Target: x86_64-linux-gnu
Configured with: ../src/configure -v --with-pkgversion='Ubuntu 11.4.0-1ubuntu1~22.04' --with-bugurl=file:///usr/share/doc/gcc-11/README.Bugs --enable-languages=c,ada,c++,go,brig,d,fortran,objc,obj-c++,m2 --prefix=/usr --with-gcc-major-version-only --program-suffix=-11 --program-prefix=x86_64-linux-gnu- --enable-shared --enable-linker-build-id --libexecdir=/usr/lib --without-included-gettext --enable-threads=posix --libdir=/usr/lib --enable-nls --enable-bootstrap --enable-clocale=gnu --enable-libstdcxx-debug --enable-libstdcxx-time=yes --with-default-libstdcxx-abi=new --enable-gnu-unique-object --disable-vtable-verify --enable-plugin --enable-default-pie --with-system-zlib --enable-libphobos-checking=release --with-target-system-zlib=auto --enable-objc-gc=auto --enable-multiarch --disable-werror --enable-cet --with-arch-32=i686 --with-abi=m64 --with-multilib-list=m32,m64,mx32 --enable-multilib --with-tune=generic --enable-offload-targets=nvptx-none=/build/gcc-11-XeT9lY/gcc-11-11.4.0/debian/tmp-nvptx/usr,amdgcn-amdhsa=/build/gcc-11-XeT9lY/gcc-11-11.4.0/debian/tmp-gcn/usr --without-cuda-driver --enable-checking=release --build=x86_64-linux-gnu --host=x86_64-linux-gnu --target=x86_64-linux-gnu --with-build-config=bootstrap-lto-lean --enable-link-serialization=2
Thread model: posix
Supported LTO compression algorithms: zlib zstd
gcc version 11.4.0 (Ubuntu 11.4.0-1ubuntu1~22.04) 
COMPILER_PATH=/usr/lib/gcc/x86_64-linux-gnu/11/:/usr/lib/gcc/x86_64-linux-gnu/11/:/usr/lib/gcc/x86_64-linux-gnu/:/usr/lib/gcc/x86_64-linux-gnu/11/:/usr/lib/gcc/x86_64-linux-gnu/
LIBRARY_PATH=/home/andreast/modules/flow/202309a/rpp-dune-amgcpr-branch/lib/../lib/:/home/andreast/modules/zoltan/202309a/12.16/lib/../lib/:/home/andreast/modules/dune/202309a/mod-2.7.1/lib/../lib/:/cm/shared/ex3-modules/202309a/milanq/pkgs/suitesparse-32-5.12.0/lib/../lib/:/cm/shared/ex3-modules/202309a/milanq/pkgs/mpfr-4.0.2/lib/../lib/:/cm/shared/ex3-modules/202309a/milanq/pkgs/gmp-6.1.2/lib/../lib/:/cm/shared/ex3-modules/202309a/milanq/pkgs/parmetis-32-4.0.3/lib/../lib/:/cm/shared/ex3-modules/202309a/milanq/pkgs/metis-32-5.1.0/lib/../lib/:/cm/shared/ex3-modules/202309a/milanq/pkgs/boost-1.73.0/lib/../lib/:/cm/shared/ex3-modules/202309a/milanq/pkgs/xz-5.2.7/lib/../lib/:/cm/shared/ex3-modules/202309a/milanq/pkgs/openblas-0.3.21/lib/../lib/:/cm/shared/ex3-modules/202309a/milanq/pkgs/openmpi-4.1.4/lib/../lib/:/cm/shared/ex3-modules/202309a/milanq/pkgs/util-linux-2.34/lib/../lib/:/cm/shared/ex3-modules/202309a/milanq/pkgs/libfabric-1.17.0/lib/../lib/:/cm/shared/ex3-modules/202309a/milanq/pkgs/ucx-1.12.1/lib/../lib/:/cm/shared/ex3-modules/202309a/milanq/pkgs/rdma-core-44.0/lib/../lib/:/cm/shared/ex3-modules/202309a/milanq/pkgs/libnl-3.2.25/lib/../lib/:/cm/shared/ex3-modules/202309a/milanq/pkgs/numactl-2.0.13/lib/../lib/:/cm/shared/ex3-modules/202309a/milanq/pkgs/libevent-2.1.12-stable/lib/../lib/:/cm/shared/ex3-modules/202309a/milanq/pkgs/knem-1.1.4/lib/../lib/:/cm/shared/ex3-modules/202309a/milanq/pkgs/hwloc-2.7.1/lib/../lib/:/cm/shared/ex3-modules/0.6.1/pkgs/fftw-3.3.8/lib/../lib/:/cm/shared/ex3-modules/0.6.1/pkgs/lapack-3.9.0/lib/../lib/:/cm/shared/ex3-modules/0.6.1/pkgs/openblas-0.3.12/lib/../lib/:/cm/shared/ex3-modules/0.6.1/pkgs/gcc-8.4.0/lib64/../lib/:/cm/shared/ex3-modules/0.6.1/pkgs/freetype-2.10.1/lib/../lib/:/cm/shared/ex3-modules/0.6.1/pkgs/libpng-1.6.37/lib/../lib/:/cm/shared/ex3-modules/0.6.1/pkgs/python-3.7.4/lib/../lib/:/cm/shared/ex3-modules/0.6.1/pkgs/sqlite-3.31.1/lib/../lib/:/cm/shared/ex3-modules/0.6.1/pkgs/libffi-3.2.1/lib/../lib/:/cm/shared/ex3-modules/0.6.1/pkgs/readline-8.0/lib/../lib/:/cm/shared/ex3-modules/0.6.1/pkgs/ncurses-6.1/lib/../lib/:/cm/shared/ex3-modules/0.6.1/pkgs/xz-5.2.5/lib/../lib/:/cm/shared/ex3-modules/0.6.1/pkgs/bzip2-1.0.8/lib/../lib/:/cm/shared/ex3-modules/0.6.1/pkgs/openssl-1.1.1c/lib/../lib/:/cm/shared/apps/slurm/current/lib64/../lib/:/usr/lib/gcc/x86_64-linux-gnu/11/:/usr/lib/gcc/x86_64-linux-gnu/11/../../../x86_64-linux-gnu/:/usr/lib/gcc/x86_64-linux-gnu/11/../../../../lib/:/lib/x86_64-linux-gnu/:/lib/../lib/:/usr/lib/x86_64-linux-gnu/:/usr/lib/../lib/:/home/andreast/modules/flow/202309a/rpp-dune-amgcpr-branch/lib/:/home/andreast/modules/zoltan/202309a/12.16/lib/:/home/andreast/modules/dune/202309a/mod-2.7.1/lib/:/cm/shared/ex3-modules/202309a/milanq/pkgs/suitesparse-32-5.12.0/lib/:/cm/shared/ex3-modules/202309a/milanq/pkgs/mpfr-4.0.2/lib/:/cm/shared/ex3-modules/202309a/milanq/pkgs/gmp-6.1.2/lib/:/cm/shared/ex3-modules/202309a/milanq/pkgs/parmetis-32-4.0.3/lib/:/cm/shared/ex3-modules/202309a/milanq/pkgs/metis-32-5.1.0/lib/:/cm/shared/ex3-modules/202309a/milanq/pkgs/boost-1.73.0/lib/:/cm/shared/ex3-modules/202309a/milanq/pkgs/xz-5.2.7/lib/:/cm/shared/ex3-modules/202309a/milanq/pkgs/openblas-0.3.21/lib/:/cm/shared/ex3-modules/202309a/milanq/pkgs/openmpi-4.1.4/lib/:/cm/shared/ex3-modules/202309a/milanq/pkgs/util-linux-2.34/lib/:/cm/shared/ex3-modules/202309a/milanq/pkgs/libfabric-1.17.0/lib/:/cm/shared/ex3-modules/202309a/milanq/pkgs/ucx-1.12.1/lib/:/cm/shared/ex3-modules/202309a/milanq/pkgs/rdma-core-44.0/lib/:/cm/shared/ex3-modules/202309a/milanq/pkgs/libnl-3.2.25/lib/:/cm/shared/ex3-modules/202309a/milanq/pkgs/numactl-2.0.13/lib/:/cm/shared/ex3-modules/202309a/milanq/pkgs/libevent-2.1.12-stable/lib/:/cm/shared/ex3-modules/202309a/milanq/pkgs/knem-1.1.4/lib/:/cm/shared/ex3-modules/202309a/milanq/pkgs/hwloc-2.7.1/lib/:/cm/shared/ex3-modules/0.6.1/pkgs/fftw-3.3.8/lib/:/cm/shared/ex3-modules/0.6.1/pkgs/lapack-3.9.0/lib/:/cm/shared/ex3-modules/0.6.1/pkgs/openblas-0.3.12/lib/:/cm/shared/ex3-modules/0.6.1/pkgs/gcc-8.4.0/lib64/:/cm/shared/ex3-modules/0.6.1/pkgs/freetype-2.10.1/lib/:/cm/shared/ex3-modules/0.6.1/pkgs/libpng-1.6.37/lib/:/cm/shared/ex3-modules/0.6.1/pkgs/python-3.7.4/lib/:/cm/shared/ex3-modules/0.6.1/pkgs/sqlite-3.31.1/lib/:/cm/shared/ex3-modules/0.6.1/pkgs/libffi-3.2.1/lib/:/cm/shared/ex3-modules/0.6.1/pkgs/readline-8.0/lib/:/cm/shared/ex3-modules/0.6.1/pkgs/ncurses-6.1/lib/:/cm/shared/ex3-modules/0.6.1/pkgs/xz-5.2.5/lib/:/cm/shared/ex3-modules/0.6.1/pkgs/bzip2-1.0.8/lib/:/cm/shared/ex3-modules/0.6.1/pkgs/openssl-1.1.1c/lib/:/cm/shared/apps/slurm/current/lib64/slurm/:/cm/shared/apps/slurm/current/lib64/:/usr/lib/gcc/x86_64-linux-gnu/11/../../../:/lib/:/usr/lib/
Reading specs from /usr/lib/gcc/x86_64-linux-gnu/11/libgomp.spec
COLLECT_GCC_OPTIONS='-std=c++17' '-O2' '-mavx' '-funroll-loops' '-fopenmp' '-v' '-O3' '-D' 'NDEBUG' '-rdynamic' '-o' 'cmTC_a8b57' '-v' '-shared-libgcc' '-mtune=generic' '-march=x86-64' '-pthread' '-dumpdir' 'cmTC_a8b57.'
 /usr/lib/gcc/x86_64-linux-gnu/11/collect2 -plugin /usr/lib/gcc/x86_64-linux-gnu/11/liblto_plugin.so -plugin-opt=/usr/lib/gcc/x86_64-linux-gnu/11/lto-wrapper -plugin-opt=-fresolution=/tmp/ccEWvHyT.res -plugin-opt=-pass-through=-lgcc_s -plugin-opt=-pass-through=-lgcc -plugin-opt=-pass-through=-lpthread -plugin-opt=-pass-through=-lc -plugin-opt=-pass-through=-lgcc_s -plugin-opt=-pass-through=-lgcc --build-id --eh-frame-hdr -m elf_x86_64 --hash-style=gnu --as-needed -export-dynamic -dynamic-linker /lib64/ld-linux-x86-64.so.2 -pie -z now -z relro -o cmTC_a8b57 /usr/lib/gcc/x86_64-linux-gnu/11/../../../x86_64-linux-gnu/Scrt1.o /usr/lib/gcc/x86_64-linux-gnu/11/../../../x86_64-linux-gnu/crti.o /usr/lib/gcc/x86_64-linux-gnu/11/crtbeginS.o /usr/lib/gcc/x86_64-linux-gnu/11/crtoffloadbegin.o -L/home/andreast/modules/flow/202309a/rpp-dune-amgcpr-branch/lib/../lib -L/home/andreast/modules/zoltan/202309a/12.16/lib/../lib -L/home/andreast/modules/dune/202309a/mod-2.7.1/lib/../lib -L/cm/shared/ex3-modules/202309a/milanq/pkgs/suitesparse-32-5.12.0/lib/../lib -L/cm/shared/ex3-modules/202309a/milanq/pkgs/mpfr-4.0.2/lib/../lib -L/cm/shared/ex3-modules/202309a/milanq/pkgs/gmp-6.1.2/lib/../lib -L/cm/shared/ex3-modules/202309a/milanq/pkgs/parmetis-32-4.0.3/lib/../lib -L/cm/shared/ex3-modules/202309a/milanq/pkgs/metis-32-5.1.0/lib/../lib -L/cm/shared/ex3-modules/202309a/milanq/pkgs/boost-1.73.0/lib/../lib -L/cm/shared/ex3-modules/202309a/milanq/pkgs/xz-5.2.7/lib/../lib -L/cm/shared/ex3-modules/202309a/milanq/pkgs/openblas-0.3.21/lib/../lib -L/cm/shared/ex3-modules/202309a/milanq/pkgs/openmpi-4.1.4/lib/../lib -L/cm/shared/ex3-modules/202309a/milanq/pkgs/util-linux-2.34/lib/../lib -L/cm/shared/ex3-modules/202309a/milanq/pkgs/libfabric-1.17.0/lib/../lib -L/cm/shared/ex3-modules/202309a/milanq/pkgs/ucx-1.12.1/lib/../lib -L/cm/shared/ex3-modules/202309a/milanq/pkgs/rdma-core-44.0/lib/../lib -L/cm/shared/ex3-modules/202309a/milanq/pkgs/libnl-3.2.25/lib/../lib -L/cm/shared/ex3-modules/202309a/milanq/pkgs/numactl-2.0.13/lib/../lib -L/cm/shared/ex3-modules/202309a/milanq/pkgs/libevent-2.1.12-stable/lib/../lib -L/cm/shared/ex3-modules/202309a/milanq/pkgs/knem-1.1.4/lib/../lib -L/cm/shared/ex3-modules/202309a/milanq/pkgs/hwloc-2.7.1/lib/../lib -L/cm/shared/ex3-modules/0.6.1/pkgs/fftw-3.3.8/lib/../lib -L/cm/shared/ex3-modules/0.6.1/pkgs/lapack-3.9.0/lib/../lib -L/cm/shared/ex3-modules/0.6.1/pkgs/openblas-0.3.12/lib/../lib -L/cm/shared/ex3-modules/0.6.1/pkgs/gcc-8.4.0/lib64/../lib -L/cm/shared/ex3-modules/0.6.1/pkgs/freetype-2.10.1/lib/../lib -L/cm/shared/ex3-modules/0.6.1/pkgs/libpng-1.6.37/lib/../lib -L/cm/shared/ex3-modules/0.6.1/pkgs/python-3.7.4/lib/../lib -L/cm/shared/ex3-modules/0.6.1/pkgs/sqlite-3.31.1/lib/../lib -L/cm/shared/ex3-modules/0.6.1/pkgs/libffi-3.2.1/lib/../lib -L/cm/shared/ex3-modules/0.6.1/pkgs/readline-8.0/lib/../lib -L/cm/shared/ex3-modules/0.6.1/pkgs/ncurses-6.1/lib/../lib -L/cm/shared/ex3-modules/0.6.1/pkgs/xz-5.2.5/lib/../lib -L/cm/shared/ex3-modules/0.6.1/pkgs/bzip2-1.0.8/lib/../lib -L/cm/shared/ex3-modules/0.6.1/pkgs/openssl-1.1.1c/lib/../lib -L/cm/shared/apps/slurm/current/lib64/../lib -L/usr/lib/gcc/x86_64-linux-gnu/11 -L/usr/lib/gcc/x86_64-linux-gnu/11/../../../x86_64-linux-gnu -L/usr/lib/gcc/x86_64-linux-gnu/11/../../../../lib -L/lib/x86_64-linux-gnu -L/lib/../lib -L/usr/lib/x86_64-linux-gnu -L/usr/lib/../lib -L/home/andreast/modules/flow/202309a/rpp-dune-amgcpr-branch/lib -L/home/andreast/modules/zoltan/202309a/12.16/lib -L/home/andreast/modules/dune/202309a/mod-2.7.1/lib -L/cm/shared/ex3-modules/202309a/milanq/pkgs/suitesparse-32-5.12.0/lib -L/cm/shared/ex3-modules/202309a/milanq/pkgs/mpfr-4.0.2/lib -L/cm/shared/ex3-modules/202309a/milanq/pkgs/gmp-6.1.2/lib -L/cm/shared/ex3-modules/202309a/milanq/pkgs/parmetis-32-4.0.3/lib -L/cm/shared/ex3-modules/202309a/milanq/pkgs/metis-32-5.1.0/lib -L/cm/shared/ex3-modules/202309a/milanq/pkgs/boost-1.73.0/lib -L/cm/shared/ex3-modules/202309a/milanq/pkgs/xz-5.2.7/lib -L/cm/shared/ex3-modules/202309a/milanq/pkgs/openblas-0.3.21/lib -L/cm/shared/ex3-modules/202309a/milanq/pkgs/openmpi-4.1.4/lib -L/cm/shared/ex3-modules/202309a/milanq/pkgs/util-linux-2.34/lib -L/cm/shared/ex3-modules/202309a/milanq/pkgs/libfabric-1.17.0/lib -L/cm/shared/ex3-modules/202309a/milanq/pkgs/ucx-1.12.1/lib -L/cm/shared/ex3-modules/202309a/milanq/pkgs/rdma-core-44.0/lib -L/cm/shared/ex3-modules/202309a/milanq/pkgs/libnl-3.2.25/lib -L/cm/shared/ex3-modules/202309a/milanq/pkgs/numactl-2.0.13/lib -L/cm/shared/ex3-modules/202309a/milanq/pkgs/libevent-2.1.12-stable/lib -L/cm/shared/ex3-modules/202309a/milanq/pkgs/knem-1.1.4/lib -L/cm/shared/ex3-modules/202309a/milanq/pkgs/hwloc-2.7.1/lib -L/cm/shared/ex3-modules/0.6.1/pkgs/fftw-3.3.8/lib -L/cm/shared/ex3-modules/0.6.1/pkgs/lapack-3.9.0/lib -L/cm/shared/ex3-modules/0.6.1/pkgs/openblas-0.3.12/lib -L/cm/shared/ex3-modules/0.6.1/pkgs/gcc-8.4.0/lib64 -L/cm/shared/ex3-modules/0.6.1/pkgs/freetype-2.10.1/lib -L/cm/shared/ex3-modules/0.6.1/pkgs/libpng-1.6.37/lib -L/cm/shared/ex3-modules/0.6.1/pkgs/python-3.7.4/lib -L/cm/shared/ex3-modules/0.6.1/pkgs/sqlite-3.31.1/lib -L/cm/shared/ex3-modules/0.6.1/pkgs/libffi-3.2.1/lib -L/cm/shared/ex3-modules/0.6.1/pkgs/readline-8.0/lib -L/cm/shared/ex3-modules/0.6.1/pkgs/ncurses-6.1/lib -L/cm/shared/ex3-modules/0.6.1/pkgs/xz-5.2.5/lib -L/cm/shared/ex3-modules/0.6.1/pkgs/bzip2-1.0.8/lib -L/cm/shared/ex3-modules/0.6.1/pkgs/openssl-1.1.1c/lib -L/cm/shared/apps/slurm/current/lib64/slurm -L/cm/shared/apps/slurm/current/lib64 -L/usr/lib/gcc/x86_64-linux-gnu/11/../../.. CMakeFiles/cmTC_a8b57.dir/OpenMPTryFlag.cpp.o -lstdc++ -lm -lgomp -lgcc_s -lgcc -lpthread -lc -lgcc_s -lgcc /usr/lib/gcc/x86_64-linux-gnu/11/crtendS.o /usr/lib/gcc/x86_64-linux-gnu/11/../../../x86_64-linux-gnu/crtn.o /usr/lib/gcc/x86_64-linux-gnu/11/crtoffloadend.o
COLLECT_GCC_OPTIONS='-std=c++17' '-O2' '-mavx' '-funroll-loops' '-fopenmp' '-v' '-O3' '-D' 'NDEBUG' '-rdynamic' '-o' 'cmTC_a8b57' '-v' '-shared-libgcc' '-mtune=generic' '-march=x86-64' '-pthread' '-dumpdir' 'cmTC_a8b57.'
gmake[1]: Leaving directory '/home/erikhs/MatrixProblems/build_x86_64/CMakeFiles/CMakeTmp'



Parsed CXX OpenMP implicit link information from above output:
  link line regex: [^( *|.*[/\])(ld|CMAKE_LINK_STARTFILE-NOTFOUND|([^/\]+-)?ld|collect2)[^/\]*( |$)]
  ignore line: [Change Dir: /home/erikhs/MatrixProblems/build_x86_64/CMakeFiles/CMakeTmp]
  ignore line: []
  ignore line: [Run Build Command(s):/usr/bin/gmake cmTC_a8b57/fast && /usr/bin/gmake  -f CMakeFiles/cmTC_a8b57.dir/build.make CMakeFiles/cmTC_a8b57.dir/build]
  ignore line: [gmake[1]: Entering directory '/home/erikhs/MatrixProblems/build_x86_64/CMakeFiles/CMakeTmp']
  ignore line: [Building CXX object CMakeFiles/cmTC_a8b57.dir/OpenMPTryFlag.cpp.o]
  ignore line: [/usr/bin/c++    -std=c++17 -O2 -mavx -funroll-loops -fopenmp -v -O3 -DNDEBUG -fPIE   -o CMakeFiles/cmTC_a8b57.dir/OpenMPTryFlag.cpp.o -c /home/erikhs/MatrixProblems/build_x86_64/CMakeFiles/FindOpenMP/OpenMPTryFlag.cpp]
  ignore line: [Using built-in specs.]
  ignore line: [COLLECT_GCC=/usr/bin/c++]
  ignore line: [OFFLOAD_TARGET_NAMES=nvptx-none:amdgcn-amdhsa]
  ignore line: [OFFLOAD_TARGET_DEFAULT=1]
  ignore line: [Target: x86_64-linux-gnu]
  ignore line: [Configured with: ../src/configure -v --with-pkgversion='Ubuntu 11.4.0-1ubuntu1~22.04' --with-bugurl=file:///usr/share/doc/gcc-11/README.Bugs --enable-languages=c ada c++ go brig d fortran objc obj-c++ m2 --prefix=/usr --with-gcc-major-version-only --program-suffix=-11 --program-prefix=x86_64-linux-gnu- --enable-shared --enable-linker-build-id --libexecdir=/usr/lib --without-included-gettext --enable-threads=posix --libdir=/usr/lib --enable-nls --enable-bootstrap --enable-clocale=gnu --enable-libstdcxx-debug --enable-libstdcxx-time=yes --with-default-libstdcxx-abi=new --enable-gnu-unique-object --disable-vtable-verify --enable-plugin --enable-default-pie --with-system-zlib --enable-libphobos-checking=release --with-target-system-zlib=auto --enable-objc-gc=auto --enable-multiarch --disable-werror --enable-cet --with-arch-32=i686 --with-abi=m64 --with-multilib-list=m32 m64 mx32 --enable-multilib --with-tune=generic --enable-offload-targets=nvptx-none=/build/gcc-11-XeT9lY/gcc-11-11.4.0/debian/tmp-nvptx/usr amdgcn-amdhsa=/build/gcc-11-XeT9lY/gcc-11-11.4.0/debian/tmp-gcn/usr --without-cuda-driver --enable-checking=release --build=x86_64-linux-gnu --host=x86_64-linux-gnu --target=x86_64-linux-gnu --with-build-config=bootstrap-lto-lean --enable-link-serialization=2]
  ignore line: [Thread model: posix]
  ignore line: [Supported LTO compression algorithms: zlib zstd]
  ignore line: [gcc version 11.4.0 (Ubuntu 11.4.0-1ubuntu1~22.04) ]
  ignore line: [COLLECT_GCC_OPTIONS='-std=c++17' '-O2' '-mavx' '-funroll-loops' '-fopenmp' '-v' '-O3' '-D' 'NDEBUG' '-fPIE' '-o' 'CMakeFiles/cmTC_a8b57.dir/OpenMPTryFlag.cpp.o' '-c' '-shared-libgcc' '-mtune=generic' '-march=x86-64' '-pthread' '-dumpdir' 'CMakeFiles/cmTC_a8b57.dir/']
  ignore line: [ /usr/lib/gcc/x86_64-linux-gnu/11/cc1plus -quiet -v -imultiarch x86_64-linux-gnu -D_GNU_SOURCE -D_REENTRANT -D NDEBUG /home/erikhs/MatrixProblems/build_x86_64/CMakeFiles/FindOpenMP/OpenMPTryFlag.cpp -quiet -dumpdir CMakeFiles/cmTC_a8b57.dir/ -dumpbase OpenMPTryFlag.cpp.cpp -dumpbase-ext .cpp -mavx -mtune=generic -march=x86-64 -O2 -O3 -std=c++17 -version -funroll-loops -fopenmp -fPIE -fasynchronous-unwind-tables -fstack-protector-strong -Wformat -Wformat-security -fstack-clash-protection -fcf-protection -o /tmp/ccihpkGE.s]
  ignore line: [GNU C++17 (Ubuntu 11.4.0-1ubuntu1~22.04) version 11.4.0 (x86_64-linux-gnu)]
  ignore line: [	compiled by GNU C version 11.4.0  GMP version 6.2.1  MPFR version 4.1.0  MPC version 1.2.1  isl version isl-0.24-GMP]
  ignore line: []
  ignore line: [warning: GMP header version 6.2.1 differs from library version 6.1.2.]
  ignore line: [warning: MPFR header version 4.1.0 differs from library version 4.0.2.]
  ignore line: [GGC heuristics: --param ggc-min-expand=100 --param ggc-min-heapsize=131072]
  ignore line: [ignoring nonexistent directory "/opt/nvidia/cudaq/include"]
  ignore line: [ignoring nonexistent directory "/opt/nvidia/cudaq/include"]
  ignore line: [ignoring duplicate directory "/usr/include/x86_64-linux-gnu/c++/11"]
  ignore line: [ignoring nonexistent directory "/usr/local/include/x86_64-linux-gnu"]
  ignore line: [ignoring nonexistent directory "/usr/lib/gcc/x86_64-linux-gnu/11/include-fixed"]
  ignore line: [ignoring nonexistent directory "/usr/lib/gcc/x86_64-linux-gnu/11/../../../../x86_64-linux-gnu/include"]
  ignore line: [#include "..." search starts here:]
  ignore line: [#include <...> search starts here:]
  ignore line: [ /cm/shared/apps/slurm/current/include]
  ignore line: [ /home/andreast/modules/flow/202309a/rpp-dune-amgcpr-branch/include]
  ignore line: [ /home/andreast/modules/zoltan/202309a/12.16/include]
  ignore line: [ /home/andreast/modules/dune/202309a/mod-2.7.1/include]
  ignore line: [ /cm/shared/ex3-modules/202309a/milanq/pkgs/suitesparse-32-5.12.0/include]
  ignore line: [ /cm/shared/ex3-modules/202309a/milanq/pkgs/mpfr-4.0.2/include]
  ignore line: [ /cm/shared/ex3-modules/202309a/milanq/pkgs/gmp-6.1.2/include]
  ignore line: [ /cm/shared/ex3-modules/202309a/milanq/pkgs/parmetis-32-4.0.3/include]
  ignore line: [ /cm/shared/ex3-modules/202309a/milanq/pkgs/metis-32-5.1.0/include]
  ignore line: [ /cm/shared/ex3-modules/202309a/milanq/pkgs/boost-1.73.0/include]
  ignore line: [ /cm/shared/ex3-modules/202309a/milanq/pkgs/xz-5.2.7/include]
  ignore line: [ /cm/shared/ex3-modules/202309a/milanq/pkgs/openblas-0.3.21/include]
  ignore line: [ /cm/shared/ex3-modules/202309a/milanq/pkgs/openmpi-4.1.4/include]
  ignore line: [ /cm/shared/ex3-modules/202309a/milanq/pkgs/util-linux-2.34/include]
  ignore line: [ /cm/shared/ex3-modules/202309a/milanq/pkgs/libfabric-1.17.0/include]
  ignore line: [ /cm/shared/ex3-modules/202309a/milanq/pkgs/ucx-1.12.1/include]
  ignore line: [ /cm/shared/ex3-modules/202309a/milanq/pkgs/rdma-core-44.0/include]
  ignore line: [ /cm/shared/ex3-modules/202309a/milanq/pkgs/libnl-3.2.25/include/libnl3]
  ignore line: [ /cm/shared/ex3-modules/202309a/milanq/pkgs/numactl-2.0.13/include]
  ignore line: [ /cm/shared/ex3-modules/202309a/milanq/pkgs/libevent-2.1.12-stable/include]
  ignore line: [ /cm/shared/ex3-modules/202309a/milanq/pkgs/knem-1.1.4/include]
  ignore line: [ /cm/shared/ex3-modules/202309a/milanq/pkgs/hwloc-2.7.1/include]
  ignore line: [ /cm/shared/ex3-modules/0.6.1/pkgs/fftw-3.3.8/include]
  ignore line: [ /cm/shared/ex3-modules/0.6.1/pkgs/lapack-3.9.0/include]
  ignore line: [ /cm/shared/ex3-modules/0.6.1/pkgs/openblas-0.3.12/include]
  ignore line: [ /cm/shared/ex3-modules/0.6.1/pkgs/gcc-8.4.0/include/c++/]
  ignore line: [ /cm/shared/ex3-modules/0.6.1/pkgs/freetype-2.10.1/include]
  ignore line: [ /cm/shared/ex3-modules/0.6.1/pkgs/libpng-1.6.37/include]
  ignore line: [ /cm/shared/ex3-modules/0.6.1/pkgs/python-3.7.4/include/python3.7m]
  ignore line: [ /cm/shared/ex3-modules/0.6.1/pkgs/sqlite-3.31.1/include]
  ignore line: [ /cm/shared/ex3-modules/0.6.1/pkgs/libffi-3.2.1/include]
  ignore line: [ /cm/shared/ex3-modules/0.6.1/pkgs/readline-8.0/include]
  ignore line: [ /cm/shared/ex3-modules/0.6.1/pkgs/ncurses-6.1/include]
  ignore line: [ /cm/shared/ex3-modules/0.6.1/pkgs/xz-5.2.5/include]
  ignore line: [ /cm/shared/ex3-modules/0.6.1/pkgs/bzip2-1.0.8/include]
  ignore line: [ /cm/shared/ex3-modules/0.6.1/pkgs/openssl-1.1.1c/include]
  ignore line: [ /usr/include/c++/11]
  ignore line: [ /usr/include/x86_64-linux-gnu/c++/11]
  ignore line: [ /usr/include/c++/11/backward]
  ignore line: [ /usr/lib/gcc/x86_64-linux-gnu/11/include]
  ignore line: [ /usr/local/include]
  ignore line: [ /usr/include/x86_64-linux-gnu]
  ignore line: [ /usr/include]
  ignore line: [End of search list.]
  ignore line: [GNU C++17 (Ubuntu 11.4.0-1ubuntu1~22.04) version 11.4.0 (x86_64-linux-gnu)]
  ignore line: [	compiled by GNU C version 11.4.0  GMP version 6.2.1  MPFR version 4.1.0  MPC version 1.2.1  isl version isl-0.24-GMP]
  ignore line: []
  ignore line: [warning: GMP header version 6.2.1 differs from library version 6.1.2.]
  ignore line: [warning: MPFR header version 4.1.0 differs from library version 4.0.2.]
  ignore line: [GGC heuristics: --param ggc-min-expand=100 --param ggc-min-heapsize=131072]
  ignore line: [Compiler executable checksum: d591828bb4d392ae8b7b160e5bb0b95f]
  ignore line: [COLLECT_GCC_OPTIONS='-std=c++17' '-O2' '-mavx' '-funroll-loops' '-fopenmp' '-v' '-O3' '-D' 'NDEBUG' '-fPIE' '-o' 'CMakeFiles/cmTC_a8b57.dir/OpenMPTryFlag.cpp.o' '-c' '-shared-libgcc' '-mtune=generic' '-march=x86-64' '-pthread' '-dumpdir' 'CMakeFiles/cmTC_a8b57.dir/']
  ignore line: [ as -v --64 -o CMakeFiles/cmTC_a8b57.dir/OpenMPTryFlag.cpp.o /tmp/ccihpkGE.s]
  ignore line: [GNU assembler version 2.38 (x86_64-linux-gnu) using BFD version (GNU Binutils for Ubuntu) 2.38]
  ignore line: [COMPILER_PATH=/usr/lib/gcc/x86_64-linux-gnu/11/:/usr/lib/gcc/x86_64-linux-gnu/11/:/usr/lib/gcc/x86_64-linux-gnu/:/usr/lib/gcc/x86_64-linux-gnu/11/:/usr/lib/gcc/x86_64-linux-gnu/]
  ignore line: [LIBRARY_PATH=/home/andreast/modules/flow/202309a/rpp-dune-amgcpr-branch/lib/../lib/:/home/andreast/modules/zoltan/202309a/12.16/lib/../lib/:/home/andreast/modules/dune/202309a/mod-2.7.1/lib/../lib/:/cm/shared/ex3-modules/202309a/milanq/pkgs/suitesparse-32-5.12.0/lib/../lib/:/cm/shared/ex3-modules/202309a/milanq/pkgs/mpfr-4.0.2/lib/../lib/:/cm/shared/ex3-modules/202309a/milanq/pkgs/gmp-6.1.2/lib/../lib/:/cm/shared/ex3-modules/202309a/milanq/pkgs/parmetis-32-4.0.3/lib/../lib/:/cm/shared/ex3-modules/202309a/milanq/pkgs/metis-32-5.1.0/lib/../lib/:/cm/shared/ex3-modules/202309a/milanq/pkgs/boost-1.73.0/lib/../lib/:/cm/shared/ex3-modules/202309a/milanq/pkgs/xz-5.2.7/lib/../lib/:/cm/shared/ex3-modules/202309a/milanq/pkgs/openblas-0.3.21/lib/../lib/:/cm/shared/ex3-modules/202309a/milanq/pkgs/openmpi-4.1.4/lib/../lib/:/cm/shared/ex3-modules/202309a/milanq/pkgs/util-linux-2.34/lib/../lib/:/cm/shared/ex3-modules/202309a/milanq/pkgs/libfabric-1.17.0/lib/../lib/:/cm/shared/ex3-modules/202309a/milanq/pkgs/ucx-1.12.1/lib/../lib/:/cm/shared/ex3-modules/202309a/milanq/pkgs/rdma-core-44.0/lib/../lib/:/cm/shared/ex3-modules/202309a/milanq/pkgs/libnl-3.2.25/lib/../lib/:/cm/shared/ex3-modules/202309a/milanq/pkgs/numactl-2.0.13/lib/../lib/:/cm/shared/ex3-modules/202309a/milanq/pkgs/libevent-2.1.12-stable/lib/../lib/:/cm/shared/ex3-modules/202309a/milanq/pkgs/knem-1.1.4/lib/../lib/:/cm/shared/ex3-modules/202309a/milanq/pkgs/hwloc-2.7.1/lib/../lib/:/cm/shared/ex3-modules/0.6.1/pkgs/fftw-3.3.8/lib/../lib/:/cm/shared/ex3-modules/0.6.1/pkgs/lapack-3.9.0/lib/../lib/:/cm/shared/ex3-modules/0.6.1/pkgs/openblas-0.3.12/lib/../lib/:/cm/shared/ex3-modules/0.6.1/pkgs/gcc-8.4.0/lib64/../lib/:/cm/shared/ex3-modules/0.6.1/pkgs/freetype-2.10.1/lib/../lib/:/cm/shared/ex3-modules/0.6.1/pkgs/libpng-1.6.37/lib/../lib/:/cm/shared/ex3-modules/0.6.1/pkgs/python-3.7.4/lib/../lib/:/cm/shared/ex3-modules/0.6.1/pkgs/sqlite-3.31.1/lib/../lib/:/cm/shared/ex3-modules/0.6.1/pkgs/libffi-3.2.1/lib/../lib/:/cm/shared/ex3-modules/0.6.1/pkgs/readline-8.0/lib/../lib/:/cm/shared/ex3-modules/0.6.1/pkgs/ncurses-6.1/lib/../lib/:/cm/shared/ex3-modules/0.6.1/pkgs/xz-5.2.5/lib/../lib/:/cm/shared/ex3-modules/0.6.1/pkgs/bzip2-1.0.8/lib/../lib/:/cm/shared/ex3-modules/0.6.1/pkgs/openssl-1.1.1c/lib/../lib/:/cm/shared/apps/slurm/current/lib64/../lib/:/usr/lib/gcc/x86_64-linux-gnu/11/:/usr/lib/gcc/x86_64-linux-gnu/11/../../../x86_64-linux-gnu/:/usr/lib/gcc/x86_64-linux-gnu/11/../../../../lib/:/lib/x86_64-linux-gnu/:/lib/../lib/:/usr/lib/x86_64-linux-gnu/:/usr/lib/../lib/:/home/andreast/modules/flow/202309a/rpp-dune-amgcpr-branch/lib/:/home/andreast/modules/zoltan/202309a/12.16/lib/:/home/andreast/modules/dune/202309a/mod-2.7.1/lib/:/cm/shared/ex3-modules/202309a/milanq/pkgs/suitesparse-32-5.12.0/lib/:/cm/shared/ex3-modules/202309a/milanq/pkgs/mpfr-4.0.2/lib/:/cm/shared/ex3-modules/202309a/milanq/pkgs/gmp-6.1.2/lib/:/cm/shared/ex3-modules/202309a/milanq/pkgs/parmetis-32-4.0.3/lib/:/cm/shared/ex3-modules/202309a/milanq/pkgs/metis-32-5.1.0/lib/:/cm/shared/ex3-modules/202309a/milanq/pkgs/boost-1.73.0/lib/:/cm/shared/ex3-modules/202309a/milanq/pkgs/xz-5.2.7/lib/:/cm/shared/ex3-modules/202309a/milanq/pkgs/openblas-0.3.21/lib/:/cm/shared/ex3-modules/202309a/milanq/pkgs/openmpi-4.1.4/lib/:/cm/shared/ex3-modules/202309a/milanq/pkgs/util-linux-2.34/lib/:/cm/shared/ex3-modules/202309a/milanq/pkgs/libfabric-1.17.0/lib/:/cm/shared/ex3-modules/202309a/milanq/pkgs/ucx-1.12.1/lib/:/cm/shared/ex3-modules/202309a/milanq/pkgs/rdma-core-44.0/lib/:/cm/shared/ex3-modules/202309a/milanq/pkgs/libnl-3.2.25/lib/:/cm/shared/ex3-modules/202309a/milanq/pkgs/numactl-2.0.13/lib/:/cm/shared/ex3-modules/202309a/milanq/pkgs/libevent-2.1.12-stable/lib/:/cm/shared/ex3-modules/202309a/milanq/pkgs/knem-1.1.4/lib/:/cm/shared/ex3-modules/202309a/milanq/pkgs/hwloc-2.7.1/lib/:/cm/shared/ex3-modules/0.6.1/pkgs/fftw-3.3.8/lib/:/cm/shared/ex3-modules/0.6.1/pkgs/lapack-3.9.0/lib/:/cm/shared/ex3-modules/0.6.1/pkgs/openblas-0.3.12/lib/:/cm/shared/ex3-modules/0.6.1/pkgs/gcc-8.4.0/lib64/:/cm/shared/ex3-modules/0.6.1/pkgs/freetype-2.10.1/lib/:/cm/shared/ex3-modules/0.6.1/pkgs/libpng-1.6.37/lib/:/cm/shared/ex3-modules/0.6.1/pkgs/python-3.7.4/lib/:/cm/shared/ex3-modules/0.6.1/pkgs/sqlite-3.31.1/lib/:/cm/shared/ex3-modules/0.6.1/pkgs/libffi-3.2.1/lib/:/cm/shared/ex3-modules/0.6.1/pkgs/readline-8.0/lib/:/cm/shared/ex3-modules/0.6.1/pkgs/ncurses-6.1/lib/:/cm/shared/ex3-modules/0.6.1/pkgs/xz-5.2.5/lib/:/cm/shared/ex3-modules/0.6.1/pkgs/bzip2-1.0.8/lib/:/cm/shared/ex3-modules/0.6.1/pkgs/openssl-1.1.1c/lib/:/cm/shared/apps/slurm/current/lib64/slurm/:/cm/shared/apps/slurm/current/lib64/:/usr/lib/gcc/x86_64-linux-gnu/11/../../../:/lib/:/usr/lib/]
  ignore line: [COLLECT_GCC_OPTIONS='-std=c++17' '-O2' '-mavx' '-funroll-loops' '-fopenmp' '-v' '-O3' '-D' 'NDEBUG' '-fPIE' '-o' 'CMakeFiles/cmTC_a8b57.dir/OpenMPTryFlag.cpp.o' '-c' '-shared-libgcc' '-mtune=generic' '-march=x86-64' '-pthread' '-dumpdir' 'CMakeFiles/cmTC_a8b57.dir/OpenMPTryFlag.cpp.']
  ignore line: [Linking CXX executable cmTC_a8b57]
  ignore line: [/cm/shared/ex3-modules/0.6.1/pkgs/cmake-3.17.2/bin/cmake -E cmake_link_script CMakeFiles/cmTC_a8b57.dir/link.txt --verbose=1]
  ignore line: [/usr/bin/c++  -std=c++17 -O2 -mavx -funroll-loops -fopenmp -v -O3 -DNDEBUG    -rdynamic CMakeFiles/cmTC_a8b57.dir/OpenMPTryFlag.cpp.o  -o cmTC_a8b57  -v ]
  ignore line: [Using built-in specs.]
  ignore line: [COLLECT_GCC=/usr/bin/c++]
  ignore line: [COLLECT_LTO_WRAPPER=/usr/lib/gcc/x86_64-linux-gnu/11/lto-wrapper]
  ignore line: [OFFLOAD_TARGET_NAMES=nvptx-none:amdgcn-amdhsa]
  ignore line: [OFFLOAD_TARGET_DEFAULT=1]
  ignore line: [Target: x86_64-linux-gnu]
  ignore line: [Configured with: ../src/configure -v --with-pkgversion='Ubuntu 11.4.0-1ubuntu1~22.04' --with-bugurl=file:///usr/share/doc/gcc-11/README.Bugs --enable-languages=c ada c++ go brig d fortran objc obj-c++ m2 --prefix=/usr --with-gcc-major-version-only --program-suffix=-11 --program-prefix=x86_64-linux-gnu- --enable-shared --enable-linker-build-id --libexecdir=/usr/lib --without-included-gettext --enable-threads=posix --libdir=/usr/lib --enable-nls --enable-bootstrap --enable-clocale=gnu --enable-libstdcxx-debug --enable-libstdcxx-time=yes --with-default-libstdcxx-abi=new --enable-gnu-unique-object --disable-vtable-verify --enable-plugin --enable-default-pie --with-system-zlib --enable-libphobos-checking=release --with-target-system-zlib=auto --enable-objc-gc=auto --enable-multiarch --disable-werror --enable-cet --with-arch-32=i686 --with-abi=m64 --with-multilib-list=m32 m64 mx32 --enable-multilib --with-tune=generic --enable-offload-targets=nvptx-none=/build/gcc-11-XeT9lY/gcc-11-11.4.0/debian/tmp-nvptx/usr amdgcn-amdhsa=/build/gcc-11-XeT9lY/gcc-11-11.4.0/debian/tmp-gcn/usr --without-cuda-driver --enable-checking=release --build=x86_64-linux-gnu --host=x86_64-linux-gnu --target=x86_64-linux-gnu --with-build-config=bootstrap-lto-lean --enable-link-serialization=2]
  ignore line: [Thread model: posix]
  ignore line: [Supported LTO compression algorithms: zlib zstd]
  ignore line: [gcc version 11.4.0 (Ubuntu 11.4.0-1ubuntu1~22.04) ]
  ignore line: [COMPILER_PATH=/usr/lib/gcc/x86_64-linux-gnu/11/:/usr/lib/gcc/x86_64-linux-gnu/11/:/usr/lib/gcc/x86_64-linux-gnu/:/usr/lib/gcc/x86_64-linux-gnu/11/:/usr/lib/gcc/x86_64-linux-gnu/]
  ignore line: [LIBRARY_PATH=/home/andreast/modules/flow/202309a/rpp-dune-amgcpr-branch/lib/../lib/:/home/andreast/modules/zoltan/202309a/12.16/lib/../lib/:/home/andreast/modules/dune/202309a/mod-2.7.1/lib/../lib/:/cm/shared/ex3-modules/202309a/milanq/pkgs/suitesparse-32-5.12.0/lib/../lib/:/cm/shared/ex3-modules/202309a/milanq/pkgs/mpfr-4.0.2/lib/../lib/:/cm/shared/ex3-modules/202309a/milanq/pkgs/gmp-6.1.2/lib/../lib/:/cm/shared/ex3-modules/202309a/milanq/pkgs/parmetis-32-4.0.3/lib/../lib/:/cm/shared/ex3-modules/202309a/milanq/pkgs/metis-32-5.1.0/lib/../lib/:/cm/shared/ex3-modules/202309a/milanq/pkgs/boost-1.73.0/lib/../lib/:/cm/shared/ex3-modules/202309a/milanq/pkgs/xz-5.2.7/lib/../lib/:/cm/shared/ex3-modules/202309a/milanq/pkgs/openblas-0.3.21/lib/../lib/:/cm/shared/ex3-modules/202309a/milanq/pkgs/openmpi-4.1.4/lib/../lib/:/cm/shared/ex3-modules/202309a/milanq/pkgs/util-linux-2.34/lib/../lib/:/cm/shared/ex3-modules/202309a/milanq/pkgs/libfabric-1.17.0/lib/../lib/:/cm/shared/ex3-modules/202309a/milanq/pkgs/ucx-1.12.1/lib/../lib/:/cm/shared/ex3-modules/202309a/milanq/pkgs/rdma-core-44.0/lib/../lib/:/cm/shared/ex3-modules/202309a/milanq/pkgs/libnl-3.2.25/lib/../lib/:/cm/shared/ex3-modules/202309a/milanq/pkgs/numactl-2.0.13/lib/../lib/:/cm/shared/ex3-modules/202309a/milanq/pkgs/libevent-2.1.12-stable/lib/../lib/:/cm/shared/ex3-modules/202309a/milanq/pkgs/knem-1.1.4/lib/../lib/:/cm/shared/ex3-modules/202309a/milanq/pkgs/hwloc-2.7.1/lib/../lib/:/cm/shared/ex3-modules/0.6.1/pkgs/fftw-3.3.8/lib/../lib/:/cm/shared/ex3-modules/0.6.1/pkgs/lapack-3.9.0/lib/../lib/:/cm/shared/ex3-modules/0.6.1/pkgs/openblas-0.3.12/lib/../lib/:/cm/shared/ex3-modules/0.6.1/pkgs/gcc-8.4.0/lib64/../lib/:/cm/shared/ex3-modules/0.6.1/pkgs/freetype-2.10.1/lib/../lib/:/cm/shared/ex3-modules/0.6.1/pkgs/libpng-1.6.37/lib/../lib/:/cm/shared/ex3-modules/0.6.1/pkgs/python-3.7.4/lib/../lib/:/cm/shared/ex3-modules/0.6.1/pkgs/sqlite-3.31.1/lib/../lib/:/cm/shared/ex3-modules/0.6.1/pkgs/libffi-3.2.1/lib/../lib/:/cm/shared/ex3-modules/0.6.1/pkgs/readline-8.0/lib/../lib/:/cm/shared/ex3-modules/0.6.1/pkgs/ncurses-6.1/lib/../lib/:/cm/shared/ex3-modules/0.6.1/pkgs/xz-5.2.5/lib/../lib/:/cm/shared/ex3-modules/0.6.1/pkgs/bzip2-1.0.8/lib/../lib/:/cm/shared/ex3-modules/0.6.1/pkgs/openssl-1.1.1c/lib/../lib/:/cm/shared/apps/slurm/current/lib64/../lib/:/usr/lib/gcc/x86_64-linux-gnu/11/:/usr/lib/gcc/x86_64-linux-gnu/11/../../../x86_64-linux-gnu/:/usr/lib/gcc/x86_64-linux-gnu/11/../../../../lib/:/lib/x86_64-linux-gnu/:/lib/../lib/:/usr/lib/x86_64-linux-gnu/:/usr/lib/../lib/:/home/andreast/modules/flow/202309a/rpp-dune-amgcpr-branch/lib/:/home/andreast/modules/zoltan/202309a/12.16/lib/:/home/andreast/modules/dune/202309a/mod-2.7.1/lib/:/cm/shared/ex3-modules/202309a/milanq/pkgs/suitesparse-32-5.12.0/lib/:/cm/shared/ex3-modules/202309a/milanq/pkgs/mpfr-4.0.2/lib/:/cm/shared/ex3-modules/202309a/milanq/pkgs/gmp-6.1.2/lib/:/cm/shared/ex3-modules/202309a/milanq/pkgs/parmetis-32-4.0.3/lib/:/cm/shared/ex3-modules/202309a/milanq/pkgs/metis-32-5.1.0/lib/:/cm/shared/ex3-modules/202309a/milanq/pkgs/boost-1.73.0/lib/:/cm/shared/ex3-modules/202309a/milanq/pkgs/xz-5.2.7/lib/:/cm/shared/ex3-modules/202309a/milanq/pkgs/openblas-0.3.21/lib/:/cm/shared/ex3-modules/202309a/milanq/pkgs/openmpi-4.1.4/lib/:/cm/shared/ex3-modules/202309a/milanq/pkgs/util-linux-2.34/lib/:/cm/shared/ex3-modules/202309a/milanq/pkgs/libfabric-1.17.0/lib/:/cm/shared/ex3-modules/202309a/milanq/pkgs/ucx-1.12.1/lib/:/cm/shared/ex3-modules/202309a/milanq/pkgs/rdma-core-44.0/lib/:/cm/shared/ex3-modules/202309a/milanq/pkgs/libnl-3.2.25/lib/:/cm/shared/ex3-modules/202309a/milanq/pkgs/numactl-2.0.13/lib/:/cm/shared/ex3-modules/202309a/milanq/pkgs/libevent-2.1.12-stable/lib/:/cm/shared/ex3-modules/202309a/milanq/pkgs/knem-1.1.4/lib/:/cm/shared/ex3-modules/202309a/milanq/pkgs/hwloc-2.7.1/lib/:/cm/shared/ex3-modules/0.6.1/pkgs/fftw-3.3.8/lib/:/cm/shared/ex3-modules/0.6.1/pkgs/lapack-3.9.0/lib/:/cm/shared/ex3-modules/0.6.1/pkgs/openblas-0.3.12/lib/:/cm/shared/ex3-modules/0.6.1/pkgs/gcc-8.4.0/lib64/:/cm/shared/ex3-modules/0.6.1/pkgs/freetype-2.10.1/lib/:/cm/shared/ex3-modules/0.6.1/pkgs/libpng-1.6.37/lib/:/cm/shared/ex3-modules/0.6.1/pkgs/python-3.7.4/lib/:/cm/shared/ex3-modules/0.6.1/pkgs/sqlite-3.31.1/lib/:/cm/shared/ex3-modules/0.6.1/pkgs/libffi-3.2.1/lib/:/cm/shared/ex3-modules/0.6.1/pkgs/readline-8.0/lib/:/cm/shared/ex3-modules/0.6.1/pkgs/ncurses-6.1/lib/:/cm/shared/ex3-modules/0.6.1/pkgs/xz-5.2.5/lib/:/cm/shared/ex3-modules/0.6.1/pkgs/bzip2-1.0.8/lib/:/cm/shared/ex3-modules/0.6.1/pkgs/openssl-1.1.1c/lib/:/cm/shared/apps/slurm/current/lib64/slurm/:/cm/shared/apps/slurm/current/lib64/:/usr/lib/gcc/x86_64-linux-gnu/11/../../../:/lib/:/usr/lib/]
  ignore line: [Reading specs from /usr/lib/gcc/x86_64-linux-gnu/11/libgomp.spec]
  ignore line: [COLLECT_GCC_OPTIONS='-std=c++17' '-O2' '-mavx' '-funroll-loops' '-fopenmp' '-v' '-O3' '-D' 'NDEBUG' '-rdynamic' '-o' 'cmTC_a8b57' '-v' '-shared-libgcc' '-mtune=generic' '-march=x86-64' '-pthread' '-dumpdir' 'cmTC_a8b57.']
  link line: [ /usr/lib/gcc/x86_64-linux-gnu/11/collect2 -plugin /usr/lib/gcc/x86_64-linux-gnu/11/liblto_plugin.so -plugin-opt=/usr/lib/gcc/x86_64-linux-gnu/11/lto-wrapper -plugin-opt=-fresolution=/tmp/ccEWvHyT.res -plugin-opt=-pass-through=-lgcc_s -plugin-opt=-pass-through=-lgcc -plugin-opt=-pass-through=-lpthread -plugin-opt=-pass-through=-lc -plugin-opt=-pass-through=-lgcc_s -plugin-opt=-pass-through=-lgcc --build-id --eh-frame-hdr -m elf_x86_64 --hash-style=gnu --as-needed -export-dynamic -dynamic-linker /lib64/ld-linux-x86-64.so.2 -pie -z now -z relro -o cmTC_a8b57 /usr/lib/gcc/x86_64-linux-gnu/11/../../../x86_64-linux-gnu/Scrt1.o /usr/lib/gcc/x86_64-linux-gnu/11/../../../x86_64-linux-gnu/crti.o /usr/lib/gcc/x86_64-linux-gnu/11/crtbeginS.o /usr/lib/gcc/x86_64-linux-gnu/11/crtoffloadbegin.o -L/home/andreast/modules/flow/202309a/rpp-dune-amgcpr-branch/lib/../lib -L/home/andreast/modules/zoltan/202309a/12.16/lib/../lib -L/home/andreast/modules/dune/202309a/mod-2.7.1/lib/../lib -L/cm/shared/ex3-modules/202309a/milanq/pkgs/suitesparse-32-5.12.0/lib/../lib -L/cm/shared/ex3-modules/202309a/milanq/pkgs/mpfr-4.0.2/lib/../lib -L/cm/shared/ex3-modules/202309a/milanq/pkgs/gmp-6.1.2/lib/../lib -L/cm/shared/ex3-modules/202309a/milanq/pkgs/parmetis-32-4.0.3/lib/../lib -L/cm/shared/ex3-modules/202309a/milanq/pkgs/metis-32-5.1.0/lib/../lib -L/cm/shared/ex3-modules/202309a/milanq/pkgs/boost-1.73.0/lib/../lib -L/cm/shared/ex3-modules/202309a/milanq/pkgs/xz-5.2.7/lib/../lib -L/cm/shared/ex3-modules/202309a/milanq/pkgs/openblas-0.3.21/lib/../lib -L/cm/shared/ex3-modules/202309a/milanq/pkgs/openmpi-4.1.4/lib/../lib -L/cm/shared/ex3-modules/202309a/milanq/pkgs/util-linux-2.34/lib/../lib -L/cm/shared/ex3-modules/202309a/milanq/pkgs/libfabric-1.17.0/lib/../lib -L/cm/shared/ex3-modules/202309a/milanq/pkgs/ucx-1.12.1/lib/../lib -L/cm/shared/ex3-modules/202309a/milanq/pkgs/rdma-core-44.0/lib/../lib -L/cm/shared/ex3-modules/202309a/milanq/pkgs/libnl-3.2.25/lib/../lib -L/cm/shared/ex3-modules/202309a/milanq/pkgs/numactl-2.0.13/lib/../lib -L/cm/shared/ex3-modules/202309a/milanq/pkgs/libevent-2.1.12-stable/lib/../lib -L/cm/shared/ex3-modules/202309a/milanq/pkgs/knem-1.1.4/lib/../lib -L/cm/shared/ex3-modules/202309a/milanq/pkgs/hwloc-2.7.1/lib/../lib -L/cm/shared/ex3-modules/0.6.1/pkgs/fftw-3.3.8/lib/../lib -L/cm/shared/ex3-modules/0.6.1/pkgs/lapack-3.9.0/lib/../lib -L/cm/shared/ex3-modules/0.6.1/pkgs/openblas-0.3.12/lib/../lib -L/cm/shared/ex3-modules/0.6.1/pkgs/gcc-8.4.0/lib64/../lib -L/cm/shared/ex3-modules/0.6.1/pkgs/freetype-2.10.1/lib/../lib -L/cm/shared/ex3-modules/0.6.1/pkgs/libpng-1.6.37/lib/../lib -L/cm/shared/ex3-modules/0.6.1/pkgs/python-3.7.4/lib/../lib -L/cm/shared/ex3-modules/0.6.1/pkgs/sqlite-3.31.1/lib/../lib -L/cm/shared/ex3-modules/0.6.1/pkgs/libffi-3.2.1/lib/../lib -L/cm/shared/ex3-modules/0.6.1/pkgs/readline-8.0/lib/../lib -L/cm/shared/ex3-modules/0.6.1/pkgs/ncurses-6.1/lib/../lib -L/cm/shared/ex3-modules/0.6.1/pkgs/xz-5.2.5/lib/../lib -L/cm/shared/ex3-modules/0.6.1/pkgs/bzip2-1.0.8/lib/../lib -L/cm/shared/ex3-modules/0.6.1/pkgs/openssl-1.1.1c/lib/../lib -L/cm/shared/apps/slurm/current/lib64/../lib -L/usr/lib/gcc/x86_64-linux-gnu/11 -L/usr/lib/gcc/x86_64-linux-gnu/11/../../../x86_64-linux-gnu -L/usr/lib/gcc/x86_64-linux-gnu/11/../../../../lib -L/lib/x86_64-linux-gnu -L/lib/../lib -L/usr/lib/x86_64-linux-gnu -L/usr/lib/../lib -L/home/andreast/modules/flow/202309a/rpp-dune-amgcpr-branch/lib -L/home/andreast/modules/zoltan/202309a/12.16/lib -L/home/andreast/modules/dune/202309a/mod-2.7.1/lib -L/cm/shared/ex3-modules/202309a/milanq/pkgs/suitesparse-32-5.12.0/lib -L/cm/shared/ex3-modules/202309a/milanq/pkgs/mpfr-4.0.2/lib -L/cm/shared/ex3-modules/202309a/milanq/pkgs/gmp-6.1.2/lib -L/cm/shared/ex3-modules/202309a/milanq/pkgs/parmetis-32-4.0.3/lib -L/cm/shared/ex3-modules/202309a/milanq/pkgs/metis-32-5.1.0/lib -L/cm/shared/ex3-modules/202309a/milanq/pkgs/boost-1.73.0/lib -L/cm/shared/ex3-modules/202309a/milanq/pkgs/xz-5.2.7/lib -L/cm/shared/ex3-modules/202309a/milanq/pkgs/openblas-0.3.21/lib -L/cm/shared/ex3-modules/202309a/milanq/pkgs/openmpi-4.1.4/lib -L/cm/shared/ex3-modules/202309a/milanq/pkgs/util-linux-2.34/lib -L/cm/shared/ex3-modules/202309a/milanq/pkgs/libfabric-1.17.0/lib -L/cm/shared/ex3-modules/202309a/milanq/pkgs/ucx-1.12.1/lib -L/cm/shared/ex3-modules/202309a/milanq/pkgs/rdma-core-44.0/lib -L/cm/shared/ex3-modules/202309a/milanq/pkgs/libnl-3.2.25/lib -L/cm/shared/ex3-modules/202309a/milanq/pkgs/numactl-2.0.13/lib -L/cm/shared/ex3-modules/202309a/milanq/pkgs/libevent-2.1.12-stable/lib -L/cm/shared/ex3-modules/202309a/milanq/pkgs/knem-1.1.4/lib -L/cm/shared/ex3-modules/202309a/milanq/pkgs/hwloc-2.7.1/lib -L/cm/shared/ex3-modules/0.6.1/pkgs/fftw-3.3.8/lib -L/cm/shared/ex3-modules/0.6.1/pkgs/lapack-3.9.0/lib -L/cm/shared/ex3-modules/0.6.1/pkgs/openblas-0.3.12/lib -L/cm/shared/ex3-modules/0.6.1/pkgs/gcc-8.4.0/lib64 -L/cm/shared/ex3-modules/0.6.1/pkgs/freetype-2.10.1/lib -L/cm/shared/ex3-modules/0.6.1/pkgs/libpng-1.6.37/lib -L/cm/shared/ex3-modules/0.6.1/pkgs/python-3.7.4/lib -L/cm/shared/ex3-modules/0.6.1/pkgs/sqlite-3.31.1/lib -L/cm/shared/ex3-modules/0.6.1/pkgs/libffi-3.2.1/lib -L/cm/shared/ex3-modules/0.6.1/pkgs/readline-8.0/lib -L/cm/shared/ex3-modules/0.6.1/pkgs/ncurses-6.1/lib -L/cm/shared/ex3-modules/0.6.1/pkgs/xz-5.2.5/lib -L/cm/shared/ex3-modules/0.6.1/pkgs/bzip2-1.0.8/lib -L/cm/shared/ex3-modules/0.6.1/pkgs/openssl-1.1.1c/lib -L/cm/shared/apps/slurm/current/lib64/slurm -L/cm/shared/apps/slurm/current/lib64 -L/usr/lib/gcc/x86_64-linux-gnu/11/../../.. CMakeFiles/cmTC_a8b57.dir/OpenMPTryFlag.cpp.o -lstdc++ -lm -lgomp -lgcc_s -lgcc -lpthread -lc -lgcc_s -lgcc /usr/lib/gcc/x86_64-linux-gnu/11/crtendS.o /usr/lib/gcc/x86_64-linux-gnu/11/../../../x86_64-linux-gnu/crtn.o /usr/lib/gcc/x86_64-linux-gnu/11/crtoffloadend.o]
    arg [/usr/lib/gcc/x86_64-linux-gnu/11/collect2] ==> ignore
    arg [-plugin] ==> ignore
    arg [/usr/lib/gcc/x86_64-linux-gnu/11/liblto_plugin.so] ==> ignore
    arg [-plugin-opt=/usr/lib/gcc/x86_64-linux-gnu/11/lto-wrapper] ==> ignore
    arg [-plugin-opt=-fresolution=/tmp/ccEWvHyT.res] ==> ignore
    arg [-plugin-opt=-pass-through=-lgcc_s] ==> ignore
    arg [-plugin-opt=-pass-through=-lgcc] ==> ignore
    arg [-plugin-opt=-pass-through=-lpthread] ==> ignore
    arg [-plugin-opt=-pass-through=-lc] ==> ignore
    arg [-plugin-opt=-pass-through=-lgcc_s] ==> ignore
    arg [-plugin-opt=-pass-through=-lgcc] ==> ignore
    arg [--build-id] ==> ignore
    arg [--eh-frame-hdr] ==> ignore
    arg [-m] ==> ignore
    arg [elf_x86_64] ==> ignore
    arg [--hash-style=gnu] ==> ignore
    arg [--as-needed] ==> ignore
    arg [-export-dynamic] ==> ignore
    arg [-dynamic-linker] ==> ignore
    arg [/lib64/ld-linux-x86-64.so.2] ==> ignore
    arg [-pie] ==> ignore
    arg [-znow] ==> ignore
    arg [-zrelro] ==> ignore
    arg [-o] ==> ignore
    arg [cmTC_a8b57] ==> ignore
    arg [/usr/lib/gcc/x86_64-linux-gnu/11/../../../x86_64-linux-gnu/Scrt1.o] ==> ignore
    arg [/usr/lib/gcc/x86_64-linux-gnu/11/../../../x86_64-linux-gnu/crti.o] ==> ignore
    arg [/usr/lib/gcc/x86_64-linux-gnu/11/crtbeginS.o] ==> ignore
    arg [/usr/lib/gcc/x86_64-linux-gnu/11/crtoffloadbegin.o] ==> ignore
    arg [-L/home/andreast/modules/flow/202309a/rpp-dune-amgcpr-branch/lib/../lib] ==> dir [/home/andreast/modules/flow/202309a/rpp-dune-amgcpr-branch/lib/../lib]
    arg [-L/home/andreast/modules/zoltan/202309a/12.16/lib/../lib] ==> dir [/home/andreast/modules/zoltan/202309a/12.16/lib/../lib]
    arg [-L/home/andreast/modules/dune/202309a/mod-2.7.1/lib/../lib] ==> dir [/home/andreast/modules/dune/202309a/mod-2.7.1/lib/../lib]
    arg [-L/cm/shared/ex3-modules/202309a/milanq/pkgs/suitesparse-32-5.12.0/lib/../lib] ==> dir [/cm/shared/ex3-modules/202309a/milanq/pkgs/suitesparse-32-5.12.0/lib/../lib]
    arg [-L/cm/shared/ex3-modules/202309a/milanq/pkgs/mpfr-4.0.2/lib/../lib] ==> dir [/cm/shared/ex3-modules/202309a/milanq/pkgs/mpfr-4.0.2/lib/../lib]
    arg [-L/cm/shared/ex3-modules/202309a/milanq/pkgs/gmp-6.1.2/lib/../lib] ==> dir [/cm/shared/ex3-modules/202309a/milanq/pkgs/gmp-6.1.2/lib/../lib]
    arg [-L/cm/shared/ex3-modules/202309a/milanq/pkgs/parmetis-32-4.0.3/lib/../lib] ==> dir [/cm/shared/ex3-modules/202309a/milanq/pkgs/parmetis-32-4.0.3/lib/../lib]
    arg [-L/cm/shared/ex3-modules/202309a/milanq/pkgs/metis-32-5.1.0/lib/../lib] ==> dir [/cm/shared/ex3-modules/202309a/milanq/pkgs/metis-32-5.1.0/lib/../lib]
    arg [-L/cm/shared/ex3-modules/202309a/milanq/pkgs/boost-1.73.0/lib/../lib] ==> dir [/cm/shared/ex3-modules/202309a/milanq/pkgs/boost-1.73.0/lib/../lib]
    arg [-L/cm/shared/ex3-modules/202309a/milanq/pkgs/xz-5.2.7/lib/../lib] ==> dir [/cm/shared/ex3-modules/202309a/milanq/pkgs/xz-5.2.7/lib/../lib]
    arg [-L/cm/shared/ex3-modules/202309a/milanq/pkgs/openblas-0.3.21/lib/../lib] ==> dir [/cm/shared/ex3-modules/202309a/milanq/pkgs/openblas-0.3.21/lib/../lib]
    arg [-L/cm/shared/ex3-modules/202309a/milanq/pkgs/openmpi-4.1.4/lib/../lib] ==> dir [/cm/shared/ex3-modules/202309a/milanq/pkgs/openmpi-4.1.4/lib/../lib]
    arg [-L/cm/shared/ex3-modules/202309a/milanq/pkgs/util-linux-2.34/lib/../lib] ==> dir [/cm/shared/ex3-modules/202309a/milanq/pkgs/util-linux-2.34/lib/../lib]
    arg [-L/cm/shared/ex3-modules/202309a/milanq/pkgs/libfabric-1.17.0/lib/../lib] ==> dir [/cm/shared/ex3-modules/202309a/milanq/pkgs/libfabric-1.17.0/lib/../lib]
    arg [-L/cm/shared/ex3-modules/202309a/milanq/pkgs/ucx-1.12.1/lib/../lib] ==> dir [/cm/shared/ex3-modules/202309a/milanq/pkgs/ucx-1.12.1/lib/../lib]
    arg [-L/cm/shared/ex3-modules/202309a/milanq/pkgs/rdma-core-44.0/lib/../lib] ==> dir [/cm/shared/ex3-modules/202309a/milanq/pkgs/rdma-core-44.0/lib/../lib]
    arg [-L/cm/shared/ex3-modules/202309a/milanq/pkgs/libnl-3.2.25/lib/../lib] ==> dir [/cm/shared/ex3-modules/202309a/milanq/pkgs/libnl-3.2.25/lib/../lib]
    arg [-L/cm/shared/ex3-modules/202309a/milanq/pkgs/numactl-2.0.13/lib/../lib] ==> dir [/cm/shared/ex3-modules/202309a/milanq/pkgs/numactl-2.0.13/lib/../lib]
    arg [-L/cm/shared/ex3-modules/202309a/milanq/pkgs/libevent-2.1.12-stable/lib/../lib] ==> dir [/cm/shared/ex3-modules/202309a/milanq/pkgs/libevent-2.1.12-stable/lib/../lib]
    arg [-L/cm/shared/ex3-modules/202309a/milanq/pkgs/knem-1.1.4/lib/../lib] ==> dir [/cm/shared/ex3-modules/202309a/milanq/pkgs/knem-1.1.4/lib/../lib]
    arg [-L/cm/shared/ex3-modules/202309a/milanq/pkgs/hwloc-2.7.1/lib/../lib] ==> dir [/cm/shared/ex3-modules/202309a/milanq/pkgs/hwloc-2.7.1/lib/../lib]
    arg [-L/cm/shared/ex3-modules/0.6.1/pkgs/fftw-3.3.8/lib/../lib] ==> dir [/cm/shared/ex3-modules/0.6.1/pkgs/fftw-3.3.8/lib/../lib]
    arg [-L/cm/shared/ex3-modules/0.6.1/pkgs/lapack-3.9.0/lib/../lib] ==> dir [/cm/shared/ex3-modules/0.6.1/pkgs/lapack-3.9.0/lib/../lib]
    arg [-L/cm/shared/ex3-modules/0.6.1/pkgs/openblas-0.3.12/lib/../lib] ==> dir [/cm/shared/ex3-modules/0.6.1/pkgs/openblas-0.3.12/lib/../lib]
    arg [-L/cm/shared/ex3-modules/0.6.1/pkgs/gcc-8.4.0/lib64/../lib] ==> dir [/cm/shared/ex3-modules/0.6.1/pkgs/gcc-8.4.0/lib64/../lib]
    arg [-L/cm/shared/ex3-modules/0.6.1/pkgs/freetype-2.10.1/lib/../lib] ==> dir [/cm/shared/ex3-modules/0.6.1/pkgs/freetype-2.10.1/lib/../lib]
    arg [-L/cm/shared/ex3-modules/0.6.1/pkgs/libpng-1.6.37/lib/../lib] ==> dir [/cm/shared/ex3-modules/0.6.1/pkgs/libpng-1.6.37/lib/../lib]
    arg [-L/cm/shared/ex3-modules/0.6.1/pkgs/python-3.7.4/lib/../lib] ==> dir [/cm/shared/ex3-modules/0.6.1/pkgs/python-3.7.4/lib/../lib]
    arg [-L/cm/shared/ex3-modules/0.6.1/pkgs/sqlite-3.31.1/lib/../lib] ==> dir [/cm/shared/ex3-modules/0.6.1/pkgs/sqlite-3.31.1/lib/../lib]
    arg [-L/cm/shared/ex3-modules/0.6.1/pkgs/libffi-3.2.1/lib/../lib] ==> dir [/cm/shared/ex3-modules/0.6.1/pkgs/libffi-3.2.1/lib/../lib]
    arg [-L/cm/shared/ex3-modules/0.6.1/pkgs/readline-8.0/lib/../lib] ==> dir [/cm/shared/ex3-modules/0.6.1/pkgs/readline-8.0/lib/../lib]
    arg [-L/cm/shared/ex3-modules/0.6.1/pkgs/ncurses-6.1/lib/../lib] ==> dir [/cm/shared/ex3-modules/0.6.1/pkgs/ncurses-6.1/lib/../lib]
    arg [-L/cm/shared/ex3-modules/0.6.1/pkgs/xz-5.2.5/lib/../lib] ==> dir [/cm/shared/ex3-modules/0.6.1/pkgs/xz-5.2.5/lib/../lib]
    arg [-L/cm/shared/ex3-modules/0.6.1/pkgs/bzip2-1.0.8/lib/../lib] ==> dir [/cm/shared/ex3-modules/0.6.1/pkgs/bzip2-1.0.8/lib/../lib]
    arg [-L/cm/shared/ex3-modules/0.6.1/pkgs/openssl-1.1.1c/lib/../lib] ==> dir [/cm/shared/ex3-modules/0.6.1/pkgs/openssl-1.1.1c/lib/../lib]
    arg [-L/cm/shared/apps/slurm/current/lib64/../lib] ==> dir [/cm/shared/apps/slurm/current/lib64/../lib]
    arg [-L/usr/lib/gcc/x86_64-linux-gnu/11] ==> dir [/usr/lib/gcc/x86_64-linux-gnu/11]
    arg [-L/usr/lib/gcc/x86_64-linux-gnu/11/../../../x86_64-linux-gnu] ==> dir [/usr/lib/gcc/x86_64-linux-gnu/11/../../../x86_64-linux-gnu]
    arg [-L/usr/lib/gcc/x86_64-linux-gnu/11/../../../../lib] ==> dir [/usr/lib/gcc/x86_64-linux-gnu/11/../../../../lib]
    arg [-L/lib/x86_64-linux-gnu] ==> dir [/lib/x86_64-linux-gnu]
    arg [-L/lib/../lib] ==> dir [/lib/../lib]
    arg [-L/usr/lib/x86_64-linux-gnu] ==> dir [/usr/lib/x86_64-linux-gnu]
    arg [-L/usr/lib/../lib] ==> dir [/usr/lib/../lib]
    arg [-L/home/andreast/modules/flow/202309a/rpp-dune-amgcpr-branch/lib] ==> dir [/home/andreast/modules/flow/202309a/rpp-dune-amgcpr-branch/lib]
    arg [-L/home/andreast/modules/zoltan/202309a/12.16/lib] ==> dir [/home/andreast/modules/zoltan/202309a/12.16/lib]
    arg [-L/home/andreast/modules/dune/202309a/mod-2.7.1/lib] ==> dir [/home/andreast/modules/dune/202309a/mod-2.7.1/lib]
    arg [-L/cm/shared/ex3-modules/202309a/milanq/pkgs/suitesparse-32-5.12.0/lib] ==> dir [/cm/shared/ex3-modules/202309a/milanq/pkgs/suitesparse-32-5.12.0/lib]
    arg [-L/cm/shared/ex3-modules/202309a/milanq/pkgs/mpfr-4.0.2/lib] ==> dir [/cm/shared/ex3-modules/202309a/milanq/pkgs/mpfr-4.0.2/lib]
    arg [-L/cm/shared/ex3-modules/202309a/milanq/pkgs/gmp-6.1.2/lib] ==> dir [/cm/shared/ex3-modules/202309a/milanq/pkgs/gmp-6.1.2/lib]
    arg [-L/cm/shared/ex3-modules/202309a/milanq/pkgs/parmetis-32-4.0.3/lib] ==> dir [/cm/shared/ex3-modules/202309a/milanq/pkgs/parmetis-32-4.0.3/lib]
    arg [-L/cm/shared/ex3-modules/202309a/milanq/pkgs/metis-32-5.1.0/lib] ==> dir [/cm/shared/ex3-modules/202309a/milanq/pkgs/metis-32-5.1.0/lib]
    arg [-L/cm/shared/ex3-modules/202309a/milanq/pkgs/boost-1.73.0/lib] ==> dir [/cm/shared/ex3-modules/202309a/milanq/pkgs/boost-1.73.0/lib]
    arg [-L/cm/shared/ex3-modules/202309a/milanq/pkgs/xz-5.2.7/lib] ==> dir [/cm/shared/ex3-modules/202309a/milanq/pkgs/xz-5.2.7/lib]
    arg [-L/cm/shared/ex3-modules/202309a/milanq/pkgs/openblas-0.3.21/lib] ==> dir [/cm/shared/ex3-modules/202309a/milanq/pkgs/openblas-0.3.21/lib]
    arg [-L/cm/shared/ex3-modules/202309a/milanq/pkgs/openmpi-4.1.4/lib] ==> dir [/cm/shared/ex3-modules/202309a/milanq/pkgs/openmpi-4.1.4/lib]
    arg [-L/cm/shared/ex3-modules/202309a/milanq/pkgs/util-linux-2.34/lib] ==> dir [/cm/shared/ex3-modules/202309a/milanq/pkgs/util-linux-2.34/lib]
    arg [-L/cm/shared/ex3-modules/202309a/milanq/pkgs/libfabric-1.17.0/lib] ==> dir [/cm/shared/ex3-modules/202309a/milanq/pkgs/libfabric-1.17.0/lib]
    arg [-L/cm/shared/ex3-modules/202309a/milanq/pkgs/ucx-1.12.1/lib] ==> dir [/cm/shared/ex3-modules/202309a/milanq/pkgs/ucx-1.12.1/lib]
    arg [-L/cm/shared/ex3-modules/202309a/milanq/pkgs/rdma-core-44.0/lib] ==> dir [/cm/shared/ex3-modules/202309a/milanq/pkgs/rdma-core-44.0/lib]
    arg [-L/cm/shared/ex3-modules/202309a/milanq/pkgs/libnl-3.2.25/lib] ==> dir [/cm/shared/ex3-modules/202309a/milanq/pkgs/libnl-3.2.25/lib]
    arg [-L/cm/shared/ex3-modules/202309a/milanq/pkgs/numactl-2.0.13/lib] ==> dir [/cm/shared/ex3-modules/202309a/milanq/pkgs/numactl-2.0.13/lib]
    arg [-L/cm/shared/ex3-modules/202309a/milanq/pkgs/libevent-2.1.12-stable/lib] ==> dir [/cm/shared/ex3-modules/202309a/milanq/pkgs/libevent-2.1.12-stable/lib]
    arg [-L/cm/shared/ex3-modules/202309a/milanq/pkgs/knem-1.1.4/lib] ==> dir [/cm/shared/ex3-modules/202309a/milanq/pkgs/knem-1.1.4/lib]
    arg [-L/cm/shared/ex3-modules/202309a/milanq/pkgs/hwloc-2.7.1/lib] ==> dir [/cm/shared/ex3-modules/202309a/milanq/pkgs/hwloc-2.7.1/lib]
    arg [-L/cm/shared/ex3-modules/0.6.1/pkgs/fftw-3.3.8/lib] ==> dir [/cm/shared/ex3-modules/0.6.1/pkgs/fftw-3.3.8/lib]
    arg [-L/cm/shared/ex3-modules/0.6.1/pkgs/lapack-3.9.0/lib] ==> dir [/cm/shared/ex3-modules/0.6.1/pkgs/lapack-3.9.0/lib]
    arg [-L/cm/shared/ex3-modules/0.6.1/pkgs/openblas-0.3.12/lib] ==> dir [/cm/shared/ex3-modules/0.6.1/pkgs/openblas-0.3.12/lib]
    arg [-L/cm/shared/ex3-modules/0.6.1/pkgs/gcc-8.4.0/lib64] ==> dir [/cm/shared/ex3-modules/0.6.1/pkgs/gcc-8.4.0/lib64]
    arg [-L/cm/shared/ex3-modules/0.6.1/pkgs/freetype-2.10.1/lib] ==> dir [/cm/shared/ex3-modules/0.6.1/pkgs/freetype-2.10.1/lib]
    arg [-L/cm/shared/ex3-modules/0.6.1/pkgs/libpng-1.6.37/lib] ==> dir [/cm/shared/ex3-modules/0.6.1/pkgs/libpng-1.6.37/lib]
    arg [-L/cm/shared/ex3-modules/0.6.1/pkgs/python-3.7.4/lib] ==> dir [/cm/shared/ex3-modules/0.6.1/pkgs/python-3.7.4/lib]
    arg [-L/cm/shared/ex3-modules/0.6.1/pkgs/sqlite-3.31.1/lib] ==> dir [/cm/shared/ex3-modules/0.6.1/pkgs/sqlite-3.31.1/lib]
    arg [-L/cm/shared/ex3-modules/0.6.1/pkgs/libffi-3.2.1/lib] ==> dir [/cm/shared/ex3-modules/0.6.1/pkgs/libffi-3.2.1/lib]
    arg [-L/cm/shared/ex3-modules/0.6.1/pkgs/readline-8.0/lib] ==> dir [/cm/shared/ex3-modules/0.6.1/pkgs/readline-8.0/lib]
    arg [-L/cm/shared/ex3-modules/0.6.1/pkgs/ncurses-6.1/lib] ==> dir [/cm/shared/ex3-modules/0.6.1/pkgs/ncurses-6.1/lib]
    arg [-L/cm/shared/ex3-modules/0.6.1/pkgs/xz-5.2.5/lib] ==> dir [/cm/shared/ex3-modules/0.6.1/pkgs/xz-5.2.5/lib]
    arg [-L/cm/shared/ex3-modules/0.6.1/pkgs/bzip2-1.0.8/lib] ==> dir [/cm/shared/ex3-modules/0.6.1/pkgs/bzip2-1.0.8/lib]
    arg [-L/cm/shared/ex3-modules/0.6.1/pkgs/openssl-1.1.1c/lib] ==> dir [/cm/shared/ex3-modules/0.6.1/pkgs/openssl-1.1.1c/lib]
    arg [-L/cm/shared/apps/slurm/current/lib64/slurm] ==> dir [/cm/shared/apps/slurm/current/lib64/slurm]
    arg [-L/cm/shared/apps/slurm/current/lib64] ==> dir [/cm/shared/apps/slurm/current/lib64]
    arg [-L/usr/lib/gcc/x86_64-linux-gnu/11/../../..] ==> dir [/usr/lib/gcc/x86_64-linux-gnu/11/../../..]
    arg [CMakeFiles/cmTC_a8b57.dir/OpenMPTryFlag.cpp.o] ==> ignore
    arg [-lstdc++] ==> lib [stdc++]
    arg [-lm] ==> lib [m]
    arg [-lgomp] ==> lib [gomp]
    arg [-lgcc_s] ==> lib [gcc_s]
    arg [-lgcc] ==> lib [gcc]
    arg [-lpthread] ==> lib [pthread]
    arg [-lc] ==> lib [c]
    arg [-lgcc_s] ==> lib [gcc_s]
    arg [-lgcc] ==> lib [gcc]
    arg [/usr/lib/gcc/x86_64-linux-gnu/11/crtendS.o] ==> ignore
    arg [/usr/lib/gcc/x86_64-linux-gnu/11/../../../x86_64-linux-gnu/crtn.o] ==> ignore
    arg [/usr/lib/gcc/x86_64-linux-gnu/11/crtoffloadend.o] ==> ignore
  collapse library dir [/home/andreast/modules/flow/202309a/rpp-dune-amgcpr-branch/lib/../lib] ==> [/home/andreast/modules/flow/202309a/rpp-dune-amgcpr-branch/lib]
  collapse library dir [/home/andreast/modules/zoltan/202309a/12.16/lib/../lib] ==> [/home/andreast/modules/zoltan/202309a/12.16/lib]
  collapse library dir [/home/andreast/modules/dune/202309a/mod-2.7.1/lib/../lib] ==> [/home/andreast/modules/dune/202309a/mod-2.7.1/lib]
  collapse library dir [/cm/shared/ex3-modules/202309a/milanq/pkgs/suitesparse-32-5.12.0/lib/../lib] ==> [/cm/shared/ex3-modules/202309a/milanq/pkgs/suitesparse-32-5.12.0/lib]
  collapse library dir [/cm/shared/ex3-modules/202309a/milanq/pkgs/mpfr-4.0.2/lib/../lib] ==> [/cm/shared/ex3-modules/202309a/milanq/pkgs/mpfr-4.0.2/lib]
  collapse library dir [/cm/shared/ex3-modules/202309a/milanq/pkgs/gmp-6.1.2/lib/../lib] ==> [/cm/shared/ex3-modules/202309a/milanq/pkgs/gmp-6.1.2/lib]
  collapse library dir [/cm/shared/ex3-modules/202309a/milanq/pkgs/parmetis-32-4.0.3/lib/../lib] ==> [/cm/shared/ex3-modules/202309a/milanq/pkgs/parmetis-32-4.0.3/lib]
  collapse library dir [/cm/shared/ex3-modules/202309a/milanq/pkgs/metis-32-5.1.0/lib/../lib] ==> [/cm/shared/ex3-modules/202309a/milanq/pkgs/metis-32-5.1.0/lib]
  collapse library dir [/cm/shared/ex3-modules/202309a/milanq/pkgs/boost-1.73.0/lib/../lib] ==> [/cm/shared/ex3-modules/202309a/milanq/pkgs/boost-1.73.0/lib]
  collapse library dir [/cm/shared/ex3-modules/202309a/milanq/pkgs/xz-5.2.7/lib/../lib] ==> [/cm/shared/ex3-modules/202309a/milanq/pkgs/xz-5.2.7/lib]
  collapse library dir [/cm/shared/ex3-modules/202309a/milanq/pkgs/openblas-0.3.21/lib/../lib] ==> [/cm/shared/ex3-modules/202309a/milanq/pkgs/openblas-0.3.21/lib]
  collapse library dir [/cm/shared/ex3-modules/202309a/milanq/pkgs/openmpi-4.1.4/lib/../lib] ==> [/cm/shared/ex3-modules/202309a/milanq/pkgs/openmpi-4.1.4/lib]
  collapse library dir [/cm/shared/ex3-modules/202309a/milanq/pkgs/util-linux-2.34/lib/../lib] ==> [/cm/shared/ex3-modules/202309a/milanq/pkgs/util-linux-2.34/lib]
  collapse library dir [/cm/shared/ex3-modules/202309a/milanq/pkgs/libfabric-1.17.0/lib/../lib] ==> [/cm/shared/ex3-modules/202309a/milanq/pkgs/libfabric-1.17.0/lib]
  collapse library dir [/cm/shared/ex3-modules/202309a/milanq/pkgs/ucx-1.12.1/lib/../lib] ==> [/cm/shared/ex3-modules/202309a/milanq/pkgs/ucx-1.12.1/lib]
  collapse library dir [/cm/shared/ex3-modules/202309a/milanq/pkgs/rdma-core-44.0/lib/../lib] ==> [/cm/shared/ex3-modules/202309a/milanq/pkgs/rdma-core-44.0/lib]
  collapse library dir [/cm/shared/ex3-modules/202309a/milanq/pkgs/libnl-3.2.25/lib/../lib] ==> [/cm/shared/ex3-modules/202309a/milanq/pkgs/libnl-3.2.25/lib]
  collapse library dir [/cm/shared/ex3-modules/202309a/milanq/pkgs/numactl-2.0.13/lib/../lib] ==> [/cm/shared/ex3-modules/202309a/milanq/pkgs/numactl-2.0.13/lib]
  collapse library dir [/cm/shared/ex3-modules/202309a/milanq/pkgs/libevent-2.1.12-stable/lib/../lib] ==> [/cm/shared/ex3-modules/202309a/milanq/pkgs/libevent-2.1.12-stable/lib]
  collapse library dir [/cm/shared/ex3-modules/202309a/milanq/pkgs/knem-1.1.4/lib/../lib] ==> [/cm/shared/ex3-modules/202309a/milanq/pkgs/knem-1.1.4/lib]
  collapse library dir [/cm/shared/ex3-modules/202309a/milanq/pkgs/hwloc-2.7.1/lib/../lib] ==> [/cm/shared/ex3-modules/202309a/milanq/pkgs/hwloc-2.7.1/lib]
  collapse library dir [/cm/shared/ex3-modules/0.6.1/pkgs/fftw-3.3.8/lib/../lib] ==> [/cm/shared/ex3-modules/0.6.1/pkgs/fftw-3.3.8/lib]
  collapse library dir [/cm/shared/ex3-modules/0.6.1/pkgs/lapack-3.9.0/lib/../lib] ==> [/cm/shared/ex3-modules/0.6.1/pkgs/lapack-3.9.0/lib]
  collapse library dir [/cm/shared/ex3-modules/0.6.1/pkgs/openblas-0.3.12/lib/../lib] ==> [/cm/shared/ex3-modules/0.6.1/pkgs/openblas-0.3.12/lib]
  collapse library dir [/cm/shared/ex3-modules/0.6.1/pkgs/gcc-8.4.0/lib64/../lib] ==> [/cm/shared/ex3-modules/0.6.1/pkgs/gcc-8.4.0/lib]
  collapse library dir [/cm/shared/ex3-modules/0.6.1/pkgs/freetype-2.10.1/lib/../lib] ==> [/cm/shared/ex3-modules/0.6.1/pkgs/freetype-2.10.1/lib]
  collapse library dir [/cm/shared/ex3-modules/0.6.1/pkgs/libpng-1.6.37/lib/../lib] ==> [/cm/shared/ex3-modules/0.6.1/pkgs/libpng-1.6.37/lib]
  collapse library dir [/cm/shared/ex3-modules/0.6.1/pkgs/python-3.7.4/lib/../lib] ==> [/cm/shared/ex3-modules/0.6.1/pkgs/python-3.7.4/lib]
  collapse library dir [/cm/shared/ex3-modules/0.6.1/pkgs/sqlite-3.31.1/lib/../lib] ==> [/cm/shared/ex3-modules/0.6.1/pkgs/sqlite-3.31.1/lib]
  collapse library dir [/cm/shared/ex3-modules/0.6.1/pkgs/libffi-3.2.1/lib/../lib] ==> [/cm/shared/ex3-modules/0.6.1/pkgs/libffi-3.2.1/lib]
  collapse library dir [/cm/shared/ex3-modules/0.6.1/pkgs/readline-8.0/lib/../lib] ==> [/cm/shared/ex3-modules/0.6.1/pkgs/readline-8.0/lib]
  collapse library dir [/cm/shared/ex3-modules/0.6.1/pkgs/ncurses-6.1/lib/../lib] ==> [/cm/shared/ex3-modules/0.6.1/pkgs/ncurses-6.1/lib]
  collapse library dir [/cm/shared/ex3-modules/0.6.1/pkgs/xz-5.2.5/lib/../lib] ==> [/cm/shared/ex3-modules/0.6.1/pkgs/xz-5.2.5/lib]
  collapse library dir [/cm/shared/ex3-modules/0.6.1/pkgs/bzip2-1.0.8/lib/../lib] ==> [/cm/shared/ex3-modules/0.6.1/pkgs/bzip2-1.0.8/lib]
  collapse library dir [/cm/shared/ex3-modules/0.6.1/pkgs/openssl-1.1.1c/lib/../lib] ==> [/cm/shared/ex3-modules/0.6.1/pkgs/openssl-1.1.1c/lib]
  collapse library dir [/cm/shared/apps/slurm/current/lib64/../lib] ==> [/cm/shared/apps/slurm/current/lib]
  collapse library dir [/usr/lib/gcc/x86_64-linux-gnu/11] ==> [/usr/lib/gcc/x86_64-linux-gnu/11]
  collapse library dir [/usr/lib/gcc/x86_64-linux-gnu/11/../../../x86_64-linux-gnu] ==> [/usr/lib/x86_64-linux-gnu]
  collapse library dir [/usr/lib/gcc/x86_64-linux-gnu/11/../../../../lib] ==> [/usr/lib]
  collapse library dir [/lib/x86_64-linux-gnu] ==> [/lib/x86_64-linux-gnu]
  collapse library dir [/lib/../lib] ==> [/lib]
  collapse library dir [/usr/lib/x86_64-linux-gnu] ==> [/usr/lib/x86_64-linux-gnu]
  collapse library dir [/usr/lib/../lib] ==> [/usr/lib]
  collapse library dir [/home/andreast/modules/flow/202309a/rpp-dune-amgcpr-branch/lib] ==> [/home/andreast/modules/flow/202309a/rpp-dune-amgcpr-branch/lib]
  collapse library dir [/home/andreast/modules/zoltan/202309a/12.16/lib] ==> [/home/andreast/modules/zoltan/202309a/12.16/lib]
  collapse library dir [/home/andreast/modules/dune/202309a/mod-2.7.1/lib] ==> [/home/andreast/modules/dune/202309a/mod-2.7.1/lib]
  collapse library dir [/cm/shared/ex3-modules/202309a/milanq/pkgs/suitesparse-32-5.12.0/lib] ==> [/cm/shared/ex3-modules/202309a/milanq/pkgs/suitesparse-32-5.12.0/lib]
  collapse library dir [/cm/shared/ex3-modules/202309a/milanq/pkgs/mpfr-4.0.2/lib] ==> [/cm/shared/ex3-modules/202309a/milanq/pkgs/mpfr-4.0.2/lib]
  collapse library dir [/cm/shared/ex3-modules/202309a/milanq/pkgs/gmp-6.1.2/lib] ==> [/cm/shared/ex3-modules/202309a/milanq/pkgs/gmp-6.1.2/lib]
  collapse library dir [/cm/shared/ex3-modules/202309a/milanq/pkgs/parmetis-32-4.0.3/lib] ==> [/cm/shared/ex3-modules/202309a/milanq/pkgs/parmetis-32-4.0.3/lib]
  collapse library dir [/cm/shared/ex3-modules/202309a/milanq/pkgs/metis-32-5.1.0/lib] ==> [/cm/shared/ex3-modules/202309a/milanq/pkgs/metis-32-5.1.0/lib]
  collapse library dir [/cm/shared/ex3-modules/202309a/milanq/pkgs/boost-1.73.0/lib] ==> [/cm/shared/ex3-modules/202309a/milanq/pkgs/boost-1.73.0/lib]
  collapse library dir [/cm/shared/ex3-modules/202309a/milanq/pkgs/xz-5.2.7/lib] ==> [/cm/shared/ex3-modules/202309a/milanq/pkgs/xz-5.2.7/lib]
  collapse library dir [/cm/shared/ex3-modules/202309a/milanq/pkgs/openblas-0.3.21/lib] ==> [/cm/shared/ex3-modules/202309a/milanq/pkgs/openblas-0.3.21/lib]
  collapse library dir [/cm/shared/ex3-modules/202309a/milanq/pkgs/openmpi-4.1.4/lib] ==> [/cm/shared/ex3-modules/202309a/milanq/pkgs/openmpi-4.1.4/lib]
  collapse library dir [/cm/shared/ex3-modules/202309a/milanq/pkgs/util-linux-2.34/lib] ==> [/cm/shared/ex3-modules/202309a/milanq/pkgs/util-linux-2.34/lib]
  collapse library dir [/cm/shared/ex3-modules/202309a/milanq/pkgs/libfabric-1.17.0/lib] ==> [/cm/shared/ex3-modules/202309a/milanq/pkgs/libfabric-1.17.0/lib]
  collapse library dir [/cm/shared/ex3-modules/202309a/milanq/pkgs/ucx-1.12.1/lib] ==> [/cm/shared/ex3-modules/202309a/milanq/pkgs/ucx-1.12.1/lib]
  collapse library dir [/cm/shared/ex3-modules/202309a/milanq/pkgs/rdma-core-44.0/lib] ==> [/cm/shared/ex3-modules/202309a/milanq/pkgs/rdma-core-44.0/lib]
  collapse library dir [/cm/shared/ex3-modules/202309a/milanq/pkgs/libnl-3.2.25/lib] ==> [/cm/shared/ex3-modules/202309a/milanq/pkgs/libnl-3.2.25/lib]
  collapse library dir [/cm/shared/ex3-modules/202309a/milanq/pkgs/numactl-2.0.13/lib] ==> [/cm/shared/ex3-modules/202309a/milanq/pkgs/numactl-2.0.13/lib]
  collapse library dir [/cm/shared/ex3-modules/202309a/milanq/pkgs/libevent-2.1.12-stable/lib] ==> [/cm/shared/ex3-modules/202309a/milanq/pkgs/libevent-2.1.12-stable/lib]
  collapse library dir [/cm/shared/ex3-modules/202309a/milanq/pkgs/knem-1.1.4/lib] ==> [/cm/shared/ex3-modules/202309a/milanq/pkgs/knem-1.1.4/lib]
  collapse library dir [/cm/shared/ex3-modules/202309a/milanq/pkgs/hwloc-2.7.1/lib] ==> [/cm/shared/ex3-modules/202309a/milanq/pkgs/hwloc-2.7.1/lib]
  collapse library dir [/cm/shared/ex3-modules/0.6.1/pkgs/fftw-3.3.8/lib] ==> [/cm/shared/ex3-modules/0.6.1/pkgs/fftw-3.3.8/lib]
  collapse library dir [/cm/shared/ex3-modules/0.6.1/pkgs/lapack-3.9.0/lib] ==> [/cm/shared/ex3-modules/0.6.1/pkgs/lapack-3.9.0/lib]
  collapse library dir [/cm/shared/ex3-modules/0.6.1/pkgs/openblas-0.3.12/lib] ==> [/cm/shared/ex3-modules/0.6.1/pkgs/openblas-0.3.12/lib]
  collapse library dir [/cm/shared/ex3-modules/0.6.1/pkgs/gcc-8.4.0/lib64] ==> [/cm/shared/ex3-modules/0.6.1/pkgs/gcc-8.4.0/lib64]
  collapse library dir [/cm/shared/ex3-modules/0.6.1/pkgs/freetype-2.10.1/lib] ==> [/cm/shared/ex3-modules/0.6.1/pkgs/freetype-2.10.1/lib]
  collapse library dir [/cm/shared/ex3-modules/0.6.1/pkgs/libpng-1.6.37/lib] ==> [/cm/shared/ex3-modules/0.6.1/pkgs/libpng-1.6.37/lib]
  collapse library dir [/cm/shared/ex3-modules/0.6.1/pkgs/python-3.7.4/lib] ==> [/cm/shared/ex3-modules/0.6.1/pkgs/python-3.7.4/lib]
  collapse library dir [/cm/shared/ex3-modules/0.6.1/pkgs/sqlite-3.31.1/lib] ==> [/cm/shared/ex3-modules/0.6.1/pkgs/sqlite-3.31.1/lib]
  collapse library dir [/cm/shared/ex3-modules/0.6.1/pkgs/libffi-3.2.1/lib] ==> [/cm/shared/ex3-modules/0.6.1/pkgs/libffi-3.2.1/lib]
  collapse library dir [/cm/shared/ex3-modules/0.6.1/pkgs/readline-8.0/lib] ==> [/cm/shared/ex3-modules/0.6.1/pkgs/readline-8.0/lib]
  collapse library dir [/cm/shared/ex3-modules/0.6.1/pkgs/ncurses-6.1/lib] ==> [/cm/shared/ex3-modules/0.6.1/pkgs/ncurses-6.1/lib]
  collapse library dir [/cm/shared/ex3-modules/0.6.1/pkgs/xz-5.2.5/lib] ==> [/cm/shared/ex3-modules/0.6.1/pkgs/xz-5.2.5/lib]
  collapse library dir [/cm/shared/ex3-modules/0.6.1/pkgs/bzip2-1.0.8/lib] ==> [/cm/shared/ex3-modules/0.6.1/pkgs/bzip2-1.0.8/lib]
  collapse library dir [/cm/shared/ex3-modules/0.6.1/pkgs/openssl-1.1.1c/lib] ==> [/cm/shared/ex3-modules/0.6.1/pkgs/openssl-1.1.1c/lib]
  collapse library dir [/cm/shared/apps/slurm/current/lib64/slurm] ==> [/cm/shared/apps/slurm/current/lib64/slurm]
  collapse library dir [/cm/shared/apps/slurm/current/lib64] ==> [/cm/shared/apps/slurm/current/lib64]
  collapse library dir [/usr/lib/gcc/x86_64-linux-gnu/11/../../..] ==> [/usr/lib]
  implicit libs: [stdc++;m;gomp;gcc_s;gcc;pthread;c;gcc_s;gcc]
  implicit dirs: [/home/andreast/modules/flow/202309a/rpp-dune-amgcpr-branch/lib;/home/andreast/modules/zoltan/202309a/12.16/lib;/home/andreast/modules/dune/202309a/mod-2.7.1/lib;/cm/shared/ex3-modules/202309a/milanq/pkgs/suitesparse-32-5.12.0/lib;/cm/shared/ex3-modules/202309a/milanq/pkgs/mpfr-4.0.2/lib;/cm/shared/ex3-modules/202309a/milanq/pkgs/gmp-6.1.2/lib;/cm/shared/ex3-modules/202309a/milanq/pkgs/parmetis-32-4.0.3/lib;/cm/shared/ex3-modules/202309a/milanq/pkgs/metis-32-5.1.0/lib;/cm/shared/ex3-modules/202309a/milanq/pkgs/boost-1.73.0/lib;/cm/shared/ex3-modules/202309a/milanq/pkgs/xz-5.2.7/lib;/cm/shared/ex3-modules/202309a/milanq/pkgs/openblas-0.3.21/lib;/cm/shared/ex3-modules/202309a/milanq/pkgs/openmpi-4.1.4/lib;/cm/shared/ex3-modules/202309a/milanq/pkgs/util-linux-2.34/lib;/cm/shared/ex3-modules/202309a/milanq/pkgs/libfabric-1.17.0/lib;/cm/shared/ex3-modules/202309a/milanq/pkgs/ucx-1.12.1/lib;/cm/shared/ex3-modules/202309a/milanq/pkgs/rdma-core-44.0/lib;/cm/shared/ex3-modules/202309a/milanq/pkgs/libnl-3.2.25/lib;/cm/shared/ex3-modules/202309a/milanq/pkgs/numactl-2.0.13/lib;/cm/shared/ex3-modules/202309a/milanq/pkgs/libevent-2.1.12-stable/lib;/cm/shared/ex3-modules/202309a/milanq/pkgs/knem-1.1.4/lib;/cm/shared/ex3-modules/202309a/milanq/pkgs/hwloc-2.7.1/lib;/cm/shared/ex3-modules/0.6.1/pkgs/fftw-3.3.8/lib;/cm/shared/ex3-modules/0.6.1/pkgs/lapack-3.9.0/lib;/cm/shared/ex3-modules/0.6.1/pkgs/openblas-0.3.12/lib;/cm/shared/ex3-modules/0.6.1/pkgs/gcc-8.4.0/lib;/cm/shared/ex3-modules/0.6.1/pkgs/freetype-2.10.1/lib;/cm/shared/ex3-modules/0.6.1/pkgs/libpng-1.6.37/lib;/cm/shared/ex3-modules/0.6.1/pkgs/python-3.7.4/lib;/cm/shared/ex3-modules/0.6.1/pkgs/sqlite-3.31.1/lib;/cm/shared/ex3-modules/0.6.1/pkgs/libffi-3.2.1/lib;/cm/shared/ex3-modules/0.6.1/pkgs/readline-8.0/lib;/cm/shared/ex3-modules/0.6.1/pkgs/ncurses-6.1/lib;/cm/shared/ex3-modules/0.6.1/pkgs/xz-5.2.5/lib;/cm/shared/ex3-modules/0.6.1/pkgs/bzip2-1.0.8/lib;/cm/shared/ex3-modules/0.6.1/pkgs/openssl-1.1.1c/lib;/cm/shared/apps/slurm/current/lib;/usr/lib/gcc/x86_64-linux-gnu/11;/usr/lib/x86_64-linux-gnu;/usr/lib;/lib/x86_64-linux-gnu;/lib;/cm/shared/ex3-modules/0.6.1/pkgs/gcc-8.4.0/lib64;/cm/shared/apps/slurm/current/lib64/slurm;/cm/shared/apps/slurm/current/lib64]
  implicit fwks: []


Detecting Fortran OpenMP compiler ABI info compiled with the following output:
Change Dir: /home/erikhs/MatrixProblems/build_x86_64/CMakeFiles/CMakeTmp

Run Build Command(s):/usr/bin/gmake cmTC_e1c3d/fast && /usr/bin/gmake  -f CMakeFiles/cmTC_e1c3d.dir/build.make CMakeFiles/cmTC_e1c3d.dir/build
gmake[1]: Entering directory '/home/erikhs/MatrixProblems/build_x86_64/CMakeFiles/CMakeTmp'
Building Fortran object CMakeFiles/cmTC_e1c3d.dir/OpenMPTryFlag.f90.o
/usr/bin/gfortran   -fopenmp -v -O3 -DNDEBUG -O3 -fPIE   -c /home/erikhs/MatrixProblems/build_x86_64/CMakeFiles/FindOpenMP/OpenMPTryFlag.f90 -o CMakeFiles/cmTC_e1c3d.dir/OpenMPTryFlag.f90.o
Using built-in specs.
COLLECT_GCC=/usr/bin/gfortran
OFFLOAD_TARGET_NAMES=nvptx-none:amdgcn-amdhsa
OFFLOAD_TARGET_DEFAULT=1
Target: x86_64-linux-gnu
Configured with: ../src/configure -v --with-pkgversion='Ubuntu 11.4.0-1ubuntu1~22.04' --with-bugurl=file:///usr/share/doc/gcc-11/README.Bugs --enable-languages=c,ada,c++,go,brig,d,fortran,objc,obj-c++,m2 --prefix=/usr --with-gcc-major-version-only --program-suffix=-11 --program-prefix=x86_64-linux-gnu- --enable-shared --enable-linker-build-id --libexecdir=/usr/lib --without-included-gettext --enable-threads=posix --libdir=/usr/lib --enable-nls --enable-bootstrap --enable-clocale=gnu --enable-libstdcxx-debug --enable-libstdcxx-time=yes --with-default-libstdcxx-abi=new --enable-gnu-unique-object --disable-vtable-verify --enable-plugin --enable-default-pie --with-system-zlib --enable-libphobos-checking=release --with-target-system-zlib=auto --enable-objc-gc=auto --enable-multiarch --disable-werror --enable-cet --with-arch-32=i686 --with-abi=m64 --with-multilib-list=m32,m64,mx32 --enable-multilib --with-tune=generic --enable-offload-targets=nvptx-none=/build/gcc-11-XeT9lY/gcc-11-11.4.0/debian/tmp-nvptx/usr,amdgcn-amdhsa=/build/gcc-11-XeT9lY/gcc-11-11.4.0/debian/tmp-gcn/usr --without-cuda-driver --enable-checking=release --build=x86_64-linux-gnu --host=x86_64-linux-gnu --target=x86_64-linux-gnu --with-build-config=bootstrap-lto-lean --enable-link-serialization=2
Thread model: posix
Supported LTO compression algorithms: zlib zstd
gcc version 11.4.0 (Ubuntu 11.4.0-1ubuntu1~22.04) 
COLLECT_GCC_OPTIONS='-fopenmp' '-v' '-O3' '-D' 'NDEBUG' '-O3' '-fPIE' '-c' '-o' 'CMakeFiles/cmTC_e1c3d.dir/OpenMPTryFlag.f90.o' '-mtune=generic' '-march=x86-64' '-pthread' '-dumpdir' 'CMakeFiles/cmTC_e1c3d.dir/'
 /usr/lib/gcc/x86_64-linux-gnu/11/f951 /home/erikhs/MatrixProblems/build_x86_64/CMakeFiles/FindOpenMP/OpenMPTryFlag.f90 -quiet -dumpdir CMakeFiles/cmTC_e1c3d.dir/ -dumpbase OpenMPTryFlag.f90.f90 -dumpbase-ext .f90 -mtune=generic -march=x86-64 -O3 -O3 -version -fopenmp -fPIE -fintrinsic-modules-path /usr/lib/gcc/x86_64-linux-gnu/11/finclude -fpre-include=/usr/include/finclude/math-vector-fortran.h -o /tmp/ccWQyQ4H.s
GNU Fortran (Ubuntu 11.4.0-1ubuntu1~22.04) version 11.4.0 (x86_64-linux-gnu)
	compiled by GNU C version 11.4.0, GMP version 6.2.1, MPFR version 4.1.0, MPC version 1.2.1, isl version isl-0.24-GMP

warning: GMP header version 6.2.1 differs from library version 6.1.2.
warning: MPFR header version 4.1.0 differs from library version 4.0.2.
GGC heuristics: --param ggc-min-expand=100 --param ggc-min-heapsize=131072
GNU Fortran2008 (Ubuntu 11.4.0-1ubuntu1~22.04) version 11.4.0 (x86_64-linux-gnu)
	compiled by GNU C version 11.4.0, GMP version 6.2.1, MPFR version 4.1.0, MPC version 1.2.1, isl version isl-0.24-GMP

warning: GMP header version 6.2.1 differs from library version 6.1.2.
warning: MPFR header version 4.1.0 differs from library version 4.0.2.
GGC heuristics: --param ggc-min-expand=100 --param ggc-min-heapsize=131072
COLLECT_GCC_OPTIONS='-fopenmp' '-v' '-O3' '-D' 'NDEBUG' '-O3' '-fPIE' '-c' '-o' 'CMakeFiles/cmTC_e1c3d.dir/OpenMPTryFlag.f90.o' '-mtune=generic' '-march=x86-64' '-pthread' '-dumpdir' 'CMakeFiles/cmTC_e1c3d.dir/'
 as -v --64 -o CMakeFiles/cmTC_e1c3d.dir/OpenMPTryFlag.f90.o /tmp/ccWQyQ4H.s
GNU assembler version 2.38 (x86_64-linux-gnu) using BFD version (GNU Binutils for Ubuntu) 2.38
COMPILER_PATH=/usr/lib/gcc/x86_64-linux-gnu/11/:/usr/lib/gcc/x86_64-linux-gnu/11/:/usr/lib/gcc/x86_64-linux-gnu/:/usr/lib/gcc/x86_64-linux-gnu/11/:/usr/lib/gcc/x86_64-linux-gnu/
LIBRARY_PATH=/home/andreast/modules/flow/202309a/rpp-dune-amgcpr-branch/lib/../lib/:/home/andreast/modules/zoltan/202309a/12.16/lib/../lib/:/home/andreast/modules/dune/202309a/mod-2.7.1/lib/../lib/:/cm/shared/ex3-modules/202309a/milanq/pkgs/suitesparse-32-5.12.0/lib/../lib/:/cm/shared/ex3-modules/202309a/milanq/pkgs/mpfr-4.0.2/lib/../lib/:/cm/shared/ex3-modules/202309a/milanq/pkgs/gmp-6.1.2/lib/../lib/:/cm/shared/ex3-modules/202309a/milanq/pkgs/parmetis-32-4.0.3/lib/../lib/:/cm/shared/ex3-modules/202309a/milanq/pkgs/metis-32-5.1.0/lib/../lib/:/cm/shared/ex3-modules/202309a/milanq/pkgs/boost-1.73.0/lib/../lib/:/cm/shared/ex3-modules/202309a/milanq/pkgs/xz-5.2.7/lib/../lib/:/cm/shared/ex3-modules/202309a/milanq/pkgs/openblas-0.3.21/lib/../lib/:/cm/shared/ex3-modules/202309a/milanq/pkgs/openmpi-4.1.4/lib/../lib/:/cm/shared/ex3-modules/202309a/milanq/pkgs/util-linux-2.34/lib/../lib/:/cm/shared/ex3-modules/202309a/milanq/pkgs/libfabric-1.17.0/lib/../lib/:/cm/shared/ex3-modules/202309a/milanq/pkgs/ucx-1.12.1/lib/../lib/:/cm/shared/ex3-modules/202309a/milanq/pkgs/rdma-core-44.0/lib/../lib/:/cm/shared/ex3-modules/202309a/milanq/pkgs/libnl-3.2.25/lib/../lib/:/cm/shared/ex3-modules/202309a/milanq/pkgs/numactl-2.0.13/lib/../lib/:/cm/shared/ex3-modules/202309a/milanq/pkgs/libevent-2.1.12-stable/lib/../lib/:/cm/shared/ex3-modules/202309a/milanq/pkgs/knem-1.1.4/lib/../lib/:/cm/shared/ex3-modules/202309a/milanq/pkgs/hwloc-2.7.1/lib/../lib/:/cm/shared/ex3-modules/0.6.1/pkgs/fftw-3.3.8/lib/../lib/:/cm/shared/ex3-modules/0.6.1/pkgs/lapack-3.9.0/lib/../lib/:/cm/shared/ex3-modules/0.6.1/pkgs/openblas-0.3.12/lib/../lib/:/cm/shared/ex3-modules/0.6.1/pkgs/gcc-8.4.0/lib64/../lib/:/cm/shared/ex3-modules/0.6.1/pkgs/freetype-2.10.1/lib/../lib/:/cm/shared/ex3-modules/0.6.1/pkgs/libpng-1.6.37/lib/../lib/:/cm/shared/ex3-modules/0.6.1/pkgs/python-3.7.4/lib/../lib/:/cm/shared/ex3-modules/0.6.1/pkgs/sqlite-3.31.1/lib/../lib/:/cm/shared/ex3-modules/0.6.1/pkgs/libffi-3.2.1/lib/../lib/:/cm/shared/ex3-modules/0.6.1/pkgs/readline-8.0/lib/../lib/:/cm/shared/ex3-modules/0.6.1/pkgs/ncurses-6.1/lib/../lib/:/cm/shared/ex3-modules/0.6.1/pkgs/xz-5.2.5/lib/../lib/:/cm/shared/ex3-modules/0.6.1/pkgs/bzip2-1.0.8/lib/../lib/:/cm/shared/ex3-modules/0.6.1/pkgs/openssl-1.1.1c/lib/../lib/:/cm/shared/apps/slurm/current/lib64/../lib/:/usr/lib/gcc/x86_64-linux-gnu/11/:/usr/lib/gcc/x86_64-linux-gnu/11/../../../x86_64-linux-gnu/:/usr/lib/gcc/x86_64-linux-gnu/11/../../../../lib/:/lib/x86_64-linux-gnu/:/lib/../lib/:/usr/lib/x86_64-linux-gnu/:/usr/lib/../lib/:/home/andreast/modules/flow/202309a/rpp-dune-amgcpr-branch/lib/:/home/andreast/modules/zoltan/202309a/12.16/lib/:/home/andreast/modules/dune/202309a/mod-2.7.1/lib/:/cm/shared/ex3-modules/202309a/milanq/pkgs/suitesparse-32-5.12.0/lib/:/cm/shared/ex3-modules/202309a/milanq/pkgs/mpfr-4.0.2/lib/:/cm/shared/ex3-modules/202309a/milanq/pkgs/gmp-6.1.2/lib/:/cm/shared/ex3-modules/202309a/milanq/pkgs/parmetis-32-4.0.3/lib/:/cm/shared/ex3-modules/202309a/milanq/pkgs/metis-32-5.1.0/lib/:/cm/shared/ex3-modules/202309a/milanq/pkgs/boost-1.73.0/lib/:/cm/shared/ex3-modules/202309a/milanq/pkgs/xz-5.2.7/lib/:/cm/shared/ex3-modules/202309a/milanq/pkgs/openblas-0.3.21/lib/:/cm/shared/ex3-modules/202309a/milanq/pkgs/openmpi-4.1.4/lib/:/cm/shared/ex3-modules/202309a/milanq/pkgs/util-linux-2.34/lib/:/cm/shared/ex3-modules/202309a/milanq/pkgs/libfabric-1.17.0/lib/:/cm/shared/ex3-modules/202309a/milanq/pkgs/ucx-1.12.1/lib/:/cm/shared/ex3-modules/202309a/milanq/pkgs/rdma-core-44.0/lib/:/cm/shared/ex3-modules/202309a/milanq/pkgs/libnl-3.2.25/lib/:/cm/shared/ex3-modules/202309a/milanq/pkgs/numactl-2.0.13/lib/:/cm/shared/ex3-modules/202309a/milanq/pkgs/libevent-2.1.12-stable/lib/:/cm/shared/ex3-modules/202309a/milanq/pkgs/knem-1.1.4/lib/:/cm/shared/ex3-modules/202309a/milanq/pkgs/hwloc-2.7.1/lib/:/cm/shared/ex3-modules/0.6.1/pkgs/fftw-3.3.8/lib/:/cm/shared/ex3-modules/0.6.1/pkgs/lapack-3.9.0/lib/:/cm/shared/ex3-modules/0.6.1/pkgs/openblas-0.3.12/lib/:/cm/shared/ex3-modules/0.6.1/pkgs/gcc-8.4.0/lib64/:/cm/shared/ex3-modules/0.6.1/pkgs/freetype-2.10.1/lib/:/cm/shared/ex3-modules/0.6.1/pkgs/libpng-1.6.37/lib/:/cm/shared/ex3-modules/0.6.1/pkgs/python-3.7.4/lib/:/cm/shared/ex3-modules/0.6.1/pkgs/sqlite-3.31.1/lib/:/cm/shared/ex3-modules/0.6.1/pkgs/libffi-3.2.1/lib/:/cm/shared/ex3-modules/0.6.1/pkgs/readline-8.0/lib/:/cm/shared/ex3-modules/0.6.1/pkgs/ncurses-6.1/lib/:/cm/shared/ex3-modules/0.6.1/pkgs/xz-5.2.5/lib/:/cm/shared/ex3-modules/0.6.1/pkgs/bzip2-1.0.8/lib/:/cm/shared/ex3-modules/0.6.1/pkgs/openssl-1.1.1c/lib/:/cm/shared/apps/slurm/current/lib64/slurm/:/cm/shared/apps/slurm/current/lib64/:/usr/lib/gcc/x86_64-linux-gnu/11/../../../:/lib/:/usr/lib/
COLLECT_GCC_OPTIONS='-fopenmp' '-v' '-O3' '-D' 'NDEBUG' '-O3' '-fPIE' '-c' '-o' 'CMakeFiles/cmTC_e1c3d.dir/OpenMPTryFlag.f90.o' '-mtune=generic' '-march=x86-64' '-pthread' '-dumpdir' 'CMakeFiles/cmTC_e1c3d.dir/OpenMPTryFlag.f90.'
Linking Fortran executable cmTC_e1c3d
/cm/shared/ex3-modules/0.6.1/pkgs/cmake-3.17.2/bin/cmake -E cmake_link_script CMakeFiles/cmTC_e1c3d.dir/link.txt --verbose=1
/usr/bin/gfortran     -fopenmp -v -O3 -DNDEBUG -O3 CMakeFiles/cmTC_e1c3d.dir/OpenMPTryFlag.f90.o  -o cmTC_e1c3d  -v 
Driving: /usr/bin/gfortran -fopenmp -v -O3 -DNDEBUG -O3 CMakeFiles/cmTC_e1c3d.dir/OpenMPTryFlag.f90.o -o cmTC_e1c3d -v -l gfortran -l m -shared-libgcc
Using built-in specs.
COLLECT_GCC=/usr/bin/gfortran
COLLECT_LTO_WRAPPER=/usr/lib/gcc/x86_64-linux-gnu/11/lto-wrapper
OFFLOAD_TARGET_NAMES=nvptx-none:amdgcn-amdhsa
OFFLOAD_TARGET_DEFAULT=1
Target: x86_64-linux-gnu
Configured with: ../src/configure -v --with-pkgversion='Ubuntu 11.4.0-1ubuntu1~22.04' --with-bugurl=file:///usr/share/doc/gcc-11/README.Bugs --enable-languages=c,ada,c++,go,brig,d,fortran,objc,obj-c++,m2 --prefix=/usr --with-gcc-major-version-only --program-suffix=-11 --program-prefix=x86_64-linux-gnu- --enable-shared --enable-linker-build-id --libexecdir=/usr/lib --without-included-gettext --enable-threads=posix --libdir=/usr/lib --enable-nls --enable-bootstrap --enable-clocale=gnu --enable-libstdcxx-debug --enable-libstdcxx-time=yes --with-default-libstdcxx-abi=new --enable-gnu-unique-object --disable-vtable-verify --enable-plugin --enable-default-pie --with-system-zlib --enable-libphobos-checking=release --with-target-system-zlib=auto --enable-objc-gc=auto --enable-multiarch --disable-werror --enable-cet --with-arch-32=i686 --with-abi=m64 --with-multilib-list=m32,m64,mx32 --enable-multilib --with-tune=generic --enable-offload-targets=nvptx-none=/build/gcc-11-XeT9lY/gcc-11-11.4.0/debian/tmp-nvptx/usr,amdgcn-amdhsa=/build/gcc-11-XeT9lY/gcc-11-11.4.0/debian/tmp-gcn/usr --without-cuda-driver --enable-checking=release --build=x86_64-linux-gnu --host=x86_64-linux-gnu --target=x86_64-linux-gnu --with-build-config=bootstrap-lto-lean --enable-link-serialization=2
Thread model: posix
Supported LTO compression algorithms: zlib zstd
gcc version 11.4.0 (Ubuntu 11.4.0-1ubuntu1~22.04) 
Reading specs from /usr/lib/gcc/x86_64-linux-gnu/11/libgfortran.spec
rename spec lib to liborig
COLLECT_GCC_OPTIONS='-fopenmp' '-v' '-O3' '-D' 'NDEBUG' '-O3' '-o' 'cmTC_e1c3d' '-v' '-shared-libgcc' '-mtune=generic' '-march=x86-64' '-pthread' '-dumpdir' 'cmTC_e1c3d-'
COMPILER_PATH=/usr/lib/gcc/x86_64-linux-gnu/11/:/usr/lib/gcc/x86_64-linux-gnu/11/:/usr/lib/gcc/x86_64-linux-gnu/:/usr/lib/gcc/x86_64-linux-gnu/11/:/usr/lib/gcc/x86_64-linux-gnu/
LIBRARY_PATH=/home/andreast/modules/flow/202309a/rpp-dune-amgcpr-branch/lib/../lib/:/home/andreast/modules/zoltan/202309a/12.16/lib/../lib/:/home/andreast/modules/dune/202309a/mod-2.7.1/lib/../lib/:/cm/shared/ex3-modules/202309a/milanq/pkgs/suitesparse-32-5.12.0/lib/../lib/:/cm/shared/ex3-modules/202309a/milanq/pkgs/mpfr-4.0.2/lib/../lib/:/cm/shared/ex3-modules/202309a/milanq/pkgs/gmp-6.1.2/lib/../lib/:/cm/shared/ex3-modules/202309a/milanq/pkgs/parmetis-32-4.0.3/lib/../lib/:/cm/shared/ex3-modules/202309a/milanq/pkgs/metis-32-5.1.0/lib/../lib/:/cm/shared/ex3-modules/202309a/milanq/pkgs/boost-1.73.0/lib/../lib/:/cm/shared/ex3-modules/202309a/milanq/pkgs/xz-5.2.7/lib/../lib/:/cm/shared/ex3-modules/202309a/milanq/pkgs/openblas-0.3.21/lib/../lib/:/cm/shared/ex3-modules/202309a/milanq/pkgs/openmpi-4.1.4/lib/../lib/:/cm/shared/ex3-modules/202309a/milanq/pkgs/util-linux-2.34/lib/../lib/:/cm/shared/ex3-modules/202309a/milanq/pkgs/libfabric-1.17.0/lib/../lib/:/cm/shared/ex3-modules/202309a/milanq/pkgs/ucx-1.12.1/lib/../lib/:/cm/shared/ex3-modules/202309a/milanq/pkgs/rdma-core-44.0/lib/../lib/:/cm/shared/ex3-modules/202309a/milanq/pkgs/libnl-3.2.25/lib/../lib/:/cm/shared/ex3-modules/202309a/milanq/pkgs/numactl-2.0.13/lib/../lib/:/cm/shared/ex3-modules/202309a/milanq/pkgs/libevent-2.1.12-stable/lib/../lib/:/cm/shared/ex3-modules/202309a/milanq/pkgs/knem-1.1.4/lib/../lib/:/cm/shared/ex3-modules/202309a/milanq/pkgs/hwloc-2.7.1/lib/../lib/:/cm/shared/ex3-modules/0.6.1/pkgs/fftw-3.3.8/lib/../lib/:/cm/shared/ex3-modules/0.6.1/pkgs/lapack-3.9.0/lib/../lib/:/cm/shared/ex3-modules/0.6.1/pkgs/openblas-0.3.12/lib/../lib/:/cm/shared/ex3-modules/0.6.1/pkgs/gcc-8.4.0/lib64/../lib/:/cm/shared/ex3-modules/0.6.1/pkgs/freetype-2.10.1/lib/../lib/:/cm/shared/ex3-modules/0.6.1/pkgs/libpng-1.6.37/lib/../lib/:/cm/shared/ex3-modules/0.6.1/pkgs/python-3.7.4/lib/../lib/:/cm/shared/ex3-modules/0.6.1/pkgs/sqlite-3.31.1/lib/../lib/:/cm/shared/ex3-modules/0.6.1/pkgs/libffi-3.2.1/lib/../lib/:/cm/shared/ex3-modules/0.6.1/pkgs/readline-8.0/lib/../lib/:/cm/shared/ex3-modules/0.6.1/pkgs/ncurses-6.1/lib/../lib/:/cm/shared/ex3-modules/0.6.1/pkgs/xz-5.2.5/lib/../lib/:/cm/shared/ex3-modules/0.6.1/pkgs/bzip2-1.0.8/lib/../lib/:/cm/shared/ex3-modules/0.6.1/pkgs/openssl-1.1.1c/lib/../lib/:/cm/shared/apps/slurm/current/lib64/../lib/:/usr/lib/gcc/x86_64-linux-gnu/11/:/usr/lib/gcc/x86_64-linux-gnu/11/../../../x86_64-linux-gnu/:/usr/lib/gcc/x86_64-linux-gnu/11/../../../../lib/:/lib/x86_64-linux-gnu/:/lib/../lib/:/usr/lib/x86_64-linux-gnu/:/usr/lib/../lib/:/home/andreast/modules/flow/202309a/rpp-dune-amgcpr-branch/lib/:/home/andreast/modules/zoltan/202309a/12.16/lib/:/home/andreast/modules/dune/202309a/mod-2.7.1/lib/:/cm/shared/ex3-modules/202309a/milanq/pkgs/suitesparse-32-5.12.0/lib/:/cm/shared/ex3-modules/202309a/milanq/pkgs/mpfr-4.0.2/lib/:/cm/shared/ex3-modules/202309a/milanq/pkgs/gmp-6.1.2/lib/:/cm/shared/ex3-modules/202309a/milanq/pkgs/parmetis-32-4.0.3/lib/:/cm/shared/ex3-modules/202309a/milanq/pkgs/metis-32-5.1.0/lib/:/cm/shared/ex3-modules/202309a/milanq/pkgs/boost-1.73.0/lib/:/cm/shared/ex3-modules/202309a/milanq/pkgs/xz-5.2.7/lib/:/cm/shared/ex3-modules/202309a/milanq/pkgs/openblas-0.3.21/lib/:/cm/shared/ex3-modules/202309a/milanq/pkgs/openmpi-4.1.4/lib/:/cm/shared/ex3-modules/202309a/milanq/pkgs/util-linux-2.34/lib/:/cm/shared/ex3-modules/202309a/milanq/pkgs/libfabric-1.17.0/lib/:/cm/shared/ex3-modules/202309a/milanq/pkgs/ucx-1.12.1/lib/:/cm/shared/ex3-modules/202309a/milanq/pkgs/rdma-core-44.0/lib/:/cm/shared/ex3-modules/202309a/milanq/pkgs/libnl-3.2.25/lib/:/cm/shared/ex3-modules/202309a/milanq/pkgs/numactl-2.0.13/lib/:/cm/shared/ex3-modules/202309a/milanq/pkgs/libevent-2.1.12-stable/lib/:/cm/shared/ex3-modules/202309a/milanq/pkgs/knem-1.1.4/lib/:/cm/shared/ex3-modules/202309a/milanq/pkgs/hwloc-2.7.1/lib/:/cm/shared/ex3-modules/0.6.1/pkgs/fftw-3.3.8/lib/:/cm/shared/ex3-modules/0.6.1/pkgs/lapack-3.9.0/lib/:/cm/shared/ex3-modules/0.6.1/pkgs/openblas-0.3.12/lib/:/cm/shared/ex3-modules/0.6.1/pkgs/gcc-8.4.0/lib64/:/cm/shared/ex3-modules/0.6.1/pkgs/freetype-2.10.1/lib/:/cm/shared/ex3-modules/0.6.1/pkgs/libpng-1.6.37/lib/:/cm/shared/ex3-modules/0.6.1/pkgs/python-3.7.4/lib/:/cm/shared/ex3-modules/0.6.1/pkgs/sqlite-3.31.1/lib/:/cm/shared/ex3-modules/0.6.1/pkgs/libffi-3.2.1/lib/:/cm/shared/ex3-modules/0.6.1/pkgs/readline-8.0/lib/:/cm/shared/ex3-modules/0.6.1/pkgs/ncurses-6.1/lib/:/cm/shared/ex3-modules/0.6.1/pkgs/xz-5.2.5/lib/:/cm/shared/ex3-modules/0.6.1/pkgs/bzip2-1.0.8/lib/:/cm/shared/ex3-modules/0.6.1/pkgs/openssl-1.1.1c/lib/:/cm/shared/apps/slurm/current/lib64/slurm/:/cm/shared/apps/slurm/current/lib64/:/usr/lib/gcc/x86_64-linux-gnu/11/../../../:/lib/:/usr/lib/
Reading specs from /usr/lib/gcc/x86_64-linux-gnu/11/libgomp.spec
COLLECT_GCC_OPTIONS='-fopenmp' '-v' '-O3' '-D' 'NDEBUG' '-O3' '-o' 'cmTC_e1c3d' '-v' '-shared-libgcc' '-mtune=generic' '-march=x86-64' '-pthread' '-dumpdir' 'cmTC_e1c3d.'
 /usr/lib/gcc/x86_64-linux-gnu/11/collect2 -plugin /usr/lib/gcc/x86_64-linux-gnu/11/liblto_plugin.so -plugin-opt=/usr/lib/gcc/x86_64-linux-gnu/11/lto-wrapper -plugin-opt=-fresolution=/tmp/ccsFSOtS.res -plugin-opt=-pass-through=-lgcc_s -plugin-opt=-pass-through=-lgcc -plugin-opt=-pass-through=-lquadmath -plugin-opt=-pass-through=-lm -plugin-opt=-pass-through=-lgcc_s -plugin-opt=-pass-through=-lgcc -plugin-opt=-pass-through=-lpthread -plugin-opt=-pass-through=-lc -plugin-opt=-pass-through=-lgcc_s -plugin-opt=-pass-through=-lgcc --build-id --eh-frame-hdr -m elf_x86_64 --hash-style=gnu --as-needed -dynamic-linker /lib64/ld-linux-x86-64.so.2 -pie -z now -z relro -o cmTC_e1c3d /usr/lib/gcc/x86_64-linux-gnu/11/../../../x86_64-linux-gnu/Scrt1.o /usr/lib/gcc/x86_64-linux-gnu/11/../../../x86_64-linux-gnu/crti.o /usr/lib/gcc/x86_64-linux-gnu/11/crtbeginS.o /usr/lib/gcc/x86_64-linux-gnu/11/crtoffloadbegin.o -L/home/andreast/modules/flow/202309a/rpp-dune-amgcpr-branch/lib/../lib -L/home/andreast/modules/zoltan/202309a/12.16/lib/../lib -L/home/andreast/modules/dune/202309a/mod-2.7.1/lib/../lib -L/cm/shared/ex3-modules/202309a/milanq/pkgs/suitesparse-32-5.12.0/lib/../lib -L/cm/shared/ex3-modules/202309a/milanq/pkgs/mpfr-4.0.2/lib/../lib -L/cm/shared/ex3-modules/202309a/milanq/pkgs/gmp-6.1.2/lib/../lib -L/cm/shared/ex3-modules/202309a/milanq/pkgs/parmetis-32-4.0.3/lib/../lib -L/cm/shared/ex3-modules/202309a/milanq/pkgs/metis-32-5.1.0/lib/../lib -L/cm/shared/ex3-modules/202309a/milanq/pkgs/boost-1.73.0/lib/../lib -L/cm/shared/ex3-modules/202309a/milanq/pkgs/xz-5.2.7/lib/../lib -L/cm/shared/ex3-modules/202309a/milanq/pkgs/openblas-0.3.21/lib/../lib -L/cm/shared/ex3-modules/202309a/milanq/pkgs/openmpi-4.1.4/lib/../lib -L/cm/shared/ex3-modules/202309a/milanq/pkgs/util-linux-2.34/lib/../lib -L/cm/shared/ex3-modules/202309a/milanq/pkgs/libfabric-1.17.0/lib/../lib -L/cm/shared/ex3-modules/202309a/milanq/pkgs/ucx-1.12.1/lib/../lib -L/cm/shared/ex3-modules/202309a/milanq/pkgs/rdma-core-44.0/lib/../lib -L/cm/shared/ex3-modules/202309a/milanq/pkgs/libnl-3.2.25/lib/../lib -L/cm/shared/ex3-modules/202309a/milanq/pkgs/numactl-2.0.13/lib/../lib -L/cm/shared/ex3-modules/202309a/milanq/pkgs/libevent-2.1.12-stable/lib/../lib -L/cm/shared/ex3-modules/202309a/milanq/pkgs/knem-1.1.4/lib/../lib -L/cm/shared/ex3-modules/202309a/milanq/pkgs/hwloc-2.7.1/lib/../lib -L/cm/shared/ex3-modules/0.6.1/pkgs/fftw-3.3.8/lib/../lib -L/cm/shared/ex3-modules/0.6.1/pkgs/lapack-3.9.0/lib/../lib -L/cm/shared/ex3-modules/0.6.1/pkgs/openblas-0.3.12/lib/../lib -L/cm/shared/ex3-modules/0.6.1/pkgs/gcc-8.4.0/lib64/../lib -L/cm/shared/ex3-modules/0.6.1/pkgs/freetype-2.10.1/lib/../lib -L/cm/shared/ex3-modules/0.6.1/pkgs/libpng-1.6.37/lib/../lib -L/cm/shared/ex3-modules/0.6.1/pkgs/python-3.7.4/lib/../lib -L/cm/shared/ex3-modules/0.6.1/pkgs/sqlite-3.31.1/lib/../lib -L/cm/shared/ex3-modules/0.6.1/pkgs/libffi-3.2.1/lib/../lib -L/cm/shared/ex3-modules/0.6.1/pkgs/readline-8.0/lib/../lib -L/cm/shared/ex3-modules/0.6.1/pkgs/ncurses-6.1/lib/../lib -L/cm/shared/ex3-modules/0.6.1/pkgs/xz-5.2.5/lib/../lib -L/cm/shared/ex3-modules/0.6.1/pkgs/bzip2-1.0.8/lib/../lib -L/cm/shared/ex3-modules/0.6.1/pkgs/openssl-1.1.1c/lib/../lib -L/cm/shared/apps/slurm/current/lib64/../lib -L/usr/lib/gcc/x86_64-linux-gnu/11 -L/usr/lib/gcc/x86_64-linux-gnu/11/../../../x86_64-linux-gnu -L/usr/lib/gcc/x86_64-linux-gnu/11/../../../../lib -L/lib/x86_64-linux-gnu -L/lib/../lib -L/usr/lib/x86_64-linux-gnu -L/usr/lib/../lib -L/home/andreast/modules/flow/202309a/rpp-dune-amgcpr-branch/lib -L/home/andreast/modules/zoltan/202309a/12.16/lib -L/home/andreast/modules/dune/202309a/mod-2.7.1/lib -L/cm/shared/ex3-modules/202309a/milanq/pkgs/suitesparse-32-5.12.0/lib -L/cm/shared/ex3-modules/202309a/milanq/pkgs/mpfr-4.0.2/lib -L/cm/shared/ex3-modules/202309a/milanq/pkgs/gmp-6.1.2/lib -L/cm/shared/ex3-modules/202309a/milanq/pkgs/parmetis-32-4.0.3/lib -L/cm/shared/ex3-modules/202309a/milanq/pkgs/metis-32-5.1.0/lib -L/cm/shared/ex3-modules/202309a/milanq/pkgs/boost-1.73.0/lib -L/cm/shared/ex3-modules/202309a/milanq/pkgs/xz-5.2.7/lib -L/cm/shared/ex3-modules/202309a/milanq/pkgs/openblas-0.3.21/lib -L/cm/shared/ex3-modules/202309a/milanq/pkgs/openmpi-4.1.4/lib -L/cm/shared/ex3-modules/202309a/milanq/pkgs/util-linux-2.34/lib -L/cm/shared/ex3-modules/202309a/milanq/pkgs/libfabric-1.17.0/lib -L/cm/shared/ex3-modules/202309a/milanq/pkgs/ucx-1.12.1/lib -L/cm/shared/ex3-modules/202309a/milanq/pkgs/rdma-core-44.0/lib -L/cm/shared/ex3-modules/202309a/milanq/pkgs/libnl-3.2.25/lib -L/cm/shared/ex3-modules/202309a/milanq/pkgs/numactl-2.0.13/lib -L/cm/shared/ex3-modules/202309a/milanq/pkgs/libevent-2.1.12-stable/lib -L/cm/shared/ex3-modules/202309a/milanq/pkgs/knem-1.1.4/lib -L/cm/shared/ex3-modules/202309a/milanq/pkgs/hwloc-2.7.1/lib -L/cm/shared/ex3-modules/0.6.1/pkgs/fftw-3.3.8/lib -L/cm/shared/ex3-modules/0.6.1/pkgs/lapack-3.9.0/lib -L/cm/shared/ex3-modules/0.6.1/pkgs/openblas-0.3.12/lib -L/cm/shared/ex3-modules/0.6.1/pkgs/gcc-8.4.0/lib64 -L/cm/shared/ex3-modules/0.6.1/pkgs/freetype-2.10.1/lib -L/cm/shared/ex3-modules/0.6.1/pkgs/libpng-1.6.37/lib -L/cm/shared/ex3-modules/0.6.1/pkgs/python-3.7.4/lib -L/cm/shared/ex3-modules/0.6.1/pkgs/sqlite-3.31.1/lib -L/cm/shared/ex3-modules/0.6.1/pkgs/libffi-3.2.1/lib -L/cm/shared/ex3-modules/0.6.1/pkgs/readline-8.0/lib -L/cm/shared/ex3-modules/0.6.1/pkgs/ncurses-6.1/lib -L/cm/shared/ex3-modules/0.6.1/pkgs/xz-5.2.5/lib -L/cm/shared/ex3-modules/0.6.1/pkgs/bzip2-1.0.8/lib -L/cm/shared/ex3-modules/0.6.1/pkgs/openssl-1.1.1c/lib -L/cm/shared/apps/slurm/current/lib64/slurm -L/cm/shared/apps/slurm/current/lib64 -L/usr/lib/gcc/x86_64-linux-gnu/11/../../.. CMakeFiles/cmTC_e1c3d.dir/OpenMPTryFlag.f90.o -lgfortran -lm -lgomp -lgcc_s -lgcc -lquadmath -lm -lgcc_s -lgcc -lpthread -lc -lgcc_s -lgcc /usr/lib/gcc/x86_64-linux-gnu/11/crtendS.o /usr/lib/gcc/x86_64-linux-gnu/11/../../../x86_64-linux-gnu/crtn.o /usr/lib/gcc/x86_64-linux-gnu/11/crtoffloadend.o
COLLECT_GCC_OPTIONS='-fopenmp' '-v' '-O3' '-D' 'NDEBUG' '-O3' '-o' 'cmTC_e1c3d' '-v' '-shared-libgcc' '-mtune=generic' '-march=x86-64' '-pthread' '-dumpdir' 'cmTC_e1c3d.'
gmake[1]: Leaving directory '/home/erikhs/MatrixProblems/build_x86_64/CMakeFiles/CMakeTmp'



Parsed Fortran OpenMP implicit link information from above output:
  link line regex: [^( *|.*[/\])(ld|CMAKE_LINK_STARTFILE-NOTFOUND|([^/\]+-)?ld|collect2)[^/\]*( |$)]
  ignore line: [Change Dir: /home/erikhs/MatrixProblems/build_x86_64/CMakeFiles/CMakeTmp]
  ignore line: []
  ignore line: [Run Build Command(s):/usr/bin/gmake cmTC_e1c3d/fast && /usr/bin/gmake  -f CMakeFiles/cmTC_e1c3d.dir/build.make CMakeFiles/cmTC_e1c3d.dir/build]
  ignore line: [gmake[1]: Entering directory '/home/erikhs/MatrixProblems/build_x86_64/CMakeFiles/CMakeTmp']
  ignore line: [Building Fortran object CMakeFiles/cmTC_e1c3d.dir/OpenMPTryFlag.f90.o]
  ignore line: [/usr/bin/gfortran   -fopenmp -v -O3 -DNDEBUG -O3 -fPIE   -c /home/erikhs/MatrixProblems/build_x86_64/CMakeFiles/FindOpenMP/OpenMPTryFlag.f90 -o CMakeFiles/cmTC_e1c3d.dir/OpenMPTryFlag.f90.o]
  ignore line: [Using built-in specs.]
  ignore line: [COLLECT_GCC=/usr/bin/gfortran]
  ignore line: [OFFLOAD_TARGET_NAMES=nvptx-none:amdgcn-amdhsa]
  ignore line: [OFFLOAD_TARGET_DEFAULT=1]
  ignore line: [Target: x86_64-linux-gnu]
  ignore line: [Configured with: ../src/configure -v --with-pkgversion='Ubuntu 11.4.0-1ubuntu1~22.04' --with-bugurl=file:///usr/share/doc/gcc-11/README.Bugs --enable-languages=c ada c++ go brig d fortran objc obj-c++ m2 --prefix=/usr --with-gcc-major-version-only --program-suffix=-11 --program-prefix=x86_64-linux-gnu- --enable-shared --enable-linker-build-id --libexecdir=/usr/lib --without-included-gettext --enable-threads=posix --libdir=/usr/lib --enable-nls --enable-bootstrap --enable-clocale=gnu --enable-libstdcxx-debug --enable-libstdcxx-time=yes --with-default-libstdcxx-abi=new --enable-gnu-unique-object --disable-vtable-verify --enable-plugin --enable-default-pie --with-system-zlib --enable-libphobos-checking=release --with-target-system-zlib=auto --enable-objc-gc=auto --enable-multiarch --disable-werror --enable-cet --with-arch-32=i686 --with-abi=m64 --with-multilib-list=m32 m64 mx32 --enable-multilib --with-tune=generic --enable-offload-targets=nvptx-none=/build/gcc-11-XeT9lY/gcc-11-11.4.0/debian/tmp-nvptx/usr amdgcn-amdhsa=/build/gcc-11-XeT9lY/gcc-11-11.4.0/debian/tmp-gcn/usr --without-cuda-driver --enable-checking=release --build=x86_64-linux-gnu --host=x86_64-linux-gnu --target=x86_64-linux-gnu --with-build-config=bootstrap-lto-lean --enable-link-serialization=2]
  ignore line: [Thread model: posix]
  ignore line: [Supported LTO compression algorithms: zlib zstd]
  ignore line: [gcc version 11.4.0 (Ubuntu 11.4.0-1ubuntu1~22.04) ]
  ignore line: [COLLECT_GCC_OPTIONS='-fopenmp' '-v' '-O3' '-D' 'NDEBUG' '-O3' '-fPIE' '-c' '-o' 'CMakeFiles/cmTC_e1c3d.dir/OpenMPTryFlag.f90.o' '-mtune=generic' '-march=x86-64' '-pthread' '-dumpdir' 'CMakeFiles/cmTC_e1c3d.dir/']
  ignore line: [ /usr/lib/gcc/x86_64-linux-gnu/11/f951 /home/erikhs/MatrixProblems/build_x86_64/CMakeFiles/FindOpenMP/OpenMPTryFlag.f90 -quiet -dumpdir CMakeFiles/cmTC_e1c3d.dir/ -dumpbase OpenMPTryFlag.f90.f90 -dumpbase-ext .f90 -mtune=generic -march=x86-64 -O3 -O3 -version -fopenmp -fPIE -fintrinsic-modules-path /usr/lib/gcc/x86_64-linux-gnu/11/finclude -fpre-include=/usr/include/finclude/math-vector-fortran.h -o /tmp/ccWQyQ4H.s]
  ignore line: [GNU Fortran (Ubuntu 11.4.0-1ubuntu1~22.04) version 11.4.0 (x86_64-linux-gnu)]
  ignore line: [	compiled by GNU C version 11.4.0  GMP version 6.2.1  MPFR version 4.1.0  MPC version 1.2.1  isl version isl-0.24-GMP]
  ignore line: []
  ignore line: [warning: GMP header version 6.2.1 differs from library version 6.1.2.]
  ignore line: [warning: MPFR header version 4.1.0 differs from library version 4.0.2.]
  ignore line: [GGC heuristics: --param ggc-min-expand=100 --param ggc-min-heapsize=131072]
  ignore line: [GNU Fortran2008 (Ubuntu 11.4.0-1ubuntu1~22.04) version 11.4.0 (x86_64-linux-gnu)]
  ignore line: [	compiled by GNU C version 11.4.0  GMP version 6.2.1  MPFR version 4.1.0  MPC version 1.2.1  isl version isl-0.24-GMP]
  ignore line: []
  ignore line: [warning: GMP header version 6.2.1 differs from library version 6.1.2.]
  ignore line: [warning: MPFR header version 4.1.0 differs from library version 4.0.2.]
  ignore line: [GGC heuristics: --param ggc-min-expand=100 --param ggc-min-heapsize=131072]
  ignore line: [COLLECT_GCC_OPTIONS='-fopenmp' '-v' '-O3' '-D' 'NDEBUG' '-O3' '-fPIE' '-c' '-o' 'CMakeFiles/cmTC_e1c3d.dir/OpenMPTryFlag.f90.o' '-mtune=generic' '-march=x86-64' '-pthread' '-dumpdir' 'CMakeFiles/cmTC_e1c3d.dir/']
  ignore line: [ as -v --64 -o CMakeFiles/cmTC_e1c3d.dir/OpenMPTryFlag.f90.o /tmp/ccWQyQ4H.s]
  ignore line: [GNU assembler version 2.38 (x86_64-linux-gnu) using BFD version (GNU Binutils for Ubuntu) 2.38]
  ignore line: [COMPILER_PATH=/usr/lib/gcc/x86_64-linux-gnu/11/:/usr/lib/gcc/x86_64-linux-gnu/11/:/usr/lib/gcc/x86_64-linux-gnu/:/usr/lib/gcc/x86_64-linux-gnu/11/:/usr/lib/gcc/x86_64-linux-gnu/]
  ignore line: [LIBRARY_PATH=/home/andreast/modules/flow/202309a/rpp-dune-amgcpr-branch/lib/../lib/:/home/andreast/modules/zoltan/202309a/12.16/lib/../lib/:/home/andreast/modules/dune/202309a/mod-2.7.1/lib/../lib/:/cm/shared/ex3-modules/202309a/milanq/pkgs/suitesparse-32-5.12.0/lib/../lib/:/cm/shared/ex3-modules/202309a/milanq/pkgs/mpfr-4.0.2/lib/../lib/:/cm/shared/ex3-modules/202309a/milanq/pkgs/gmp-6.1.2/lib/../lib/:/cm/shared/ex3-modules/202309a/milanq/pkgs/parmetis-32-4.0.3/lib/../lib/:/cm/shared/ex3-modules/202309a/milanq/pkgs/metis-32-5.1.0/lib/../lib/:/cm/shared/ex3-modules/202309a/milanq/pkgs/boost-1.73.0/lib/../lib/:/cm/shared/ex3-modules/202309a/milanq/pkgs/xz-5.2.7/lib/../lib/:/cm/shared/ex3-modules/202309a/milanq/pkgs/openblas-0.3.21/lib/../lib/:/cm/shared/ex3-modules/202309a/milanq/pkgs/openmpi-4.1.4/lib/../lib/:/cm/shared/ex3-modules/202309a/milanq/pkgs/util-linux-2.34/lib/../lib/:/cm/shared/ex3-modules/202309a/milanq/pkgs/libfabric-1.17.0/lib/../lib/:/cm/shared/ex3-modules/202309a/milanq/pkgs/ucx-1.12.1/lib/../lib/:/cm/shared/ex3-modules/202309a/milanq/pkgs/rdma-core-44.0/lib/../lib/:/cm/shared/ex3-modules/202309a/milanq/pkgs/libnl-3.2.25/lib/../lib/:/cm/shared/ex3-modules/202309a/milanq/pkgs/numactl-2.0.13/lib/../lib/:/cm/shared/ex3-modules/202309a/milanq/pkgs/libevent-2.1.12-stable/lib/../lib/:/cm/shared/ex3-modules/202309a/milanq/pkgs/knem-1.1.4/lib/../lib/:/cm/shared/ex3-modules/202309a/milanq/pkgs/hwloc-2.7.1/lib/../lib/:/cm/shared/ex3-modules/0.6.1/pkgs/fftw-3.3.8/lib/../lib/:/cm/shared/ex3-modules/0.6.1/pkgs/lapack-3.9.0/lib/../lib/:/cm/shared/ex3-modules/0.6.1/pkgs/openblas-0.3.12/lib/../lib/:/cm/shared/ex3-modules/0.6.1/pkgs/gcc-8.4.0/lib64/../lib/:/cm/shared/ex3-modules/0.6.1/pkgs/freetype-2.10.1/lib/../lib/:/cm/shared/ex3-modules/0.6.1/pkgs/libpng-1.6.37/lib/../lib/:/cm/shared/ex3-modules/0.6.1/pkgs/python-3.7.4/lib/../lib/:/cm/shared/ex3-modules/0.6.1/pkgs/sqlite-3.31.1/lib/../lib/:/cm/shared/ex3-modules/0.6.1/pkgs/libffi-3.2.1/lib/../lib/:/cm/shared/ex3-modules/0.6.1/pkgs/readline-8.0/lib/../lib/:/cm/shared/ex3-modules/0.6.1/pkgs/ncurses-6.1/lib/../lib/:/cm/shared/ex3-modules/0.6.1/pkgs/xz-5.2.5/lib/../lib/:/cm/shared/ex3-modules/0.6.1/pkgs/bzip2-1.0.8/lib/../lib/:/cm/shared/ex3-modules/0.6.1/pkgs/openssl-1.1.1c/lib/../lib/:/cm/shared/apps/slurm/current/lib64/../lib/:/usr/lib/gcc/x86_64-linux-gnu/11/:/usr/lib/gcc/x86_64-linux-gnu/11/../../../x86_64-linux-gnu/:/usr/lib/gcc/x86_64-linux-gnu/11/../../../../lib/:/lib/x86_64-linux-gnu/:/lib/../lib/:/usr/lib/x86_64-linux-gnu/:/usr/lib/../lib/:/home/andreast/modules/flow/202309a/rpp-dune-amgcpr-branch/lib/:/home/andreast/modules/zoltan/202309a/12.16/lib/:/home/andreast/modules/dune/202309a/mod-2.7.1/lib/:/cm/shared/ex3-modules/202309a/milanq/pkgs/suitesparse-32-5.12.0/lib/:/cm/shared/ex3-modules/202309a/milanq/pkgs/mpfr-4.0.2/lib/:/cm/shared/ex3-modules/202309a/milanq/pkgs/gmp-6.1.2/lib/:/cm/shared/ex3-modules/202309a/milanq/pkgs/parmetis-32-4.0.3/lib/:/cm/shared/ex3-modules/202309a/milanq/pkgs/metis-32-5.1.0/lib/:/cm/shared/ex3-modules/202309a/milanq/pkgs/boost-1.73.0/lib/:/cm/shared/ex3-modules/202309a/milanq/pkgs/xz-5.2.7/lib/:/cm/shared/ex3-modules/202309a/milanq/pkgs/openblas-0.3.21/lib/:/cm/shared/ex3-modules/202309a/milanq/pkgs/openmpi-4.1.4/lib/:/cm/shared/ex3-modules/202309a/milanq/pkgs/util-linux-2.34/lib/:/cm/shared/ex3-modules/202309a/milanq/pkgs/libfabric-1.17.0/lib/:/cm/shared/ex3-modules/202309a/milanq/pkgs/ucx-1.12.1/lib/:/cm/shared/ex3-modules/202309a/milanq/pkgs/rdma-core-44.0/lib/:/cm/shared/ex3-modules/202309a/milanq/pkgs/libnl-3.2.25/lib/:/cm/shared/ex3-modules/202309a/milanq/pkgs/numactl-2.0.13/lib/:/cm/shared/ex3-modules/202309a/milanq/pkgs/libevent-2.1.12-stable/lib/:/cm/shared/ex3-modules/202309a/milanq/pkgs/knem-1.1.4/lib/:/cm/shared/ex3-modules/202309a/milanq/pkgs/hwloc-2.7.1/lib/:/cm/shared/ex3-modules/0.6.1/pkgs/fftw-3.3.8/lib/:/cm/shared/ex3-modules/0.6.1/pkgs/lapack-3.9.0/lib/:/cm/shared/ex3-modules/0.6.1/pkgs/openblas-0.3.12/lib/:/cm/shared/ex3-modules/0.6.1/pkgs/gcc-8.4.0/lib64/:/cm/shared/ex3-modules/0.6.1/pkgs/freetype-2.10.1/lib/:/cm/shared/ex3-modules/0.6.1/pkgs/libpng-1.6.37/lib/:/cm/shared/ex3-modules/0.6.1/pkgs/python-3.7.4/lib/:/cm/shared/ex3-modules/0.6.1/pkgs/sqlite-3.31.1/lib/:/cm/shared/ex3-modules/0.6.1/pkgs/libffi-3.2.1/lib/:/cm/shared/ex3-modules/0.6.1/pkgs/readline-8.0/lib/:/cm/shared/ex3-modules/0.6.1/pkgs/ncurses-6.1/lib/:/cm/shared/ex3-modules/0.6.1/pkgs/xz-5.2.5/lib/:/cm/shared/ex3-modules/0.6.1/pkgs/bzip2-1.0.8/lib/:/cm/shared/ex3-modules/0.6.1/pkgs/openssl-1.1.1c/lib/:/cm/shared/apps/slurm/current/lib64/slurm/:/cm/shared/apps/slurm/current/lib64/:/usr/lib/gcc/x86_64-linux-gnu/11/../../../:/lib/:/usr/lib/]
  ignore line: [COLLECT_GCC_OPTIONS='-fopenmp' '-v' '-O3' '-D' 'NDEBUG' '-O3' '-fPIE' '-c' '-o' 'CMakeFiles/cmTC_e1c3d.dir/OpenMPTryFlag.f90.o' '-mtune=generic' '-march=x86-64' '-pthread' '-dumpdir' 'CMakeFiles/cmTC_e1c3d.dir/OpenMPTryFlag.f90.']
  ignore line: [Linking Fortran executable cmTC_e1c3d]
  ignore line: [/cm/shared/ex3-modules/0.6.1/pkgs/cmake-3.17.2/bin/cmake -E cmake_link_script CMakeFiles/cmTC_e1c3d.dir/link.txt --verbose=1]
  ignore line: [/usr/bin/gfortran     -fopenmp -v -O3 -DNDEBUG -O3 CMakeFiles/cmTC_e1c3d.dir/OpenMPTryFlag.f90.o  -o cmTC_e1c3d  -v ]
  ignore line: [Driving: /usr/bin/gfortran -fopenmp -v -O3 -DNDEBUG -O3 CMakeFiles/cmTC_e1c3d.dir/OpenMPTryFlag.f90.o -o cmTC_e1c3d -v -l gfortran -l m -shared-libgcc]
  ignore line: [Using built-in specs.]
  ignore line: [COLLECT_GCC=/usr/bin/gfortran]
  ignore line: [COLLECT_LTO_WRAPPER=/usr/lib/gcc/x86_64-linux-gnu/11/lto-wrapper]
  ignore line: [OFFLOAD_TARGET_NAMES=nvptx-none:amdgcn-amdhsa]
  ignore line: [OFFLOAD_TARGET_DEFAULT=1]
  ignore line: [Target: x86_64-linux-gnu]
  ignore line: [Configured with: ../src/configure -v --with-pkgversion='Ubuntu 11.4.0-1ubuntu1~22.04' --with-bugurl=file:///usr/share/doc/gcc-11/README.Bugs --enable-languages=c ada c++ go brig d fortran objc obj-c++ m2 --prefix=/usr --with-gcc-major-version-only --program-suffix=-11 --program-prefix=x86_64-linux-gnu- --enable-shared --enable-linker-build-id --libexecdir=/usr/lib --without-included-gettext --enable-threads=posix --libdir=/usr/lib --enable-nls --enable-bootstrap --enable-clocale=gnu --enable-libstdcxx-debug --enable-libstdcxx-time=yes --with-default-libstdcxx-abi=new --enable-gnu-unique-object --disable-vtable-verify --enable-plugin --enable-default-pie --with-system-zlib --enable-libphobos-checking=release --with-target-system-zlib=auto --enable-objc-gc=auto --enable-multiarch --disable-werror --enable-cet --with-arch-32=i686 --with-abi=m64 --with-multilib-list=m32 m64 mx32 --enable-multilib --with-tune=generic --enable-offload-targets=nvptx-none=/build/gcc-11-XeT9lY/gcc-11-11.4.0/debian/tmp-nvptx/usr amdgcn-amdhsa=/build/gcc-11-XeT9lY/gcc-11-11.4.0/debian/tmp-gcn/usr --without-cuda-driver --enable-checking=release --build=x86_64-linux-gnu --host=x86_64-linux-gnu --target=x86_64-linux-gnu --with-build-config=bootstrap-lto-lean --enable-link-serialization=2]
  ignore line: [Thread model: posix]
  ignore line: [Supported LTO compression algorithms: zlib zstd]
  ignore line: [gcc version 11.4.0 (Ubuntu 11.4.0-1ubuntu1~22.04) ]
  ignore line: [Reading specs from /usr/lib/gcc/x86_64-linux-gnu/11/libgfortran.spec]
  ignore line: [rename spec lib to liborig]
  ignore line: [COLLECT_GCC_OPTIONS='-fopenmp' '-v' '-O3' '-D' 'NDEBUG' '-O3' '-o' 'cmTC_e1c3d' '-v' '-shared-libgcc' '-mtune=generic' '-march=x86-64' '-pthread' '-dumpdir' 'cmTC_e1c3d-']
  ignore line: [COMPILER_PATH=/usr/lib/gcc/x86_64-linux-gnu/11/:/usr/lib/gcc/x86_64-linux-gnu/11/:/usr/lib/gcc/x86_64-linux-gnu/:/usr/lib/gcc/x86_64-linux-gnu/11/:/usr/lib/gcc/x86_64-linux-gnu/]
  ignore line: [LIBRARY_PATH=/home/andreast/modules/flow/202309a/rpp-dune-amgcpr-branch/lib/../lib/:/home/andreast/modules/zoltan/202309a/12.16/lib/../lib/:/home/andreast/modules/dune/202309a/mod-2.7.1/lib/../lib/:/cm/shared/ex3-modules/202309a/milanq/pkgs/suitesparse-32-5.12.0/lib/../lib/:/cm/shared/ex3-modules/202309a/milanq/pkgs/mpfr-4.0.2/lib/../lib/:/cm/shared/ex3-modules/202309a/milanq/pkgs/gmp-6.1.2/lib/../lib/:/cm/shared/ex3-modules/202309a/milanq/pkgs/parmetis-32-4.0.3/lib/../lib/:/cm/shared/ex3-modules/202309a/milanq/pkgs/metis-32-5.1.0/lib/../lib/:/cm/shared/ex3-modules/202309a/milanq/pkgs/boost-1.73.0/lib/../lib/:/cm/shared/ex3-modules/202309a/milanq/pkgs/xz-5.2.7/lib/../lib/:/cm/shared/ex3-modules/202309a/milanq/pkgs/openblas-0.3.21/lib/../lib/:/cm/shared/ex3-modules/202309a/milanq/pkgs/openmpi-4.1.4/lib/../lib/:/cm/shared/ex3-modules/202309a/milanq/pkgs/util-linux-2.34/lib/../lib/:/cm/shared/ex3-modules/202309a/milanq/pkgs/libfabric-1.17.0/lib/../lib/:/cm/shared/ex3-modules/202309a/milanq/pkgs/ucx-1.12.1/lib/../lib/:/cm/shared/ex3-modules/202309a/milanq/pkgs/rdma-core-44.0/lib/../lib/:/cm/shared/ex3-modules/202309a/milanq/pkgs/libnl-3.2.25/lib/../lib/:/cm/shared/ex3-modules/202309a/milanq/pkgs/numactl-2.0.13/lib/../lib/:/cm/shared/ex3-modules/202309a/milanq/pkgs/libevent-2.1.12-stable/lib/../lib/:/cm/shared/ex3-modules/202309a/milanq/pkgs/knem-1.1.4/lib/../lib/:/cm/shared/ex3-modules/202309a/milanq/pkgs/hwloc-2.7.1/lib/../lib/:/cm/shared/ex3-modules/0.6.1/pkgs/fftw-3.3.8/lib/../lib/:/cm/shared/ex3-modules/0.6.1/pkgs/lapack-3.9.0/lib/../lib/:/cm/shared/ex3-modules/0.6.1/pkgs/openblas-0.3.12/lib/../lib/:/cm/shared/ex3-modules/0.6.1/pkgs/gcc-8.4.0/lib64/../lib/:/cm/shared/ex3-modules/0.6.1/pkgs/freetype-2.10.1/lib/../lib/:/cm/shared/ex3-modules/0.6.1/pkgs/libpng-1.6.37/lib/../lib/:/cm/shared/ex3-modules/0.6.1/pkgs/python-3.7.4/lib/../lib/:/cm/shared/ex3-modules/0.6.1/pkgs/sqlite-3.31.1/lib/../lib/:/cm/shared/ex3-modules/0.6.1/pkgs/libffi-3.2.1/lib/../lib/:/cm/shared/ex3-modules/0.6.1/pkgs/readline-8.0/lib/../lib/:/cm/shared/ex3-modules/0.6.1/pkgs/ncurses-6.1/lib/../lib/:/cm/shared/ex3-modules/0.6.1/pkgs/xz-5.2.5/lib/../lib/:/cm/shared/ex3-modules/0.6.1/pkgs/bzip2-1.0.8/lib/../lib/:/cm/shared/ex3-modules/0.6.1/pkgs/openssl-1.1.1c/lib/../lib/:/cm/shared/apps/slurm/current/lib64/../lib/:/usr/lib/gcc/x86_64-linux-gnu/11/:/usr/lib/gcc/x86_64-linux-gnu/11/../../../x86_64-linux-gnu/:/usr/lib/gcc/x86_64-linux-gnu/11/../../../../lib/:/lib/x86_64-linux-gnu/:/lib/../lib/:/usr/lib/x86_64-linux-gnu/:/usr/lib/../lib/:/home/andreast/modules/flow/202309a/rpp-dune-amgcpr-branch/lib/:/home/andreast/modules/zoltan/202309a/12.16/lib/:/home/andreast/modules/dune/202309a/mod-2.7.1/lib/:/cm/shared/ex3-modules/202309a/milanq/pkgs/suitesparse-32-5.12.0/lib/:/cm/shared/ex3-modules/202309a/milanq/pkgs/mpfr-4.0.2/lib/:/cm/shared/ex3-modules/202309a/milanq/pkgs/gmp-6.1.2/lib/:/cm/shared/ex3-modules/202309a/milanq/pkgs/parmetis-32-4.0.3/lib/:/cm/shared/ex3-modules/202309a/milanq/pkgs/metis-32-5.1.0/lib/:/cm/shared/ex3-modules/202309a/milanq/pkgs/boost-1.73.0/lib/:/cm/shared/ex3-modules/202309a/milanq/pkgs/xz-5.2.7/lib/:/cm/shared/ex3-modules/202309a/milanq/pkgs/openblas-0.3.21/lib/:/cm/shared/ex3-modules/202309a/milanq/pkgs/openmpi-4.1.4/lib/:/cm/shared/ex3-modules/202309a/milanq/pkgs/util-linux-2.34/lib/:/cm/shared/ex3-modules/202309a/milanq/pkgs/libfabric-1.17.0/lib/:/cm/shared/ex3-modules/202309a/milanq/pkgs/ucx-1.12.1/lib/:/cm/shared/ex3-modules/202309a/milanq/pkgs/rdma-core-44.0/lib/:/cm/shared/ex3-modules/202309a/milanq/pkgs/libnl-3.2.25/lib/:/cm/shared/ex3-modules/202309a/milanq/pkgs/numactl-2.0.13/lib/:/cm/shared/ex3-modules/202309a/milanq/pkgs/libevent-2.1.12-stable/lib/:/cm/shared/ex3-modules/202309a/milanq/pkgs/knem-1.1.4/lib/:/cm/shared/ex3-modules/202309a/milanq/pkgs/hwloc-2.7.1/lib/:/cm/shared/ex3-modules/0.6.1/pkgs/fftw-3.3.8/lib/:/cm/shared/ex3-modules/0.6.1/pkgs/lapack-3.9.0/lib/:/cm/shared/ex3-modules/0.6.1/pkgs/openblas-0.3.12/lib/:/cm/shared/ex3-modules/0.6.1/pkgs/gcc-8.4.0/lib64/:/cm/shared/ex3-modules/0.6.1/pkgs/freetype-2.10.1/lib/:/cm/shared/ex3-modules/0.6.1/pkgs/libpng-1.6.37/lib/:/cm/shared/ex3-modules/0.6.1/pkgs/python-3.7.4/lib/:/cm/shared/ex3-modules/0.6.1/pkgs/sqlite-3.31.1/lib/:/cm/shared/ex3-modules/0.6.1/pkgs/libffi-3.2.1/lib/:/cm/shared/ex3-modules/0.6.1/pkgs/readline-8.0/lib/:/cm/shared/ex3-modules/0.6.1/pkgs/ncurses-6.1/lib/:/cm/shared/ex3-modules/0.6.1/pkgs/xz-5.2.5/lib/:/cm/shared/ex3-modules/0.6.1/pkgs/bzip2-1.0.8/lib/:/cm/shared/ex3-modules/0.6.1/pkgs/openssl-1.1.1c/lib/:/cm/shared/apps/slurm/current/lib64/slurm/:/cm/shared/apps/slurm/current/lib64/:/usr/lib/gcc/x86_64-linux-gnu/11/../../../:/lib/:/usr/lib/]
  ignore line: [Reading specs from /usr/lib/gcc/x86_64-linux-gnu/11/libgomp.spec]
  ignore line: [COLLECT_GCC_OPTIONS='-fopenmp' '-v' '-O3' '-D' 'NDEBUG' '-O3' '-o' 'cmTC_e1c3d' '-v' '-shared-libgcc' '-mtune=generic' '-march=x86-64' '-pthread' '-dumpdir' 'cmTC_e1c3d.']
  link line: [ /usr/lib/gcc/x86_64-linux-gnu/11/collect2 -plugin /usr/lib/gcc/x86_64-linux-gnu/11/liblto_plugin.so -plugin-opt=/usr/lib/gcc/x86_64-linux-gnu/11/lto-wrapper -plugin-opt=-fresolution=/tmp/ccsFSOtS.res -plugin-opt=-pass-through=-lgcc_s -plugin-opt=-pass-through=-lgcc -plugin-opt=-pass-through=-lquadmath -plugin-opt=-pass-through=-lm -plugin-opt=-pass-through=-lgcc_s -plugin-opt=-pass-through=-lgcc -plugin-opt=-pass-through=-lpthread -plugin-opt=-pass-through=-lc -plugin-opt=-pass-through=-lgcc_s -plugin-opt=-pass-through=-lgcc --build-id --eh-frame-hdr -m elf_x86_64 --hash-style=gnu --as-needed -dynamic-linker /lib64/ld-linux-x86-64.so.2 -pie -z now -z relro -o cmTC_e1c3d /usr/lib/gcc/x86_64-linux-gnu/11/../../../x86_64-linux-gnu/Scrt1.o /usr/lib/gcc/x86_64-linux-gnu/11/../../../x86_64-linux-gnu/crti.o /usr/lib/gcc/x86_64-linux-gnu/11/crtbeginS.o /usr/lib/gcc/x86_64-linux-gnu/11/crtoffloadbegin.o -L/home/andreast/modules/flow/202309a/rpp-dune-amgcpr-branch/lib/../lib -L/home/andreast/modules/zoltan/202309a/12.16/lib/../lib -L/home/andreast/modules/dune/202309a/mod-2.7.1/lib/../lib -L/cm/shared/ex3-modules/202309a/milanq/pkgs/suitesparse-32-5.12.0/lib/../lib -L/cm/shared/ex3-modules/202309a/milanq/pkgs/mpfr-4.0.2/lib/../lib -L/cm/shared/ex3-modules/202309a/milanq/pkgs/gmp-6.1.2/lib/../lib -L/cm/shared/ex3-modules/202309a/milanq/pkgs/parmetis-32-4.0.3/lib/../lib -L/cm/shared/ex3-modules/202309a/milanq/pkgs/metis-32-5.1.0/lib/../lib -L/cm/shared/ex3-modules/202309a/milanq/pkgs/boost-1.73.0/lib/../lib -L/cm/shared/ex3-modules/202309a/milanq/pkgs/xz-5.2.7/lib/../lib -L/cm/shared/ex3-modules/202309a/milanq/pkgs/openblas-0.3.21/lib/../lib -L/cm/shared/ex3-modules/202309a/milanq/pkgs/openmpi-4.1.4/lib/../lib -L/cm/shared/ex3-modules/202309a/milanq/pkgs/util-linux-2.34/lib/../lib -L/cm/shared/ex3-modules/202309a/milanq/pkgs/libfabric-1.17.0/lib/../lib -L/cm/shared/ex3-modules/202309a/milanq/pkgs/ucx-1.12.1/lib/../lib -L/cm/shared/ex3-modules/202309a/milanq/pkgs/rdma-core-44.0/lib/../lib -L/cm/shared/ex3-modules/202309a/milanq/pkgs/libnl-3.2.25/lib/../lib -L/cm/shared/ex3-modules/202309a/milanq/pkgs/numactl-2.0.13/lib/../lib -L/cm/shared/ex3-modules/202309a/milanq/pkgs/libevent-2.1.12-stable/lib/../lib -L/cm/shared/ex3-modules/202309a/milanq/pkgs/knem-1.1.4/lib/../lib -L/cm/shared/ex3-modules/202309a/milanq/pkgs/hwloc-2.7.1/lib/../lib -L/cm/shared/ex3-modules/0.6.1/pkgs/fftw-3.3.8/lib/../lib -L/cm/shared/ex3-modules/0.6.1/pkgs/lapack-3.9.0/lib/../lib -L/cm/shared/ex3-modules/0.6.1/pkgs/openblas-0.3.12/lib/../lib -L/cm/shared/ex3-modules/0.6.1/pkgs/gcc-8.4.0/lib64/../lib -L/cm/shared/ex3-modules/0.6.1/pkgs/freetype-2.10.1/lib/../lib -L/cm/shared/ex3-modules/0.6.1/pkgs/libpng-1.6.37/lib/../lib -L/cm/shared/ex3-modules/0.6.1/pkgs/python-3.7.4/lib/../lib -L/cm/shared/ex3-modules/0.6.1/pkgs/sqlite-3.31.1/lib/../lib -L/cm/shared/ex3-modules/0.6.1/pkgs/libffi-3.2.1/lib/../lib -L/cm/shared/ex3-modules/0.6.1/pkgs/readline-8.0/lib/../lib -L/cm/shared/ex3-modules/0.6.1/pkgs/ncurses-6.1/lib/../lib -L/cm/shared/ex3-modules/0.6.1/pkgs/xz-5.2.5/lib/../lib -L/cm/shared/ex3-modules/0.6.1/pkgs/bzip2-1.0.8/lib/../lib -L/cm/shared/ex3-modules/0.6.1/pkgs/openssl-1.1.1c/lib/../lib -L/cm/shared/apps/slurm/current/lib64/../lib -L/usr/lib/gcc/x86_64-linux-gnu/11 -L/usr/lib/gcc/x86_64-linux-gnu/11/../../../x86_64-linux-gnu -L/usr/lib/gcc/x86_64-linux-gnu/11/../../../../lib -L/lib/x86_64-linux-gnu -L/lib/../lib -L/usr/lib/x86_64-linux-gnu -L/usr/lib/../lib -L/home/andreast/modules/flow/202309a/rpp-dune-amgcpr-branch/lib -L/home/andreast/modules/zoltan/202309a/12.16/lib -L/home/andreast/modules/dune/202309a/mod-2.7.1/lib -L/cm/shared/ex3-modules/202309a/milanq/pkgs/suitesparse-32-5.12.0/lib -L/cm/shared/ex3-modules/202309a/milanq/pkgs/mpfr-4.0.2/lib -L/cm/shared/ex3-modules/202309a/milanq/pkgs/gmp-6.1.2/lib -L/cm/shared/ex3-modules/202309a/milanq/pkgs/parmetis-32-4.0.3/lib -L/cm/shared/ex3-modules/202309a/milanq/pkgs/metis-32-5.1.0/lib -L/cm/shared/ex3-modules/202309a/milanq/pkgs/boost-1.73.0/lib -L/cm/shared/ex3-modules/202309a/milanq/pkgs/xz-5.2.7/lib -L/cm/shared/ex3-modules/202309a/milanq/pkgs/openblas-0.3.21/lib -L/cm/shared/ex3-modules/202309a/milanq/pkgs/openmpi-4.1.4/lib -L/cm/shared/ex3-modules/202309a/milanq/pkgs/util-linux-2.34/lib -L/cm/shared/ex3-modules/202309a/milanq/pkgs/libfabric-1.17.0/lib -L/cm/shared/ex3-modules/202309a/milanq/pkgs/ucx-1.12.1/lib -L/cm/shared/ex3-modules/202309a/milanq/pkgs/rdma-core-44.0/lib -L/cm/shared/ex3-modules/202309a/milanq/pkgs/libnl-3.2.25/lib -L/cm/shared/ex3-modules/202309a/milanq/pkgs/numactl-2.0.13/lib -L/cm/shared/ex3-modules/202309a/milanq/pkgs/libevent-2.1.12-stable/lib -L/cm/shared/ex3-modules/202309a/milanq/pkgs/knem-1.1.4/lib -L/cm/shared/ex3-modules/202309a/milanq/pkgs/hwloc-2.7.1/lib -L/cm/shared/ex3-modules/0.6.1/pkgs/fftw-3.3.8/lib -L/cm/shared/ex3-modules/0.6.1/pkgs/lapack-3.9.0/lib -L/cm/shared/ex3-modules/0.6.1/pkgs/openblas-0.3.12/lib -L/cm/shared/ex3-modules/0.6.1/pkgs/gcc-8.4.0/lib64 -L/cm/shared/ex3-modules/0.6.1/pkgs/freetype-2.10.1/lib -L/cm/shared/ex3-modules/0.6.1/pkgs/libpng-1.6.37/lib -L/cm/shared/ex3-modules/0.6.1/pkgs/python-3.7.4/lib -L/cm/shared/ex3-modules/0.6.1/pkgs/sqlite-3.31.1/lib -L/cm/shared/ex3-modules/0.6.1/pkgs/libffi-3.2.1/lib -L/cm/shared/ex3-modules/0.6.1/pkgs/readline-8.0/lib -L/cm/shared/ex3-modules/0.6.1/pkgs/ncurses-6.1/lib -L/cm/shared/ex3-modules/0.6.1/pkgs/xz-5.2.5/lib -L/cm/shared/ex3-modules/0.6.1/pkgs/bzip2-1.0.8/lib -L/cm/shared/ex3-modules/0.6.1/pkgs/openssl-1.1.1c/lib -L/cm/shared/apps/slurm/current/lib64/slurm -L/cm/shared/apps/slurm/current/lib64 -L/usr/lib/gcc/x86_64-linux-gnu/11/../../.. CMakeFiles/cmTC_e1c3d.dir/OpenMPTryFlag.f90.o -lgfortran -lm -lgomp -lgcc_s -lgcc -lquadmath -lm -lgcc_s -lgcc -lpthread -lc -lgcc_s -lgcc /usr/lib/gcc/x86_64-linux-gnu/11/crtendS.o /usr/lib/gcc/x86_64-linux-gnu/11/../../../x86_64-linux-gnu/crtn.o /usr/lib/gcc/x86_64-linux-gnu/11/crtoffloadend.o]
    arg [/usr/lib/gcc/x86_64-linux-gnu/11/collect2] ==> ignore
    arg [-plugin] ==> ignore
    arg [/usr/lib/gcc/x86_64-linux-gnu/11/liblto_plugin.so] ==> ignore
    arg [-plugin-opt=/usr/lib/gcc/x86_64-linux-gnu/11/lto-wrapper] ==> ignore
    arg [-plugin-opt=-fresolution=/tmp/ccsFSOtS.res] ==> ignore
    arg [-plugin-opt=-pass-through=-lgcc_s] ==> ignore
    arg [-plugin-opt=-pass-through=-lgcc] ==> ignore
    arg [-plugin-opt=-pass-through=-lquadmath] ==> ignore
    arg [-plugin-opt=-pass-through=-lm] ==> ignore
    arg [-plugin-opt=-pass-through=-lgcc_s] ==> ignore
    arg [-plugin-opt=-pass-through=-lgcc] ==> ignore
    arg [-plugin-opt=-pass-through=-lpthread] ==> ignore
    arg [-plugin-opt=-pass-through=-lc] ==> ignore
    arg [-plugin-opt=-pass-through=-lgcc_s] ==> ignore
    arg [-plugin-opt=-pass-through=-lgcc] ==> ignore
    arg [--build-id] ==> ignore
    arg [--eh-frame-hdr] ==> ignore
    arg [-m] ==> ignore
    arg [elf_x86_64] ==> ignore
    arg [--hash-style=gnu] ==> ignore
    arg [--as-needed] ==> ignore
    arg [-dynamic-linker] ==> ignore
    arg [/lib64/ld-linux-x86-64.so.2] ==> ignore
    arg [-pie] ==> ignore
    arg [-znow] ==> ignore
    arg [-zrelro] ==> ignore
    arg [-o] ==> ignore
    arg [cmTC_e1c3d] ==> ignore
    arg [/usr/lib/gcc/x86_64-linux-gnu/11/../../../x86_64-linux-gnu/Scrt1.o] ==> ignore
    arg [/usr/lib/gcc/x86_64-linux-gnu/11/../../../x86_64-linux-gnu/crti.o] ==> ignore
    arg [/usr/lib/gcc/x86_64-linux-gnu/11/crtbeginS.o] ==> ignore
    arg [/usr/lib/gcc/x86_64-linux-gnu/11/crtoffloadbegin.o] ==> ignore
    arg [-L/home/andreast/modules/flow/202309a/rpp-dune-amgcpr-branch/lib/../lib] ==> dir [/home/andreast/modules/flow/202309a/rpp-dune-amgcpr-branch/lib/../lib]
    arg [-L/home/andreast/modules/zoltan/202309a/12.16/lib/../lib] ==> dir [/home/andreast/modules/zoltan/202309a/12.16/lib/../lib]
    arg [-L/home/andreast/modules/dune/202309a/mod-2.7.1/lib/../lib] ==> dir [/home/andreast/modules/dune/202309a/mod-2.7.1/lib/../lib]
    arg [-L/cm/shared/ex3-modules/202309a/milanq/pkgs/suitesparse-32-5.12.0/lib/../lib] ==> dir [/cm/shared/ex3-modules/202309a/milanq/pkgs/suitesparse-32-5.12.0/lib/../lib]
    arg [-L/cm/shared/ex3-modules/202309a/milanq/pkgs/mpfr-4.0.2/lib/../lib] ==> dir [/cm/shared/ex3-modules/202309a/milanq/pkgs/mpfr-4.0.2/lib/../lib]
    arg [-L/cm/shared/ex3-modules/202309a/milanq/pkgs/gmp-6.1.2/lib/../lib] ==> dir [/cm/shared/ex3-modules/202309a/milanq/pkgs/gmp-6.1.2/lib/../lib]
    arg [-L/cm/shared/ex3-modules/202309a/milanq/pkgs/parmetis-32-4.0.3/lib/../lib] ==> dir [/cm/shared/ex3-modules/202309a/milanq/pkgs/parmetis-32-4.0.3/lib/../lib]
    arg [-L/cm/shared/ex3-modules/202309a/milanq/pkgs/metis-32-5.1.0/lib/../lib] ==> dir [/cm/shared/ex3-modules/202309a/milanq/pkgs/metis-32-5.1.0/lib/../lib]
    arg [-L/cm/shared/ex3-modules/202309a/milanq/pkgs/boost-1.73.0/lib/../lib] ==> dir [/cm/shared/ex3-modules/202309a/milanq/pkgs/boost-1.73.0/lib/../lib]
    arg [-L/cm/shared/ex3-modules/202309a/milanq/pkgs/xz-5.2.7/lib/../lib] ==> dir [/cm/shared/ex3-modules/202309a/milanq/pkgs/xz-5.2.7/lib/../lib]
    arg [-L/cm/shared/ex3-modules/202309a/milanq/pkgs/openblas-0.3.21/lib/../lib] ==> dir [/cm/shared/ex3-modules/202309a/milanq/pkgs/openblas-0.3.21/lib/../lib]
    arg [-L/cm/shared/ex3-modules/202309a/milanq/pkgs/openmpi-4.1.4/lib/../lib] ==> dir [/cm/shared/ex3-modules/202309a/milanq/pkgs/openmpi-4.1.4/lib/../lib]
    arg [-L/cm/shared/ex3-modules/202309a/milanq/pkgs/util-linux-2.34/lib/../lib] ==> dir [/cm/shared/ex3-modules/202309a/milanq/pkgs/util-linux-2.34/lib/../lib]
    arg [-L/cm/shared/ex3-modules/202309a/milanq/pkgs/libfabric-1.17.0/lib/../lib] ==> dir [/cm/shared/ex3-modules/202309a/milanq/pkgs/libfabric-1.17.0/lib/../lib]
    arg [-L/cm/shared/ex3-modules/202309a/milanq/pkgs/ucx-1.12.1/lib/../lib] ==> dir [/cm/shared/ex3-modules/202309a/milanq/pkgs/ucx-1.12.1/lib/../lib]
    arg [-L/cm/shared/ex3-modules/202309a/milanq/pkgs/rdma-core-44.0/lib/../lib] ==> dir [/cm/shared/ex3-modules/202309a/milanq/pkgs/rdma-core-44.0/lib/../lib]
    arg [-L/cm/shared/ex3-modules/202309a/milanq/pkgs/libnl-3.2.25/lib/../lib] ==> dir [/cm/shared/ex3-modules/202309a/milanq/pkgs/libnl-3.2.25/lib/../lib]
    arg [-L/cm/shared/ex3-modules/202309a/milanq/pkgs/numactl-2.0.13/lib/../lib] ==> dir [/cm/shared/ex3-modules/202309a/milanq/pkgs/numactl-2.0.13/lib/../lib]
    arg [-L/cm/shared/ex3-modules/202309a/milanq/pkgs/libevent-2.1.12-stable/lib/../lib] ==> dir [/cm/shared/ex3-modules/202309a/milanq/pkgs/libevent-2.1.12-stable/lib/../lib]
    arg [-L/cm/shared/ex3-modules/202309a/milanq/pkgs/knem-1.1.4/lib/../lib] ==> dir [/cm/shared/ex3-modules/202309a/milanq/pkgs/knem-1.1.4/lib/../lib]
    arg [-L/cm/shared/ex3-modules/202309a/milanq/pkgs/hwloc-2.7.1/lib/../lib] ==> dir [/cm/shared/ex3-modules/202309a/milanq/pkgs/hwloc-2.7.1/lib/../lib]
    arg [-L/cm/shared/ex3-modules/0.6.1/pkgs/fftw-3.3.8/lib/../lib] ==> dir [/cm/shared/ex3-modules/0.6.1/pkgs/fftw-3.3.8/lib/../lib]
    arg [-L/cm/shared/ex3-modules/0.6.1/pkgs/lapack-3.9.0/lib/../lib] ==> dir [/cm/shared/ex3-modules/0.6.1/pkgs/lapack-3.9.0/lib/../lib]
    arg [-L/cm/shared/ex3-modules/0.6.1/pkgs/openblas-0.3.12/lib/../lib] ==> dir [/cm/shared/ex3-modules/0.6.1/pkgs/openblas-0.3.12/lib/../lib]
    arg [-L/cm/shared/ex3-modules/0.6.1/pkgs/gcc-8.4.0/lib64/../lib] ==> dir [/cm/shared/ex3-modules/0.6.1/pkgs/gcc-8.4.0/lib64/../lib]
    arg [-L/cm/shared/ex3-modules/0.6.1/pkgs/freetype-2.10.1/lib/../lib] ==> dir [/cm/shared/ex3-modules/0.6.1/pkgs/freetype-2.10.1/lib/../lib]
    arg [-L/cm/shared/ex3-modules/0.6.1/pkgs/libpng-1.6.37/lib/../lib] ==> dir [/cm/shared/ex3-modules/0.6.1/pkgs/libpng-1.6.37/lib/../lib]
    arg [-L/cm/shared/ex3-modules/0.6.1/pkgs/python-3.7.4/lib/../lib] ==> dir [/cm/shared/ex3-modules/0.6.1/pkgs/python-3.7.4/lib/../lib]
    arg [-L/cm/shared/ex3-modules/0.6.1/pkgs/sqlite-3.31.1/lib/../lib] ==> dir [/cm/shared/ex3-modules/0.6.1/pkgs/sqlite-3.31.1/lib/../lib]
    arg [-L/cm/shared/ex3-modules/0.6.1/pkgs/libffi-3.2.1/lib/../lib] ==> dir [/cm/shared/ex3-modules/0.6.1/pkgs/libffi-3.2.1/lib/../lib]
    arg [-L/cm/shared/ex3-modules/0.6.1/pkgs/readline-8.0/lib/../lib] ==> dir [/cm/shared/ex3-modules/0.6.1/pkgs/readline-8.0/lib/../lib]
    arg [-L/cm/shared/ex3-modules/0.6.1/pkgs/ncurses-6.1/lib/../lib] ==> dir [/cm/shared/ex3-modules/0.6.1/pkgs/ncurses-6.1/lib/../lib]
    arg [-L/cm/shared/ex3-modules/0.6.1/pkgs/xz-5.2.5/lib/../lib] ==> dir [/cm/shared/ex3-modules/0.6.1/pkgs/xz-5.2.5/lib/../lib]
    arg [-L/cm/shared/ex3-modules/0.6.1/pkgs/bzip2-1.0.8/lib/../lib] ==> dir [/cm/shared/ex3-modules/0.6.1/pkgs/bzip2-1.0.8/lib/../lib]
    arg [-L/cm/shared/ex3-modules/0.6.1/pkgs/openssl-1.1.1c/lib/../lib] ==> dir [/cm/shared/ex3-modules/0.6.1/pkgs/openssl-1.1.1c/lib/../lib]
    arg [-L/cm/shared/apps/slurm/current/lib64/../lib] ==> dir [/cm/shared/apps/slurm/current/lib64/../lib]
    arg [-L/usr/lib/gcc/x86_64-linux-gnu/11] ==> dir [/usr/lib/gcc/x86_64-linux-gnu/11]
    arg [-L/usr/lib/gcc/x86_64-linux-gnu/11/../../../x86_64-linux-gnu] ==> dir [/usr/lib/gcc/x86_64-linux-gnu/11/../../../x86_64-linux-gnu]
    arg [-L/usr/lib/gcc/x86_64-linux-gnu/11/../../../../lib] ==> dir [/usr/lib/gcc/x86_64-linux-gnu/11/../../../../lib]
    arg [-L/lib/x86_64-linux-gnu] ==> dir [/lib/x86_64-linux-gnu]
    arg [-L/lib/../lib] ==> dir [/lib/../lib]
    arg [-L/usr/lib/x86_64-linux-gnu] ==> dir [/usr/lib/x86_64-linux-gnu]
    arg [-L/usr/lib/../lib] ==> dir [/usr/lib/../lib]
    arg [-L/home/andreast/modules/flow/202309a/rpp-dune-amgcpr-branch/lib] ==> dir [/home/andreast/modules/flow/202309a/rpp-dune-amgcpr-branch/lib]
    arg [-L/home/andreast/modules/zoltan/202309a/12.16/lib] ==> dir [/home/andreast/modules/zoltan/202309a/12.16/lib]
    arg [-L/home/andreast/modules/dune/202309a/mod-2.7.1/lib] ==> dir [/home/andreast/modules/dune/202309a/mod-2.7.1/lib]
    arg [-L/cm/shared/ex3-modules/202309a/milanq/pkgs/suitesparse-32-5.12.0/lib] ==> dir [/cm/shared/ex3-modules/202309a/milanq/pkgs/suitesparse-32-5.12.0/lib]
    arg [-L/cm/shared/ex3-modules/202309a/milanq/pkgs/mpfr-4.0.2/lib] ==> dir [/cm/shared/ex3-modules/202309a/milanq/pkgs/mpfr-4.0.2/lib]
    arg [-L/cm/shared/ex3-modules/202309a/milanq/pkgs/gmp-6.1.2/lib] ==> dir [/cm/shared/ex3-modules/202309a/milanq/pkgs/gmp-6.1.2/lib]
    arg [-L/cm/shared/ex3-modules/202309a/milanq/pkgs/parmetis-32-4.0.3/lib] ==> dir [/cm/shared/ex3-modules/202309a/milanq/pkgs/parmetis-32-4.0.3/lib]
    arg [-L/cm/shared/ex3-modules/202309a/milanq/pkgs/metis-32-5.1.0/lib] ==> dir [/cm/shared/ex3-modules/202309a/milanq/pkgs/metis-32-5.1.0/lib]
    arg [-L/cm/shared/ex3-modules/202309a/milanq/pkgs/boost-1.73.0/lib] ==> dir [/cm/shared/ex3-modules/202309a/milanq/pkgs/boost-1.73.0/lib]
    arg [-L/cm/shared/ex3-modules/202309a/milanq/pkgs/xz-5.2.7/lib] ==> dir [/cm/shared/ex3-modules/202309a/milanq/pkgs/xz-5.2.7/lib]
    arg [-L/cm/shared/ex3-modules/202309a/milanq/pkgs/openblas-0.3.21/lib] ==> dir [/cm/shared/ex3-modules/202309a/milanq/pkgs/openblas-0.3.21/lib]
    arg [-L/cm/shared/ex3-modules/202309a/milanq/pkgs/openmpi-4.1.4/lib] ==> dir [/cm/shared/ex3-modules/202309a/milanq/pkgs/openmpi-4.1.4/lib]
    arg [-L/cm/shared/ex3-modules/202309a/milanq/pkgs/util-linux-2.34/lib] ==> dir [/cm/shared/ex3-modules/202309a/milanq/pkgs/util-linux-2.34/lib]
    arg [-L/cm/shared/ex3-modules/202309a/milanq/pkgs/libfabric-1.17.0/lib] ==> dir [/cm/shared/ex3-modules/202309a/milanq/pkgs/libfabric-1.17.0/lib]
    arg [-L/cm/shared/ex3-modules/202309a/milanq/pkgs/ucx-1.12.1/lib] ==> dir [/cm/shared/ex3-modules/202309a/milanq/pkgs/ucx-1.12.1/lib]
    arg [-L/cm/shared/ex3-modules/202309a/milanq/pkgs/rdma-core-44.0/lib] ==> dir [/cm/shared/ex3-modules/202309a/milanq/pkgs/rdma-core-44.0/lib]
    arg [-L/cm/shared/ex3-modules/202309a/milanq/pkgs/libnl-3.2.25/lib] ==> dir [/cm/shared/ex3-modules/202309a/milanq/pkgs/libnl-3.2.25/lib]
    arg [-L/cm/shared/ex3-modules/202309a/milanq/pkgs/numactl-2.0.13/lib] ==> dir [/cm/shared/ex3-modules/202309a/milanq/pkgs/numactl-2.0.13/lib]
    arg [-L/cm/shared/ex3-modules/202309a/milanq/pkgs/libevent-2.1.12-stable/lib] ==> dir [/cm/shared/ex3-modules/202309a/milanq/pkgs/libevent-2.1.12-stable/lib]
    arg [-L/cm/shared/ex3-modules/202309a/milanq/pkgs/knem-1.1.4/lib] ==> dir [/cm/shared/ex3-modules/202309a/milanq/pkgs/knem-1.1.4/lib]
    arg [-L/cm/shared/ex3-modules/202309a/milanq/pkgs/hwloc-2.7.1/lib] ==> dir [/cm/shared/ex3-modules/202309a/milanq/pkgs/hwloc-2.7.1/lib]
    arg [-L/cm/shared/ex3-modules/0.6.1/pkgs/fftw-3.3.8/lib] ==> dir [/cm/shared/ex3-modules/0.6.1/pkgs/fftw-3.3.8/lib]
    arg [-L/cm/shared/ex3-modules/0.6.1/pkgs/lapack-3.9.0/lib] ==> dir [/cm/shared/ex3-modules/0.6.1/pkgs/lapack-3.9.0/lib]
    arg [-L/cm/shared/ex3-modules/0.6.1/pkgs/openblas-0.3.12/lib] ==> dir [/cm/shared/ex3-modules/0.6.1/pkgs/openblas-0.3.12/lib]
    arg [-L/cm/shared/ex3-modules/0.6.1/pkgs/gcc-8.4.0/lib64] ==> dir [/cm/shared/ex3-modules/0.6.1/pkgs/gcc-8.4.0/lib64]
    arg [-L/cm/shared/ex3-modules/0.6.1/pkgs/freetype-2.10.1/lib] ==> dir [/cm/shared/ex3-modules/0.6.1/pkgs/freetype-2.10.1/lib]
    arg [-L/cm/shared/ex3-modules/0.6.1/pkgs/libpng-1.6.37/lib] ==> dir [/cm/shared/ex3-modules/0.6.1/pkgs/libpng-1.6.37/lib]
    arg [-L/cm/shared/ex3-modules/0.6.1/pkgs/python-3.7.4/lib] ==> dir [/cm/shared/ex3-modules/0.6.1/pkgs/python-3.7.4/lib]
    arg [-L/cm/shared/ex3-modules/0.6.1/pkgs/sqlite-3.31.1/lib] ==> dir [/cm/shared/ex3-modules/0.6.1/pkgs/sqlite-3.31.1/lib]
    arg [-L/cm/shared/ex3-modules/0.6.1/pkgs/libffi-3.2.1/lib] ==> dir [/cm/shared/ex3-modules/0.6.1/pkgs/libffi-3.2.1/lib]
    arg [-L/cm/shared/ex3-modules/0.6.1/pkgs/readline-8.0/lib] ==> dir [/cm/shared/ex3-modules/0.6.1/pkgs/readline-8.0/lib]
    arg [-L/cm/shared/ex3-modules/0.6.1/pkgs/ncurses-6.1/lib] ==> dir [/cm/shared/ex3-modules/0.6.1/pkgs/ncurses-6.1/lib]
    arg [-L/cm/shared/ex3-modules/0.6.1/pkgs/xz-5.2.5/lib] ==> dir [/cm/shared/ex3-modules/0.6.1/pkgs/xz-5.2.5/lib]
    arg [-L/cm/shared/ex3-modules/0.6.1/pkgs/bzip2-1.0.8/lib] ==> dir [/cm/shared/ex3-modules/0.6.1/pkgs/bzip2-1.0.8/lib]
    arg [-L/cm/shared/ex3-modules/0.6.1/pkgs/openssl-1.1.1c/lib] ==> dir [/cm/shared/ex3-modules/0.6.1/pkgs/openssl-1.1.1c/lib]
    arg [-L/cm/shared/apps/slurm/current/lib64/slurm] ==> dir [/cm/shared/apps/slurm/current/lib64/slurm]
    arg [-L/cm/shared/apps/slurm/current/lib64] ==> dir [/cm/shared/apps/slurm/current/lib64]
    arg [-L/usr/lib/gcc/x86_64-linux-gnu/11/../../..] ==> dir [/usr/lib/gcc/x86_64-linux-gnu/11/../../..]
    arg [CMakeFiles/cmTC_e1c3d.dir/OpenMPTryFlag.f90.o] ==> ignore
    arg [-lgfortran] ==> lib [gfortran]
    arg [-lm] ==> lib [m]
    arg [-lgomp] ==> lib [gomp]
    arg [-lgcc_s] ==> lib [gcc_s]
    arg [-lgcc] ==> lib [gcc]
    arg [-lquadmath] ==> lib [quadmath]
    arg [-lm] ==> lib [m]
    arg [-lgcc_s] ==> lib [gcc_s]
    arg [-lgcc] ==> lib [gcc]
    arg [-lpthread] ==> lib [pthread]
    arg [-lc] ==> lib [c]
    arg [-lgcc_s] ==> lib [gcc_s]
    arg [-lgcc] ==> lib [gcc]
    arg [/usr/lib/gcc/x86_64-linux-gnu/11/crtendS.o] ==> ignore
    arg [/usr/lib/gcc/x86_64-linux-gnu/11/../../../x86_64-linux-gnu/crtn.o] ==> ignore
    arg [/usr/lib/gcc/x86_64-linux-gnu/11/crtoffloadend.o] ==> ignore
  collapse library dir [/home/andreast/modules/flow/202309a/rpp-dune-amgcpr-branch/lib/../lib] ==> [/home/andreast/modules/flow/202309a/rpp-dune-amgcpr-branch/lib]
  collapse library dir [/home/andreast/modules/zoltan/202309a/12.16/lib/../lib] ==> [/home/andreast/modules/zoltan/202309a/12.16/lib]
  collapse library dir [/home/andreast/modules/dune/202309a/mod-2.7.1/lib/../lib] ==> [/home/andreast/modules/dune/202309a/mod-2.7.1/lib]
  collapse library dir [/cm/shared/ex3-modules/202309a/milanq/pkgs/suitesparse-32-5.12.0/lib/../lib] ==> [/cm/shared/ex3-modules/202309a/milanq/pkgs/suitesparse-32-5.12.0/lib]
  collapse library dir [/cm/shared/ex3-modules/202309a/milanq/pkgs/mpfr-4.0.2/lib/../lib] ==> [/cm/shared/ex3-modules/202309a/milanq/pkgs/mpfr-4.0.2/lib]
  collapse library dir [/cm/shared/ex3-modules/202309a/milanq/pkgs/gmp-6.1.2/lib/../lib] ==> [/cm/shared/ex3-modules/202309a/milanq/pkgs/gmp-6.1.2/lib]
  collapse library dir [/cm/shared/ex3-modules/202309a/milanq/pkgs/parmetis-32-4.0.3/lib/../lib] ==> [/cm/shared/ex3-modules/202309a/milanq/pkgs/parmetis-32-4.0.3/lib]
  collapse library dir [/cm/shared/ex3-modules/202309a/milanq/pkgs/metis-32-5.1.0/lib/../lib] ==> [/cm/shared/ex3-modules/202309a/milanq/pkgs/metis-32-5.1.0/lib]
  collapse library dir [/cm/shared/ex3-modules/202309a/milanq/pkgs/boost-1.73.0/lib/../lib] ==> [/cm/shared/ex3-modules/202309a/milanq/pkgs/boost-1.73.0/lib]
  collapse library dir [/cm/shared/ex3-modules/202309a/milanq/pkgs/xz-5.2.7/lib/../lib] ==> [/cm/shared/ex3-modules/202309a/milanq/pkgs/xz-5.2.7/lib]
  collapse library dir [/cm/shared/ex3-modules/202309a/milanq/pkgs/openblas-0.3.21/lib/../lib] ==> [/cm/shared/ex3-modules/202309a/milanq/pkgs/openblas-0.3.21/lib]
  collapse library dir [/cm/shared/ex3-modules/202309a/milanq/pkgs/openmpi-4.1.4/lib/../lib] ==> [/cm/shared/ex3-modules/202309a/milanq/pkgs/openmpi-4.1.4/lib]
  collapse library dir [/cm/shared/ex3-modules/202309a/milanq/pkgs/util-linux-2.34/lib/../lib] ==> [/cm/shared/ex3-modules/202309a/milanq/pkgs/util-linux-2.34/lib]
  collapse library dir [/cm/shared/ex3-modules/202309a/milanq/pkgs/libfabric-1.17.0/lib/../lib] ==> [/cm/shared/ex3-modules/202309a/milanq/pkgs/libfabric-1.17.0/lib]
  collapse library dir [/cm/shared/ex3-modules/202309a/milanq/pkgs/ucx-1.12.1/lib/../lib] ==> [/cm/shared/ex3-modules/202309a/milanq/pkgs/ucx-1.12.1/lib]
  collapse library dir [/cm/shared/ex3-modules/202309a/milanq/pkgs/rdma-core-44.0/lib/../lib] ==> [/cm/shared/ex3-modules/202309a/milanq/pkgs/rdma-core-44.0/lib]
  collapse library dir [/cm/shared/ex3-modules/202309a/milanq/pkgs/libnl-3.2.25/lib/../lib] ==> [/cm/shared/ex3-modules/202309a/milanq/pkgs/libnl-3.2.25/lib]
  collapse library dir [/cm/shared/ex3-modules/202309a/milanq/pkgs/numactl-2.0.13/lib/../lib] ==> [/cm/shared/ex3-modules/202309a/milanq/pkgs/numactl-2.0.13/lib]
  collapse library dir [/cm/shared/ex3-modules/202309a/milanq/pkgs/libevent-2.1.12-stable/lib/../lib] ==> [/cm/shared/ex3-modules/202309a/milanq/pkgs/libevent-2.1.12-stable/lib]
  collapse library dir [/cm/shared/ex3-modules/202309a/milanq/pkgs/knem-1.1.4/lib/../lib] ==> [/cm/shared/ex3-modules/202309a/milanq/pkgs/knem-1.1.4/lib]
  collapse library dir [/cm/shared/ex3-modules/202309a/milanq/pkgs/hwloc-2.7.1/lib/../lib] ==> [/cm/shared/ex3-modules/202309a/milanq/pkgs/hwloc-2.7.1/lib]
  collapse library dir [/cm/shared/ex3-modules/0.6.1/pkgs/fftw-3.3.8/lib/../lib] ==> [/cm/shared/ex3-modules/0.6.1/pkgs/fftw-3.3.8/lib]
  collapse library dir [/cm/shared/ex3-modules/0.6.1/pkgs/lapack-3.9.0/lib/../lib] ==> [/cm/shared/ex3-modules/0.6.1/pkgs/lapack-3.9.0/lib]
  collapse library dir [/cm/shared/ex3-modules/0.6.1/pkgs/openblas-0.3.12/lib/../lib] ==> [/cm/shared/ex3-modules/0.6.1/pkgs/openblas-0.3.12/lib]
  collapse library dir [/cm/shared/ex3-modules/0.6.1/pkgs/gcc-8.4.0/lib64/../lib] ==> [/cm/shared/ex3-modules/0.6.1/pkgs/gcc-8.4.0/lib]
  collapse library dir [/cm/shared/ex3-modules/0.6.1/pkgs/freetype-2.10.1/lib/../lib] ==> [/cm/shared/ex3-modules/0.6.1/pkgs/freetype-2.10.1/lib]
  collapse library dir [/cm/shared/ex3-modules/0.6.1/pkgs/libpng-1.6.37/lib/../lib] ==> [/cm/shared/ex3-modules/0.6.1/pkgs/libpng-1.6.37/lib]
  collapse library dir [/cm/shared/ex3-modules/0.6.1/pkgs/python-3.7.4/lib/../lib] ==> [/cm/shared/ex3-modules/0.6.1/pkgs/python-3.7.4/lib]
  collapse library dir [/cm/shared/ex3-modules/0.6.1/pkgs/sqlite-3.31.1/lib/../lib] ==> [/cm/shared/ex3-modules/0.6.1/pkgs/sqlite-3.31.1/lib]
  collapse library dir [/cm/shared/ex3-modules/0.6.1/pkgs/libffi-3.2.1/lib/../lib] ==> [/cm/shared/ex3-modules/0.6.1/pkgs/libffi-3.2.1/lib]
  collapse library dir [/cm/shared/ex3-modules/0.6.1/pkgs/readline-8.0/lib/../lib] ==> [/cm/shared/ex3-modules/0.6.1/pkgs/readline-8.0/lib]
  collapse library dir [/cm/shared/ex3-modules/0.6.1/pkgs/ncurses-6.1/lib/../lib] ==> [/cm/shared/ex3-modules/0.6.1/pkgs/ncurses-6.1/lib]
  collapse library dir [/cm/shared/ex3-modules/0.6.1/pkgs/xz-5.2.5/lib/../lib] ==> [/cm/shared/ex3-modules/0.6.1/pkgs/xz-5.2.5/lib]
  collapse library dir [/cm/shared/ex3-modules/0.6.1/pkgs/bzip2-1.0.8/lib/../lib] ==> [/cm/shared/ex3-modules/0.6.1/pkgs/bzip2-1.0.8/lib]
  collapse library dir [/cm/shared/ex3-modules/0.6.1/pkgs/openssl-1.1.1c/lib/../lib] ==> [/cm/shared/ex3-modules/0.6.1/pkgs/openssl-1.1.1c/lib]
  collapse library dir [/cm/shared/apps/slurm/current/lib64/../lib] ==> [/cm/shared/apps/slurm/current/lib]
  collapse library dir [/usr/lib/gcc/x86_64-linux-gnu/11] ==> [/usr/lib/gcc/x86_64-linux-gnu/11]
  collapse library dir [/usr/lib/gcc/x86_64-linux-gnu/11/../../../x86_64-linux-gnu] ==> [/usr/lib/x86_64-linux-gnu]
  collapse library dir [/usr/lib/gcc/x86_64-linux-gnu/11/../../../../lib] ==> [/usr/lib]
  collapse library dir [/lib/x86_64-linux-gnu] ==> [/lib/x86_64-linux-gnu]
  collapse library dir [/lib/../lib] ==> [/lib]
  collapse library dir [/usr/lib/x86_64-linux-gnu] ==> [/usr/lib/x86_64-linux-gnu]
  collapse library dir [/usr/lib/../lib] ==> [/usr/lib]
  collapse library dir [/home/andreast/modules/flow/202309a/rpp-dune-amgcpr-branch/lib] ==> [/home/andreast/modules/flow/202309a/rpp-dune-amgcpr-branch/lib]
  collapse library dir [/home/andreast/modules/zoltan/202309a/12.16/lib] ==> [/home/andreast/modules/zoltan/202309a/12.16/lib]
  collapse library dir [/home/andreast/modules/dune/202309a/mod-2.7.1/lib] ==> [/home/andreast/modules/dune/202309a/mod-2.7.1/lib]
  collapse library dir [/cm/shared/ex3-modules/202309a/milanq/pkgs/suitesparse-32-5.12.0/lib] ==> [/cm/shared/ex3-modules/202309a/milanq/pkgs/suitesparse-32-5.12.0/lib]
  collapse library dir [/cm/shared/ex3-modules/202309a/milanq/pkgs/mpfr-4.0.2/lib] ==> [/cm/shared/ex3-modules/202309a/milanq/pkgs/mpfr-4.0.2/lib]
  collapse library dir [/cm/shared/ex3-modules/202309a/milanq/pkgs/gmp-6.1.2/lib] ==> [/cm/shared/ex3-modules/202309a/milanq/pkgs/gmp-6.1.2/lib]
  collapse library dir [/cm/shared/ex3-modules/202309a/milanq/pkgs/parmetis-32-4.0.3/lib] ==> [/cm/shared/ex3-modules/202309a/milanq/pkgs/parmetis-32-4.0.3/lib]
  collapse library dir [/cm/shared/ex3-modules/202309a/milanq/pkgs/metis-32-5.1.0/lib] ==> [/cm/shared/ex3-modules/202309a/milanq/pkgs/metis-32-5.1.0/lib]
  collapse library dir [/cm/shared/ex3-modules/202309a/milanq/pkgs/boost-1.73.0/lib] ==> [/cm/shared/ex3-modules/202309a/milanq/pkgs/boost-1.73.0/lib]
  collapse library dir [/cm/shared/ex3-modules/202309a/milanq/pkgs/xz-5.2.7/lib] ==> [/cm/shared/ex3-modules/202309a/milanq/pkgs/xz-5.2.7/lib]
  collapse library dir [/cm/shared/ex3-modules/202309a/milanq/pkgs/openblas-0.3.21/lib] ==> [/cm/shared/ex3-modules/202309a/milanq/pkgs/openblas-0.3.21/lib]
  collapse library dir [/cm/shared/ex3-modules/202309a/milanq/pkgs/openmpi-4.1.4/lib] ==> [/cm/shared/ex3-modules/202309a/milanq/pkgs/openmpi-4.1.4/lib]
  collapse library dir [/cm/shared/ex3-modules/202309a/milanq/pkgs/util-linux-2.34/lib] ==> [/cm/shared/ex3-modules/202309a/milanq/pkgs/util-linux-2.34/lib]
  collapse library dir [/cm/shared/ex3-modules/202309a/milanq/pkgs/libfabric-1.17.0/lib] ==> [/cm/shared/ex3-modules/202309a/milanq/pkgs/libfabric-1.17.0/lib]
  collapse library dir [/cm/shared/ex3-modules/202309a/milanq/pkgs/ucx-1.12.1/lib] ==> [/cm/shared/ex3-modules/202309a/milanq/pkgs/ucx-1.12.1/lib]
  collapse library dir [/cm/shared/ex3-modules/202309a/milanq/pkgs/rdma-core-44.0/lib] ==> [/cm/shared/ex3-modules/202309a/milanq/pkgs/rdma-core-44.0/lib]
  collapse library dir [/cm/shared/ex3-modules/202309a/milanq/pkgs/libnl-3.2.25/lib] ==> [/cm/shared/ex3-modules/202309a/milanq/pkgs/libnl-3.2.25/lib]
  collapse library dir [/cm/shared/ex3-modules/202309a/milanq/pkgs/numactl-2.0.13/lib] ==> [/cm/shared/ex3-modules/202309a/milanq/pkgs/numactl-2.0.13/lib]
  collapse library dir [/cm/shared/ex3-modules/202309a/milanq/pkgs/libevent-2.1.12-stable/lib] ==> [/cm/shared/ex3-modules/202309a/milanq/pkgs/libevent-2.1.12-stable/lib]
  collapse library dir [/cm/shared/ex3-modules/202309a/milanq/pkgs/knem-1.1.4/lib] ==> [/cm/shared/ex3-modules/202309a/milanq/pkgs/knem-1.1.4/lib]
  collapse library dir [/cm/shared/ex3-modules/202309a/milanq/pkgs/hwloc-2.7.1/lib] ==> [/cm/shared/ex3-modules/202309a/milanq/pkgs/hwloc-2.7.1/lib]
  collapse library dir [/cm/shared/ex3-modules/0.6.1/pkgs/fftw-3.3.8/lib] ==> [/cm/shared/ex3-modules/0.6.1/pkgs/fftw-3.3.8/lib]
  collapse library dir [/cm/shared/ex3-modules/0.6.1/pkgs/lapack-3.9.0/lib] ==> [/cm/shared/ex3-modules/0.6.1/pkgs/lapack-3.9.0/lib]
  collapse library dir [/cm/shared/ex3-modules/0.6.1/pkgs/openblas-0.3.12/lib] ==> [/cm/shared/ex3-modules/0.6.1/pkgs/openblas-0.3.12/lib]
  collapse library dir [/cm/shared/ex3-modules/0.6.1/pkgs/gcc-8.4.0/lib64] ==> [/cm/shared/ex3-modules/0.6.1/pkgs/gcc-8.4.0/lib64]
  collapse library dir [/cm/shared/ex3-modules/0.6.1/pkgs/freetype-2.10.1/lib] ==> [/cm/shared/ex3-modules/0.6.1/pkgs/freetype-2.10.1/lib]
  collapse library dir [/cm/shared/ex3-modules/0.6.1/pkgs/libpng-1.6.37/lib] ==> [/cm/shared/ex3-modules/0.6.1/pkgs/libpng-1.6.37/lib]
  collapse library dir [/cm/shared/ex3-modules/0.6.1/pkgs/python-3.7.4/lib] ==> [/cm/shared/ex3-modules/0.6.1/pkgs/python-3.7.4/lib]
  collapse library dir [/cm/shared/ex3-modules/0.6.1/pkgs/sqlite-3.31.1/lib] ==> [/cm/shared/ex3-modules/0.6.1/pkgs/sqlite-3.31.1/lib]
  collapse library dir [/cm/shared/ex3-modules/0.6.1/pkgs/libffi-3.2.1/lib] ==> [/cm/shared/ex3-modules/0.6.1/pkgs/libffi-3.2.1/lib]
  collapse library dir [/cm/shared/ex3-modules/0.6.1/pkgs/readline-8.0/lib] ==> [/cm/shared/ex3-modules/0.6.1/pkgs/readline-8.0/lib]
  collapse library dir [/cm/shared/ex3-modules/0.6.1/pkgs/ncurses-6.1/lib] ==> [/cm/shared/ex3-modules/0.6.1/pkgs/ncurses-6.1/lib]
  collapse library dir [/cm/shared/ex3-modules/0.6.1/pkgs/xz-5.2.5/lib] ==> [/cm/shared/ex3-modules/0.6.1/pkgs/xz-5.2.5/lib]
  collapse library dir [/cm/shared/ex3-modules/0.6.1/pkgs/bzip2-1.0.8/lib] ==> [/cm/shared/ex3-modules/0.6.1/pkgs/bzip2-1.0.8/lib]
  collapse library dir [/cm/shared/ex3-modules/0.6.1/pkgs/openssl-1.1.1c/lib] ==> [/cm/shared/ex3-modules/0.6.1/pkgs/openssl-1.1.1c/lib]
  collapse library dir [/cm/shared/apps/slurm/current/lib64/slurm] ==> [/cm/shared/apps/slurm/current/lib64/slurm]
  collapse library dir [/cm/shared/apps/slurm/current/lib64] ==> [/cm/shared/apps/slurm/current/lib64]
  collapse library dir [/usr/lib/gcc/x86_64-linux-gnu/11/../../..] ==> [/usr/lib]
  implicit libs: [gfortran;m;gomp;gcc_s;gcc;quadmath;m;gcc_s;gcc;pthread;c;gcc_s;gcc]
  implicit dirs: [/home/andreast/modules/flow/202309a/rpp-dune-amgcpr-branch/lib;/home/andreast/modules/zoltan/202309a/12.16/lib;/home/andreast/modules/dune/202309a/mod-2.7.1/lib;/cm/shared/ex3-modules/202309a/milanq/pkgs/suitesparse-32-5.12.0/lib;/cm/shared/ex3-modules/202309a/milanq/pkgs/mpfr-4.0.2/lib;/cm/shared/ex3-modules/202309a/milanq/pkgs/gmp-6.1.2/lib;/cm/shared/ex3-modules/202309a/milanq/pkgs/parmetis-32-4.0.3/lib;/cm/shared/ex3-modules/202309a/milanq/pkgs/metis-32-5.1.0/lib;/cm/shared/ex3-modules/202309a/milanq/pkgs/boost-1.73.0/lib;/cm/shared/ex3-modules/202309a/milanq/pkgs/xz-5.2.7/lib;/cm/shared/ex3-modules/202309a/milanq/pkgs/openblas-0.3.21/lib;/cm/shared/ex3-modules/202309a/milanq/pkgs/openmpi-4.1.4/lib;/cm/shared/ex3-modules/202309a/milanq/pkgs/util-linux-2.34/lib;/cm/shared/ex3-modules/202309a/milanq/pkgs/libfabric-1.17.0/lib;/cm/shared/ex3-modules/202309a/milanq/pkgs/ucx-1.12.1/lib;/cm/shared/ex3-modules/202309a/milanq/pkgs/rdma-core-44.0/lib;/cm/shared/ex3-modules/202309a/milanq/pkgs/libnl-3.2.25/lib;/cm/shared/ex3-modules/202309a/milanq/pkgs/numactl-2.0.13/lib;/cm/shared/ex3-modules/202309a/milanq/pkgs/libevent-2.1.12-stable/lib;/cm/shared/ex3-modules/202309a/milanq/pkgs/knem-1.1.4/lib;/cm/shared/ex3-modules/202309a/milanq/pkgs/hwloc-2.7.1/lib;/cm/shared/ex3-modules/0.6.1/pkgs/fftw-3.3.8/lib;/cm/shared/ex3-modules/0.6.1/pkgs/lapack-3.9.0/lib;/cm/shared/ex3-modules/0.6.1/pkgs/openblas-0.3.12/lib;/cm/shared/ex3-modules/0.6.1/pkgs/gcc-8.4.0/lib;/cm/shared/ex3-modules/0.6.1/pkgs/freetype-2.10.1/lib;/cm/shared/ex3-modules/0.6.1/pkgs/libpng-1.6.37/lib;/cm/shared/ex3-modules/0.6.1/pkgs/python-3.7.4/lib;/cm/shared/ex3-modules/0.6.1/pkgs/sqlite-3.31.1/lib;/cm/shared/ex3-modules/0.6.1/pkgs/libffi-3.2.1/lib;/cm/shared/ex3-modules/0.6.1/pkgs/readline-8.0/lib;/cm/shared/ex3-modules/0.6.1/pkgs/ncurses-6.1/lib;/cm/shared/ex3-modules/0.6.1/pkgs/xz-5.2.5/lib;/cm/shared/ex3-modules/0.6.1/pkgs/bzip2-1.0.8/lib;/cm/shared/ex3-modules/0.6.1/pkgs/openssl-1.1.1c/lib;/cm/shared/apps/slurm/current/lib;/usr/lib/gcc/x86_64-linux-gnu/11;/usr/lib/x86_64-linux-gnu;/usr/lib;/lib/x86_64-linux-gnu;/lib;/cm/shared/ex3-modules/0.6.1/pkgs/gcc-8.4.0/lib64;/cm/shared/apps/slurm/current/lib64/slurm;/cm/shared/apps/slurm/current/lib64]
  implicit fwks: []


Detecting Fortran OpenMP compiler ABI info compiled with the following output:
Change Dir: /home/erikhs/MatrixProblems/build_x86_64/CMakeFiles/CMakeTmp

Run Build Command(s):/usr/bin/gmake cmTC_b5526/fast && /usr/bin/gmake  -f CMakeFiles/cmTC_b5526.dir/build.make CMakeFiles/cmTC_b5526.dir/build
gmake[1]: Entering directory '/home/erikhs/MatrixProblems/build_x86_64/CMakeFiles/CMakeTmp'
Building Fortran object CMakeFiles/cmTC_b5526.dir/OpenMPTryFlag.f90.o
/usr/bin/gfortran   -fopenmp -v -O3 -DNDEBUG -O3 -fPIE   -c /home/erikhs/MatrixProblems/build_x86_64/CMakeFiles/FindOpenMP/OpenMPTryFlag.f90 -o CMakeFiles/cmTC_b5526.dir/OpenMPTryFlag.f90.o
Using built-in specs.
COLLECT_GCC=/usr/bin/gfortran
OFFLOAD_TARGET_NAMES=nvptx-none:amdgcn-amdhsa
OFFLOAD_TARGET_DEFAULT=1
Target: x86_64-linux-gnu
Configured with: ../src/configure -v --with-pkgversion='Ubuntu 11.4.0-1ubuntu1~22.04' --with-bugurl=file:///usr/share/doc/gcc-11/README.Bugs --enable-languages=c,ada,c++,go,brig,d,fortran,objc,obj-c++,m2 --prefix=/usr --with-gcc-major-version-only --program-suffix=-11 --program-prefix=x86_64-linux-gnu- --enable-shared --enable-linker-build-id --libexecdir=/usr/lib --without-included-gettext --enable-threads=posix --libdir=/usr/lib --enable-nls --enable-bootstrap --enable-clocale=gnu --enable-libstdcxx-debug --enable-libstdcxx-time=yes --with-default-libstdcxx-abi=new --enable-gnu-unique-object --disable-vtable-verify --enable-plugin --enable-default-pie --with-system-zlib --enable-libphobos-checking=release --with-target-system-zlib=auto --enable-objc-gc=auto --enable-multiarch --disable-werror --enable-cet --with-arch-32=i686 --with-abi=m64 --with-multilib-list=m32,m64,mx32 --enable-multilib --with-tune=generic --enable-offload-targets=nvptx-none=/build/gcc-11-XeT9lY/gcc-11-11.4.0/debian/tmp-nvptx/usr,amdgcn-amdhsa=/build/gcc-11-XeT9lY/gcc-11-11.4.0/debian/tmp-gcn/usr --without-cuda-driver --enable-checking=release --build=x86_64-linux-gnu --host=x86_64-linux-gnu --target=x86_64-linux-gnu --with-build-config=bootstrap-lto-lean --enable-link-serialization=2
Thread model: posix
Supported LTO compression algorithms: zlib zstd
gcc version 11.4.0 (Ubuntu 11.4.0-1ubuntu1~22.04) 
COLLECT_GCC_OPTIONS='-fopenmp' '-v' '-O3' '-D' 'NDEBUG' '-O3' '-fPIE' '-c' '-o' 'CMakeFiles/cmTC_b5526.dir/OpenMPTryFlag.f90.o' '-mtune=generic' '-march=x86-64' '-pthread' '-dumpdir' 'CMakeFiles/cmTC_b5526.dir/'
 /usr/lib/gcc/x86_64-linux-gnu/11/f951 /home/erikhs/MatrixProblems/build_x86_64/CMakeFiles/FindOpenMP/OpenMPTryFlag.f90 -quiet -dumpdir CMakeFiles/cmTC_b5526.dir/ -dumpbase OpenMPTryFlag.f90.f90 -dumpbase-ext .f90 -mtune=generic -march=x86-64 -O3 -O3 -version -fopenmp -fPIE -fintrinsic-modules-path /usr/lib/gcc/x86_64-linux-gnu/11/finclude -fpre-include=/usr/include/finclude/math-vector-fortran.h -o /tmp/ccrHgzAT.s
GNU Fortran (Ubuntu 11.4.0-1ubuntu1~22.04) version 11.4.0 (x86_64-linux-gnu)
	compiled by GNU C version 11.4.0, GMP version 6.2.1, MPFR version 4.1.0, MPC version 1.2.1, isl version isl-0.24-GMP

warning: GMP header version 6.2.1 differs from library version 6.1.2.
warning: MPFR header version 4.1.0 differs from library version 4.0.2.
GGC heuristics: --param ggc-min-expand=100 --param ggc-min-heapsize=131072
GNU Fortran2008 (Ubuntu 11.4.0-1ubuntu1~22.04) version 11.4.0 (x86_64-linux-gnu)
	compiled by GNU C version 11.4.0, GMP version 6.2.1, MPFR version 4.1.0, MPC version 1.2.1, isl version isl-0.24-GMP

warning: GMP header version 6.2.1 differs from library version 6.1.2.
warning: MPFR header version 4.1.0 differs from library version 4.0.2.
GGC heuristics: --param ggc-min-expand=100 --param ggc-min-heapsize=131072
COLLECT_GCC_OPTIONS='-fopenmp' '-v' '-O3' '-D' 'NDEBUG' '-O3' '-fPIE' '-c' '-o' 'CMakeFiles/cmTC_b5526.dir/OpenMPTryFlag.f90.o' '-mtune=generic' '-march=x86-64' '-pthread' '-dumpdir' 'CMakeFiles/cmTC_b5526.dir/'
 as -v --64 -o CMakeFiles/cmTC_b5526.dir/OpenMPTryFlag.f90.o /tmp/ccrHgzAT.s
GNU assembler version 2.38 (x86_64-linux-gnu) using BFD version (GNU Binutils for Ubuntu) 2.38
COMPILER_PATH=/usr/lib/gcc/x86_64-linux-gnu/11/:/usr/lib/gcc/x86_64-linux-gnu/11/:/usr/lib/gcc/x86_64-linux-gnu/:/usr/lib/gcc/x86_64-linux-gnu/11/:/usr/lib/gcc/x86_64-linux-gnu/
LIBRARY_PATH=/home/andreast/modules/flow/202309a/rpp-dune-amgcpr-branch/lib/../lib/:/home/andreast/modules/zoltan/202309a/12.16/lib/../lib/:/home/andreast/modules/dune/202309a/mod-2.7.1/lib/../lib/:/cm/shared/ex3-modules/202309a/milanq/pkgs/suitesparse-32-5.12.0/lib/../lib/:/cm/shared/ex3-modules/202309a/milanq/pkgs/mpfr-4.0.2/lib/../lib/:/cm/shared/ex3-modules/202309a/milanq/pkgs/gmp-6.1.2/lib/../lib/:/cm/shared/ex3-modules/202309a/milanq/pkgs/parmetis-32-4.0.3/lib/../lib/:/cm/shared/ex3-modules/202309a/milanq/pkgs/metis-32-5.1.0/lib/../lib/:/cm/shared/ex3-modules/202309a/milanq/pkgs/boost-1.73.0/lib/../lib/:/cm/shared/ex3-modules/202309a/milanq/pkgs/xz-5.2.7/lib/../lib/:/cm/shared/ex3-modules/202309a/milanq/pkgs/openblas-0.3.21/lib/../lib/:/cm/shared/ex3-modules/202309a/milanq/pkgs/openmpi-4.1.4/lib/../lib/:/cm/shared/ex3-modules/202309a/milanq/pkgs/util-linux-2.34/lib/../lib/:/cm/shared/ex3-modules/202309a/milanq/pkgs/libfabric-1.17.0/lib/../lib/:/cm/shared/ex3-modules/202309a/milanq/pkgs/ucx-1.12.1/lib/../lib/:/cm/shared/ex3-modules/202309a/milanq/pkgs/rdma-core-44.0/lib/../lib/:/cm/shared/ex3-modules/202309a/milanq/pkgs/libnl-3.2.25/lib/../lib/:/cm/shared/ex3-modules/202309a/milanq/pkgs/numactl-2.0.13/lib/../lib/:/cm/shared/ex3-modules/202309a/milanq/pkgs/libevent-2.1.12-stable/lib/../lib/:/cm/shared/ex3-modules/202309a/milanq/pkgs/knem-1.1.4/lib/../lib/:/cm/shared/ex3-modules/202309a/milanq/pkgs/hwloc-2.7.1/lib/../lib/:/cm/shared/ex3-modules/0.6.1/pkgs/fftw-3.3.8/lib/../lib/:/cm/shared/ex3-modules/0.6.1/pkgs/lapack-3.9.0/lib/../lib/:/cm/shared/ex3-modules/0.6.1/pkgs/openblas-0.3.12/lib/../lib/:/cm/shared/ex3-modules/0.6.1/pkgs/gcc-8.4.0/lib64/../lib/:/cm/shared/ex3-modules/0.6.1/pkgs/freetype-2.10.1/lib/../lib/:/cm/shared/ex3-modules/0.6.1/pkgs/libpng-1.6.37/lib/../lib/:/cm/shared/ex3-modules/0.6.1/pkgs/python-3.7.4/lib/../lib/:/cm/shared/ex3-modules/0.6.1/pkgs/sqlite-3.31.1/lib/../lib/:/cm/shared/ex3-modules/0.6.1/pkgs/libffi-3.2.1/lib/../lib/:/cm/shared/ex3-modules/0.6.1/pkgs/readline-8.0/lib/../lib/:/cm/shared/ex3-modules/0.6.1/pkgs/ncurses-6.1/lib/../lib/:/cm/shared/ex3-modules/0.6.1/pkgs/xz-5.2.5/lib/../lib/:/cm/shared/ex3-modules/0.6.1/pkgs/bzip2-1.0.8/lib/../lib/:/cm/shared/ex3-modules/0.6.1/pkgs/openssl-1.1.1c/lib/../lib/:/cm/shared/apps/slurm/current/lib64/../lib/:/usr/lib/gcc/x86_64-linux-gnu/11/:/usr/lib/gcc/x86_64-linux-gnu/11/../../../x86_64-linux-gnu/:/usr/lib/gcc/x86_64-linux-gnu/11/../../../../lib/:/lib/x86_64-linux-gnu/:/lib/../lib/:/usr/lib/x86_64-linux-gnu/:/usr/lib/../lib/:/home/andreast/modules/flow/202309a/rpp-dune-amgcpr-branch/lib/:/home/andreast/modules/zoltan/202309a/12.16/lib/:/home/andreast/modules/dune/202309a/mod-2.7.1/lib/:/cm/shared/ex3-modules/202309a/milanq/pkgs/suitesparse-32-5.12.0/lib/:/cm/shared/ex3-modules/202309a/milanq/pkgs/mpfr-4.0.2/lib/:/cm/shared/ex3-modules/202309a/milanq/pkgs/gmp-6.1.2/lib/:/cm/shared/ex3-modules/202309a/milanq/pkgs/parmetis-32-4.0.3/lib/:/cm/shared/ex3-modules/202309a/milanq/pkgs/metis-32-5.1.0/lib/:/cm/shared/ex3-modules/202309a/milanq/pkgs/boost-1.73.0/lib/:/cm/shared/ex3-modules/202309a/milanq/pkgs/xz-5.2.7/lib/:/cm/shared/ex3-modules/202309a/milanq/pkgs/openblas-0.3.21/lib/:/cm/shared/ex3-modules/202309a/milanq/pkgs/openmpi-4.1.4/lib/:/cm/shared/ex3-modules/202309a/milanq/pkgs/util-linux-2.34/lib/:/cm/shared/ex3-modules/202309a/milanq/pkgs/libfabric-1.17.0/lib/:/cm/shared/ex3-modules/202309a/milanq/pkgs/ucx-1.12.1/lib/:/cm/shared/ex3-modules/202309a/milanq/pkgs/rdma-core-44.0/lib/:/cm/shared/ex3-modules/202309a/milanq/pkgs/libnl-3.2.25/lib/:/cm/shared/ex3-modules/202309a/milanq/pkgs/numactl-2.0.13/lib/:/cm/shared/ex3-modules/202309a/milanq/pkgs/libevent-2.1.12-stable/lib/:/cm/shared/ex3-modules/202309a/milanq/pkgs/knem-1.1.4/lib/:/cm/shared/ex3-modules/202309a/milanq/pkgs/hwloc-2.7.1/lib/:/cm/shared/ex3-modules/0.6.1/pkgs/fftw-3.3.8/lib/:/cm/shared/ex3-modules/0.6.1/pkgs/lapack-3.9.0/lib/:/cm/shared/ex3-modules/0.6.1/pkgs/openblas-0.3.12/lib/:/cm/shared/ex3-modules/0.6.1/pkgs/gcc-8.4.0/lib64/:/cm/shared/ex3-modules/0.6.1/pkgs/freetype-2.10.1/lib/:/cm/shared/ex3-modules/0.6.1/pkgs/libpng-1.6.37/lib/:/cm/shared/ex3-modules/0.6.1/pkgs/python-3.7.4/lib/:/cm/shared/ex3-modules/0.6.1/pkgs/sqlite-3.31.1/lib/:/cm/shared/ex3-modules/0.6.1/pkgs/libffi-3.2.1/lib/:/cm/shared/ex3-modules/0.6.1/pkgs/readline-8.0/lib/:/cm/shared/ex3-modules/0.6.1/pkgs/ncurses-6.1/lib/:/cm/shared/ex3-modules/0.6.1/pkgs/xz-5.2.5/lib/:/cm/shared/ex3-modules/0.6.1/pkgs/bzip2-1.0.8/lib/:/cm/shared/ex3-modules/0.6.1/pkgs/openssl-1.1.1c/lib/:/cm/shared/apps/slurm/current/lib64/slurm/:/cm/shared/apps/slurm/current/lib64/:/usr/lib/gcc/x86_64-linux-gnu/11/../../../:/lib/:/usr/lib/
COLLECT_GCC_OPTIONS='-fopenmp' '-v' '-O3' '-D' 'NDEBUG' '-O3' '-fPIE' '-c' '-o' 'CMakeFiles/cmTC_b5526.dir/OpenMPTryFlag.f90.o' '-mtune=generic' '-march=x86-64' '-pthread' '-dumpdir' 'CMakeFiles/cmTC_b5526.dir/OpenMPTryFlag.f90.'
Linking Fortran executable cmTC_b5526
/cm/shared/ex3-modules/0.6.1/pkgs/cmake-3.17.2/bin/cmake -E cmake_link_script CMakeFiles/cmTC_b5526.dir/link.txt --verbose=1
/usr/bin/gfortran     -fopenmp -v -O3 -DNDEBUG -O3 CMakeFiles/cmTC_b5526.dir/OpenMPTryFlag.f90.o  -o cmTC_b5526  -v 
Driving: /usr/bin/gfortran -fopenmp -v -O3 -DNDEBUG -O3 CMakeFiles/cmTC_b5526.dir/OpenMPTryFlag.f90.o -o cmTC_b5526 -v -l gfortran -l m -shared-libgcc
Using built-in specs.
COLLECT_GCC=/usr/bin/gfortran
COLLECT_LTO_WRAPPER=/usr/lib/gcc/x86_64-linux-gnu/11/lto-wrapper
OFFLOAD_TARGET_NAMES=nvptx-none:amdgcn-amdhsa
OFFLOAD_TARGET_DEFAULT=1
Target: x86_64-linux-gnu
Configured with: ../src/configure -v --with-pkgversion='Ubuntu 11.4.0-1ubuntu1~22.04' --with-bugurl=file:///usr/share/doc/gcc-11/README.Bugs --enable-languages=c,ada,c++,go,brig,d,fortran,objc,obj-c++,m2 --prefix=/usr --with-gcc-major-version-only --program-suffix=-11 --program-prefix=x86_64-linux-gnu- --enable-shared --enable-linker-build-id --libexecdir=/usr/lib --without-included-gettext --enable-threads=posix --libdir=/usr/lib --enable-nls --enable-bootstrap --enable-clocale=gnu --enable-libstdcxx-debug --enable-libstdcxx-time=yes --with-default-libstdcxx-abi=new --enable-gnu-unique-object --disable-vtable-verify --enable-plugin --enable-default-pie --with-system-zlib --enable-libphobos-checking=release --with-target-system-zlib=auto --enable-objc-gc=auto --enable-multiarch --disable-werror --enable-cet --with-arch-32=i686 --with-abi=m64 --with-multilib-list=m32,m64,mx32 --enable-multilib --with-tune=generic --enable-offload-targets=nvptx-none=/build/gcc-11-XeT9lY/gcc-11-11.4.0/debian/tmp-nvptx/usr,amdgcn-amdhsa=/build/gcc-11-XeT9lY/gcc-11-11.4.0/debian/tmp-gcn/usr --without-cuda-driver --enable-checking=release --build=x86_64-linux-gnu --host=x86_64-linux-gnu --target=x86_64-linux-gnu --with-build-config=bootstrap-lto-lean --enable-link-serialization=2
Thread model: posix
Supported LTO compression algorithms: zlib zstd
gcc version 11.4.0 (Ubuntu 11.4.0-1ubuntu1~22.04) 
Reading specs from /usr/lib/gcc/x86_64-linux-gnu/11/libgfortran.spec
rename spec lib to liborig
COLLECT_GCC_OPTIONS='-fopenmp' '-v' '-O3' '-D' 'NDEBUG' '-O3' '-o' 'cmTC_b5526' '-v' '-shared-libgcc' '-mtune=generic' '-march=x86-64' '-pthread' '-dumpdir' 'cmTC_b5526-'
COMPILER_PATH=/usr/lib/gcc/x86_64-linux-gnu/11/:/usr/lib/gcc/x86_64-linux-gnu/11/:/usr/lib/gcc/x86_64-linux-gnu/:/usr/lib/gcc/x86_64-linux-gnu/11/:/usr/lib/gcc/x86_64-linux-gnu/
LIBRARY_PATH=/home/andreast/modules/flow/202309a/rpp-dune-amgcpr-branch/lib/../lib/:/home/andreast/modules/zoltan/202309a/12.16/lib/../lib/:/home/andreast/modules/dune/202309a/mod-2.7.1/lib/../lib/:/cm/shared/ex3-modules/202309a/milanq/pkgs/suitesparse-32-5.12.0/lib/../lib/:/cm/shared/ex3-modules/202309a/milanq/pkgs/mpfr-4.0.2/lib/../lib/:/cm/shared/ex3-modules/202309a/milanq/pkgs/gmp-6.1.2/lib/../lib/:/cm/shared/ex3-modules/202309a/milanq/pkgs/parmetis-32-4.0.3/lib/../lib/:/cm/shared/ex3-modules/202309a/milanq/pkgs/metis-32-5.1.0/lib/../lib/:/cm/shared/ex3-modules/202309a/milanq/pkgs/boost-1.73.0/lib/../lib/:/cm/shared/ex3-modules/202309a/milanq/pkgs/xz-5.2.7/lib/../lib/:/cm/shared/ex3-modules/202309a/milanq/pkgs/openblas-0.3.21/lib/../lib/:/cm/shared/ex3-modules/202309a/milanq/pkgs/openmpi-4.1.4/lib/../lib/:/cm/shared/ex3-modules/202309a/milanq/pkgs/util-linux-2.34/lib/../lib/:/cm/shared/ex3-modules/202309a/milanq/pkgs/libfabric-1.17.0/lib/../lib/:/cm/shared/ex3-modules/202309a/milanq/pkgs/ucx-1.12.1/lib/../lib/:/cm/shared/ex3-modules/202309a/milanq/pkgs/rdma-core-44.0/lib/../lib/:/cm/shared/ex3-modules/202309a/milanq/pkgs/libnl-3.2.25/lib/../lib/:/cm/shared/ex3-modules/202309a/milanq/pkgs/numactl-2.0.13/lib/../lib/:/cm/shared/ex3-modules/202309a/milanq/pkgs/libevent-2.1.12-stable/lib/../lib/:/cm/shared/ex3-modules/202309a/milanq/pkgs/knem-1.1.4/lib/../lib/:/cm/shared/ex3-modules/202309a/milanq/pkgs/hwloc-2.7.1/lib/../lib/:/cm/shared/ex3-modules/0.6.1/pkgs/fftw-3.3.8/lib/../lib/:/cm/shared/ex3-modules/0.6.1/pkgs/lapack-3.9.0/lib/../lib/:/cm/shared/ex3-modules/0.6.1/pkgs/openblas-0.3.12/lib/../lib/:/cm/shared/ex3-modules/0.6.1/pkgs/gcc-8.4.0/lib64/../lib/:/cm/shared/ex3-modules/0.6.1/pkgs/freetype-2.10.1/lib/../lib/:/cm/shared/ex3-modules/0.6.1/pkgs/libpng-1.6.37/lib/../lib/:/cm/shared/ex3-modules/0.6.1/pkgs/python-3.7.4/lib/../lib/:/cm/shared/ex3-modules/0.6.1/pkgs/sqlite-3.31.1/lib/../lib/:/cm/shared/ex3-modules/0.6.1/pkgs/libffi-3.2.1/lib/../lib/:/cm/shared/ex3-modules/0.6.1/pkgs/readline-8.0/lib/../lib/:/cm/shared/ex3-modules/0.6.1/pkgs/ncurses-6.1/lib/../lib/:/cm/shared/ex3-modules/0.6.1/pkgs/xz-5.2.5/lib/../lib/:/cm/shared/ex3-modules/0.6.1/pkgs/bzip2-1.0.8/lib/../lib/:/cm/shared/ex3-modules/0.6.1/pkgs/openssl-1.1.1c/lib/../lib/:/cm/shared/apps/slurm/current/lib64/../lib/:/usr/lib/gcc/x86_64-linux-gnu/11/:/usr/lib/gcc/x86_64-linux-gnu/11/../../../x86_64-linux-gnu/:/usr/lib/gcc/x86_64-linux-gnu/11/../../../../lib/:/lib/x86_64-linux-gnu/:/lib/../lib/:/usr/lib/x86_64-linux-gnu/:/usr/lib/../lib/:/home/andreast/modules/flow/202309a/rpp-dune-amgcpr-branch/lib/:/home/andreast/modules/zoltan/202309a/12.16/lib/:/home/andreast/modules/dune/202309a/mod-2.7.1/lib/:/cm/shared/ex3-modules/202309a/milanq/pkgs/suitesparse-32-5.12.0/lib/:/cm/shared/ex3-modules/202309a/milanq/pkgs/mpfr-4.0.2/lib/:/cm/shared/ex3-modules/202309a/milanq/pkgs/gmp-6.1.2/lib/:/cm/shared/ex3-modules/202309a/milanq/pkgs/parmetis-32-4.0.3/lib/:/cm/shared/ex3-modules/202309a/milanq/pkgs/metis-32-5.1.0/lib/:/cm/shared/ex3-modules/202309a/milanq/pkgs/boost-1.73.0/lib/:/cm/shared/ex3-modules/202309a/milanq/pkgs/xz-5.2.7/lib/:/cm/shared/ex3-modules/202309a/milanq/pkgs/openblas-0.3.21/lib/:/cm/shared/ex3-modules/202309a/milanq/pkgs/openmpi-4.1.4/lib/:/cm/shared/ex3-modules/202309a/milanq/pkgs/util-linux-2.34/lib/:/cm/shared/ex3-modules/202309a/milanq/pkgs/libfabric-1.17.0/lib/:/cm/shared/ex3-modules/202309a/milanq/pkgs/ucx-1.12.1/lib/:/cm/shared/ex3-modules/202309a/milanq/pkgs/rdma-core-44.0/lib/:/cm/shared/ex3-modules/202309a/milanq/pkgs/libnl-3.2.25/lib/:/cm/shared/ex3-modules/202309a/milanq/pkgs/numactl-2.0.13/lib/:/cm/shared/ex3-modules/202309a/milanq/pkgs/libevent-2.1.12-stable/lib/:/cm/shared/ex3-modules/202309a/milanq/pkgs/knem-1.1.4/lib/:/cm/shared/ex3-modules/202309a/milanq/pkgs/hwloc-2.7.1/lib/:/cm/shared/ex3-modules/0.6.1/pkgs/fftw-3.3.8/lib/:/cm/shared/ex3-modules/0.6.1/pkgs/lapack-3.9.0/lib/:/cm/shared/ex3-modules/0.6.1/pkgs/openblas-0.3.12/lib/:/cm/shared/ex3-modules/0.6.1/pkgs/gcc-8.4.0/lib64/:/cm/shared/ex3-modules/0.6.1/pkgs/freetype-2.10.1/lib/:/cm/shared/ex3-modules/0.6.1/pkgs/libpng-1.6.37/lib/:/cm/shared/ex3-modules/0.6.1/pkgs/python-3.7.4/lib/:/cm/shared/ex3-modules/0.6.1/pkgs/sqlite-3.31.1/lib/:/cm/shared/ex3-modules/0.6.1/pkgs/libffi-3.2.1/lib/:/cm/shared/ex3-modules/0.6.1/pkgs/readline-8.0/lib/:/cm/shared/ex3-modules/0.6.1/pkgs/ncurses-6.1/lib/:/cm/shared/ex3-modules/0.6.1/pkgs/xz-5.2.5/lib/:/cm/shared/ex3-modules/0.6.1/pkgs/bzip2-1.0.8/lib/:/cm/shared/ex3-modules/0.6.1/pkgs/openssl-1.1.1c/lib/:/cm/shared/apps/slurm/current/lib64/slurm/:/cm/shared/apps/slurm/current/lib64/:/usr/lib/gcc/x86_64-linux-gnu/11/../../../:/lib/:/usr/lib/
Reading specs from /usr/lib/gcc/x86_64-linux-gnu/11/libgomp.spec
COLLECT_GCC_OPTIONS='-fopenmp' '-v' '-O3' '-D' 'NDEBUG' '-O3' '-o' 'cmTC_b5526' '-v' '-shared-libgcc' '-mtune=generic' '-march=x86-64' '-pthread' '-dumpdir' 'cmTC_b5526.'
 /usr/lib/gcc/x86_64-linux-gnu/11/collect2 -plugin /usr/lib/gcc/x86_64-linux-gnu/11/liblto_plugin.so -plugin-opt=/usr/lib/gcc/x86_64-linux-gnu/11/lto-wrapper -plugin-opt=-fresolution=/tmp/ccDl13U1.res -plugin-opt=-pass-through=-lgcc_s -plugin-opt=-pass-through=-lgcc -plugin-opt=-pass-through=-lquadmath -plugin-opt=-pass-through=-lm -plugin-opt=-pass-through=-lgcc_s -plugin-opt=-pass-through=-lgcc -plugin-opt=-pass-through=-lpthread -plugin-opt=-pass-through=-lc -plugin-opt=-pass-through=-lgcc_s -plugin-opt=-pass-through=-lgcc --build-id --eh-frame-hdr -m elf_x86_64 --hash-style=gnu --as-needed -dynamic-linker /lib64/ld-linux-x86-64.so.2 -pie -z now -z relro -o cmTC_b5526 /usr/lib/gcc/x86_64-linux-gnu/11/../../../x86_64-linux-gnu/Scrt1.o /usr/lib/gcc/x86_64-linux-gnu/11/../../../x86_64-linux-gnu/crti.o /usr/lib/gcc/x86_64-linux-gnu/11/crtbeginS.o /usr/lib/gcc/x86_64-linux-gnu/11/crtoffloadbegin.o -L/home/andreast/modules/flow/202309a/rpp-dune-amgcpr-branch/lib/../lib -L/home/andreast/modules/zoltan/202309a/12.16/lib/../lib -L/home/andreast/modules/dune/202309a/mod-2.7.1/lib/../lib -L/cm/shared/ex3-modules/202309a/milanq/pkgs/suitesparse-32-5.12.0/lib/../lib -L/cm/shared/ex3-modules/202309a/milanq/pkgs/mpfr-4.0.2/lib/../lib -L/cm/shared/ex3-modules/202309a/milanq/pkgs/gmp-6.1.2/lib/../lib -L/cm/shared/ex3-modules/202309a/milanq/pkgs/parmetis-32-4.0.3/lib/../lib -L/cm/shared/ex3-modules/202309a/milanq/pkgs/metis-32-5.1.0/lib/../lib -L/cm/shared/ex3-modules/202309a/milanq/pkgs/boost-1.73.0/lib/../lib -L/cm/shared/ex3-modules/202309a/milanq/pkgs/xz-5.2.7/lib/../lib -L/cm/shared/ex3-modules/202309a/milanq/pkgs/openblas-0.3.21/lib/../lib -L/cm/shared/ex3-modules/202309a/milanq/pkgs/openmpi-4.1.4/lib/../lib -L/cm/shared/ex3-modules/202309a/milanq/pkgs/util-linux-2.34/lib/../lib -L/cm/shared/ex3-modules/202309a/milanq/pkgs/libfabric-1.17.0/lib/../lib -L/cm/shared/ex3-modules/202309a/milanq/pkgs/ucx-1.12.1/lib/../lib -L/cm/shared/ex3-modules/202309a/milanq/pkgs/rdma-core-44.0/lib/../lib -L/cm/shared/ex3-modules/202309a/milanq/pkgs/libnl-3.2.25/lib/../lib -L/cm/shared/ex3-modules/202309a/milanq/pkgs/numactl-2.0.13/lib/../lib -L/cm/shared/ex3-modules/202309a/milanq/pkgs/libevent-2.1.12-stable/lib/../lib -L/cm/shared/ex3-modules/202309a/milanq/pkgs/knem-1.1.4/lib/../lib -L/cm/shared/ex3-modules/202309a/milanq/pkgs/hwloc-2.7.1/lib/../lib -L/cm/shared/ex3-modules/0.6.1/pkgs/fftw-3.3.8/lib/../lib -L/cm/shared/ex3-modules/0.6.1/pkgs/lapack-3.9.0/lib/../lib -L/cm/shared/ex3-modules/0.6.1/pkgs/openblas-0.3.12/lib/../lib -L/cm/shared/ex3-modules/0.6.1/pkgs/gcc-8.4.0/lib64/../lib -L/cm/shared/ex3-modules/0.6.1/pkgs/freetype-2.10.1/lib/../lib -L/cm/shared/ex3-modules/0.6.1/pkgs/libpng-1.6.37/lib/../lib -L/cm/shared/ex3-modules/0.6.1/pkgs/python-3.7.4/lib/../lib -L/cm/shared/ex3-modules/0.6.1/pkgs/sqlite-3.31.1/lib/../lib -L/cm/shared/ex3-modules/0.6.1/pkgs/libffi-3.2.1/lib/../lib -L/cm/shared/ex3-modules/0.6.1/pkgs/readline-8.0/lib/../lib -L/cm/shared/ex3-modules/0.6.1/pkgs/ncurses-6.1/lib/../lib -L/cm/shared/ex3-modules/0.6.1/pkgs/xz-5.2.5/lib/../lib -L/cm/shared/ex3-modules/0.6.1/pkgs/bzip2-1.0.8/lib/../lib -L/cm/shared/ex3-modules/0.6.1/pkgs/openssl-1.1.1c/lib/../lib -L/cm/shared/apps/slurm/current/lib64/../lib -L/usr/lib/gcc/x86_64-linux-gnu/11 -L/usr/lib/gcc/x86_64-linux-gnu/11/../../../x86_64-linux-gnu -L/usr/lib/gcc/x86_64-linux-gnu/11/../../../../lib -L/lib/x86_64-linux-gnu -L/lib/../lib -L/usr/lib/x86_64-linux-gnu -L/usr/lib/../lib -L/home/andreast/modules/flow/202309a/rpp-dune-amgcpr-branch/lib -L/home/andreast/modules/zoltan/202309a/12.16/lib -L/home/andreast/modules/dune/202309a/mod-2.7.1/lib -L/cm/shared/ex3-modules/202309a/milanq/pkgs/suitesparse-32-5.12.0/lib -L/cm/shared/ex3-modules/202309a/milanq/pkgs/mpfr-4.0.2/lib -L/cm/shared/ex3-modules/202309a/milanq/pkgs/gmp-6.1.2/lib -L/cm/shared/ex3-modules/202309a/milanq/pkgs/parmetis-32-4.0.3/lib -L/cm/shared/ex3-modules/202309a/milanq/pkgs/metis-32-5.1.0/lib -L/cm/shared/ex3-modules/202309a/milanq/pkgs/boost-1.73.0/lib -L/cm/shared/ex3-modules/202309a/milanq/pkgs/xz-5.2.7/lib -L/cm/shared/ex3-modules/202309a/milanq/pkgs/openblas-0.3.21/lib -L/cm/shared/ex3-modules/202309a/milanq/pkgs/openmpi-4.1.4/lib -L/cm/shared/ex3-modules/202309a/milanq/pkgs/util-linux-2.34/lib -L/cm/shared/ex3-modules/202309a/milanq/pkgs/libfabric-1.17.0/lib -L/cm/shared/ex3-modules/202309a/milanq/pkgs/ucx-1.12.1/lib -L/cm/shared/ex3-modules/202309a/milanq/pkgs/rdma-core-44.0/lib -L/cm/shared/ex3-modules/202309a/milanq/pkgs/libnl-3.2.25/lib -L/cm/shared/ex3-modules/202309a/milanq/pkgs/numactl-2.0.13/lib -L/cm/shared/ex3-modules/202309a/milanq/pkgs/libevent-2.1.12-stable/lib -L/cm/shared/ex3-modules/202309a/milanq/pkgs/knem-1.1.4/lib -L/cm/shared/ex3-modules/202309a/milanq/pkgs/hwloc-2.7.1/lib -L/cm/shared/ex3-modules/0.6.1/pkgs/fftw-3.3.8/lib -L/cm/shared/ex3-modules/0.6.1/pkgs/lapack-3.9.0/lib -L/cm/shared/ex3-modules/0.6.1/pkgs/openblas-0.3.12/lib -L/cm/shared/ex3-modules/0.6.1/pkgs/gcc-8.4.0/lib64 -L/cm/shared/ex3-modules/0.6.1/pkgs/freetype-2.10.1/lib -L/cm/shared/ex3-modules/0.6.1/pkgs/libpng-1.6.37/lib -L/cm/shared/ex3-modules/0.6.1/pkgs/python-3.7.4/lib -L/cm/shared/ex3-modules/0.6.1/pkgs/sqlite-3.31.1/lib -L/cm/shared/ex3-modules/0.6.1/pkgs/libffi-3.2.1/lib -L/cm/shared/ex3-modules/0.6.1/pkgs/readline-8.0/lib -L/cm/shared/ex3-modules/0.6.1/pkgs/ncurses-6.1/lib -L/cm/shared/ex3-modules/0.6.1/pkgs/xz-5.2.5/lib -L/cm/shared/ex3-modules/0.6.1/pkgs/bzip2-1.0.8/lib -L/cm/shared/ex3-modules/0.6.1/pkgs/openssl-1.1.1c/lib -L/cm/shared/apps/slurm/current/lib64/slurm -L/cm/shared/apps/slurm/current/lib64 -L/usr/lib/gcc/x86_64-linux-gnu/11/../../.. CMakeFiles/cmTC_b5526.dir/OpenMPTryFlag.f90.o -lgfortran -lm -lgomp -lgcc_s -lgcc -lquadmath -lm -lgcc_s -lgcc -lpthread -lc -lgcc_s -lgcc /usr/lib/gcc/x86_64-linux-gnu/11/crtendS.o /usr/lib/gcc/x86_64-linux-gnu/11/../../../x86_64-linux-gnu/crtn.o /usr/lib/gcc/x86_64-linux-gnu/11/crtoffloadend.o
COLLECT_GCC_OPTIONS='-fopenmp' '-v' '-O3' '-D' 'NDEBUG' '-O3' '-o' 'cmTC_b5526' '-v' '-shared-libgcc' '-mtune=generic' '-march=x86-64' '-pthread' '-dumpdir' 'cmTC_b5526.'
gmake[1]: Leaving directory '/home/erikhs/MatrixProblems/build_x86_64/CMakeFiles/CMakeTmp'



Parsed Fortran OpenMP implicit link information from above output:
  link line regex: [^( *|.*[/\])(ld|CMAKE_LINK_STARTFILE-NOTFOUND|([^/\]+-)?ld|collect2)[^/\]*( |$)]
  ignore line: [Change Dir: /home/erikhs/MatrixProblems/build_x86_64/CMakeFiles/CMakeTmp]
  ignore line: []
  ignore line: [Run Build Command(s):/usr/bin/gmake cmTC_b5526/fast && /usr/bin/gmake  -f CMakeFiles/cmTC_b5526.dir/build.make CMakeFiles/cmTC_b5526.dir/build]
  ignore line: [gmake[1]: Entering directory '/home/erikhs/MatrixProblems/build_x86_64/CMakeFiles/CMakeTmp']
  ignore line: [Building Fortran object CMakeFiles/cmTC_b5526.dir/OpenMPTryFlag.f90.o]
  ignore line: [/usr/bin/gfortran   -fopenmp -v -O3 -DNDEBUG -O3 -fPIE   -c /home/erikhs/MatrixProblems/build_x86_64/CMakeFiles/FindOpenMP/OpenMPTryFlag.f90 -o CMakeFiles/cmTC_b5526.dir/OpenMPTryFlag.f90.o]
  ignore line: [Using built-in specs.]
  ignore line: [COLLECT_GCC=/usr/bin/gfortran]
  ignore line: [OFFLOAD_TARGET_NAMES=nvptx-none:amdgcn-amdhsa]
  ignore line: [OFFLOAD_TARGET_DEFAULT=1]
  ignore line: [Target: x86_64-linux-gnu]
  ignore line: [Configured with: ../src/configure -v --with-pkgversion='Ubuntu 11.4.0-1ubuntu1~22.04' --with-bugurl=file:///usr/share/doc/gcc-11/README.Bugs --enable-languages=c ada c++ go brig d fortran objc obj-c++ m2 --prefix=/usr --with-gcc-major-version-only --program-suffix=-11 --program-prefix=x86_64-linux-gnu- --enable-shared --enable-linker-build-id --libexecdir=/usr/lib --without-included-gettext --enable-threads=posix --libdir=/usr/lib --enable-nls --enable-bootstrap --enable-clocale=gnu --enable-libstdcxx-debug --enable-libstdcxx-time=yes --with-default-libstdcxx-abi=new --enable-gnu-unique-object --disable-vtable-verify --enable-plugin --enable-default-pie --with-system-zlib --enable-libphobos-checking=release --with-target-system-zlib=auto --enable-objc-gc=auto --enable-multiarch --disable-werror --enable-cet --with-arch-32=i686 --with-abi=m64 --with-multilib-list=m32 m64 mx32 --enable-multilib --with-tune=generic --enable-offload-targets=nvptx-none=/build/gcc-11-XeT9lY/gcc-11-11.4.0/debian/tmp-nvptx/usr amdgcn-amdhsa=/build/gcc-11-XeT9lY/gcc-11-11.4.0/debian/tmp-gcn/usr --without-cuda-driver --enable-checking=release --build=x86_64-linux-gnu --host=x86_64-linux-gnu --target=x86_64-linux-gnu --with-build-config=bootstrap-lto-lean --enable-link-serialization=2]
  ignore line: [Thread model: posix]
  ignore line: [Supported LTO compression algorithms: zlib zstd]
  ignore line: [gcc version 11.4.0 (Ubuntu 11.4.0-1ubuntu1~22.04) ]
  ignore line: [COLLECT_GCC_OPTIONS='-fopenmp' '-v' '-O3' '-D' 'NDEBUG' '-O3' '-fPIE' '-c' '-o' 'CMakeFiles/cmTC_b5526.dir/OpenMPTryFlag.f90.o' '-mtune=generic' '-march=x86-64' '-pthread' '-dumpdir' 'CMakeFiles/cmTC_b5526.dir/']
  ignore line: [ /usr/lib/gcc/x86_64-linux-gnu/11/f951 /home/erikhs/MatrixProblems/build_x86_64/CMakeFiles/FindOpenMP/OpenMPTryFlag.f90 -quiet -dumpdir CMakeFiles/cmTC_b5526.dir/ -dumpbase OpenMPTryFlag.f90.f90 -dumpbase-ext .f90 -mtune=generic -march=x86-64 -O3 -O3 -version -fopenmp -fPIE -fintrinsic-modules-path /usr/lib/gcc/x86_64-linux-gnu/11/finclude -fpre-include=/usr/include/finclude/math-vector-fortran.h -o /tmp/ccrHgzAT.s]
  ignore line: [GNU Fortran (Ubuntu 11.4.0-1ubuntu1~22.04) version 11.4.0 (x86_64-linux-gnu)]
  ignore line: [	compiled by GNU C version 11.4.0  GMP version 6.2.1  MPFR version 4.1.0  MPC version 1.2.1  isl version isl-0.24-GMP]
  ignore line: []
  ignore line: [warning: GMP header version 6.2.1 differs from library version 6.1.2.]
  ignore line: [warning: MPFR header version 4.1.0 differs from library version 4.0.2.]
  ignore line: [GGC heuristics: --param ggc-min-expand=100 --param ggc-min-heapsize=131072]
  ignore line: [GNU Fortran2008 (Ubuntu 11.4.0-1ubuntu1~22.04) version 11.4.0 (x86_64-linux-gnu)]
  ignore line: [	compiled by GNU C version 11.4.0  GMP version 6.2.1  MPFR version 4.1.0  MPC version 1.2.1  isl version isl-0.24-GMP]
  ignore line: []
  ignore line: [warning: GMP header version 6.2.1 differs from library version 6.1.2.]
  ignore line: [warning: MPFR header version 4.1.0 differs from library version 4.0.2.]
  ignore line: [GGC heuristics: --param ggc-min-expand=100 --param ggc-min-heapsize=131072]
  ignore line: [COLLECT_GCC_OPTIONS='-fopenmp' '-v' '-O3' '-D' 'NDEBUG' '-O3' '-fPIE' '-c' '-o' 'CMakeFiles/cmTC_b5526.dir/OpenMPTryFlag.f90.o' '-mtune=generic' '-march=x86-64' '-pthread' '-dumpdir' 'CMakeFiles/cmTC_b5526.dir/']
  ignore line: [ as -v --64 -o CMakeFiles/cmTC_b5526.dir/OpenMPTryFlag.f90.o /tmp/ccrHgzAT.s]
  ignore line: [GNU assembler version 2.38 (x86_64-linux-gnu) using BFD version (GNU Binutils for Ubuntu) 2.38]
  ignore line: [COMPILER_PATH=/usr/lib/gcc/x86_64-linux-gnu/11/:/usr/lib/gcc/x86_64-linux-gnu/11/:/usr/lib/gcc/x86_64-linux-gnu/:/usr/lib/gcc/x86_64-linux-gnu/11/:/usr/lib/gcc/x86_64-linux-gnu/]
  ignore line: [LIBRARY_PATH=/home/andreast/modules/flow/202309a/rpp-dune-amgcpr-branch/lib/../lib/:/home/andreast/modules/zoltan/202309a/12.16/lib/../lib/:/home/andreast/modules/dune/202309a/mod-2.7.1/lib/../lib/:/cm/shared/ex3-modules/202309a/milanq/pkgs/suitesparse-32-5.12.0/lib/../lib/:/cm/shared/ex3-modules/202309a/milanq/pkgs/mpfr-4.0.2/lib/../lib/:/cm/shared/ex3-modules/202309a/milanq/pkgs/gmp-6.1.2/lib/../lib/:/cm/shared/ex3-modules/202309a/milanq/pkgs/parmetis-32-4.0.3/lib/../lib/:/cm/shared/ex3-modules/202309a/milanq/pkgs/metis-32-5.1.0/lib/../lib/:/cm/shared/ex3-modules/202309a/milanq/pkgs/boost-1.73.0/lib/../lib/:/cm/shared/ex3-modules/202309a/milanq/pkgs/xz-5.2.7/lib/../lib/:/cm/shared/ex3-modules/202309a/milanq/pkgs/openblas-0.3.21/lib/../lib/:/cm/shared/ex3-modules/202309a/milanq/pkgs/openmpi-4.1.4/lib/../lib/:/cm/shared/ex3-modules/202309a/milanq/pkgs/util-linux-2.34/lib/../lib/:/cm/shared/ex3-modules/202309a/milanq/pkgs/libfabric-1.17.0/lib/../lib/:/cm/shared/ex3-modules/202309a/milanq/pkgs/ucx-1.12.1/lib/../lib/:/cm/shared/ex3-modules/202309a/milanq/pkgs/rdma-core-44.0/lib/../lib/:/cm/shared/ex3-modules/202309a/milanq/pkgs/libnl-3.2.25/lib/../lib/:/cm/shared/ex3-modules/202309a/milanq/pkgs/numactl-2.0.13/lib/../lib/:/cm/shared/ex3-modules/202309a/milanq/pkgs/libevent-2.1.12-stable/lib/../lib/:/cm/shared/ex3-modules/202309a/milanq/pkgs/knem-1.1.4/lib/../lib/:/cm/shared/ex3-modules/202309a/milanq/pkgs/hwloc-2.7.1/lib/../lib/:/cm/shared/ex3-modules/0.6.1/pkgs/fftw-3.3.8/lib/../lib/:/cm/shared/ex3-modules/0.6.1/pkgs/lapack-3.9.0/lib/../lib/:/cm/shared/ex3-modules/0.6.1/pkgs/openblas-0.3.12/lib/../lib/:/cm/shared/ex3-modules/0.6.1/pkgs/gcc-8.4.0/lib64/../lib/:/cm/shared/ex3-modules/0.6.1/pkgs/freetype-2.10.1/lib/../lib/:/cm/shared/ex3-modules/0.6.1/pkgs/libpng-1.6.37/lib/../lib/:/cm/shared/ex3-modules/0.6.1/pkgs/python-3.7.4/lib/../lib/:/cm/shared/ex3-modules/0.6.1/pkgs/sqlite-3.31.1/lib/../lib/:/cm/shared/ex3-modules/0.6.1/pkgs/libffi-3.2.1/lib/../lib/:/cm/shared/ex3-modules/0.6.1/pkgs/readline-8.0/lib/../lib/:/cm/shared/ex3-modules/0.6.1/pkgs/ncurses-6.1/lib/../lib/:/cm/shared/ex3-modules/0.6.1/pkgs/xz-5.2.5/lib/../lib/:/cm/shared/ex3-modules/0.6.1/pkgs/bzip2-1.0.8/lib/../lib/:/cm/shared/ex3-modules/0.6.1/pkgs/openssl-1.1.1c/lib/../lib/:/cm/shared/apps/slurm/current/lib64/../lib/:/usr/lib/gcc/x86_64-linux-gnu/11/:/usr/lib/gcc/x86_64-linux-gnu/11/../../../x86_64-linux-gnu/:/usr/lib/gcc/x86_64-linux-gnu/11/../../../../lib/:/lib/x86_64-linux-gnu/:/lib/../lib/:/usr/lib/x86_64-linux-gnu/:/usr/lib/../lib/:/home/andreast/modules/flow/202309a/rpp-dune-amgcpr-branch/lib/:/home/andreast/modules/zoltan/202309a/12.16/lib/:/home/andreast/modules/dune/202309a/mod-2.7.1/lib/:/cm/shared/ex3-modules/202309a/milanq/pkgs/suitesparse-32-5.12.0/lib/:/cm/shared/ex3-modules/202309a/milanq/pkgs/mpfr-4.0.2/lib/:/cm/shared/ex3-modules/202309a/milanq/pkgs/gmp-6.1.2/lib/:/cm/shared/ex3-modules/202309a/milanq/pkgs/parmetis-32-4.0.3/lib/:/cm/shared/ex3-modules/202309a/milanq/pkgs/metis-32-5.1.0/lib/:/cm/shared/ex3-modules/202309a/milanq/pkgs/boost-1.73.0/lib/:/cm/shared/ex3-modules/202309a/milanq/pkgs/xz-5.2.7/lib/:/cm/shared/ex3-modules/202309a/milanq/pkgs/openblas-0.3.21/lib/:/cm/shared/ex3-modules/202309a/milanq/pkgs/openmpi-4.1.4/lib/:/cm/shared/ex3-modules/202309a/milanq/pkgs/util-linux-2.34/lib/:/cm/shared/ex3-modules/202309a/milanq/pkgs/libfabric-1.17.0/lib/:/cm/shared/ex3-modules/202309a/milanq/pkgs/ucx-1.12.1/lib/:/cm/shared/ex3-modules/202309a/milanq/pkgs/rdma-core-44.0/lib/:/cm/shared/ex3-modules/202309a/milanq/pkgs/libnl-3.2.25/lib/:/cm/shared/ex3-modules/202309a/milanq/pkgs/numactl-2.0.13/lib/:/cm/shared/ex3-modules/202309a/milanq/pkgs/libevent-2.1.12-stable/lib/:/cm/shared/ex3-modules/202309a/milanq/pkgs/knem-1.1.4/lib/:/cm/shared/ex3-modules/202309a/milanq/pkgs/hwloc-2.7.1/lib/:/cm/shared/ex3-modules/0.6.1/pkgs/fftw-3.3.8/lib/:/cm/shared/ex3-modules/0.6.1/pkgs/lapack-3.9.0/lib/:/cm/shared/ex3-modules/0.6.1/pkgs/openblas-0.3.12/lib/:/cm/shared/ex3-modules/0.6.1/pkgs/gcc-8.4.0/lib64/:/cm/shared/ex3-modules/0.6.1/pkgs/freetype-2.10.1/lib/:/cm/shared/ex3-modules/0.6.1/pkgs/libpng-1.6.37/lib/:/cm/shared/ex3-modules/0.6.1/pkgs/python-3.7.4/lib/:/cm/shared/ex3-modules/0.6.1/pkgs/sqlite-3.31.1/lib/:/cm/shared/ex3-modules/0.6.1/pkgs/libffi-3.2.1/lib/:/cm/shared/ex3-modules/0.6.1/pkgs/readline-8.0/lib/:/cm/shared/ex3-modules/0.6.1/pkgs/ncurses-6.1/lib/:/cm/shared/ex3-modules/0.6.1/pkgs/xz-5.2.5/lib/:/cm/shared/ex3-modules/0.6.1/pkgs/bzip2-1.0.8/lib/:/cm/shared/ex3-modules/0.6.1/pkgs/openssl-1.1.1c/lib/:/cm/shared/apps/slurm/current/lib64/slurm/:/cm/shared/apps/slurm/current/lib64/:/usr/lib/gcc/x86_64-linux-gnu/11/../../../:/lib/:/usr/lib/]
  ignore line: [COLLECT_GCC_OPTIONS='-fopenmp' '-v' '-O3' '-D' 'NDEBUG' '-O3' '-fPIE' '-c' '-o' 'CMakeFiles/cmTC_b5526.dir/OpenMPTryFlag.f90.o' '-mtune=generic' '-march=x86-64' '-pthread' '-dumpdir' 'CMakeFiles/cmTC_b5526.dir/OpenMPTryFlag.f90.']
  ignore line: [Linking Fortran executable cmTC_b5526]
  ignore line: [/cm/shared/ex3-modules/0.6.1/pkgs/cmake-3.17.2/bin/cmake -E cmake_link_script CMakeFiles/cmTC_b5526.dir/link.txt --verbose=1]
  ignore line: [/usr/bin/gfortran     -fopenmp -v -O3 -DNDEBUG -O3 CMakeFiles/cmTC_b5526.dir/OpenMPTryFlag.f90.o  -o cmTC_b5526  -v ]
  ignore line: [Driving: /usr/bin/gfortran -fopenmp -v -O3 -DNDEBUG -O3 CMakeFiles/cmTC_b5526.dir/OpenMPTryFlag.f90.o -o cmTC_b5526 -v -l gfortran -l m -shared-libgcc]
  ignore line: [Using built-in specs.]
  ignore line: [COLLECT_GCC=/usr/bin/gfortran]
  ignore line: [COLLECT_LTO_WRAPPER=/usr/lib/gcc/x86_64-linux-gnu/11/lto-wrapper]
  ignore line: [OFFLOAD_TARGET_NAMES=nvptx-none:amdgcn-amdhsa]
  ignore line: [OFFLOAD_TARGET_DEFAULT=1]
  ignore line: [Target: x86_64-linux-gnu]
  ignore line: [Configured with: ../src/configure -v --with-pkgversion='Ubuntu 11.4.0-1ubuntu1~22.04' --with-bugurl=file:///usr/share/doc/gcc-11/README.Bugs --enable-languages=c ada c++ go brig d fortran objc obj-c++ m2 --prefix=/usr --with-gcc-major-version-only --program-suffix=-11 --program-prefix=x86_64-linux-gnu- --enable-shared --enable-linker-build-id --libexecdir=/usr/lib --without-included-gettext --enable-threads=posix --libdir=/usr/lib --enable-nls --enable-bootstrap --enable-clocale=gnu --enable-libstdcxx-debug --enable-libstdcxx-time=yes --with-default-libstdcxx-abi=new --enable-gnu-unique-object --disable-vtable-verify --enable-plugin --enable-default-pie --with-system-zlib --enable-libphobos-checking=release --with-target-system-zlib=auto --enable-objc-gc=auto --enable-multiarch --disable-werror --enable-cet --with-arch-32=i686 --with-abi=m64 --with-multilib-list=m32 m64 mx32 --enable-multilib --with-tune=generic --enable-offload-targets=nvptx-none=/build/gcc-11-XeT9lY/gcc-11-11.4.0/debian/tmp-nvptx/usr amdgcn-amdhsa=/build/gcc-11-XeT9lY/gcc-11-11.4.0/debian/tmp-gcn/usr --without-cuda-driver --enable-checking=release --build=x86_64-linux-gnu --host=x86_64-linux-gnu --target=x86_64-linux-gnu --with-build-config=bootstrap-lto-lean --enable-link-serialization=2]
  ignore line: [Thread model: posix]
  ignore line: [Supported LTO compression algorithms: zlib zstd]
  ignore line: [gcc version 11.4.0 (Ubuntu 11.4.0-1ubuntu1~22.04) ]
  ignore line: [Reading specs from /usr/lib/gcc/x86_64-linux-gnu/11/libgfortran.spec]
  ignore line: [rename spec lib to liborig]
  ignore line: [COLLECT_GCC_OPTIONS='-fopenmp' '-v' '-O3' '-D' 'NDEBUG' '-O3' '-o' 'cmTC_b5526' '-v' '-shared-libgcc' '-mtune=generic' '-march=x86-64' '-pthread' '-dumpdir' 'cmTC_b5526-']
  ignore line: [COMPILER_PATH=/usr/lib/gcc/x86_64-linux-gnu/11/:/usr/lib/gcc/x86_64-linux-gnu/11/:/usr/lib/gcc/x86_64-linux-gnu/:/usr/lib/gcc/x86_64-linux-gnu/11/:/usr/lib/gcc/x86_64-linux-gnu/]
  ignore line: [LIBRARY_PATH=/home/andreast/modules/flow/202309a/rpp-dune-amgcpr-branch/lib/../lib/:/home/andreast/modules/zoltan/202309a/12.16/lib/../lib/:/home/andreast/modules/dune/202309a/mod-2.7.1/lib/../lib/:/cm/shared/ex3-modules/202309a/milanq/pkgs/suitesparse-32-5.12.0/lib/../lib/:/cm/shared/ex3-modules/202309a/milanq/pkgs/mpfr-4.0.2/lib/../lib/:/cm/shared/ex3-modules/202309a/milanq/pkgs/gmp-6.1.2/lib/../lib/:/cm/shared/ex3-modules/202309a/milanq/pkgs/parmetis-32-4.0.3/lib/../lib/:/cm/shared/ex3-modules/202309a/milanq/pkgs/metis-32-5.1.0/lib/../lib/:/cm/shared/ex3-modules/202309a/milanq/pkgs/boost-1.73.0/lib/../lib/:/cm/shared/ex3-modules/202309a/milanq/pkgs/xz-5.2.7/lib/../lib/:/cm/shared/ex3-modules/202309a/milanq/pkgs/openblas-0.3.21/lib/../lib/:/cm/shared/ex3-modules/202309a/milanq/pkgs/openmpi-4.1.4/lib/../lib/:/cm/shared/ex3-modules/202309a/milanq/pkgs/util-linux-2.34/lib/../lib/:/cm/shared/ex3-modules/202309a/milanq/pkgs/libfabric-1.17.0/lib/../lib/:/cm/shared/ex3-modules/202309a/milanq/pkgs/ucx-1.12.1/lib/../lib/:/cm/shared/ex3-modules/202309a/milanq/pkgs/rdma-core-44.0/lib/../lib/:/cm/shared/ex3-modules/202309a/milanq/pkgs/libnl-3.2.25/lib/../lib/:/cm/shared/ex3-modules/202309a/milanq/pkgs/numactl-2.0.13/lib/../lib/:/cm/shared/ex3-modules/202309a/milanq/pkgs/libevent-2.1.12-stable/lib/../lib/:/cm/shared/ex3-modules/202309a/milanq/pkgs/knem-1.1.4/lib/../lib/:/cm/shared/ex3-modules/202309a/milanq/pkgs/hwloc-2.7.1/lib/../lib/:/cm/shared/ex3-modules/0.6.1/pkgs/fftw-3.3.8/lib/../lib/:/cm/shared/ex3-modules/0.6.1/pkgs/lapack-3.9.0/lib/../lib/:/cm/shared/ex3-modules/0.6.1/pkgs/openblas-0.3.12/lib/../lib/:/cm/shared/ex3-modules/0.6.1/pkgs/gcc-8.4.0/lib64/../lib/:/cm/shared/ex3-modules/0.6.1/pkgs/freetype-2.10.1/lib/../lib/:/cm/shared/ex3-modules/0.6.1/pkgs/libpng-1.6.37/lib/../lib/:/cm/shared/ex3-modules/0.6.1/pkgs/python-3.7.4/lib/../lib/:/cm/shared/ex3-modules/0.6.1/pkgs/sqlite-3.31.1/lib/../lib/:/cm/shared/ex3-modules/0.6.1/pkgs/libffi-3.2.1/lib/../lib/:/cm/shared/ex3-modules/0.6.1/pkgs/readline-8.0/lib/../lib/:/cm/shared/ex3-modules/0.6.1/pkgs/ncurses-6.1/lib/../lib/:/cm/shared/ex3-modules/0.6.1/pkgs/xz-5.2.5/lib/../lib/:/cm/shared/ex3-modules/0.6.1/pkgs/bzip2-1.0.8/lib/../lib/:/cm/shared/ex3-modules/0.6.1/pkgs/openssl-1.1.1c/lib/../lib/:/cm/shared/apps/slurm/current/lib64/../lib/:/usr/lib/gcc/x86_64-linux-gnu/11/:/usr/lib/gcc/x86_64-linux-gnu/11/../../../x86_64-linux-gnu/:/usr/lib/gcc/x86_64-linux-gnu/11/../../../../lib/:/lib/x86_64-linux-gnu/:/lib/../lib/:/usr/lib/x86_64-linux-gnu/:/usr/lib/../lib/:/home/andreast/modules/flow/202309a/rpp-dune-amgcpr-branch/lib/:/home/andreast/modules/zoltan/202309a/12.16/lib/:/home/andreast/modules/dune/202309a/mod-2.7.1/lib/:/cm/shared/ex3-modules/202309a/milanq/pkgs/suitesparse-32-5.12.0/lib/:/cm/shared/ex3-modules/202309a/milanq/pkgs/mpfr-4.0.2/lib/:/cm/shared/ex3-modules/202309a/milanq/pkgs/gmp-6.1.2/lib/:/cm/shared/ex3-modules/202309a/milanq/pkgs/parmetis-32-4.0.3/lib/:/cm/shared/ex3-modules/202309a/milanq/pkgs/metis-32-5.1.0/lib/:/cm/shared/ex3-modules/202309a/milanq/pkgs/boost-1.73.0/lib/:/cm/shared/ex3-modules/202309a/milanq/pkgs/xz-5.2.7/lib/:/cm/shared/ex3-modules/202309a/milanq/pkgs/openblas-0.3.21/lib/:/cm/shared/ex3-modules/202309a/milanq/pkgs/openmpi-4.1.4/lib/:/cm/shared/ex3-modules/202309a/milanq/pkgs/util-linux-2.34/lib/:/cm/shared/ex3-modules/202309a/milanq/pkgs/libfabric-1.17.0/lib/:/cm/shared/ex3-modules/202309a/milanq/pkgs/ucx-1.12.1/lib/:/cm/shared/ex3-modules/202309a/milanq/pkgs/rdma-core-44.0/lib/:/cm/shared/ex3-modules/202309a/milanq/pkgs/libnl-3.2.25/lib/:/cm/shared/ex3-modules/202309a/milanq/pkgs/numactl-2.0.13/lib/:/cm/shared/ex3-modules/202309a/milanq/pkgs/libevent-2.1.12-stable/lib/:/cm/shared/ex3-modules/202309a/milanq/pkgs/knem-1.1.4/lib/:/cm/shared/ex3-modules/202309a/milanq/pkgs/hwloc-2.7.1/lib/:/cm/shared/ex3-modules/0.6.1/pkgs/fftw-3.3.8/lib/:/cm/shared/ex3-modules/0.6.1/pkgs/lapack-3.9.0/lib/:/cm/shared/ex3-modules/0.6.1/pkgs/openblas-0.3.12/lib/:/cm/shared/ex3-modules/0.6.1/pkgs/gcc-8.4.0/lib64/:/cm/shared/ex3-modules/0.6.1/pkgs/freetype-2.10.1/lib/:/cm/shared/ex3-modules/0.6.1/pkgs/libpng-1.6.37/lib/:/cm/shared/ex3-modules/0.6.1/pkgs/python-3.7.4/lib/:/cm/shared/ex3-modules/0.6.1/pkgs/sqlite-3.31.1/lib/:/cm/shared/ex3-modules/0.6.1/pkgs/libffi-3.2.1/lib/:/cm/shared/ex3-modules/0.6.1/pkgs/readline-8.0/lib/:/cm/shared/ex3-modules/0.6.1/pkgs/ncurses-6.1/lib/:/cm/shared/ex3-modules/0.6.1/pkgs/xz-5.2.5/lib/:/cm/shared/ex3-modules/0.6.1/pkgs/bzip2-1.0.8/lib/:/cm/shared/ex3-modules/0.6.1/pkgs/openssl-1.1.1c/lib/:/cm/shared/apps/slurm/current/lib64/slurm/:/cm/shared/apps/slurm/current/lib64/:/usr/lib/gcc/x86_64-linux-gnu/11/../../../:/lib/:/usr/lib/]
  ignore line: [Reading specs from /usr/lib/gcc/x86_64-linux-gnu/11/libgomp.spec]
  ignore line: [COLLECT_GCC_OPTIONS='-fopenmp' '-v' '-O3' '-D' 'NDEBUG' '-O3' '-o' 'cmTC_b5526' '-v' '-shared-libgcc' '-mtune=generic' '-march=x86-64' '-pthread' '-dumpdir' 'cmTC_b5526.']
  link line: [ /usr/lib/gcc/x86_64-linux-gnu/11/collect2 -plugin /usr/lib/gcc/x86_64-linux-gnu/11/liblto_plugin.so -plugin-opt=/usr/lib/gcc/x86_64-linux-gnu/11/lto-wrapper -plugin-opt=-fresolution=/tmp/ccDl13U1.res -plugin-opt=-pass-through=-lgcc_s -plugin-opt=-pass-through=-lgcc -plugin-opt=-pass-through=-lquadmath -plugin-opt=-pass-through=-lm -plugin-opt=-pass-through=-lgcc_s -plugin-opt=-pass-through=-lgcc -plugin-opt=-pass-through=-lpthread -plugin-opt=-pass-through=-lc -plugin-opt=-pass-through=-lgcc_s -plugin-opt=-pass-through=-lgcc --build-id --eh-frame-hdr -m elf_x86_64 --hash-style=gnu --as-needed -dynamic-linker /lib64/ld-linux-x86-64.so.2 -pie -z now -z relro -o cmTC_b5526 /usr/lib/gcc/x86_64-linux-gnu/11/../../../x86_64-linux-gnu/Scrt1.o /usr/lib/gcc/x86_64-linux-gnu/11/../../../x86_64-linux-gnu/crti.o /usr/lib/gcc/x86_64-linux-gnu/11/crtbeginS.o /usr/lib/gcc/x86_64-linux-gnu/11/crtoffloadbegin.o -L/home/andreast/modules/flow/202309a/rpp-dune-amgcpr-branch/lib/../lib -L/home/andreast/modules/zoltan/202309a/12.16/lib/../lib -L/home/andreast/modules/dune/202309a/mod-2.7.1/lib/../lib -L/cm/shared/ex3-modules/202309a/milanq/pkgs/suitesparse-32-5.12.0/lib/../lib -L/cm/shared/ex3-modules/202309a/milanq/pkgs/mpfr-4.0.2/lib/../lib -L/cm/shared/ex3-modules/202309a/milanq/pkgs/gmp-6.1.2/lib/../lib -L/cm/shared/ex3-modules/202309a/milanq/pkgs/parmetis-32-4.0.3/lib/../lib -L/cm/shared/ex3-modules/202309a/milanq/pkgs/metis-32-5.1.0/lib/../lib -L/cm/shared/ex3-modules/202309a/milanq/pkgs/boost-1.73.0/lib/../lib -L/cm/shared/ex3-modules/202309a/milanq/pkgs/xz-5.2.7/lib/../lib -L/cm/shared/ex3-modules/202309a/milanq/pkgs/openblas-0.3.21/lib/../lib -L/cm/shared/ex3-modules/202309a/milanq/pkgs/openmpi-4.1.4/lib/../lib -L/cm/shared/ex3-modules/202309a/milanq/pkgs/util-linux-2.34/lib/../lib -L/cm/shared/ex3-modules/202309a/milanq/pkgs/libfabric-1.17.0/lib/../lib -L/cm/shared/ex3-modules/202309a/milanq/pkgs/ucx-1.12.1/lib/../lib -L/cm/shared/ex3-modules/202309a/milanq/pkgs/rdma-core-44.0/lib/../lib -L/cm/shared/ex3-modules/202309a/milanq/pkgs/libnl-3.2.25/lib/../lib -L/cm/shared/ex3-modules/202309a/milanq/pkgs/numactl-2.0.13/lib/../lib -L/cm/shared/ex3-modules/202309a/milanq/pkgs/libevent-2.1.12-stable/lib/../lib -L/cm/shared/ex3-modules/202309a/milanq/pkgs/knem-1.1.4/lib/../lib -L/cm/shared/ex3-modules/202309a/milanq/pkgs/hwloc-2.7.1/lib/../lib -L/cm/shared/ex3-modules/0.6.1/pkgs/fftw-3.3.8/lib/../lib -L/cm/shared/ex3-modules/0.6.1/pkgs/lapack-3.9.0/lib/../lib -L/cm/shared/ex3-modules/0.6.1/pkgs/openblas-0.3.12/lib/../lib -L/cm/shared/ex3-modules/0.6.1/pkgs/gcc-8.4.0/lib64/../lib -L/cm/shared/ex3-modules/0.6.1/pkgs/freetype-2.10.1/lib/../lib -L/cm/shared/ex3-modules/0.6.1/pkgs/libpng-1.6.37/lib/../lib -L/cm/shared/ex3-modules/0.6.1/pkgs/python-3.7.4/lib/../lib -L/cm/shared/ex3-modules/0.6.1/pkgs/sqlite-3.31.1/lib/../lib -L/cm/shared/ex3-modules/0.6.1/pkgs/libffi-3.2.1/lib/../lib -L/cm/shared/ex3-modules/0.6.1/pkgs/readline-8.0/lib/../lib -L/cm/shared/ex3-modules/0.6.1/pkgs/ncurses-6.1/lib/../lib -L/cm/shared/ex3-modules/0.6.1/pkgs/xz-5.2.5/lib/../lib -L/cm/shared/ex3-modules/0.6.1/pkgs/bzip2-1.0.8/lib/../lib -L/cm/shared/ex3-modules/0.6.1/pkgs/openssl-1.1.1c/lib/../lib -L/cm/shared/apps/slurm/current/lib64/../lib -L/usr/lib/gcc/x86_64-linux-gnu/11 -L/usr/lib/gcc/x86_64-linux-gnu/11/../../../x86_64-linux-gnu -L/usr/lib/gcc/x86_64-linux-gnu/11/../../../../lib -L/lib/x86_64-linux-gnu -L/lib/../lib -L/usr/lib/x86_64-linux-gnu -L/usr/lib/../lib -L/home/andreast/modules/flow/202309a/rpp-dune-amgcpr-branch/lib -L/home/andreast/modules/zoltan/202309a/12.16/lib -L/home/andreast/modules/dune/202309a/mod-2.7.1/lib -L/cm/shared/ex3-modules/202309a/milanq/pkgs/suitesparse-32-5.12.0/lib -L/cm/shared/ex3-modules/202309a/milanq/pkgs/mpfr-4.0.2/lib -L/cm/shared/ex3-modules/202309a/milanq/pkgs/gmp-6.1.2/lib -L/cm/shared/ex3-modules/202309a/milanq/pkgs/parmetis-32-4.0.3/lib -L/cm/shared/ex3-modules/202309a/milanq/pkgs/metis-32-5.1.0/lib -L/cm/shared/ex3-modules/202309a/milanq/pkgs/boost-1.73.0/lib -L/cm/shared/ex3-modules/202309a/milanq/pkgs/xz-5.2.7/lib -L/cm/shared/ex3-modules/202309a/milanq/pkgs/openblas-0.3.21/lib -L/cm/shared/ex3-modules/202309a/milanq/pkgs/openmpi-4.1.4/lib -L/cm/shared/ex3-modules/202309a/milanq/pkgs/util-linux-2.34/lib -L/cm/shared/ex3-modules/202309a/milanq/pkgs/libfabric-1.17.0/lib -L/cm/shared/ex3-modules/202309a/milanq/pkgs/ucx-1.12.1/lib -L/cm/shared/ex3-modules/202309a/milanq/pkgs/rdma-core-44.0/lib -L/cm/shared/ex3-modules/202309a/milanq/pkgs/libnl-3.2.25/lib -L/cm/shared/ex3-modules/202309a/milanq/pkgs/numactl-2.0.13/lib -L/cm/shared/ex3-modules/202309a/milanq/pkgs/libevent-2.1.12-stable/lib -L/cm/shared/ex3-modules/202309a/milanq/pkgs/knem-1.1.4/lib -L/cm/shared/ex3-modules/202309a/milanq/pkgs/hwloc-2.7.1/lib -L/cm/shared/ex3-modules/0.6.1/pkgs/fftw-3.3.8/lib -L/cm/shared/ex3-modules/0.6.1/pkgs/lapack-3.9.0/lib -L/cm/shared/ex3-modules/0.6.1/pkgs/openblas-0.3.12/lib -L/cm/shared/ex3-modules/0.6.1/pkgs/gcc-8.4.0/lib64 -L/cm/shared/ex3-modules/0.6.1/pkgs/freetype-2.10.1/lib -L/cm/shared/ex3-modules/0.6.1/pkgs/libpng-1.6.37/lib -L/cm/shared/ex3-modules/0.6.1/pkgs/python-3.7.4/lib -L/cm/shared/ex3-modules/0.6.1/pkgs/sqlite-3.31.1/lib -L/cm/shared/ex3-modules/0.6.1/pkgs/libffi-3.2.1/lib -L/cm/shared/ex3-modules/0.6.1/pkgs/readline-8.0/lib -L/cm/shared/ex3-modules/0.6.1/pkgs/ncurses-6.1/lib -L/cm/shared/ex3-modules/0.6.1/pkgs/xz-5.2.5/lib -L/cm/shared/ex3-modules/0.6.1/pkgs/bzip2-1.0.8/lib -L/cm/shared/ex3-modules/0.6.1/pkgs/openssl-1.1.1c/lib -L/cm/shared/apps/slurm/current/lib64/slurm -L/cm/shared/apps/slurm/current/lib64 -L/usr/lib/gcc/x86_64-linux-gnu/11/../../.. CMakeFiles/cmTC_b5526.dir/OpenMPTryFlag.f90.o -lgfortran -lm -lgomp -lgcc_s -lgcc -lquadmath -lm -lgcc_s -lgcc -lpthread -lc -lgcc_s -lgcc /usr/lib/gcc/x86_64-linux-gnu/11/crtendS.o /usr/lib/gcc/x86_64-linux-gnu/11/../../../x86_64-linux-gnu/crtn.o /usr/lib/gcc/x86_64-linux-gnu/11/crtoffloadend.o]
    arg [/usr/lib/gcc/x86_64-linux-gnu/11/collect2] ==> ignore
    arg [-plugin] ==> ignore
    arg [/usr/lib/gcc/x86_64-linux-gnu/11/liblto_plugin.so] ==> ignore
    arg [-plugin-opt=/usr/lib/gcc/x86_64-linux-gnu/11/lto-wrapper] ==> ignore
    arg [-plugin-opt=-fresolution=/tmp/ccDl13U1.res] ==> ignore
    arg [-plugin-opt=-pass-through=-lgcc_s] ==> ignore
    arg [-plugin-opt=-pass-through=-lgcc] ==> ignore
    arg [-plugin-opt=-pass-through=-lquadmath] ==> ignore
    arg [-plugin-opt=-pass-through=-lm] ==> ignore
    arg [-plugin-opt=-pass-through=-lgcc_s] ==> ignore
    arg [-plugin-opt=-pass-through=-lgcc] ==> ignore
    arg [-plugin-opt=-pass-through=-lpthread] ==> ignore
    arg [-plugin-opt=-pass-through=-lc] ==> ignore
    arg [-plugin-opt=-pass-through=-lgcc_s] ==> ignore
    arg [-plugin-opt=-pass-through=-lgcc] ==> ignore
    arg [--build-id] ==> ignore
    arg [--eh-frame-hdr] ==> ignore
    arg [-m] ==> ignore
    arg [elf_x86_64] ==> ignore
    arg [--hash-style=gnu] ==> ignore
    arg [--as-needed] ==> ignore
    arg [-dynamic-linker] ==> ignore
    arg [/lib64/ld-linux-x86-64.so.2] ==> ignore
    arg [-pie] ==> ignore
    arg [-znow] ==> ignore
    arg [-zrelro] ==> ignore
    arg [-o] ==> ignore
    arg [cmTC_b5526] ==> ignore
    arg [/usr/lib/gcc/x86_64-linux-gnu/11/../../../x86_64-linux-gnu/Scrt1.o] ==> ignore
    arg [/usr/lib/gcc/x86_64-linux-gnu/11/../../../x86_64-linux-gnu/crti.o] ==> ignore
    arg [/usr/lib/gcc/x86_64-linux-gnu/11/crtbeginS.o] ==> ignore
    arg [/usr/lib/gcc/x86_64-linux-gnu/11/crtoffloadbegin.o] ==> ignore
    arg [-L/home/andreast/modules/flow/202309a/rpp-dune-amgcpr-branch/lib/../lib] ==> dir [/home/andreast/modules/flow/202309a/rpp-dune-amgcpr-branch/lib/../lib]
    arg [-L/home/andreast/modules/zoltan/202309a/12.16/lib/../lib] ==> dir [/home/andreast/modules/zoltan/202309a/12.16/lib/../lib]
    arg [-L/home/andreast/modules/dune/202309a/mod-2.7.1/lib/../lib] ==> dir [/home/andreast/modules/dune/202309a/mod-2.7.1/lib/../lib]
    arg [-L/cm/shared/ex3-modules/202309a/milanq/pkgs/suitesparse-32-5.12.0/lib/../lib] ==> dir [/cm/shared/ex3-modules/202309a/milanq/pkgs/suitesparse-32-5.12.0/lib/../lib]
    arg [-L/cm/shared/ex3-modules/202309a/milanq/pkgs/mpfr-4.0.2/lib/../lib] ==> dir [/cm/shared/ex3-modules/202309a/milanq/pkgs/mpfr-4.0.2/lib/../lib]
    arg [-L/cm/shared/ex3-modules/202309a/milanq/pkgs/gmp-6.1.2/lib/../lib] ==> dir [/cm/shared/ex3-modules/202309a/milanq/pkgs/gmp-6.1.2/lib/../lib]
    arg [-L/cm/shared/ex3-modules/202309a/milanq/pkgs/parmetis-32-4.0.3/lib/../lib] ==> dir [/cm/shared/ex3-modules/202309a/milanq/pkgs/parmetis-32-4.0.3/lib/../lib]
    arg [-L/cm/shared/ex3-modules/202309a/milanq/pkgs/metis-32-5.1.0/lib/../lib] ==> dir [/cm/shared/ex3-modules/202309a/milanq/pkgs/metis-32-5.1.0/lib/../lib]
    arg [-L/cm/shared/ex3-modules/202309a/milanq/pkgs/boost-1.73.0/lib/../lib] ==> dir [/cm/shared/ex3-modules/202309a/milanq/pkgs/boost-1.73.0/lib/../lib]
    arg [-L/cm/shared/ex3-modules/202309a/milanq/pkgs/xz-5.2.7/lib/../lib] ==> dir [/cm/shared/ex3-modules/202309a/milanq/pkgs/xz-5.2.7/lib/../lib]
    arg [-L/cm/shared/ex3-modules/202309a/milanq/pkgs/openblas-0.3.21/lib/../lib] ==> dir [/cm/shared/ex3-modules/202309a/milanq/pkgs/openblas-0.3.21/lib/../lib]
    arg [-L/cm/shared/ex3-modules/202309a/milanq/pkgs/openmpi-4.1.4/lib/../lib] ==> dir [/cm/shared/ex3-modules/202309a/milanq/pkgs/openmpi-4.1.4/lib/../lib]
    arg [-L/cm/shared/ex3-modules/202309a/milanq/pkgs/util-linux-2.34/lib/../lib] ==> dir [/cm/shared/ex3-modules/202309a/milanq/pkgs/util-linux-2.34/lib/../lib]
    arg [-L/cm/shared/ex3-modules/202309a/milanq/pkgs/libfabric-1.17.0/lib/../lib] ==> dir [/cm/shared/ex3-modules/202309a/milanq/pkgs/libfabric-1.17.0/lib/../lib]
    arg [-L/cm/shared/ex3-modules/202309a/milanq/pkgs/ucx-1.12.1/lib/../lib] ==> dir [/cm/shared/ex3-modules/202309a/milanq/pkgs/ucx-1.12.1/lib/../lib]
    arg [-L/cm/shared/ex3-modules/202309a/milanq/pkgs/rdma-core-44.0/lib/../lib] ==> dir [/cm/shared/ex3-modules/202309a/milanq/pkgs/rdma-core-44.0/lib/../lib]
    arg [-L/cm/shared/ex3-modules/202309a/milanq/pkgs/libnl-3.2.25/lib/../lib] ==> dir [/cm/shared/ex3-modules/202309a/milanq/pkgs/libnl-3.2.25/lib/../lib]
    arg [-L/cm/shared/ex3-modules/202309a/milanq/pkgs/numactl-2.0.13/lib/../lib] ==> dir [/cm/shared/ex3-modules/202309a/milanq/pkgs/numactl-2.0.13/lib/../lib]
    arg [-L/cm/shared/ex3-modules/202309a/milanq/pkgs/libevent-2.1.12-stable/lib/../lib] ==> dir [/cm/shared/ex3-modules/202309a/milanq/pkgs/libevent-2.1.12-stable/lib/../lib]
    arg [-L/cm/shared/ex3-modules/202309a/milanq/pkgs/knem-1.1.4/lib/../lib] ==> dir [/cm/shared/ex3-modules/202309a/milanq/pkgs/knem-1.1.4/lib/../lib]
    arg [-L/cm/shared/ex3-modules/202309a/milanq/pkgs/hwloc-2.7.1/lib/../lib] ==> dir [/cm/shared/ex3-modules/202309a/milanq/pkgs/hwloc-2.7.1/lib/../lib]
    arg [-L/cm/shared/ex3-modules/0.6.1/pkgs/fftw-3.3.8/lib/../lib] ==> dir [/cm/shared/ex3-modules/0.6.1/pkgs/fftw-3.3.8/lib/../lib]
    arg [-L/cm/shared/ex3-modules/0.6.1/pkgs/lapack-3.9.0/lib/../lib] ==> dir [/cm/shared/ex3-modules/0.6.1/pkgs/lapack-3.9.0/lib/../lib]
    arg [-L/cm/shared/ex3-modules/0.6.1/pkgs/openblas-0.3.12/lib/../lib] ==> dir [/cm/shared/ex3-modules/0.6.1/pkgs/openblas-0.3.12/lib/../lib]
    arg [-L/cm/shared/ex3-modules/0.6.1/pkgs/gcc-8.4.0/lib64/../lib] ==> dir [/cm/shared/ex3-modules/0.6.1/pkgs/gcc-8.4.0/lib64/../lib]
    arg [-L/cm/shared/ex3-modules/0.6.1/pkgs/freetype-2.10.1/lib/../lib] ==> dir [/cm/shared/ex3-modules/0.6.1/pkgs/freetype-2.10.1/lib/../lib]
    arg [-L/cm/shared/ex3-modules/0.6.1/pkgs/libpng-1.6.37/lib/../lib] ==> dir [/cm/shared/ex3-modules/0.6.1/pkgs/libpng-1.6.37/lib/../lib]
    arg [-L/cm/shared/ex3-modules/0.6.1/pkgs/python-3.7.4/lib/../lib] ==> dir [/cm/shared/ex3-modules/0.6.1/pkgs/python-3.7.4/lib/../lib]
    arg [-L/cm/shared/ex3-modules/0.6.1/pkgs/sqlite-3.31.1/lib/../lib] ==> dir [/cm/shared/ex3-modules/0.6.1/pkgs/sqlite-3.31.1/lib/../lib]
    arg [-L/cm/shared/ex3-modules/0.6.1/pkgs/libffi-3.2.1/lib/../lib] ==> dir [/cm/shared/ex3-modules/0.6.1/pkgs/libffi-3.2.1/lib/../lib]
    arg [-L/cm/shared/ex3-modules/0.6.1/pkgs/readline-8.0/lib/../lib] ==> dir [/cm/shared/ex3-modules/0.6.1/pkgs/readline-8.0/lib/../lib]
    arg [-L/cm/shared/ex3-modules/0.6.1/pkgs/ncurses-6.1/lib/../lib] ==> dir [/cm/shared/ex3-modules/0.6.1/pkgs/ncurses-6.1/lib/../lib]
    arg [-L/cm/shared/ex3-modules/0.6.1/pkgs/xz-5.2.5/lib/../lib] ==> dir [/cm/shared/ex3-modules/0.6.1/pkgs/xz-5.2.5/lib/../lib]
    arg [-L/cm/shared/ex3-modules/0.6.1/pkgs/bzip2-1.0.8/lib/../lib] ==> dir [/cm/shared/ex3-modules/0.6.1/pkgs/bzip2-1.0.8/lib/../lib]
    arg [-L/cm/shared/ex3-modules/0.6.1/pkgs/openssl-1.1.1c/lib/../lib] ==> dir [/cm/shared/ex3-modules/0.6.1/pkgs/openssl-1.1.1c/lib/../lib]
    arg [-L/cm/shared/apps/slurm/current/lib64/../lib] ==> dir [/cm/shared/apps/slurm/current/lib64/../lib]
    arg [-L/usr/lib/gcc/x86_64-linux-gnu/11] ==> dir [/usr/lib/gcc/x86_64-linux-gnu/11]
    arg [-L/usr/lib/gcc/x86_64-linux-gnu/11/../../../x86_64-linux-gnu] ==> dir [/usr/lib/gcc/x86_64-linux-gnu/11/../../../x86_64-linux-gnu]
    arg [-L/usr/lib/gcc/x86_64-linux-gnu/11/../../../../lib] ==> dir [/usr/lib/gcc/x86_64-linux-gnu/11/../../../../lib]
    arg [-L/lib/x86_64-linux-gnu] ==> dir [/lib/x86_64-linux-gnu]
    arg [-L/lib/../lib] ==> dir [/lib/../lib]
    arg [-L/usr/lib/x86_64-linux-gnu] ==> dir [/usr/lib/x86_64-linux-gnu]
    arg [-L/usr/lib/../lib] ==> dir [/usr/lib/../lib]
    arg [-L/home/andreast/modules/flow/202309a/rpp-dune-amgcpr-branch/lib] ==> dir [/home/andreast/modules/flow/202309a/rpp-dune-amgcpr-branch/lib]
    arg [-L/home/andreast/modules/zoltan/202309a/12.16/lib] ==> dir [/home/andreast/modules/zoltan/202309a/12.16/lib]
    arg [-L/home/andreast/modules/dune/202309a/mod-2.7.1/lib] ==> dir [/home/andreast/modules/dune/202309a/mod-2.7.1/lib]
    arg [-L/cm/shared/ex3-modules/202309a/milanq/pkgs/suitesparse-32-5.12.0/lib] ==> dir [/cm/shared/ex3-modules/202309a/milanq/pkgs/suitesparse-32-5.12.0/lib]
    arg [-L/cm/shared/ex3-modules/202309a/milanq/pkgs/mpfr-4.0.2/lib] ==> dir [/cm/shared/ex3-modules/202309a/milanq/pkgs/mpfr-4.0.2/lib]
    arg [-L/cm/shared/ex3-modules/202309a/milanq/pkgs/gmp-6.1.2/lib] ==> dir [/cm/shared/ex3-modules/202309a/milanq/pkgs/gmp-6.1.2/lib]
    arg [-L/cm/shared/ex3-modules/202309a/milanq/pkgs/parmetis-32-4.0.3/lib] ==> dir [/cm/shared/ex3-modules/202309a/milanq/pkgs/parmetis-32-4.0.3/lib]
    arg [-L/cm/shared/ex3-modules/202309a/milanq/pkgs/metis-32-5.1.0/lib] ==> dir [/cm/shared/ex3-modules/202309a/milanq/pkgs/metis-32-5.1.0/lib]
    arg [-L/cm/shared/ex3-modules/202309a/milanq/pkgs/boost-1.73.0/lib] ==> dir [/cm/shared/ex3-modules/202309a/milanq/pkgs/boost-1.73.0/lib]
    arg [-L/cm/shared/ex3-modules/202309a/milanq/pkgs/xz-5.2.7/lib] ==> dir [/cm/shared/ex3-modules/202309a/milanq/pkgs/xz-5.2.7/lib]
    arg [-L/cm/shared/ex3-modules/202309a/milanq/pkgs/openblas-0.3.21/lib] ==> dir [/cm/shared/ex3-modules/202309a/milanq/pkgs/openblas-0.3.21/lib]
    arg [-L/cm/shared/ex3-modules/202309a/milanq/pkgs/openmpi-4.1.4/lib] ==> dir [/cm/shared/ex3-modules/202309a/milanq/pkgs/openmpi-4.1.4/lib]
    arg [-L/cm/shared/ex3-modules/202309a/milanq/pkgs/util-linux-2.34/lib] ==> dir [/cm/shared/ex3-modules/202309a/milanq/pkgs/util-linux-2.34/lib]
    arg [-L/cm/shared/ex3-modules/202309a/milanq/pkgs/libfabric-1.17.0/lib] ==> dir [/cm/shared/ex3-modules/202309a/milanq/pkgs/libfabric-1.17.0/lib]
    arg [-L/cm/shared/ex3-modules/202309a/milanq/pkgs/ucx-1.12.1/lib] ==> dir [/cm/shared/ex3-modules/202309a/milanq/pkgs/ucx-1.12.1/lib]
    arg [-L/cm/shared/ex3-modules/202309a/milanq/pkgs/rdma-core-44.0/lib] ==> dir [/cm/shared/ex3-modules/202309a/milanq/pkgs/rdma-core-44.0/lib]
    arg [-L/cm/shared/ex3-modules/202309a/milanq/pkgs/libnl-3.2.25/lib] ==> dir [/cm/shared/ex3-modules/202309a/milanq/pkgs/libnl-3.2.25/lib]
    arg [-L/cm/shared/ex3-modules/202309a/milanq/pkgs/numactl-2.0.13/lib] ==> dir [/cm/shared/ex3-modules/202309a/milanq/pkgs/numactl-2.0.13/lib]
    arg [-L/cm/shared/ex3-modules/202309a/milanq/pkgs/libevent-2.1.12-stable/lib] ==> dir [/cm/shared/ex3-modules/202309a/milanq/pkgs/libevent-2.1.12-stable/lib]
    arg [-L/cm/shared/ex3-modules/202309a/milanq/pkgs/knem-1.1.4/lib] ==> dir [/cm/shared/ex3-modules/202309a/milanq/pkgs/knem-1.1.4/lib]
    arg [-L/cm/shared/ex3-modules/202309a/milanq/pkgs/hwloc-2.7.1/lib] ==> dir [/cm/shared/ex3-modules/202309a/milanq/pkgs/hwloc-2.7.1/lib]
    arg [-L/cm/shared/ex3-modules/0.6.1/pkgs/fftw-3.3.8/lib] ==> dir [/cm/shared/ex3-modules/0.6.1/pkgs/fftw-3.3.8/lib]
    arg [-L/cm/shared/ex3-modules/0.6.1/pkgs/lapack-3.9.0/lib] ==> dir [/cm/shared/ex3-modules/0.6.1/pkgs/lapack-3.9.0/lib]
    arg [-L/cm/shared/ex3-modules/0.6.1/pkgs/openblas-0.3.12/lib] ==> dir [/cm/shared/ex3-modules/0.6.1/pkgs/openblas-0.3.12/lib]
    arg [-L/cm/shared/ex3-modules/0.6.1/pkgs/gcc-8.4.0/lib64] ==> dir [/cm/shared/ex3-modules/0.6.1/pkgs/gcc-8.4.0/lib64]
    arg [-L/cm/shared/ex3-modules/0.6.1/pkgs/freetype-2.10.1/lib] ==> dir [/cm/shared/ex3-modules/0.6.1/pkgs/freetype-2.10.1/lib]
    arg [-L/cm/shared/ex3-modules/0.6.1/pkgs/libpng-1.6.37/lib] ==> dir [/cm/shared/ex3-modules/0.6.1/pkgs/libpng-1.6.37/lib]
    arg [-L/cm/shared/ex3-modules/0.6.1/pkgs/python-3.7.4/lib] ==> dir [/cm/shared/ex3-modules/0.6.1/pkgs/python-3.7.4/lib]
    arg [-L/cm/shared/ex3-modules/0.6.1/pkgs/sqlite-3.31.1/lib] ==> dir [/cm/shared/ex3-modules/0.6.1/pkgs/sqlite-3.31.1/lib]
    arg [-L/cm/shared/ex3-modules/0.6.1/pkgs/libffi-3.2.1/lib] ==> dir [/cm/shared/ex3-modules/0.6.1/pkgs/libffi-3.2.1/lib]
    arg [-L/cm/shared/ex3-modules/0.6.1/pkgs/readline-8.0/lib] ==> dir [/cm/shared/ex3-modules/0.6.1/pkgs/readline-8.0/lib]
    arg [-L/cm/shared/ex3-modules/0.6.1/pkgs/ncurses-6.1/lib] ==> dir [/cm/shared/ex3-modules/0.6.1/pkgs/ncurses-6.1/lib]
    arg [-L/cm/shared/ex3-modules/0.6.1/pkgs/xz-5.2.5/lib] ==> dir [/cm/shared/ex3-modules/0.6.1/pkgs/xz-5.2.5/lib]
    arg [-L/cm/shared/ex3-modules/0.6.1/pkgs/bzip2-1.0.8/lib] ==> dir [/cm/shared/ex3-modules/0.6.1/pkgs/bzip2-1.0.8/lib]
    arg [-L/cm/shared/ex3-modules/0.6.1/pkgs/openssl-1.1.1c/lib] ==> dir [/cm/shared/ex3-modules/0.6.1/pkgs/openssl-1.1.1c/lib]
    arg [-L/cm/shared/apps/slurm/current/lib64/slurm] ==> dir [/cm/shared/apps/slurm/current/lib64/slurm]
    arg [-L/cm/shared/apps/slurm/current/lib64] ==> dir [/cm/shared/apps/slurm/current/lib64]
    arg [-L/usr/lib/gcc/x86_64-linux-gnu/11/../../..] ==> dir [/usr/lib/gcc/x86_64-linux-gnu/11/../../..]
    arg [CMakeFiles/cmTC_b5526.dir/OpenMPTryFlag.f90.o] ==> ignore
    arg [-lgfortran] ==> lib [gfortran]
    arg [-lm] ==> lib [m]
    arg [-lgomp] ==> lib [gomp]
    arg [-lgcc_s] ==> lib [gcc_s]
    arg [-lgcc] ==> lib [gcc]
    arg [-lquadmath] ==> lib [quadmath]
    arg [-lm] ==> lib [m]
    arg [-lgcc_s] ==> lib [gcc_s]
    arg [-lgcc] ==> lib [gcc]
    arg [-lpthread] ==> lib [pthread]
    arg [-lc] ==> lib [c]
    arg [-lgcc_s] ==> lib [gcc_s]
    arg [-lgcc] ==> lib [gcc]
    arg [/usr/lib/gcc/x86_64-linux-gnu/11/crtendS.o] ==> ignore
    arg [/usr/lib/gcc/x86_64-linux-gnu/11/../../../x86_64-linux-gnu/crtn.o] ==> ignore
    arg [/usr/lib/gcc/x86_64-linux-gnu/11/crtoffloadend.o] ==> ignore
  collapse library dir [/home/andreast/modules/flow/202309a/rpp-dune-amgcpr-branch/lib/../lib] ==> [/home/andreast/modules/flow/202309a/rpp-dune-amgcpr-branch/lib]
  collapse library dir [/home/andreast/modules/zoltan/202309a/12.16/lib/../lib] ==> [/home/andreast/modules/zoltan/202309a/12.16/lib]
  collapse library dir [/home/andreast/modules/dune/202309a/mod-2.7.1/lib/../lib] ==> [/home/andreast/modules/dune/202309a/mod-2.7.1/lib]
  collapse library dir [/cm/shared/ex3-modules/202309a/milanq/pkgs/suitesparse-32-5.12.0/lib/../lib] ==> [/cm/shared/ex3-modules/202309a/milanq/pkgs/suitesparse-32-5.12.0/lib]
  collapse library dir [/cm/shared/ex3-modules/202309a/milanq/pkgs/mpfr-4.0.2/lib/../lib] ==> [/cm/shared/ex3-modules/202309a/milanq/pkgs/mpfr-4.0.2/lib]
  collapse library dir [/cm/shared/ex3-modules/202309a/milanq/pkgs/gmp-6.1.2/lib/../lib] ==> [/cm/shared/ex3-modules/202309a/milanq/pkgs/gmp-6.1.2/lib]
  collapse library dir [/cm/shared/ex3-modules/202309a/milanq/pkgs/parmetis-32-4.0.3/lib/../lib] ==> [/cm/shared/ex3-modules/202309a/milanq/pkgs/parmetis-32-4.0.3/lib]
  collapse library dir [/cm/shared/ex3-modules/202309a/milanq/pkgs/metis-32-5.1.0/lib/../lib] ==> [/cm/shared/ex3-modules/202309a/milanq/pkgs/metis-32-5.1.0/lib]
  collapse library dir [/cm/shared/ex3-modules/202309a/milanq/pkgs/boost-1.73.0/lib/../lib] ==> [/cm/shared/ex3-modules/202309a/milanq/pkgs/boost-1.73.0/lib]
  collapse library dir [/cm/shared/ex3-modules/202309a/milanq/pkgs/xz-5.2.7/lib/../lib] ==> [/cm/shared/ex3-modules/202309a/milanq/pkgs/xz-5.2.7/lib]
  collapse library dir [/cm/shared/ex3-modules/202309a/milanq/pkgs/openblas-0.3.21/lib/../lib] ==> [/cm/shared/ex3-modules/202309a/milanq/pkgs/openblas-0.3.21/lib]
  collapse library dir [/cm/shared/ex3-modules/202309a/milanq/pkgs/openmpi-4.1.4/lib/../lib] ==> [/cm/shared/ex3-modules/202309a/milanq/pkgs/openmpi-4.1.4/lib]
  collapse library dir [/cm/shared/ex3-modules/202309a/milanq/pkgs/util-linux-2.34/lib/../lib] ==> [/cm/shared/ex3-modules/202309a/milanq/pkgs/util-linux-2.34/lib]
  collapse library dir [/cm/shared/ex3-modules/202309a/milanq/pkgs/libfabric-1.17.0/lib/../lib] ==> [/cm/shared/ex3-modules/202309a/milanq/pkgs/libfabric-1.17.0/lib]
  collapse library dir [/cm/shared/ex3-modules/202309a/milanq/pkgs/ucx-1.12.1/lib/../lib] ==> [/cm/shared/ex3-modules/202309a/milanq/pkgs/ucx-1.12.1/lib]
  collapse library dir [/cm/shared/ex3-modules/202309a/milanq/pkgs/rdma-core-44.0/lib/../lib] ==> [/cm/shared/ex3-modules/202309a/milanq/pkgs/rdma-core-44.0/lib]
  collapse library dir [/cm/shared/ex3-modules/202309a/milanq/pkgs/libnl-3.2.25/lib/../lib] ==> [/cm/shared/ex3-modules/202309a/milanq/pkgs/libnl-3.2.25/lib]
  collapse library dir [/cm/shared/ex3-modules/202309a/milanq/pkgs/numactl-2.0.13/lib/../lib] ==> [/cm/shared/ex3-modules/202309a/milanq/pkgs/numactl-2.0.13/lib]
  collapse library dir [/cm/shared/ex3-modules/202309a/milanq/pkgs/libevent-2.1.12-stable/lib/../lib] ==> [/cm/shared/ex3-modules/202309a/milanq/pkgs/libevent-2.1.12-stable/lib]
  collapse library dir [/cm/shared/ex3-modules/202309a/milanq/pkgs/knem-1.1.4/lib/../lib] ==> [/cm/shared/ex3-modules/202309a/milanq/pkgs/knem-1.1.4/lib]
  collapse library dir [/cm/shared/ex3-modules/202309a/milanq/pkgs/hwloc-2.7.1/lib/../lib] ==> [/cm/shared/ex3-modules/202309a/milanq/pkgs/hwloc-2.7.1/lib]
  collapse library dir [/cm/shared/ex3-modules/0.6.1/pkgs/fftw-3.3.8/lib/../lib] ==> [/cm/shared/ex3-modules/0.6.1/pkgs/fftw-3.3.8/lib]
  collapse library dir [/cm/shared/ex3-modules/0.6.1/pkgs/lapack-3.9.0/lib/../lib] ==> [/cm/shared/ex3-modules/0.6.1/pkgs/lapack-3.9.0/lib]
  collapse library dir [/cm/shared/ex3-modules/0.6.1/pkgs/openblas-0.3.12/lib/../lib] ==> [/cm/shared/ex3-modules/0.6.1/pkgs/openblas-0.3.12/lib]
  collapse library dir [/cm/shared/ex3-modules/0.6.1/pkgs/gcc-8.4.0/lib64/../lib] ==> [/cm/shared/ex3-modules/0.6.1/pkgs/gcc-8.4.0/lib]
  collapse library dir [/cm/shared/ex3-modules/0.6.1/pkgs/freetype-2.10.1/lib/../lib] ==> [/cm/shared/ex3-modules/0.6.1/pkgs/freetype-2.10.1/lib]
  collapse library dir [/cm/shared/ex3-modules/0.6.1/pkgs/libpng-1.6.37/lib/../lib] ==> [/cm/shared/ex3-modules/0.6.1/pkgs/libpng-1.6.37/lib]
  collapse library dir [/cm/shared/ex3-modules/0.6.1/pkgs/python-3.7.4/lib/../lib] ==> [/cm/shared/ex3-modules/0.6.1/pkgs/python-3.7.4/lib]
  collapse library dir [/cm/shared/ex3-modules/0.6.1/pkgs/sqlite-3.31.1/lib/../lib] ==> [/cm/shared/ex3-modules/0.6.1/pkgs/sqlite-3.31.1/lib]
  collapse library dir [/cm/shared/ex3-modules/0.6.1/pkgs/libffi-3.2.1/lib/../lib] ==> [/cm/shared/ex3-modules/0.6.1/pkgs/libffi-3.2.1/lib]
  collapse library dir [/cm/shared/ex3-modules/0.6.1/pkgs/readline-8.0/lib/../lib] ==> [/cm/shared/ex3-modules/0.6.1/pkgs/readline-8.0/lib]
  collapse library dir [/cm/shared/ex3-modules/0.6.1/pkgs/ncurses-6.1/lib/../lib] ==> [/cm/shared/ex3-modules/0.6.1/pkgs/ncurses-6.1/lib]
  collapse library dir [/cm/shared/ex3-modules/0.6.1/pkgs/xz-5.2.5/lib/../lib] ==> [/cm/shared/ex3-modules/0.6.1/pkgs/xz-5.2.5/lib]
  collapse library dir [/cm/shared/ex3-modules/0.6.1/pkgs/bzip2-1.0.8/lib/../lib] ==> [/cm/shared/ex3-modules/0.6.1/pkgs/bzip2-1.0.8/lib]
  collapse library dir [/cm/shared/ex3-modules/0.6.1/pkgs/openssl-1.1.1c/lib/../lib] ==> [/cm/shared/ex3-modules/0.6.1/pkgs/openssl-1.1.1c/lib]
  collapse library dir [/cm/shared/apps/slurm/current/lib64/../lib] ==> [/cm/shared/apps/slurm/current/lib]
  collapse library dir [/usr/lib/gcc/x86_64-linux-gnu/11] ==> [/usr/lib/gcc/x86_64-linux-gnu/11]
  collapse library dir [/usr/lib/gcc/x86_64-linux-gnu/11/../../../x86_64-linux-gnu] ==> [/usr/lib/x86_64-linux-gnu]
  collapse library dir [/usr/lib/gcc/x86_64-linux-gnu/11/../../../../lib] ==> [/usr/lib]
  collapse library dir [/lib/x86_64-linux-gnu] ==> [/lib/x86_64-linux-gnu]
  collapse library dir [/lib/../lib] ==> [/lib]
  collapse library dir [/usr/lib/x86_64-linux-gnu] ==> [/usr/lib/x86_64-linux-gnu]
  collapse library dir [/usr/lib/../lib] ==> [/usr/lib]
  collapse library dir [/home/andreast/modules/flow/202309a/rpp-dune-amgcpr-branch/lib] ==> [/home/andreast/modules/flow/202309a/rpp-dune-amgcpr-branch/lib]
  collapse library dir [/home/andreast/modules/zoltan/202309a/12.16/lib] ==> [/home/andreast/modules/zoltan/202309a/12.16/lib]
  collapse library dir [/home/andreast/modules/dune/202309a/mod-2.7.1/lib] ==> [/home/andreast/modules/dune/202309a/mod-2.7.1/lib]
  collapse library dir [/cm/shared/ex3-modules/202309a/milanq/pkgs/suitesparse-32-5.12.0/lib] ==> [/cm/shared/ex3-modules/202309a/milanq/pkgs/suitesparse-32-5.12.0/lib]
  collapse library dir [/cm/shared/ex3-modules/202309a/milanq/pkgs/mpfr-4.0.2/lib] ==> [/cm/shared/ex3-modules/202309a/milanq/pkgs/mpfr-4.0.2/lib]
  collapse library dir [/cm/shared/ex3-modules/202309a/milanq/pkgs/gmp-6.1.2/lib] ==> [/cm/shared/ex3-modules/202309a/milanq/pkgs/gmp-6.1.2/lib]
  collapse library dir [/cm/shared/ex3-modules/202309a/milanq/pkgs/parmetis-32-4.0.3/lib] ==> [/cm/shared/ex3-modules/202309a/milanq/pkgs/parmetis-32-4.0.3/lib]
  collapse library dir [/cm/shared/ex3-modules/202309a/milanq/pkgs/metis-32-5.1.0/lib] ==> [/cm/shared/ex3-modules/202309a/milanq/pkgs/metis-32-5.1.0/lib]
  collapse library dir [/cm/shared/ex3-modules/202309a/milanq/pkgs/boost-1.73.0/lib] ==> [/cm/shared/ex3-modules/202309a/milanq/pkgs/boost-1.73.0/lib]
  collapse library dir [/cm/shared/ex3-modules/202309a/milanq/pkgs/xz-5.2.7/lib] ==> [/cm/shared/ex3-modules/202309a/milanq/pkgs/xz-5.2.7/lib]
  collapse library dir [/cm/shared/ex3-modules/202309a/milanq/pkgs/openblas-0.3.21/lib] ==> [/cm/shared/ex3-modules/202309a/milanq/pkgs/openblas-0.3.21/lib]
  collapse library dir [/cm/shared/ex3-modules/202309a/milanq/pkgs/openmpi-4.1.4/lib] ==> [/cm/shared/ex3-modules/202309a/milanq/pkgs/openmpi-4.1.4/lib]
  collapse library dir [/cm/shared/ex3-modules/202309a/milanq/pkgs/util-linux-2.34/lib] ==> [/cm/shared/ex3-modules/202309a/milanq/pkgs/util-linux-2.34/lib]
  collapse library dir [/cm/shared/ex3-modules/202309a/milanq/pkgs/libfabric-1.17.0/lib] ==> [/cm/shared/ex3-modules/202309a/milanq/pkgs/libfabric-1.17.0/lib]
  collapse library dir [/cm/shared/ex3-modules/202309a/milanq/pkgs/ucx-1.12.1/lib] ==> [/cm/shared/ex3-modules/202309a/milanq/pkgs/ucx-1.12.1/lib]
  collapse library dir [/cm/shared/ex3-modules/202309a/milanq/pkgs/rdma-core-44.0/lib] ==> [/cm/shared/ex3-modules/202309a/milanq/pkgs/rdma-core-44.0/lib]
  collapse library dir [/cm/shared/ex3-modules/202309a/milanq/pkgs/libnl-3.2.25/lib] ==> [/cm/shared/ex3-modules/202309a/milanq/pkgs/libnl-3.2.25/lib]
  collapse library dir [/cm/shared/ex3-modules/202309a/milanq/pkgs/numactl-2.0.13/lib] ==> [/cm/shared/ex3-modules/202309a/milanq/pkgs/numactl-2.0.13/lib]
  collapse library dir [/cm/shared/ex3-modules/202309a/milanq/pkgs/libevent-2.1.12-stable/lib] ==> [/cm/shared/ex3-modules/202309a/milanq/pkgs/libevent-2.1.12-stable/lib]
  collapse library dir [/cm/shared/ex3-modules/202309a/milanq/pkgs/knem-1.1.4/lib] ==> [/cm/shared/ex3-modules/202309a/milanq/pkgs/knem-1.1.4/lib]
  collapse library dir [/cm/shared/ex3-modules/202309a/milanq/pkgs/hwloc-2.7.1/lib] ==> [/cm/shared/ex3-modules/202309a/milanq/pkgs/hwloc-2.7.1/lib]
  collapse library dir [/cm/shared/ex3-modules/0.6.1/pkgs/fftw-3.3.8/lib] ==> [/cm/shared/ex3-modules/0.6.1/pkgs/fftw-3.3.8/lib]
  collapse library dir [/cm/shared/ex3-modules/0.6.1/pkgs/lapack-3.9.0/lib] ==> [/cm/shared/ex3-modules/0.6.1/pkgs/lapack-3.9.0/lib]
  collapse library dir [/cm/shared/ex3-modules/0.6.1/pkgs/openblas-0.3.12/lib] ==> [/cm/shared/ex3-modules/0.6.1/pkgs/openblas-0.3.12/lib]
  collapse library dir [/cm/shared/ex3-modules/0.6.1/pkgs/gcc-8.4.0/lib64] ==> [/cm/shared/ex3-modules/0.6.1/pkgs/gcc-8.4.0/lib64]
  collapse library dir [/cm/shared/ex3-modules/0.6.1/pkgs/freetype-2.10.1/lib] ==> [/cm/shared/ex3-modules/0.6.1/pkgs/freetype-2.10.1/lib]
  collapse library dir [/cm/shared/ex3-modules/0.6.1/pkgs/libpng-1.6.37/lib] ==> [/cm/shared/ex3-modules/0.6.1/pkgs/libpng-1.6.37/lib]
  collapse library dir [/cm/shared/ex3-modules/0.6.1/pkgs/python-3.7.4/lib] ==> [/cm/shared/ex3-modules/0.6.1/pkgs/python-3.7.4/lib]
  collapse library dir [/cm/shared/ex3-modules/0.6.1/pkgs/sqlite-3.31.1/lib] ==> [/cm/shared/ex3-modules/0.6.1/pkgs/sqlite-3.31.1/lib]
  collapse library dir [/cm/shared/ex3-modules/0.6.1/pkgs/libffi-3.2.1/lib] ==> [/cm/shared/ex3-modules/0.6.1/pkgs/libffi-3.2.1/lib]
  collapse library dir [/cm/shared/ex3-modules/0.6.1/pkgs/readline-8.0/lib] ==> [/cm/shared/ex3-modules/0.6.1/pkgs/readline-8.0/lib]
  collapse library dir [/cm/shared/ex3-modules/0.6.1/pkgs/ncurses-6.1/lib] ==> [/cm/shared/ex3-modules/0.6.1/pkgs/ncurses-6.1/lib]
  collapse library dir [/cm/shared/ex3-modules/0.6.1/pkgs/xz-5.2.5/lib] ==> [/cm/shared/ex3-modules/0.6.1/pkgs/xz-5.2.5/lib]
  collapse library dir [/cm/shared/ex3-modules/0.6.1/pkgs/bzip2-1.0.8/lib] ==> [/cm/shared/ex3-modules/0.6.1/pkgs/bzip2-1.0.8/lib]
  collapse library dir [/cm/shared/ex3-modules/0.6.1/pkgs/openssl-1.1.1c/lib] ==> [/cm/shared/ex3-modules/0.6.1/pkgs/openssl-1.1.1c/lib]
  collapse library dir [/cm/shared/apps/slurm/current/lib64/slurm] ==> [/cm/shared/apps/slurm/current/lib64/slurm]
  collapse library dir [/cm/shared/apps/slurm/current/lib64] ==> [/cm/shared/apps/slurm/current/lib64]
  collapse library dir [/usr/lib/gcc/x86_64-linux-gnu/11/../../..] ==> [/usr/lib]
  implicit libs: [gfortran;m;gomp;gcc_s;gcc;quadmath;m;gcc_s;gcc;pthread;c;gcc_s;gcc]
  implicit dirs: [/home/andreast/modules/flow/202309a/rpp-dune-amgcpr-branch/lib;/home/andreast/modules/zoltan/202309a/12.16/lib;/home/andreast/modules/dune/202309a/mod-2.7.1/lib;/cm/shared/ex3-modules/202309a/milanq/pkgs/suitesparse-32-5.12.0/lib;/cm/shared/ex3-modules/202309a/milanq/pkgs/mpfr-4.0.2/lib;/cm/shared/ex3-modules/202309a/milanq/pkgs/gmp-6.1.2/lib;/cm/shared/ex3-modules/202309a/milanq/pkgs/parmetis-32-4.0.3/lib;/cm/shared/ex3-modules/202309a/milanq/pkgs/metis-32-5.1.0/lib;/cm/shared/ex3-modules/202309a/milanq/pkgs/boost-1.73.0/lib;/cm/shared/ex3-modules/202309a/milanq/pkgs/xz-5.2.7/lib;/cm/shared/ex3-modules/202309a/milanq/pkgs/openblas-0.3.21/lib;/cm/shared/ex3-modules/202309a/milanq/pkgs/openmpi-4.1.4/lib;/cm/shared/ex3-modules/202309a/milanq/pkgs/util-linux-2.34/lib;/cm/shared/ex3-modules/202309a/milanq/pkgs/libfabric-1.17.0/lib;/cm/shared/ex3-modules/202309a/milanq/pkgs/ucx-1.12.1/lib;/cm/shared/ex3-modules/202309a/milanq/pkgs/rdma-core-44.0/lib;/cm/shared/ex3-modules/202309a/milanq/pkgs/libnl-3.2.25/lib;/cm/shared/ex3-modules/202309a/milanq/pkgs/numactl-2.0.13/lib;/cm/shared/ex3-modules/202309a/milanq/pkgs/libevent-2.1.12-stable/lib;/cm/shared/ex3-modules/202309a/milanq/pkgs/knem-1.1.4/lib;/cm/shared/ex3-modules/202309a/milanq/pkgs/hwloc-2.7.1/lib;/cm/shared/ex3-modules/0.6.1/pkgs/fftw-3.3.8/lib;/cm/shared/ex3-modules/0.6.1/pkgs/lapack-3.9.0/lib;/cm/shared/ex3-modules/0.6.1/pkgs/openblas-0.3.12/lib;/cm/shared/ex3-modules/0.6.1/pkgs/gcc-8.4.0/lib;/cm/shared/ex3-modules/0.6.1/pkgs/freetype-2.10.1/lib;/cm/shared/ex3-modules/0.6.1/pkgs/libpng-1.6.37/lib;/cm/shared/ex3-modules/0.6.1/pkgs/python-3.7.4/lib;/cm/shared/ex3-modules/0.6.1/pkgs/sqlite-3.31.1/lib;/cm/shared/ex3-modules/0.6.1/pkgs/libffi-3.2.1/lib;/cm/shared/ex3-modules/0.6.1/pkgs/readline-8.0/lib;/cm/shared/ex3-modules/0.6.1/pkgs/ncurses-6.1/lib;/cm/shared/ex3-modules/0.6.1/pkgs/xz-5.2.5/lib;/cm/shared/ex3-modules/0.6.1/pkgs/bzip2-1.0.8/lib;/cm/shared/ex3-modules/0.6.1/pkgs/openssl-1.1.1c/lib;/cm/shared/apps/slurm/current/lib;/usr/lib/gcc/x86_64-linux-gnu/11;/usr/lib/x86_64-linux-gnu;/usr/lib;/lib/x86_64-linux-gnu;/lib;/cm/shared/ex3-modules/0.6.1/pkgs/gcc-8.4.0/lib64;/cm/shared/apps/slurm/current/lib64/slurm;/cm/shared/apps/slurm/current/lib64]
  implicit fwks: []


Determining location of SuiteSparse succeeded:
Include directory: /cm/shared/ex3-modules/202309a/milanq/pkgs/suitesparse-32-5.12.0/include
Library directory: /cm/shared/ex3-modules/202309a/milanq/pkgs/suitesparse-32-5.12.0/lib/libldl.so;/cm/shared/ex3-modules/202309a/milanq/pkgs/suitesparse-32-5.12.0/lib/libspqr.so;/cm/shared/ex3-modules/202309a/milanq/pkgs/suitesparse-32-5.12.0/lib/libcholmod.so;/cm/shared/ex3-modules/202309a/milanq/pkgs/suitesparse-32-5.12.0/lib/libamd.so;/cm/shared/ex3-modules/202309a/milanq/pkgs/suitesparse-32-5.12.0/lib/libcamd.so;/cm/shared/ex3-modules/202309a/milanq/pkgs/suitesparse-32-5.12.0/lib/libcolamd.so;/cm/shared/ex3-modules/202309a/milanq/pkgs/suitesparse-32-5.12.0/lib/libccolamd.so;/cm/shared/ex3-modules/202309a/milanq/pkgs/suitesparse-32-5.12.0/lib/libumfpack.so;/cm/shared/ex3-modules/202309a/milanq/pkgs/suitesparse-32-5.12.0/lib/libsuitesparseconfig.so

Performing C++ SOURCE FILE Test HAVE_EXTENDED_NUMERIC_LITERALS succeeded with the following output:
Change Dir: /home/erikhs/MatrixProblems/build_x86_64/CMakeFiles/CMakeTmp

Run Build Command(s):/usr/bin/gmake cmTC_d98d7/fast && /usr/bin/gmake  -f CMakeFiles/cmTC_d98d7.dir/build.make CMakeFiles/cmTC_d98d7.dir/build
gmake[1]: Entering directory '/home/erikhs/MatrixProblems/build_x86_64/CMakeFiles/CMakeTmp'
Building CXX object CMakeFiles/cmTC_d98d7.dir/src.cxx.o
/usr/bin/c++    -std=c++17 -O2 -mavx -funroll-loops -DHAVE_EXTENDED_NUMERIC_LITERALS -O3 -DNDEBUG -fPIE   -Werror -fext-numeric-literals -o CMakeFiles/cmTC_d98d7.dir/src.cxx.o -c /home/erikhs/MatrixProblems/build_x86_64/CMakeFiles/CMakeTmp/src.cxx
Linking CXX executable cmTC_d98d7
/cm/shared/ex3-modules/0.6.1/pkgs/cmake-3.17.2/bin/cmake -E cmake_link_script CMakeFiles/cmTC_d98d7.dir/link.txt --verbose=1
/usr/bin/c++  -std=c++17 -O2 -mavx -funroll-loops -DHAVE_EXTENDED_NUMERIC_LITERALS -O3 -DNDEBUG    -rdynamic CMakeFiles/cmTC_d98d7.dir/src.cxx.o  -o cmTC_d98d7 
gmake[1]: Leaving directory '/home/erikhs/MatrixProblems/build_x86_64/CMakeFiles/CMakeTmp'


Source file was:
int main() { return 0; }
Performing C++ SOURCE FILE Test QUADMATH_FOUND succeeded with the following output:
Change Dir: /home/erikhs/MatrixProblems/build_x86_64/CMakeFiles/CMakeTmp

Run Build Command(s):/usr/bin/gmake cmTC_0aaf1/fast && /usr/bin/gmake  -f CMakeFiles/cmTC_0aaf1.dir/build.make CMakeFiles/cmTC_0aaf1.dir/build
gmake[1]: Entering directory '/home/erikhs/MatrixProblems/build_x86_64/CMakeFiles/CMakeTmp'
Building CXX object CMakeFiles/cmTC_0aaf1.dir/src.cxx.o
/usr/bin/c++    -std=c++17 -O2 -mavx -funroll-loops -fext-numeric-literals -DQUADMATH_FOUND -O3 -DNDEBUG -fPIE   -o CMakeFiles/cmTC_0aaf1.dir/src.cxx.o -c /home/erikhs/MatrixProblems/build_x86_64/CMakeFiles/CMakeTmp/src.cxx
Linking CXX executable cmTC_0aaf1
/cm/shared/ex3-modules/0.6.1/pkgs/cmake-3.17.2/bin/cmake -E cmake_link_script CMakeFiles/cmTC_0aaf1.dir/link.txt --verbose=1
/usr/bin/c++  -std=c++17 -O2 -mavx -funroll-loops -fext-numeric-literals -DQUADMATH_FOUND -O3 -DNDEBUG    -rdynamic CMakeFiles/cmTC_0aaf1.dir/src.cxx.o  -o cmTC_0aaf1  -lquadmath 
gmake[1]: Leaving directory '/home/erikhs/MatrixProblems/build_x86_64/CMakeFiles/CMakeTmp'


Source file was:

#include <quadmath.h>

int main(void){
    __float128 foo = sqrtq(123.456);
    foo = FLT128_MIN;
}
